{
  "type": "FeatureCollection",
  "features": [
    {
      "type": "Feature",
      "geometry": {
        "type": "LineString",
        "coordinates": [
          [
            9.4617585,
            24.5680626
          ],
          [
            9.4618744,
            24.5681358
          ],
          [
            9.4619936,
            24.5682044
          ],
          [
            9.4621158,
            24.5682684
          ],
          [
            9.462241,
            24.5683277
          ],
          [
            9.4623688,
            24.568382
          ],
          [
            9.4626009,
            24.5684802
          ],
          [
            9.4632804,
            24.5687481
          ],
          [
            9.4635066,
            24.5688375
          ],
          [
            9.4644711,
            24.5692267
          ],
          [
            9.4650077,
            24.5694463
          ],
          [
            9.4668383,
            24.5701861
          ],
          [
            9.4670016,
            24.5702466
          ],
          [
            9.4671357,
            24.570293
          ],
          [
            9.4678805,
            24.5705033
          ],
          [
            9.4679486,
            24.5705114
          ],
          [
            9.4679832,
            24.5705137
          ],
          [
            9.4680138,
            24.570507
          ],
          [
            9.4680832,
            24.5704898
          ],
          [
            9.4681351,
            24.5704558
          ],
          [
            9.4681943,
            24.5704073
          ],
          [
            9.4684098,
            24.5702369
          ],
          [
            9.4686555,
            24.5700554
          ],
          [
            9.4687426,
            24.5699964
          ],
          [
            9.4688496,
            24.5699271
          ],
          [
            9.4690247,
            24.56982
          ],
          [
            9.4695008,
            24.5695424
          ],
          [
            9.469767,
            24.5693861
          ],
          [
            9.4703251,
            24.5690692
          ],
          [
            9.4705872,
            24.5689176
          ],
          [
            9.4708298,
            24.5687883
          ],
          [
            9.4709239,
            24.5687378
          ],
          [
            9.4710361,
            24.5686847
          ],
          [
            9.4713964,
            24.5685217
          ],
          [
            9.4715546,
            24.5684561
          ],
          [
            9.471698,
            24.5683965
          ],
          [
            9.472359,
            24.5681413
          ],
          [
            9.4724585,
            24.5681012
          ],
          [
            9.4725571,
            24.5680495
          ],
          [
            9.4727916,
            24.5679114
          ],
          [
            9.4728786,
            24.5678523
          ],
          [
            9.4740288,
            24.5669291
          ],
          [
            9.4741466,
            24.5668252
          ],
          [
            9.4742576,
            24.5667153
          ],
          [
            9.4743614,
            24.5665998
          ],
          [
            9.4744578,
            24.566479
          ],
          [
            9.4745463,
            24.5663533
          ],
          [
            9.4746266,
            24.5662232
          ],
          [
            9.4747216,
            24.5660416
          ],
          [
            9.4747496,
            24.5659771
          ],
          [
            9.4747697,
            24.5659102
          ],
          [
            9.4747811,
            24.5658417
          ],
          [
            9.4747838,
            24.5657724
          ],
          [
            9.4747776,
            24.5657032
          ],
          [
            9.4747626,
            24.5656352
          ],
          [
            9.4746713,
            24.5653154
          ],
          [
            9.4745361,
            24.5649133
          ],
          [
            9.4745255,
            24.5648699
          ],
          [
            9.4745148,
            24.5648161
          ],
          [
            9.4744501,
            24.5645189
          ],
          [
            9.474434,
            24.5644634
          ],
          [
            9.4744152,
            24.5644128
          ],
          [
            9.4742756,
            24.564081
          ],
          [
            9.4742507,
            24.5640097
          ],
          [
            9.4742397,
            24.5639355
          ],
          [
            9.4742429,
            24.5638607
          ],
          [
            9.4742601,
            24.5637875
          ],
          [
            9.4742909,
            24.5637181
          ],
          [
            9.4743344,
            24.5636545
          ],
          [
            9.4743893,
            24.5635987
          ],
          [
            9.4746688,
            24.5633886
          ],
          [
            9.4749814,
            24.563181
          ],
          [
            9.4753459,
            24.5629656
          ],
          [
            9.4753928,
            24.5629375
          ],
          [
            9.4754344,
            24.562907
          ],
          [
            9.4757513,
            24.5626629
          ],
          [
            9.4758039,
            24.5626298
          ],
          [
            9.4758634,
            24.5626086
          ],
          [
            9.4759267,
            24.5626003
          ],
          [
            9.4759904,
            24.5626054
          ],
          [
            9.4760512,
            24.5626236
          ],
          [
            9.4761057,
            24.5626539
          ],
          [
            9.4761512,
            24.5626948
          ],
          [
            9.4763414,
            24.5629932
          ],
          [
            9.4763918,
            24.563045
          ],
          [
            9.4764522,
            24.5630871
          ],
          [
            9.4765203,
            24.5631179
          ],
          [
            9.4765937,
            24.5631363
          ],
          [
            9.4766695,
            24.5631416
          ],
          [
            9.4769874,
            24.5631425
          ],
          [
            9.4771448,
            24.5631318
          ],
          [
            9.4773006,
            24.5631089
          ],
          [
            9.4774536,
            24.5630737
          ],
          [
            9.4776028,
            24.5630267
          ],
          [
            9.4777468,
            24.562968
          ],
          [
            9.4778848,
            24.5628983
          ],
          [
            9.4780156,
            24.5628179
          ],
          [
            9.4781382,
            24.5627276
          ],
          [
            9.4782518,
            24.5626279
          ],
          [
            9.4784484,
            24.5624076
          ],
          [
            9.4785087,
            24.5623509
          ],
          [
            9.4785753,
            24.5623002
          ],
          [
            9.4786473,
            24.5622561
          ],
          [
            9.478724,
            24.5622192
          ],
          [
            9.4794535,
            24.5619628
          ],
          [
            9.4795382,
            24.5619257
          ],
          [
            9.4796352,
            24.5618837
          ],
          [
            9.4801107,
            24.5616246
          ],
          [
            9.4801784,
            24.561577
          ],
          [
            9.4802426,
            24.5615257
          ],
          [
            9.4803033,
            24.5614708
          ],
          [
            9.48036,
            24.5614126
          ],
          [
            9.4804389,
            24.5613107
          ],
          [
            9.4805275,
            24.5611959
          ],
          [
            9.4806566,
            24.5610287
          ],
          [
            9.4811907,
            24.5603066
          ],
          [
            9.4812428,
            24.5602422
          ],
          [
            9.4812955,
            24.5601774
          ],
          [
            9.4816867,
            24.5596972
          ],
          [
            9.4822781,
            24.5590312
          ],
          [
            9.4828432,
            24.5583658
          ],
          [
            9.4828901,
            24.5583137
          ],
          [
            9.4829404,
            24.5582644
          ],
          [
            9.482994,
            24.5582181
          ],
          [
            9.4831504,
            24.558098
          ],
          [
            9.4833433,
            24.5579499
          ],
          [
            9.4835876,
            24.5577698
          ],
          [
            9.4838579,
            24.5575705
          ],
          [
            9.4839089,
            24.5575315
          ],
          [
            9.4839632,
            24.5574858
          ],
          [
            9.4840068,
            24.557437
          ],
          [
            9.484123,
            24.5572897
          ],
          [
            9.4842422,
            24.5571386
          ],
          [
            9.4842777,
            24.557085
          ],
          [
            9.4843236,
            24.5570062
          ],
          [
            9.4845326,
            24.5565929
          ],
          [
            9.4846238,
            24.5564125
          ],
          [
            9.4847162,
            24.55622
          ],
          [
            9.4849724,
            24.5556536
          ],
          [
            9.4849938,
            24.5556076
          ],
          [
            9.485012,
            24.5555611
          ],
          [
            9.485164,
            24.5551485
          ]
        ]
      },
      "properties": {
        "highway": "primary",
        "maxspeed": "50"
      }
    },
    {
      "type": "Feature",
      "geometry": {
        "type": "LineString",
        "coordinates": [
          [
            9.460976,
            24.4937335
          ],
          [
            9.4610795,
            24.4935983
          ],
          [
            9.4611673,
            24.493482
          ],
          [
            9.4612542,
            24.493365
          ],
          [
            9.4613402,
            24.4932475
          ],
          [
            9.4614252,
            24.4931294
          ],
          [
            9.4615093,
            24.4930107
          ],
          [
            9.4621909,
            24.4920709
          ],
          [
            9.4623207,
            24.4918882
          ],
          [
            9.4624475,
            24.4916995
          ],
          [
            9.4625702,
            24.4915051
          ],
          [
            9.462676,
            24.4913056
          ],
          [
            9.4627698,
            24.4911016
          ],
          [
            9.462852,
            24.4908934
          ],
          [
            9.4629226,
            24.4906817
          ],
          [
            9.4629812,
            24.490467
          ],
          [
            9.4630278,
            24.4902499
          ],
          [
            9.4630676,
            24.4900282
          ],
          [
            9.4631462,
            24.4895777
          ],
          [
            9.4631961,
            24.4892386
          ],
          [
            9.4634729,
            24.4868688
          ],
          [
            9.4634933,
            24.4866711
          ],
          [
            9.4635114,
            24.4864732
          ],
          [
            9.4635272,
            24.4862752
          ],
          [
            9.4635421,
            24.486077
          ],
          [
            9.4635534,
            24.4858787
          ],
          [
            9.4635623,
            24.4856803
          ],
          [
            9.4635788,
            24.4850847
          ],
          [
            9.463583,
            24.4848129
          ],
          [
            9.4635812,
            24.484541
          ],
          [
            9.4635735,
            24.4842692
          ],
          [
            9.4635599,
            24.4839976
          ],
          [
            9.4635403,
            24.4837263
          ],
          [
            9.4633149,
            24.4812121
          ],
          [
            9.4632875,
            24.4808617
          ],
          [
            9.4632531,
            24.4805117
          ],
          [
            9.4632117,
            24.4801624
          ],
          [
            9.4631631,
            24.4798139
          ],
          [
            9.4629738,
            24.4783654
          ],
          [
            9.4629524,
            24.478203
          ],
          [
            9.4629323,
            24.4780404
          ],
          [
            9.4629137,
            24.4778778
          ],
          [
            9.4628964,
            24.477715
          ],
          [
            9.4628806,
            24.477552
          ],
          [
            9.4628662,
            24.477389
          ],
          [
            9.4628596,
            24.4772996
          ],
          [
            9.4628505,
            24.4771758
          ],
          [
            9.4628408,
            24.4770436
          ],
          [
            9.4628306,
            24.4768612
          ],
          [
            9.4628227,
            24.4766788
          ],
          [
            9.4628168,
            24.4764963
          ],
          [
            9.4628132,
            24.4763137
          ],
          [
            9.4628117,
            24.4761311
          ],
          [
            9.4628125,
            24.4759485
          ],
          [
            9.4628154,
            24.4757659
          ],
          [
            9.4628397,
            24.4750759
          ],
          [
            9.4628549,
            24.4748189
          ],
          [
            9.4628742,
            24.474562
          ],
          [
            9.4628976,
            24.4743046
          ],
          [
            9.4629249,
            24.4740496
          ],
          [
            9.4629563,
            24.473794
          ],
          [
            9.4629918,
            24.4735388
          ],
          [
            9.4630313,
            24.4732841
          ],
          [
            9.4630748,
            24.47303
          ],
          [
            9.4631226,
            24.4727765
          ],
          [
            9.4631754,
            24.4725238
          ],
          [
            9.4632326,
            24.472272
          ],
          [
            9.4632942,
            24.4720209
          ],
          [
            9.4633602,
            24.4717708
          ],
          [
            9.4634306,
            24.4715217
          ],
          [
            9.4635054,
            24.4712737
          ],
          [
            9.4646185,
            24.4676616
          ],
          [
            9.4656046,
            24.4645044
          ],
          [
            9.4658084,
            24.4639423
          ],
          [
            9.4658814,
            24.4637697
          ],
          [
            9.4659641,
            24.4636007
          ],
          [
            9.4660562,
            24.4634358
          ],
          [
            9.4661574,
            24.4632755
          ],
          [
            9.4662676,
            24.46312
          ],
          [
            9.4663863,
            24.4629699
          ],
          [
            9.4665134,
            24.4628256
          ],
          [
            9.4666484,
            24.4626874
          ],
          [
            9.4667911,
            24.4625556
          ],
          [
            9.466941,
            24.4624307
          ],
          [
            9.4670977,
            24.462313
          ],
          [
            9.4672608,
            24.4622027
          ],
          [
            9.46743,
            24.4621002
          ],
          [
            9.4676047,
            24.4620057
          ],
          [
            9.4677845,
            24.4619195
          ],
          [
            9.4679689,
            24.4618418
          ],
          [
            9.4681574,
            24.4617728
          ],
          [
            9.4683496,
            24.4617127
          ],
          [
            9.4685449,
            24.4616616
          ],
          [
            9.468743,
            24.4616164
          ],
          [
            9.4689367,
            24.4615819
          ],
          [
            9.4691314,
            24.4615508
          ],
          [
            9.4693271,
            24.4615218
          ],
          [
            9.4695235,
            24.4614962
          ],
          [
            9.4720588,
            24.4612017
          ],
          [
            9.4722289,
            24.4611808
          ],
          [
            9.4723994,
            24.4611621
          ],
          [
            9.4725701,
            24.4611455
          ],
          [
            9.472741,
            24.4611312
          ],
          [
            9.4742212,
            24.4609964
          ],
          [
            9.4750294,
            24.4609251
          ],
          [
            9.4800595,
            24.4604943
          ],
          [
            9.4802602,
            24.4604759
          ],
          [
            9.4804606,
            24.4604552
          ],
          [
            9.480645,
            24.4604341
          ],
          [
            9.4814599,
            24.4603434
          ],
          [
            9.4816337,
            24.4603265
          ],
          [
            9.4818079,
            24.4603148
          ],
          [
            9.4819825,
            24.4603083
          ],
          [
            9.4821572,
            24.4603071
          ],
          [
            9.4823318,
            24.4603111
          ],
          [
            9.4832742,
            24.4603519
          ],
          [
            9.4837221,
            24.4603709
          ],
          [
            9.4838493,
            24.4603767
          ],
          [
            9.4839759,
            24.4603888
          ],
          [
            9.4841017,
            24.4604073
          ],
          [
            9.4842261,
            24.4604319
          ],
          [
            9.4843489,
            24.4604627
          ],
          [
            9.4844696,
            24.4604996
          ],
          [
            9.4847125,
            24.4605836
          ],
          [
            9.4849494,
            24.4606672
          ],
          [
            9.4851803,
            24.4607638
          ],
          [
            9.4854042,
            24.4608731
          ],
          [
            9.4856204,
            24.4609898
          ],
          [
            9.4858253,
            24.4611159
          ],
          [
            9.4860262,
            24.461257
          ],
          [
            9.4862143,
            24.4614125
          ],
          [
            9.4863915,
            24.4615782
          ],
          [
            9.486904,
            24.4620811
          ],
          [
            9.4869863,
            24.4621469
          ],
          [
            9.4870766,
            24.4622034
          ],
          [
            9.4871735,
            24.4622499
          ],
          [
            9.4872757,
            24.4622795
          ],
          [
            9.4873875,
            24.4622973
          ],
          [
            9.4874984,
            24.4623146
          ],
          [
            9.4876081,
            24.4623374
          ],
          [
            9.4877162,
            24.4623658
          ],
          [
            9.4877932,
            24.4623923
          ],
          [
            9.487872,
            24.4624143
          ],
          [
            9.4879523,
            24.4624309
          ],
          [
            9.4880338,
            24.4624419
          ],
          [
            9.488116,
            24.4624473
          ],
          [
            9.48822,
            24.4624467
          ],
          [
            9.4884552,
            24.4624455
          ],
          [
            9.4885931,
            24.4624464
          ],
          [
            9.488723,
            24.4624512
          ],
          [
            9.4888526,
            24.4624443
          ],
          [
            9.4889809,
            24.4624257
          ],
          [
            9.4891066,
            24.4623957
          ],
          [
            9.4892284,
            24.4623545
          ],
          [
            9.4894798,
            24.4622549
          ],
          [
            9.4897311,
            24.4621553
          ],
          [
            9.4899834,
            24.4620574
          ],
          [
            9.4902365,
            24.4619615
          ],
          [
            9.4903353,
            24.461922
          ],
          [
            9.4904318,
            24.4618782
          ],
          [
            9.4905255,
            24.4618294
          ],
          [
            9.4906158,
            24.4617757
          ],
          [
            9.4907026,
            24.4617174
          ],
          [
            9.4909257,
            24.4615365
          ],
          [
            9.4910127,
            24.4614629
          ],
          [
            9.4910956,
            24.4613855
          ],
          [
            9.4911741,
            24.4613043
          ],
          [
            9.491248,
            24.4612196
          ],
          [
            9.4913085,
            24.4611438
          ],
          [
            9.491375,
            24.4610721
          ],
          [
            9.4914469,
            24.461005
          ],
          [
            9.491524,
            24.4609427
          ],
          [
            9.4916059,
            24.4608857
          ],
          [
            9.4916933,
            24.4608205
          ],
          [
            9.4917787,
            24.4607533
          ],
          [
            9.4918603,
            24.4606824
          ],
          [
            9.491938,
            24.4606079
          ],
          [
            9.4920116,
            24.46053
          ],
          [
            9.4920809,
            24.4604488
          ],
          [
            9.4926496,
            24.4597557
          ],
          [
            9.4929083,
            24.4594421
          ],
          [
            9.4931685,
            24.4591296
          ],
          [
            9.4934302,
            24.458818
          ],
          [
            9.4936934,
            24.4585075
          ],
          [
            9.4939581,
            24.4581981
          ],
          [
            9.4956681,
            24.456135
          ],
          [
            9.4957739,
            24.4560081
          ],
          [
            9.4958848,
            24.455885
          ],
          [
            9.4960007,
            24.4557657
          ],
          [
            9.4961174,
            24.4556492
          ],
          [
            9.4962428,
            24.4555382
          ],
          [
            9.4963727,
            24.4554315
          ],
          [
            9.496507,
            24.4553293
          ],
          [
            9.4966458,
            24.4552323
          ],
          [
            9.4967987,
            24.4551292
          ],
          [
            9.4969508,
            24.4550282
          ],
          [
            9.4971047,
            24.4549295
          ],
          [
            9.4972603,
            24.4548331
          ],
          [
            9.4974176,
            24.454739
          ],
          [
            9.4975766,
            24.4546472
          ],
          [
            9.4979607,
            24.4544347
          ],
          [
            9.4981821,
            24.4543073
          ],
          [
            9.4984012,
            24.4541766
          ],
          [
            9.498618,
            24.4540427
          ],
          [
            9.4989305,
            24.4538599
          ],
          [
            9.4993296,
            24.4536209
          ]
        ]
      },
      "properties": {
        "highway": "secondary",
        "ref": "CW 475"
      }
    },
    {
      "type": "Feature",
      "geometry": {
        "type": "LineString",
        "coordinates": [
          [
            9.4810677,
            24.5601068
          ],
          [
            9.4806116,
            24.5598983
          ],
          [
            9.4805678,
            24.5598687
          ],
          [
            9.4805315,
            24.5598315
          ],
          [
            9.4805044,
            24.5597884
          ],
          [
            9.4804875,
            24.5597411
          ],
          [
            9.4804816,
            24.5596917
          ],
          [
            9.480487,
            24.5596423
          ],
          [
            9.4805033,
            24.5595948
          ],
          [
            9.4806399,
            24.5592898
          ],
          [
            9.4806587,
            24.5592215
          ],
          [
            9.4806725,
            24.5591461
          ],
          [
            9.4806795,
            24.5590739
          ],
          [
            9.4806766,
            24.5587001
          ],
          [
            9.4806851,
            24.5586088
          ],
          [
            9.4807034,
            24.5585188
          ],
          [
            9.4807314,
            24.5584308
          ],
          [
            9.4809136,
            24.558025
          ],
          [
            9.4812509,
            24.557334
          ],
          [
            9.4812776,
            24.5572699
          ],
          [
            9.4813017,
            24.5572081
          ],
          [
            9.4814667,
            24.5567356
          ],
          [
            9.4818047,
            24.5557827
          ],
          [
            9.4818174,
            24.55575
          ],
          [
            9.4818355,
            24.5557152
          ],
          [
            9.4818759,
            24.5556474
          ]
        ]
      },
      "properties": {
        "highway": "secondary"
      }
    },
    {
      "type": "Feature",
      "geometry": {
        "type": "LineString",
        "coordinates": [
          [
            9.481939,
            24.5555181
          ],
          [
            9.4819668,
            24.5555224
          ],
          [
            9.4819915,
            24.5555348
          ],
          [
            9.4820104,
            24.5555538
          ],
          [
            9.4820214,
            24.5555775
          ],
          [
            9.4820233,
            24.5556031
          ],
          [
            9.4820174,
            24.5556246
          ],
          [
            9.482005,
            24.5556437
          ],
          [
            9.4819872,
            24.5556589
          ],
          [
            9.4819654,
            24.5556688
          ],
          [
            9.4819414,
            24.5556726
          ],
          [
            9.4819171,
            24.5556701
          ],
          [
            9.4818947,
            24.5556615
          ],
          [
            9.4818759,
            24.5556474
          ],
          [
            9.4818627,
            24.5556299
          ],
          [
            9.4818553,
            24.5556099
          ],
          [
            9.4818541,
            24.5555889
          ],
          [
            9.4818592,
            24.5555683
          ],
          [
            9.4818702,
            24.5555497
          ],
          [
            9.4818863,
            24.5555345
          ],
          [
            9.4819111,
            24.5555223
          ],
          [
            9.481939,
            24.5555181
          ]
        ]
      },
      "properties": {
        "highway": "secondary"
      }
    },
    {
      "type": "Feature",
      "geometry": {
        "type": "LineString",
        "coordinates": [
          [
            9.4820233,
            24.5556031
          ],
          [
            9.4822311,
            24.555578
          ],
          [
            9.4822989,
            24.5555682
          ],
          [
            9.4823592,
            24.555556
          ],
          [
            9.4824172,
            24.55554
          ],
          [
            9.4833215,
            24.5552743
          ],
          [
            9.4833778,
            24.555256
          ],
          [
            9.4834311,
            24.555234
          ],
          [
            9.483472,
            24.5552095
          ],
          [
            9.4838123,
            24.5549595
          ],
          [
            9.4838633,
            24.5549297
          ],
          [
            9.4839142,
            24.554904
          ],
          [
            9.4839665,
            24.5548822
          ],
          [
            9.4844686,
            24.5547082
          ]
        ]
      },
      "properties": {
        "highway": "secondary",
        "maxspeed": "40"
      }
    },
    {
      "type": "Feature",
      "geometry": {
        "type": "LineString",
        "coordinates": [
          [
            9.4830289,
            24.5523458
          ],
          [
            9.4828727,
            24.5527559
          ],
          [
            9.4828583,
            24.5527729
          ],
          [
            9.4828393,
            24.5527857
          ],
          [
            9.4828171,
            24.5527932
          ],
          [
            9.4827935,
            24.5527948
          ],
          [
            9.4827704,
            24.5527905
          ],
          [
            9.4822523,
            24.5526518
          ],
          [
            9.4822158,
            24.5526449
          ],
          [
            9.4821724,
            24.5526412
          ],
          [
            9.4819239,
            24.5526351
          ],
          [
            9.4818931,
            24.5526392
          ],
          [
            9.4818642,
            24.5526497
          ],
          [
            9.4818387,
            24.552666
          ],
          [
            9.4818141,
            24.5526927
          ],
          [
            9.4817988,
            24.5527248
          ],
          [
            9.4817271,
            24.553073
          ],
          [
            9.4817223,
            24.5531482
          ],
          [
            9.4817296,
            24.5532351
          ],
          [
            9.4817453,
            24.5533029
          ],
          [
            9.4820714,
            24.554602
          ],
          [
            9.4820836,
            24.5546938
          ],
          [
            9.482086,
            24.554773
          ],
          [
            9.4820805,
            24.5548541
          ],
          [
            9.4820661,
            24.5549388
          ],
          [
            9.4819102,
            24.5554321
          ],
          [
            9.4818965,
            24.5554792
          ],
          [
            9.4818863,
            24.5555345
          ]
        ]
      },
      "properties": {
        "highway": "secondary"
      }
    },
    {
      "type": "Feature",
      "geometry": {
        "type": "LineString",
        "coordinates": [
          [
            9.4811907,
            24.5603066
          ],
          [
            9.4812273,
            24.5603535
          ],
          [
            9.4812488,
            24.5603766
          ],
          [
            9.4812803,
            24.5604035
          ],
          [
            9.481313,
            24.560425
          ],
          [
            9.483624,
            24.5617824
          ],
          [
            9.4839734,
            24.5619902
          ],
          [
            9.4865114,
            24.5634992
          ],
          [
            9.486875,
            24.5638105
          ],
          [
            9.4877816,
            24.5645865
          ],
          [
            9.4875242,
            24.5649565
          ]
        ]
      },
      "properties": {
        "highway": "tertiary"
      }
    },
    {
      "type": "Feature",
      "geometry": {
        "type": "LineString",
        "coordinates": [
          [
            8.8422778,
            24.8593368
          ],
          [
            8.8429359,
            24.8588436
          ],
          [
            8.843927,
            24.8581593
          ],
          [
            8.8458226,
            24.8565613
          ],
          [
            8.8505204,
            24.8525619
          ],
          [
            8.8521413,
            24.8512323
          ],
          [
            8.8529487,
            24.8505582
          ],
          [
            8.8533577,
            24.8502223
          ],
          [
            8.8537588,
            24.8498761
          ],
          [
            8.854562,
            24.8491757
          ],
          [
            8.8553452,
            24.8485222
          ],
          [
            8.8556644,
            24.8482606
          ],
          [
            8.8561687,
            24.8478042
          ],
          [
            8.8565053,
            24.8475134
          ],
          [
            8.8567145,
            24.8473527
          ],
          [
            8.8569113,
            24.8472135
          ],
          [
            8.8570645,
            24.8471349
          ],
          [
            8.8572308,
            24.8470534
          ],
          [
            8.8574512,
            24.846982
          ],
          [
            8.8585384,
            24.8466615
          ],
          [
            8.8591178,
            24.8464656
          ],
          [
            8.8597486,
            24.846262
          ],
          [
            8.8677527,
            24.8437293
          ],
          [
            8.8702173,
            24.842936
          ],
          [
            8.8740639,
            24.841729
          ],
          [
            8.8748706,
            24.8415825
          ],
          [
            8.8756631,
            24.8415153
          ],
          [
            8.8766772,
            24.8414555
          ],
          [
            8.877783,
            24.8415504
          ],
          [
            8.8790774,
            24.8417977
          ],
          [
            8.8807921,
            24.8422082
          ],
          [
            8.8844314,
            24.8432002
          ],
          [
            8.8852653,
            24.8434158
          ],
          [
            8.8861025,
            24.8436273
          ]
        ]
      },
      "properties": {
        "highway": "primary",
        "maxspeed": "100",
        "ref": "RN 3"
      }
    },
    {
      "type": "Feature",
      "geometry": {
        "type": "LineString",
        "coordinates": [
          [
            8.8861025,
            24.8436273
          ],
          [
            8.8864964,
            24.8437188
          ],
          [
            8.8868902,
            24.8437982
          ],
          [
            8.8871951,
            24.8438503
          ],
          [
            8.887448,
            24.8438806
          ],
          [
            8.8876672,
            24.8438977
          ],
          [
            8.8879207,
            24.8439002
          ],
          [
            8.8881513,
            24.8438868
          ],
          [
            8.8883713,
            24.8438646
          ],
          [
            8.8886972,
            24.843815
          ],
          [
            8.8889694,
            24.8437651
          ],
          [
            8.8892925,
            24.8436928
          ],
          [
            8.8897157,
            24.8435717
          ],
          [
            8.889936,
            24.8434974
          ],
          [
            8.8901603,
            24.8433866
          ],
          [
            8.8904389,
            24.8432265
          ],
          [
            8.8907397,
            24.8430264
          ],
          [
            8.8910706,
            24.8427711
          ],
          [
            8.8916114,
            24.8423144
          ],
          [
            8.8921478,
            24.8418398
          ]
        ]
      },
      "properties": {
        "highway": "primary",
        "maxspeed": "60",
        "ref": "RN 3"
      }
    },
    {
      "type": "Feature",
      "geometry": {
        "type": "LineString",
        "coordinates": [
          [
            9.4906173,
            24.5265246
          ],
          [
            9.4907869,
            24.52577
          ],
          [
            9.4908193,
            24.525626
          ],
          [
            9.4908419,
            24.525472
          ],
          [
            9.4908545,
            24.5252899
          ],
          [
            9.4908512,
            24.5251128
          ],
          [
            9.4908331,
            24.5249694
          ],
          [
            9.4899959,
            24.5214746
          ],
          [
            9.4895939,
            24.5197961
          ],
          [
            9.4895004,
            24.5193764
          ],
          [
            9.4894833,
            24.519154
          ],
          [
            9.4895065,
            24.5189877
          ],
          [
            9.489547,
            24.5188148
          ],
          [
            9.4896599,
            24.5185246
          ],
          [
            9.4910341,
            24.515469
          ],
          [
            9.4913962,
            24.5146575
          ],
          [
            9.4915302,
            24.5143313
          ],
          [
            9.4915538,
            24.5142671
          ],
          [
            9.4915773,
            24.5141896
          ],
          [
            9.4916008,
            24.5141085
          ],
          [
            9.4916243,
            24.5140291
          ],
          [
            9.4916396,
            24.5139625
          ]
        ]
      },
      "properties": {
        "highway": "trunk",
        "maxspeed": "30",
        "ref": "RN 3"
      }
    },
    {
      "type": "Feature",
      "geometry": {
        "type": "LineString",
        "coordinates": [
          [
            9.485663,
            24.5108325
          ],
          [
            9.4855926,
            24.5108181
          ],
          [
            9.4855604,
            24.510809
          ],
          [
            9.4855253,
            24.5107906
          ],
          [
            9.4854786,
            24.5107614
          ],
          [
            9.4854323,
            24.510733
          ],
          [
            9.4832061,
            24.5093461
          ],
          [
            9.4824527,
            24.5088709
          ],
          [
            9.4818784,
            24.5085124
          ],
          [
            9.4813318,
            24.5081796
          ],
          [
            9.4790066,
            24.5068491
          ],
          [
            9.4775608,
            24.5059942
          ],
          [
            9.4768145,
            24.5055732
          ],
          [
            9.476745,
            24.5055361
          ],
          [
            9.4766676,
            24.5055008
          ],
          [
            9.4763861,
            24.505381
          ],
          [
            9.4762826,
            24.5053458
          ],
          [
            9.4761753,
            24.5053165
          ],
          [
            9.4760891,
            24.5052975
          ],
          [
            9.4759595,
            24.5052659
          ],
          [
            9.4758334,
            24.5052384
          ],
          [
            9.475714,
            24.5052177
          ],
          [
            9.4755977,
            24.5051969
          ],
          [
            9.4754839,
            24.5051864
          ],
          [
            9.4753459,
            24.5051757
          ],
          [
            9.4752263,
            24.5051754
          ],
          [
            9.4736482,
            24.5052633
          ],
          [
            9.4734999,
            24.5052671
          ],
          [
            9.4733666,
            24.5052699
          ],
          [
            9.4730218,
            24.5052799
          ],
          [
            9.472838,
            24.5052799
          ],
          [
            9.4726541,
            24.5052739
          ],
          [
            9.4725148,
            24.5052628
          ],
          [
            9.472374,
            24.5052433
          ],
          [
            9.4720485,
            24.5051981
          ],
          [
            9.471914,
            24.5051731
          ],
          [
            9.4717713,
            24.5051388
          ],
          [
            9.4716493,
            24.5051051
          ],
          [
            9.4708451,
            24.5048598
          ],
          [
            9.4707891,
            24.5048471
          ],
          [
            9.4707341,
            24.5048364
          ],
          [
            9.4706831,
            24.504828
          ],
          [
            9.4703088,
            24.5047664
          ],
          [
            9.4702504,
            24.5047563
          ],
          [
            9.4701999,
            24.5047406
          ],
          [
            9.4701511,
            24.5047204
          ],
          [
            9.4701041,
            24.5046956
          ],
          [
            9.470043,
            24.5046538
          ],
          [
            9.4700079,
            24.5046234
          ],
          [
            9.469974,
            24.5045883
          ],
          [
            9.4698741,
            24.5044501
          ],
          [
            9.4698534,
            24.5044202
          ],
          [
            9.4698339,
            24.5043854
          ],
          [
            9.4684714,
            24.501398
          ],
          [
            9.4677284,
            24.4998751
          ],
          [
            9.4675192,
            24.4994626
          ],
          [
            9.4674146,
            24.4992527
          ],
          [
            9.4672685,
            24.4990184
          ],
          [
            9.4669868,
            24.4985913
          ],
          [
            9.4668272,
            24.4983557
          ],
          [
            9.4666489,
            24.498108
          ],
          [
            9.4664812,
            24.497881
          ],
          [
            9.4663055,
            24.4976796
          ],
          [
            9.4661687,
            24.4975393
          ],
          [
            9.4656255,
            24.4970445
          ],
          [
            9.4654808,
            24.4969254
          ],
          [
            9.4652635,
            24.4967595
          ],
          [
            9.465053,
            24.4966106
          ],
          [
            9.4649443,
            24.4965398
          ],
          [
            9.4648343,
            24.4964679
          ],
          [
            9.4646896,
            24.4963897
          ],
          [
            9.4645715,
            24.496325
          ],
          [
            9.462708,
            24.4953383
          ],
          [
            9.4609358,
            24.4943802
          ],
          [
            9.4608258,
            24.4943315
          ],
          [
            9.4607694,
            24.4943107
          ],
          [
            9.4607153,
            24.494296
          ],
          [
            9.4606683,
            24.4942808
          ],
          [
            9.4606265,
            24.4942634
          ],
          [
            9.4605714,
            24.4942334
          ],
          [
            9.4604972,
            24.4941783
          ],
          [
            9.4604596,
            24.4941545
          ],
          [
            9.4604167,
            24.4941271
          ],
          [
            9.4603591,
            24.4940978
          ],
          [
            9.4603051,
            24.4940709
          ],
          [
            9.4602531,
            24.4940471
          ],
          [
            9.4601137,
            24.4939892
          ],
          [
            9.4596711,
            24.4938293
          ],
          [
            9.4594485,
            24.4937615
          ],
          [
            9.4592325,
            24.4937085
          ],
          [
            9.4589818,
            24.4936609
          ],
          [
            9.4580845,
            24.4935304
          ],
          [
            9.4576476,
            24.4934941
          ],
          [
            9.4570009,
            24.4934278
          ],
          [
            9.456895,
            24.4934217
          ],
          [
            9.4567944,
            24.4934192
          ],
          [
            9.4564028,
            24.493407
          ],
          [
            9.4560246,
            24.4934021
          ],
          [
            9.4553715,
            24.4934046
          ],
          [
            9.4552488,
            24.4934069
          ],
          [
            9.4551375,
            24.4934088
          ],
          [
            9.4550398,
            24.4934128
          ],
          [
            9.4549202,
            24.4934229
          ],
          [
            9.4548183,
            24.4934373
          ],
          [
            9.4545895,
            24.493477
          ],
          [
            9.454374,
            24.4935263
          ],
          [
            9.4541825,
            24.4935765
          ],
          [
            9.4540619,
            24.4936182
          ],
          [
            9.4539439,
            24.4936645
          ],
          [
            9.4538252,
            24.4937176
          ],
          [
            9.4537219,
            24.4937713
          ],
          [
            9.4535208,
            24.4938763
          ],
          [
            9.4532961,
            24.4939959
          ],
          [
            9.4530695,
            24.4941105
          ],
          [
            9.4524412,
            24.494409
          ],
          [
            9.4518396,
            24.494706
          ],
          [
            9.4517457,
            24.4947515
          ],
          [
            9.451649,
            24.4947947
          ],
          [
            9.4515473,
            24.4948362
          ],
          [
            9.4512396,
            24.4949521
          ],
          [
            9.451088,
            24.4950131
          ],
          [
            9.4509532,
            24.4950734
          ],
          [
            9.4508916,
            24.4951018
          ],
          [
            9.4508462,
            24.4951261
          ],
          [
            9.4508001,
            24.4951529
          ],
          [
            9.4507558,
            24.4951809
          ],
          [
            9.4504631,
            24.495389
          ],
          [
            9.4501976,
            24.4955882
          ],
          [
            9.4500299,
            24.4957307
          ],
          [
            9.4498837,
            24.4958552
          ],
          [
            9.4497402,
            24.4959918
          ],
          [
            9.4496144,
            24.4961093
          ],
          [
            9.4495438,
            24.4961792
          ],
          [
            9.4494862,
            24.4962466
          ],
          [
            9.4493754,
            24.4963872
          ],
          [
            9.4492762,
            24.4965203
          ],
          [
            9.4491729,
            24.4966777
          ],
          [
            9.4490763,
            24.4968083
          ],
          [
            9.4489798,
            24.4969413
          ],
          [
            9.4488686,
            24.4970836
          ],
          [
            9.4487706,
            24.4972025
          ],
          [
            9.4486575,
            24.4973222
          ],
          [
            9.4483952,
            24.4975424
          ],
          [
            9.4481591,
            24.4976957
          ],
          [
            9.4479489,
            24.497811
          ],
          [
            9.4476635,
            24.497929
          ],
          [
            9.4473929,
            24.4980265
          ],
          [
            9.447056,
            24.4981178
          ],
          [
            9.4467644,
            24.4981825
          ],
          [
            9.4459248,
            24.4983264
          ],
          [
            9.4450986,
            24.4984912
          ],
          [
            9.4447862,
            24.4985552
          ],
          [
            9.444591,
            24.498598
          ],
          [
            9.4445334,
            24.4986065
          ],
          [
            9.4444824,
            24.4986083
          ],
          [
            9.4443807,
            24.4986065
          ]
        ]
      },
      "properties": {
        "highway": "trunk",
        "maxspeed": "80",
        "ref": "RN 3"
      }
    },
    {
      "type": "Feature",
      "geometry": {
        "type": "LineString",
        "coordinates": [
          [
            9.9206679,
            24.1878939
          ],
          [
            9.9225059,
            24.1870973
          ],
          [
            9.9229932,
            24.1868597
          ],
          [
            9.923368,
            24.186644
          ],
          [
            9.9235605,
            24.186522
          ],
          [
            9.9237544,
            24.1863781
          ],
          [
            9.9241492,
            24.1860694
          ],
          [
            9.9246019,
            24.1857009
          ],
          [
            9.9247903,
            24.1855776
          ],
          [
            9.9249639,
            24.1854856
          ],
          [
            9.9251806,
            24.1853839
          ],
          [
            9.9254584,
            24.1852755
          ],
          [
            9.9256566,
            24.1852228
          ],
          [
            9.9258239,
            24.1851909
          ],
          [
            9.9260403,
            24.185171
          ],
          [
            9.9264505,
            24.1851433
          ],
          [
            9.9268503,
            24.1851372
          ],
          [
            9.9273303,
            24.1851335
          ],
          [
            9.9278222,
            24.1851483
          ],
          [
            9.9281214,
            24.1851673
          ],
          [
            9.9283415,
            24.1851983
          ],
          [
            9.9286473,
            24.1852619
          ],
          [
            9.9289651,
            24.1853268
          ],
          [
            9.9292216,
            24.1853774
          ],
          [
            9.9294783,
            24.1854099
          ],
          [
            9.9297242,
            24.1854283
          ],
          [
            9.9299341,
            24.1854355
          ],
          [
            9.9301748,
            24.1854258
          ],
          [
            9.9304095,
            24.1854014
          ],
          [
            9.930654,
            24.1853666
          ],
          [
            9.9309093,
            24.1853129
          ],
          [
            9.9311323,
            24.1852448
          ],
          [
            9.9313374,
            24.1851586
          ],
          [
            9.9316634,
            24.184994
          ],
          [
            9.9328288,
            24.1843285
          ],
          [
            9.934009,
            24.1836275
          ],
          [
            9.9352187,
            24.1829362
          ],
          [
            9.9359576,
            24.1825117
          ],
          [
            9.936423,
            24.1822647
          ],
          [
            9.9425292,
            24.1793698
          ],
          [
            9.9449814,
            24.1781456
          ],
          [
            9.945591,
            24.1779624
          ],
          [
            9.9460387,
            24.177892
          ],
          [
            9.9465613,
            24.1778552
          ],
          [
            9.9469238,
            24.1778675
          ],
          [
            9.9472028,
            24.1779165
          ],
          [
            9.9474165,
            24.1779805
          ],
          [
            9.9481953,
            24.1782783
          ],
          [
            9.948501,
            24.1783716
          ],
          [
            9.948729,
            24.178423
          ],
          [
            9.9489686,
            24.178462
          ],
          [
            9.9492217,
            24.1784627
          ],
          [
            9.9494741,
            24.178432
          ],
          [
            9.9496731,
            24.1783985
          ],
          [
            9.9512475,
            24.1779889
          ]
        ]
      },
      "properties": {
        "highway": "primary",
        "maxspeed": "60",
        "ref": "RN 3A"
      }
    },
    {
      "type": "Feature",
      "geometry": {
        "type": "LineString",
        "coordinates": [
          [
            9.9512475,
            24.1779889
          ],
          [
            9.9533719,
            24.177432
          ],
          [
            9.9544421,
            24.1771506
          ],
          [
            9.9550375,
            24.1769818
          ],
          [
            9.9555856,
            24.1768142
          ],
          [
            9.9565637,
            24.1764801
          ],
          [
            9.9572503,
            24.176233
          ],
          [
            9.9579531,
            24.1759712
          ],
          [
            9.9584788,
            24.1757828
          ],
          [
            9.9590341,
            24.1755895
          ],
          [
            9.9596536,
            24.1753815
          ],
          [
            9.9601847,
            24.1751759
          ],
          [
            9.9605977,
            24.1750242
          ],
          [
            9.9614292,
            24.1747403
          ],
          [
            9.9622447,
            24.1744161
          ],
          [
            9.9627864,
            24.1741922
          ],
          [
            9.9643185,
            24.1734992
          ],
          [
            9.965297,
            24.1729785
          ],
          [
            9.9663913,
            24.1724499
          ],
          [
            9.9674803,
            24.1719214
          ],
          [
            9.9686122,
            24.1713733
          ],
          [
            9.9708223,
            24.1703014
          ],
          [
            9.9719059,
            24.1697729
          ],
          [
            9.9726878,
            24.1693768
          ],
          [
            9.9733114,
            24.1690534
          ],
          [
            9.9740678,
            24.168613
          ],
          [
            9.9772972,
            24.1667776
          ],
          [
            9.9798226,
            24.165337
          ],
          [
            9.9818257,
            24.1641943
          ],
          [
            9.9862457,
            24.1616392
          ],
          [
            9.9887115,
            24.1602748
          ],
          [
            9.9906464,
            24.1593651
          ],
          [
            9.9931945,
            24.1581998
          ],
          [
            9.9964851,
            24.156695
          ],
          [
            10.0007818,
            24.1547301
          ],
          [
            10.0014319,
            24.1543686
          ],
          [
            10.0023075,
            24.1537505
          ],
          [
            10.0032046,
            24.1532691
          ],
          [
            10.0075749,
            24.151026
          ],
          [
            10.0090451,
            24.1502808
          ],
          [
            10.009827,
            24.14988
          ],
          [
            10.0110401,
            24.1491739
          ],
          [
            10.0135787,
            24.1474903
          ],
          [
            10.0154612,
            24.1462514
          ],
          [
            10.0163556,
            24.1455428
          ],
          [
            10.0174482,
            24.1445873
          ],
          [
            10.0182462,
            24.1439373
          ],
          [
            10.0190308,
            24.1434828
          ],
          [
            10.0221425,
            24.1421437
          ],
          [
            10.0223878,
            24.1420592
          ],
          [
            10.022654,
            24.1419971
          ],
          [
            10.0229913,
            24.1419735
          ],
          [
            10.0233448,
            24.1419775
          ],
          [
            10.024566,
            24.1419726
          ],
          [
            10.0249171,
            24.1419686
          ],
          [
            10.0252595,
            24.1419311
          ],
          [
            10.0255609,
            24.1418707
          ],
          [
            10.0258728,
            24.1417747
          ],
          [
            10.0292067,
            24.1407264
          ],
          [
            10.0298684,
            24.1405664
          ],
          [
            10.030551,
            24.1404014
          ],
          [
            10.0352854,
            24.1394557
          ],
          [
            10.0411553,
            24.1383316
          ],
          [
            10.0463986,
            24.1372832
          ],
          [
            10.0490738,
            24.1367334
          ],
          [
            10.049521,
            24.1366768
          ],
          [
            10.0499146,
            24.1366453
          ],
          [
            10.050382,
            24.1366498
          ],
          [
            10.0508707,
            24.1366747
          ],
          [
            10.051581,
            24.1367257
          ],
          [
            10.0524372,
            24.1367651
          ],
          [
            10.0529435,
            24.1367404
          ],
          [
            10.0534735,
            24.1366943
          ],
          [
            10.0573912,
            24.1363033
          ],
          [
            10.0634306,
            24.135705
          ],
          [
            10.0636777,
            24.1356805
          ],
          [
            10.06673,
            24.1353729
          ],
          [
            10.0671431,
            24.1353183
          ],
          [
            10.067514,
            24.1352381
          ],
          [
            10.0679076,
            24.1351347
          ],
          [
            10.0682981,
            24.1350155
          ],
          [
            10.0704224,
            24.1342082
          ],
          [
            10.0723311,
            24.1334617
          ],
          [
            10.0727516,
            24.1333111
          ],
          [
            10.0731534,
            24.1331843
          ],
          [
            10.0735751,
            24.1330908
          ],
          [
            10.0740845,
            24.1330159
          ],
          [
            10.0901261,
            24.1309646
          ],
          [
            10.09104,
            24.1307857
          ],
          [
            10.0920965,
            24.1304125
          ],
          [
            10.0969402,
            24.1279033
          ],
          [
            10.1013484,
            24.1256256
          ],
          [
            10.1018558,
            24.1252627
          ],
          [
            10.1023747,
            24.1247615
          ],
          [
            10.1055331,
            24.121122
          ],
          [
            10.1062223,
            24.1204618
          ],
          [
            10.1068813,
            24.1198673
          ],
          [
            10.1071691,
            24.1195286
          ],
          [
            10.1084908,
            24.1170814
          ],
          [
            10.1094636,
            24.1152382
          ],
          [
            10.1098309,
            24.1147058
          ],
          [
            10.1101642,
            24.114336
          ],
          [
            10.111376,
            24.1131504
          ],
          [
            10.1117548,
            24.1126803
          ],
          [
            10.112237,
            24.1118837
          ],
          [
            10.1228433,
            24.0943623
          ],
          [
            10.1238204,
            24.0926579
          ],
          [
            10.1239287,
            24.0924143
          ],
          [
            10.1240817,
            24.0920702
          ],
          [
            10.1242483,
            24.0912716
          ]
        ]
      },
      "properties": {
        "highway": "primary",
        "maxspeed": "80",
        "ref": "RN 3A"
      }
    },
    {
      "type": "Feature",
      "geometry": {
        "type": "LineString",
        "coordinates": [
          [
            9.4845428,
            24.5539125
          ],
          [
            9.484511,
            24.5538251
          ],
          [
            9.484411,
            24.553477
          ],
          [
            9.4843941,
            24.5534217
          ],
          [
            9.4843704,
            24.5533685
          ],
          [
            9.4843402,
            24.5533181
          ],
          [
            9.4843039,
            24.5532712
          ],
          [
            9.4840778,
            24.5530383
          ],
          [
            9.4840329,
            24.5530006
          ],
          [
            9.4839807,
            24.5529638
          ],
          [
            9.4839311,
            24.5529353
          ],
          [
            9.4835146,
            24.5527297
          ],
          [
            9.4834713,
            24.5527041
          ],
          [
            9.4834355,
            24.5526779
          ],
          [
            9.4832727,
            24.5525487
          ],
          [
            9.4830289,
            24.5523458
          ],
          [
            9.4829813,
            24.552292
          ],
          [
            9.4829389,
            24.5522347
          ],
          [
            9.482902,
            24.5521742
          ],
          [
            9.482871,
            24.5521112
          ],
          [
            9.4827367,
            24.5517524
          ],
          [
            9.4827156,
            24.5516671
          ],
          [
            9.482704,
            24.5515803
          ],
          [
            9.4827022,
            24.5514929
          ],
          [
            9.4827101,
            24.5514057
          ],
          [
            9.4827277,
            24.5513198
          ],
          [
            9.4827492,
            24.5512508
          ],
          [
            9.4830036,
            24.5504339
          ],
          [
            9.4830204,
            24.5503864
          ],
          [
            9.4830398,
            24.55034
          ],
          [
            9.483251,
            24.5499033
          ],
          [
            9.4834489,
            24.5495434
          ],
          [
            9.4836583,
            24.5491416
          ],
          [
            9.4838103,
            24.5488499
          ],
          [
            9.4840054,
            24.5484962
          ],
          [
            9.4840416,
            24.5484394
          ],
          [
            9.4840805,
            24.5483839
          ],
          [
            9.4842636,
            24.5481485
          ],
          [
            9.484283,
            24.5481204
          ],
          [
            9.4843005,
            24.548093
          ],
          [
            9.4844547,
            24.5478307
          ],
          [
            9.4844773,
            24.5477806
          ],
          [
            9.4844948,
            24.5477288
          ],
          [
            9.484507,
            24.5476758
          ],
          [
            9.4845134,
            24.5476264
          ],
          [
            9.4845152,
            24.5475767
          ],
          [
            9.4845124,
            24.5475282
          ],
          [
            9.4844513,
            24.5471573
          ],
          [
            9.4844319,
            24.5470652
          ],
          [
            9.4844111,
            24.5469769
          ],
          [
            9.484341,
            24.5467026
          ],
          [
            9.4841556,
            24.5459777
          ],
          [
            9.484126,
            24.5458813
          ],
          [
            9.4840929,
            24.5457859
          ],
          [
            9.4840562,
            24.5456915
          ],
          [
            9.4840161,
            24.5455983
          ],
          [
            9.4838706,
            24.5452763
          ],
          [
            9.4838514,
            24.5452283
          ],
          [
            9.4838362,
            24.5451792
          ],
          [
            9.4838252,
            24.5451292
          ],
          [
            9.4838184,
            24.5450786
          ],
          [
            9.4837334,
            24.544521
          ]
        ]
      },
      "properties": {
        "highway": "primary",
        "maxspeed": "40"
      }
    },
    {
      "type": "Feature",
      "geometry": {
        "type": "LineString",
        "coordinates": [
          [
            9.4847293,
            24.5540459
          ],
          [
            9.4849506,
            24.5541185
          ],
          [
            9.4849858,
            24.5541269
          ],
          [
            9.4850176,
            24.5541317
          ],
          [
            9.4850496,
            24.5541338
          ],
          [
            9.4852927,
            24.5541463
          ],
          [
            9.4853292,
            24.55415
          ],
          [
            9.4853668,
            24.5541609
          ],
          [
            9.4854002,
            24.5541856
          ],
          [
            9.4854239,
            24.5542141
          ],
          [
            9.4854382,
            24.5542441
          ]
        ]
      },
      "properties": {
        "highway": "primary",
        "maxspeed": "40"
      }
    },
    {
      "type": "Feature",
      "geometry": {
        "type": "LineString",
        "coordinates": [
          [
            9.4916396,
            24.5139625
          ],
          [
            9.4916275,
            24.5139428
          ],
          [
            9.4916136,
            24.5139014
          ],
          [
            9.4916128,
            24.5138582
          ],
          [
            9.4916251,
            24.5138164
          ],
          [
            9.4916496,
            24.5137793
          ],
          [
            9.4916845,
            24.5137498
          ],
          [
            9.4917269,
            24.5137303
          ],
          [
            9.4917448,
            24.5137257
          ],
          [
            9.491794,
            24.5137223
          ],
          [
            9.4918422,
            24.5137319
          ],
          [
            9.4918853,
            24.5137536
          ],
          [
            9.4919199,
            24.5137857
          ],
          [
            9.4919429,
            24.5138254
          ],
          [
            9.4919524,
            24.5138694
          ],
          [
            9.4919391,
            24.5139378
          ],
          [
            9.4918942,
            24.5139941
          ],
          [
            9.4918269,
            24.5140269
          ],
          [
            9.4917739,
            24.5140321
          ],
          [
            9.4917218,
            24.5140223
          ],
          [
            9.4916755,
            24.5139983
          ],
          [
            9.4916396,
            24.5139625
          ]
        ]
      },
      "properties": {
        "highway": "trunk",
        "maxspeed": "30",
        "ref": "RN 3"
      }
    },
    {
      "type": "Feature",
      "geometry": {
        "type": "LineString",
        "coordinates": [
          [
            9.4918269,
            24.5140269
          ],
          [
            9.4917943,
            24.5140677
          ],
          [
            9.4917756,
            24.5140942
          ],
          [
            9.4917598,
            24.5141166
          ],
          [
            9.4917147,
            24.5142001
          ],
          [
            9.4916749,
            24.5142858
          ],
          [
            9.4916368,
            24.514371
          ],
          [
            9.4914924,
            24.5147071
          ],
          [
            9.4910959,
            24.5155851
          ],
          [
            9.491027,
            24.5157375
          ],
          [
            9.4907745,
            24.5162965
          ],
          [
            9.4897563,
            24.518551
          ],
          [
            9.489679,
            24.5188307
          ],
          [
            9.4896584,
            24.5190078
          ],
          [
            9.4896575,
            24.5191669
          ],
          [
            9.4896649,
            24.5193808
          ],
          [
            9.4897258,
            24.5197587
          ],
          [
            9.490965,
            24.5249547
          ],
          [
            9.4909915,
            24.5251105
          ],
          [
            9.4910056,
            24.5252819
          ],
          [
            9.4910042,
            24.5254876
          ],
          [
            9.4909748,
            24.525645
          ],
          [
            9.4909223,
            24.5258213
          ],
          [
            9.4908467,
            24.526075
          ],
          [
            9.4907397,
            24.5264269
          ],
          [
            9.4907084,
            24.5265393
          ]
        ]
      },
      "properties": {
        "highway": "trunk",
        "maxspeed": "60",
        "ref": "RN 3"
      }
    },
    {
      "type": "Feature",
      "geometry": {
        "type": "LineString",
        "coordinates": [
          [
            9.4443807,
            24.4986065
          ],
          [
            9.4427064,
            24.4989216
          ],
          [
            9.4415244,
            24.4991436
          ],
          [
            9.4403375,
            24.4993603
          ],
          [
            9.4380572,
            24.4998388
          ],
          [
            9.4377237,
            24.4999319
          ],
          [
            9.4373957,
            24.5000474
          ],
          [
            9.4368261,
            24.5002589
          ],
          [
            9.4361612,
            24.5004197
          ],
          [
            9.4353303,
            24.5005631
          ],
          [
            9.4334728,
            24.5007529
          ],
          [
            9.4326839,
            24.5009499
          ],
          [
            9.4320249,
            24.5010989
          ],
          [
            9.4314442,
            24.5012823
          ],
          [
            9.4308329,
            24.5015783
          ],
          [
            9.4302091,
            24.5019508
          ],
          [
            9.4267901,
            24.5041167
          ],
          [
            9.4237192,
            24.5061102
          ],
          [
            9.4229325,
            24.506683
          ],
          [
            9.4224838,
            24.5071455
          ],
          [
            9.4221212,
            24.5076449
          ],
          [
            9.4217727,
            24.5082169
          ],
          [
            9.4209591,
            24.5102416
          ],
          [
            9.4207134,
            24.5107574
          ],
          [
            9.4202943,
            24.5113989
          ],
          [
            9.4198335,
            24.5118287
          ],
          [
            9.4193355,
            24.512149
          ],
          [
            9.4183322,
            24.5127963
          ],
          [
            9.4180819,
            24.5129899
          ],
          [
            9.4176352,
            24.5133737
          ],
          [
            9.4168335,
            24.5139157
          ],
          [
            9.41645,
            24.5142378
          ],
          [
            9.4161722,
            24.5145188
          ],
          [
            9.4159306,
            24.5147249
          ],
          [
            9.415715,
            24.5148699
          ],
          [
            9.4154541,
            24.5150096
          ],
          [
            9.415141,
            24.5151652
          ],
          [
            9.4147937,
            24.5152894
          ],
          [
            9.4139276,
            24.5154751
          ],
          [
            9.4118135,
            24.5159161
          ]
        ]
      },
      "properties": {
        "highway": "primary",
        "maxspeed": "80",
        "ref": "RN 3"
      }
    },
    {
      "type": "Feature",
      "geometry": {
        "type": "LineString",
        "coordinates": [
          [
            9.5041154,
            24.4506797
          ],
          [
            9.5102564,
            24.4469515
          ],
          [
            9.529886,
            24.4350334
          ],
          [
            9.5347837,
            24.4320368
          ],
          [
            9.5397511,
            24.4290575
          ],
          [
            9.5446461,
            24.4260366
          ],
          [
            9.5472425,
            24.4244517
          ],
          [
            9.5485058,
            24.4236799
          ],
          [
            9.5496355,
            24.4230178
          ],
          [
            9.5513697,
            24.4220451
          ],
          [
            9.5527111,
            24.4212788
          ],
          [
            9.5537039,
            24.4207339
          ],
          [
            9.5542887,
            24.4204611
          ],
          [
            9.5548448,
            24.4202353
          ],
          [
            9.556041,
            24.4198072
          ],
          [
            9.5581117,
            24.4191043
          ],
          [
            9.559486,
            24.4186114
          ],
          [
            9.5605114,
            24.4182102
          ],
          [
            9.5606509,
            24.4181629
          ],
          [
            9.5608252,
            24.4180823
          ],
          [
            9.5609915,
            24.4179968
          ],
          [
            9.5613992,
            24.4177721
          ],
          [
            9.5622817,
            24.4172861
          ],
          [
            9.5640026,
            24.4163457
          ],
          [
            9.5742604,
            24.4107267
          ],
          [
            9.5760707,
            24.4097351
          ],
          [
            9.5776266,
            24.4088745
          ],
          [
            9.5792064,
            24.4080074
          ],
          [
            9.5804054,
            24.4073579
          ],
          [
            9.5818081,
            24.4065981
          ],
          [
            9.5822695,
            24.4063325
          ],
          [
            9.5826074,
            24.4061194
          ],
          [
            9.5828274,
            24.4059631
          ],
          [
            9.5830882,
            24.4057768
          ],
          [
            9.5833075,
            24.4056089
          ],
          [
            9.5835382,
            24.4054306
          ],
          [
            9.5840746,
            24.4049665
          ],
          [
            9.5850027,
            24.4041165
          ],
          [
            9.5859092,
            24.4033105
          ],
          [
            9.5868309,
            24.4025427
          ],
          [
            9.5879289,
            24.4016959
          ],
          [
            9.5891064,
            24.4008166
          ],
          [
            9.5913746,
            24.3991472
          ],
          [
            9.5918182,
            24.3988063
          ],
          [
            9.5923278,
            24.3984399
          ],
          [
            9.5926379,
            24.3982146
          ],
          [
            9.592832,
            24.3980661
          ],
          [
            9.5931485,
            24.3978096
          ],
          [
            9.5939156,
            24.3971428
          ],
          [
            9.5952353,
            24.3959703
          ],
          [
            9.5978719,
            24.3936546
          ],
          [
            9.5980595,
            24.3934927
          ],
          [
            9.6031169,
            24.3891263
          ],
          [
            9.603357,
            24.3888984
          ],
          [
            9.6035206,
            24.388725
          ],
          [
            9.6036896,
            24.3885344
          ],
          [
            9.60388,
            24.3882877
          ],
          [
            9.6041161,
            24.3879579
          ],
          [
            9.6043955,
            24.3875435
          ],
          [
            9.6048289,
            24.3869022
          ],
          [
            9.6071765,
            24.3834287
          ],
          [
            9.6102601,
            24.3788501
          ],
          [
            9.6113393,
            24.377243
          ],
          [
            9.6125382,
            24.3754327
          ],
          [
            9.6147776,
            24.3721715
          ],
          [
            9.6151587,
            24.3715969
          ],
          [
            9.6153143,
            24.3713795
          ],
          [
            9.6154484,
            24.371206
          ],
          [
            9.615671,
            24.370947
          ],
          [
            9.61595,
            24.3706612
          ],
          [
            9.6162633,
            24.3703678
          ],
          [
            9.6227923,
            24.363991
          ],
          [
            9.6300296,
            24.3568835
          ],
          [
            9.6306002,
            24.3563089
          ],
          [
            9.6312022,
            24.3557161
          ],
          [
            9.6314022,
            24.3555099
          ],
          [
            9.6315336,
            24.3553242
          ],
          [
            9.6316221,
            24.3551434
          ],
          [
            9.6317948,
            24.354748
          ],
          [
            9.6320754,
            24.3541415
          ],
          [
            9.6322364,
            24.3537994
          ],
          [
            9.6323253,
            24.3536506
          ],
          [
            9.6324402,
            24.353494
          ],
          [
            9.6325555,
            24.3533498
          ],
          [
            9.6328533,
            24.3530419
          ],
          [
            9.6334863,
            24.35237
          ],
          [
            9.6347067,
            24.3510749
          ],
          [
            9.6371713,
            24.3484457
          ],
          [
            9.6378154,
            24.347732
          ],
          [
            9.6384265,
            24.3471077
          ],
          [
            9.6389204,
            24.3466275
          ],
          [
            9.6394247,
            24.3461778
          ],
          [
            9.6405063,
            24.3452129
          ],
          [
            9.6428981,
            24.3431134
          ],
          [
            9.6441185,
            24.3420455
          ],
          [
            9.6446013,
            24.3416496
          ],
          [
            9.6449876,
            24.3413392
          ],
          [
            9.6453787,
            24.3410711
          ],
          [
            9.6479112,
            24.339416
          ],
          [
            9.6500087,
            24.3380645
          ],
          [
            9.6502823,
            24.3378861
          ],
          [
            9.6505652,
            24.3376552
          ],
          [
            9.6522483,
            24.3362072
          ],
          [
            9.6540444,
            24.3346806
          ],
          [
            9.6543404,
            24.3344842
          ],
          [
            9.6546248,
            24.3343474
          ],
          [
            9.6549869,
            24.3341983
          ],
          [
            9.6561483,
            24.333756
          ],
          [
            9.6580431,
            24.3330266
          ],
          [
            9.6598495,
            24.3323296
          ],
          [
            9.6611147,
            24.3318454
          ],
          [
            9.6627714,
            24.3312113
          ],
          [
            9.6637201,
            24.3308281
          ],
          [
            9.664116,
            24.330652
          ],
          [
            9.6643665,
            24.3305251
          ],
          [
            9.6647313,
            24.3303198
          ],
          [
            9.6653268,
            24.3299556
          ],
          [
            9.6665204,
            24.3292151
          ],
          [
            9.6687815,
            24.3277658
          ],
          [
            9.6733299,
            24.3248474
          ],
          [
            9.6742876,
            24.3242438
          ],
          [
            9.6750639,
            24.3237493
          ],
          [
            9.6752831,
            24.3236059
          ],
          [
            9.6755031,
            24.32343
          ],
          [
            9.675974,
            24.3229755
          ],
          [
            9.6764848,
            24.3224621
          ],
          [
            9.6766859,
            24.3222886
          ],
          [
            9.6769469,
            24.3220921
          ],
          [
            9.6773618,
            24.3217899
          ],
          [
            9.6782979,
            24.3211716
          ],
          [
            9.6797088,
            24.3202281
          ],
          [
            9.6825083,
            24.3183421
          ],
          [
            9.6834773,
            24.3176397
          ],
          [
            9.6837401,
            24.3174417
          ],
          [
            9.6841135,
            24.3171433
          ],
          [
            9.6844134,
            24.3168991
          ],
          [
            9.6850314,
            24.316363
          ],
          [
            9.686248,
            24.3153054
          ],
          [
            9.6868059,
            24.3148215
          ],
          [
            9.687176,
            24.3144939
          ],
          [
            9.6876855,
            24.314008
          ],
          [
            9.6901399,
            24.3115632
          ],
          [
            9.69358,
            24.3081354
          ],
          [
            9.6946913,
            24.3070096
          ],
          [
            9.6949598,
            24.3067526
          ],
          [
            9.6951798,
            24.306584
          ],
          [
            9.6954399,
            24.3064226
          ],
          [
            9.698063,
            24.3050493
          ],
          [
            9.6981758,
            24.3049902
          ],
          [
            9.6985754,
            24.3047848
          ],
          [
            9.6987686,
            24.3046724
          ],
          [
            9.6990063,
            24.304494
          ],
          [
            9.7029582,
            24.3007758
          ],
          [
            9.7049564,
            24.2988886
          ],
          [
            9.70552,
            24.2983561
          ],
          [
            9.7069148,
            24.2970381
          ],
          [
            9.716255,
            24.2883307
          ]
        ]
      },
      "properties": {
        "highway": "primary",
        "maxspeed": "100",
        "ref": "RN 3"
      }
    },
    {
      "type": "Feature",
      "geometry": {
        "type": "LineString",
        "coordinates": [
          [
            9.5026886,
            24.4775995
          ],
          [
            9.5026737,
            24.477645
          ],
          [
            9.5026614,
            24.4776911
          ],
          [
            9.5026521,
            24.4777378
          ],
          [
            9.5026458,
            24.4777849
          ],
          [
            9.5025267,
            24.4787593
          ],
          [
            9.5023627,
            24.48
          ],
          [
            9.5023146,
            24.4803726
          ],
          [
            9.5022831,
            24.4805628
          ],
          [
            9.502245,
            24.4807521
          ],
          [
            9.5022006,
            24.4809402
          ],
          [
            9.5021497,
            24.4811269
          ],
          [
            9.5020896,
            24.481305
          ],
          [
            9.5020246,
            24.481481
          ],
          [
            9.5019701,
            24.4816145
          ],
          [
            9.5019523,
            24.4816582
          ],
          [
            9.5018704,
            24.4818198
          ],
          [
            9.5017862,
            24.4819808
          ],
          [
            9.5016485,
            24.4822508
          ],
          [
            9.5015082,
            24.4825196
          ],
          [
            9.5013652,
            24.4827873
          ],
          [
            9.5012195,
            24.4830538
          ],
          [
            9.5010712,
            24.4833191
          ],
          [
            9.5009203,
            24.4835831
          ],
          [
            9.5003529,
            24.4845915
          ],
          [
            9.5001563,
            24.4849459
          ],
          [
            9.4999638,
            24.4853022
          ],
          [
            9.4997752,
            24.4856603
          ],
          [
            9.4995908,
            24.4860201
          ],
          [
            9.4993528,
            24.4864614
          ],
          [
            9.499237,
            24.4867013
          ],
          [
            9.4991316,
            24.4869333
          ],
          [
            9.499088,
            24.4870531
          ],
          [
            9.4990545,
            24.4871755
          ],
          [
            9.4990313,
            24.4872999
          ],
          [
            9.4990185,
            24.4874256
          ],
          [
            9.4990163,
            24.4875517
          ],
          [
            9.4990232,
            24.4876777
          ],
          [
            9.499042,
            24.4878027
          ],
          [
            9.4990624,
            24.4879023
          ],
          [
            9.4991027,
            24.4880801
          ],
          [
            9.4993488,
            24.4891555
          ],
          [
            9.4993852,
            24.4893082
          ],
          [
            9.4994239,
            24.4894604
          ],
          [
            9.4994648,
            24.489612
          ],
          [
            9.4994846,
            24.4896864
          ],
          [
            9.4995606,
            24.4900189
          ],
          [
            9.4996333,
            24.490292
          ],
          [
            9.4998339,
            24.4910455
          ],
          [
            9.4998571,
            24.4911547
          ],
          [
            9.499881,
            24.491265
          ],
          [
            9.4998989,
            24.4913763
          ],
          [
            9.4999108,
            24.4914883
          ],
          [
            9.4999166,
            24.4916006
          ],
          [
            9.4999163,
            24.4917131
          ],
          [
            9.4999099,
            24.4918254
          ],
          [
            9.4998974,
            24.4919373
          ],
          [
            9.4998789,
            24.4920486
          ],
          [
            9.4998539,
            24.4921587
          ],
          [
            9.4998302,
            24.4922517
          ],
          [
            9.4998023,
            24.4923438
          ],
          [
            9.4997702,
            24.4924347
          ],
          [
            9.4997341,
            24.4925243
          ],
          [
            9.499694,
            24.4926126
          ],
          [
            9.4996789,
            24.4926442
          ],
          [
            9.4992101,
            24.4935493
          ],
          [
            9.498974,
            24.4940217
          ],
          [
            9.498773,
            24.4944232
          ],
          [
            9.4985534,
            24.4948378
          ],
          [
            9.4983338,
            24.4952479
          ],
          [
            9.4980606,
            24.4957635
          ],
          [
            9.4971597,
            24.4975261
          ],
          [
            9.4968816,
            24.4980951
          ],
          [
            9.4967649,
            24.4983186
          ],
          [
            9.4962663,
            24.4992654
          ],
          [
            9.4961065,
            24.4995781
          ],
          [
            9.4959446,
            24.49989
          ],
          [
            9.4957806,
            24.500201
          ],
          [
            9.4956146,
            24.5005111
          ],
          [
            9.4954466,
            24.5008203
          ],
          [
            9.4952765,
            24.5011285
          ],
          [
            9.4949919,
            24.5016353
          ],
          [
            9.4949577,
            24.5016943
          ],
          [
            9.4942741,
            24.5029127
          ],
          [
            9.4942163,
            24.5030326
          ],
          [
            9.4941682,
            24.5031545
          ],
          [
            9.4941285,
            24.5032804
          ],
          [
            9.4940973,
            24.5034082
          ],
          [
            9.4940742,
            24.5035373
          ],
          [
            9.4940591,
            24.5036674
          ],
          [
            9.4940522,
            24.5037981
          ],
          [
            9.4940534,
            24.5039289
          ],
          [
            9.4940627,
            24.5040595
          ],
          [
            9.4940768,
            24.5041897
          ],
          [
            9.4941699,
            24.5050485
          ],
          [
            9.494231,
            24.5056306
          ],
          [
            9.4944163,
            24.5072178
          ],
          [
            9.4944564,
            24.5077101
          ],
          [
            9.4944599,
            24.5078138
          ],
          [
            9.4944606,
            24.5079176
          ],
          [
            9.4944585,
            24.5080213
          ],
          [
            9.4944552,
            24.508092
          ],
          [
            9.4944479,
            24.5081719
          ],
          [
            9.4944366,
            24.5082514
          ],
          [
            9.4944212,
            24.5083304
          ],
          [
            9.4944018,
            24.5084086
          ],
          [
            9.4943785,
            24.508486
          ],
          [
            9.4943513,
            24.5085623
          ],
          [
            9.4943203,
            24.5086373
          ],
          [
            9.4942855,
            24.508711
          ],
          [
            9.4935755,
            24.5101976
          ],
          [
            9.4928889,
            24.5115757
          ],
          [
            9.4925039,
            24.512414
          ],
          [
            9.492458,
            24.5125141
          ],
          [
            9.4921814,
            24.5131396
          ],
          [
            9.4921422,
            24.5132256
          ],
          [
            9.4920907,
            24.5133421
          ],
          [
            9.4920443,
            24.5134513
          ],
          [
            9.4920009,
            24.5135717
          ],
          [
            9.4919677,
            24.5136838
          ],
          [
            9.4919513,
            24.5137769
          ],
          [
            9.4919524,
            24.5138694
          ]
        ]
      },
      "properties": {
        "highway": "trunk",
        "maxspeed": "60",
        "ref": "RN 3"
      }
    },
    {
      "type": "Feature",
      "geometry": {
        "type": "LineString",
        "coordinates": [
          [
            9.485164,
            24.5551485
          ],
          [
            9.485134,
            24.5551159
          ],
          [
            9.485107,
            24.5550814
          ],
          [
            9.4850831,
            24.555045
          ],
          [
            9.4850624,
            24.555007
          ]
        ]
      },
      "properties": {
        "highway": "primary",
        "maxspeed": "40"
      }
    },
    {
      "type": "Feature",
      "geometry": {
        "type": "LineString",
        "coordinates": [
          [
            9.4852116,
            24.5550109
          ],
          [
            9.485164,
            24.5551485
          ]
        ]
      },
      "properties": {
        "highway": "primary",
        "maxspeed": "40"
      }
    },
    {
      "type": "Feature",
      "geometry": {
        "type": "LineString",
        "coordinates": [
          [
            9.4845823,
            24.5541647
          ],
          [
            9.4845751,
            24.5541356
          ],
          [
            9.4845707,
            24.5541096
          ],
          [
            9.4845428,
            24.5539125
          ]
        ]
      },
      "properties": {
        "highway": "primary",
        "maxspeed": "40"
      }
    },
    {
      "type": "Feature",
      "geometry": {
        "type": "LineString",
        "coordinates": [
          [
            9.4845428,
            24.5539125
          ],
          [
            9.4845864,
            24.5539556
          ],
          [
            9.4846357,
            24.5539933
          ],
          [
            9.4846898,
            24.5540249
          ],
          [
            9.4847293,
            24.5540459
          ]
        ]
      },
      "properties": {
        "highway": "primary",
        "maxspeed": "40"
      }
    },
    {
      "type": "Feature",
      "geometry": {
        "type": "LineString",
        "coordinates": [
          [
            9.7173374,
            24.2875426
          ],
          [
            9.7169982,
            24.2877748
          ],
          [
            9.716255,
            24.2883307
          ]
        ]
      },
      "properties": {
        "highway": "primary",
        "maxspeed": "50",
        "ref": "RN 3"
      }
    },
    {
      "type": "Feature",
      "geometry": {
        "type": "LineString",
        "coordinates": [
          [
            9.7174664,
            24.2871297
          ],
          [
            9.717586,
            24.2870418
          ],
          [
            9.718353,
            24.2864426
          ],
          [
            9.7189322,
            24.2859099
          ],
          [
            9.719589,
            24.2852999
          ],
          [
            9.7202105,
            24.2847161
          ],
          [
            9.7207793,
            24.2842167
          ],
          [
            9.7212019,
            24.2837982
          ],
          [
            9.7224333,
            24.2826758
          ],
          [
            9.7233203,
            24.2817626
          ],
          [
            9.7240716,
            24.281073
          ],
          [
            9.7253552,
            24.2798506
          ],
          [
            9.7266233,
            24.2786945
          ],
          [
            9.7288293,
            24.2765993
          ],
          [
            9.7294332,
            24.276032
          ],
          [
            9.729883,
            24.2755152
          ],
          [
            9.7308012,
            24.2743187
          ],
          [
            9.7314174,
            24.2734986
          ],
          [
            9.7320336,
            24.2725212
          ],
          [
            9.732884,
            24.2709988
          ],
          [
            9.7338391,
            24.2692518
          ],
          [
            9.7340609,
            24.2687294
          ],
          [
            9.7343074,
            24.268162
          ],
          [
            9.7344984,
            24.2676115
          ],
          [
            9.7347079,
            24.2667071
          ],
          [
            9.7351763,
            24.2644824
          ],
          [
            9.7353919,
            24.2633308
          ],
          [
            9.7355521,
            24.2627409
          ],
          [
            9.7357801,
            24.2620443
          ],
          [
            9.7362115,
            24.2610106
          ],
          [
            9.7369448,
            24.2592972
          ],
          [
            9.737524,
            24.257932
          ],
          [
            9.7377397,
            24.2573477
          ],
          [
            9.7379369,
            24.2565444
          ],
          [
            9.738208,
            24.2553421
          ],
          [
            9.7388117,
            24.252596
          ],
          [
            9.7392758,
            24.2503157
          ],
          [
            9.7393876,
            24.2495634
          ],
          [
            9.7395165,
            24.2484271
          ],
          [
            9.7395337,
            24.248051
          ],
          [
            9.7395079,
            24.2472673
          ],
          [
            9.7394305,
            24.2456452
          ],
          [
            9.7393016,
            24.2423852
          ],
          [
            9.7392147,
            24.2408457
          ],
          [
            9.7391548,
            24.2397855
          ],
          [
            9.7390709,
            24.2392171
          ],
          [
            9.738915,
            24.2385941
          ],
          [
            9.7387352,
            24.2379929
          ],
          [
            9.7385194,
            24.2375666
          ],
          [
            9.7365655,
            24.2349433
          ],
          [
            9.7344917,
            24.2321777
          ],
          [
            9.7341921,
            24.2316858
          ],
          [
            9.7339523,
            24.2310956
          ],
          [
            9.7333769,
            24.2297401
          ],
          [
            9.7328135,
            24.2284174
          ],
          [
            9.7319067,
            24.2262896
          ],
          [
            9.7316628,
            24.2257174
          ],
          [
            9.7315309,
            24.225302
          ],
          [
            9.731471,
            24.2246461
          ],
          [
            9.731423,
            24.2231156
          ],
          [
            9.7313871,
            24.2227549
          ],
          [
            9.7313511,
            24.2225253
          ],
          [
            9.7310514,
            24.2220771
          ],
          [
            9.7293732,
            24.2200219
          ],
          [
            9.7287619,
            24.219366
          ],
          [
            9.7283663,
            24.2189724
          ],
          [
            9.7279947,
            24.2185351
          ],
          [
            9.7261247,
            24.2158239
          ],
          [
            9.7254414,
            24.2147853
          ],
          [
            9.7244585,
            24.2128612
          ],
          [
            9.7233197,
            24.2105653
          ],
          [
            9.7231998,
            24.2101389
          ],
          [
            9.722996,
            24.2082475
          ],
          [
            9.7227683,
            24.2061046
          ],
          [
            9.7223847,
            24.2026278
          ],
          [
            9.722109,
            24.1993477
          ],
          [
            9.7220371,
            24.198648
          ],
          [
            9.7218692,
            24.1976967
          ],
          [
            9.7210901,
            24.1933449
          ],
          [
            9.7210062,
            24.192831
          ],
          [
            9.7209462,
            24.1924374
          ],
          [
            9.7211021,
            24.1915954
          ],
          [
            9.7217973,
            24.1885337
          ],
          [
            9.7222648,
            24.1871341
          ],
          [
            9.7229721,
            24.1849471
          ],
          [
            9.7230919,
            24.1845644
          ],
          [
            9.7232238,
            24.1843675
          ],
          [
            9.7234276,
            24.183952
          ],
          [
            9.7235594,
            24.1834818
          ],
          [
            9.7236433,
            24.1830334
          ],
          [
            9.7236433,
            24.1824539
          ],
          [
            9.7234156,
            24.180409
          ],
          [
            9.7234036,
            24.1799059
          ],
          [
            9.7234875,
            24.1779703
          ],
          [
            9.7234276,
            24.1772486
          ],
          [
            9.7233077,
            24.1761659
          ],
          [
            9.7233796,
            24.174963
          ],
          [
            9.7235954,
            24.1719118
          ],
          [
            9.7237153,
            24.1710369
          ],
          [
            9.7245903,
            24.1660062
          ],
          [
            9.7249499,
            24.1642344
          ],
          [
            9.7251178,
            24.1638079
          ],
          [
            9.7256452,
            24.1631845
          ],
          [
            9.7274792,
            24.1610518
          ],
          [
            9.7286899,
            24.1596081
          ],
          [
            9.7293852,
            24.1589956
          ],
          [
            9.7334129,
            24.1556487
          ],
          [
            9.737057,
            24.1527831
          ],
          [
            9.74178,
            24.1491188
          ],
          [
            9.7457717,
            24.1458921
          ],
          [
            9.7497874,
            24.1426761
          ],
          [
            9.753,
            24.1401274
          ],
          [
            9.7564283,
            24.137502
          ],
          [
            9.75788,
            24.1364386
          ],
          [
            9.7608036,
            24.1342968
          ],
          [
            9.7662938,
            24.1303039
          ],
          [
            9.7711606,
            24.1267156
          ],
          [
            9.7737677,
            24.1247972
          ],
          [
            9.7753681,
            24.1236195
          ],
          [
            9.7806664,
            24.1195169
          ],
          [
            9.7853414,
            24.1159173
          ],
          [
            9.7874272,
            24.114309
          ],
          [
            9.7887937,
            24.1132258
          ],
          [
            9.7909155,
            24.1116831
          ],
          [
            9.7944037,
            24.1092541
          ],
          [
            9.7952189,
            24.1086852
          ],
          [
            9.796058,
            24.1080615
          ],
          [
            9.7968251,
            24.1074159
          ],
          [
            9.7985153,
            24.1057747
          ],
          [
            9.7993424,
            24.1049103
          ],
          [
            9.8007569,
            24.1032143
          ],
          [
            9.8037537,
            24.0995377
          ],
          [
            9.8043531,
            24.0988483
          ],
          [
            9.8051922,
            24.0976884
          ],
          [
            9.8083808,
            24.0928517
          ],
          [
            9.8115574,
            24.0883432
          ],
          [
            9.8147819,
            24.0835718
          ],
          [
            9.8153334,
            24.0827401
          ],
          [
            9.8160406,
            24.0813393
          ],
          [
            9.8177907,
            24.0778153
          ],
          [
            9.8179466,
            24.077465
          ],
          [
            9.8180784,
            24.0767756
          ],
          [
            9.8184461,
            24.0748049
          ],
          [
            9.8186298,
            24.0738206
          ],
          [
            9.8186658,
            24.073547
          ],
          [
            9.8185699,
            24.0731748
          ],
          [
            9.8179825,
            24.071358
          ],
          [
            9.8179226,
            24.070964
          ],
          [
            9.8179346,
            24.0706247
          ],
          [
            9.8179825,
            24.0702745
          ],
          [
            9.8179825,
            24.0700118
          ],
          [
            9.8178267,
            24.0695083
          ],
          [
            9.8176349,
            24.0690924
          ],
          [
            9.8155851,
            24.0660059
          ],
          [
            9.8150097,
            24.0649442
          ],
          [
            9.8133914,
            24.061978
          ],
          [
            9.8129479,
            24.0608178
          ],
          [
            9.8120728,
            24.0583659
          ],
          [
            9.8118091,
            24.057742
          ],
          [
            9.8116653,
            24.0574574
          ],
          [
            9.8114375,
            24.057129
          ],
          [
            9.811018,
            24.0567897
          ],
          [
            9.8062471,
            24.0537905
          ],
          [
            9.8055278,
            24.053265
          ],
          [
            9.8027108,
            24.0508787
          ],
          [
            9.8023512,
            24.0504956
          ],
          [
            9.8021235,
            24.0499592
          ],
          [
            9.8015121,
            24.0478246
          ],
          [
            9.8008289,
            24.0451755
          ],
          [
            9.8007449,
            24.0445187
          ],
          [
            9.8004932,
            24.0423183
          ],
          [
            9.8004932,
            24.0418256
          ],
          [
            9.8005891,
            24.0413878
          ],
          [
            9.8009727,
            24.0403697
          ],
          [
            9.8021834,
            24.0373262
          ],
          [
            9.8024351,
            24.0368774
          ],
          [
            9.8030944,
            24.0362753
          ],
          [
            9.806283,
            24.0337354
          ],
          [
            9.8080931,
            24.0322683
          ],
          [
            9.8084168,
            24.0319618
          ],
          [
            9.8098672,
            24.0300349
          ],
          [
            9.8124684,
            24.0266847
          ],
          [
            9.8127202,
            24.0263124
          ],
          [
            9.8129719,
            24.0256664
          ],
          [
            9.8140747,
            24.0228855
          ],
          [
            9.8143984,
            24.0221409
          ],
          [
            9.8158728,
            24.0192504
          ],
          [
            9.8176828,
            24.0160313
          ],
          [
            9.8204879,
            24.0112463
          ],
          [
            9.8210632,
            24.0099213
          ],
          [
            9.8225736,
            24.0060888
          ],
          [
            9.823149,
            24.0045886
          ],
          [
            9.8234127,
            24.0041286
          ],
          [
            9.8242758,
            24.0032088
          ],
          [
            9.8274764,
            23.9997155
          ],
          [
            9.829682,
            23.9973063
          ],
          [
            9.8301495,
            23.9968902
          ],
          [
            9.8311445,
            23.996255
          ],
          [
            9.8347526,
            23.9943495
          ],
          [
            9.838133,
            23.9923782
          ],
          [
            9.8388882,
            23.9918854
          ],
          [
            9.8392358,
            23.9915788
          ],
          [
            9.8395715,
            23.9911407
          ],
          [
            9.8423405,
            23.9872528
          ],
          [
            9.8450856,
            23.9833867
          ],
          [
            9.8466199,
            23.9813277
          ],
          [
            9.8473511,
            23.9804953
          ],
          [
            9.8481543,
            23.9795534
          ],
          [
            9.8488016,
            23.9785786
          ],
          [
            9.8498205,
            23.9768043
          ],
          [
            9.8511271,
            23.9748437
          ],
          [
            9.8527933,
            23.9725216
          ],
          [
            9.854999,
            23.9692904
          ],
          [
            9.8571327,
            23.9663658
          ],
          [
            9.859023,
            23.963566
          ],
          [
            9.8618437,
            23.9597058
          ],
          [
            9.8645408,
            23.9559265
          ],
          [
            9.8658714,
            23.9540204
          ],
          [
            9.8677533,
            23.9514569
          ],
          [
            9.8698631,
            23.9489044
          ],
          [
            9.8700908,
            23.9485758
          ],
          [
            9.8702227,
            23.9483238
          ],
          [
            9.8702587,
            23.9478965
          ],
          [
            9.8702587,
            23.9443798
          ],
          [
            9.8702227,
            23.9409836
          ],
          [
            9.8701508,
            23.9391758
          ],
          [
            9.8701748,
            23.9384747
          ],
          [
            9.8702467,
            23.9379378
          ],
          [
            9.8704984,
            23.9368422
          ],
          [
            9.8713375,
            23.9334238
          ],
          [
            9.8721526,
            23.9295999
          ],
          [
            9.8725822,
            23.9278678
          ],
          [
            9.8729678,
            23.9263128
          ],
          [
            9.8737562,
            23.9228636
          ],
          [
            9.8742547,
            23.9205381
          ],
          [
            9.8744094,
            23.9200746
          ],
          [
            9.874693,
            23.9194461
          ],
          [
            9.8761025,
            23.9164685
          ],
          [
            9.8772198,
            23.913915
          ],
          [
            9.8790935,
            23.9098452
          ],
          [
            9.8794707,
            23.9089484
          ],
          [
            9.879671,
            23.9084421
          ],
          [
            9.8798272,
            23.9078098
          ],
          [
            9.8802021,
            23.9065059
          ],
          [
            9.8805287,
            23.9053902
          ],
          [
            9.8810026,
            23.9034113
          ],
          [
            9.8819723,
            23.8992689
          ],
          [
            9.8823903,
            23.8976181
          ],
          [
            9.8827748,
            23.8967009
          ],
          [
            9.8834603,
            23.8954016
          ],
          [
            9.8857842,
            23.8912896
          ],
          [
            9.8877905,
            23.8877125
          ],
          [
            9.8880915,
            23.8870093
          ],
          [
            9.8884258,
            23.8857252
          ],
          [
            9.888894,
            23.8837837
          ],
          [
            9.8890946,
            23.8832487
          ],
          [
            9.8905659,
            23.8804663
          ],
          [
            9.8929901,
            23.8757423
          ],
          [
            9.8932744,
            23.8753754
          ],
          [
            9.8939431,
            23.8746263
          ],
          [
            9.8977384,
            23.8707582
          ],
          [
            9.9014165,
            23.8663855
          ],
          [
            9.9047604,
            23.8621044
          ],
          [
            9.909425,
            23.8562482
          ],
          [
            9.913053,
            23.8516457
          ],
          [
            9.9176675,
            23.8458196
          ],
          [
            9.9201085,
            23.8428682
          ],
          [
            9.9219308,
            23.8409261
          ],
          [
            9.9257428,
            23.8366136
          ],
          [
            9.9288692,
            23.8330962
          ],
          [
            9.9292705,
            23.8324232
          ],
          [
            9.9297052,
            23.8313527
          ],
          [
            9.9303907,
            23.8299916
          ],
          [
            9.9309926,
            23.8293033
          ],
          [
            9.9332831,
            23.8266728
          ],
          [
            9.9390078,
            23.8201575
          ],
          [
            9.9398765,
            23.8192363
          ],
          [
            9.9411007,
            23.8183151
          ],
          [
            9.9458395,
            23.815172
          ],
          [
            9.9471032,
            23.8142869
          ],
          [
            9.9482879,
            23.8130224
          ],
          [
            9.9495911,
            23.8114869
          ],
          [
            9.9504402,
            23.810096
          ],
          [
            9.9510523,
            23.8085605
          ],
          [
            9.9514669,
            23.8075308
          ],
          [
            9.9514274,
            23.806754
          ],
          [
            9.950993,
            23.8035926
          ],
          [
            9.950065,
            23.7971792
          ],
          [
            9.950065,
            23.7958603
          ],
          [
            9.9501637,
            23.7939994
          ],
          [
            9.9504402,
            23.7931503
          ],
          [
            9.9512102,
            23.7918495
          ],
          [
            9.9536586,
            23.7879831
          ],
          [
            9.9545866,
            23.7867906
          ],
          [
            9.9582592,
            23.7825446
          ],
          [
            9.9613805,
            23.779078
          ],
          [
            9.9618988,
            23.7781754
          ],
          [
            9.9621663,
            23.7775634
          ],
          [
            9.9622193,
            23.7770965
          ],
          [
            9.9623001,
            23.7763853
          ],
          [
            9.962718,
            23.7720094
          ],
          [
            9.9629187,
            23.7699897
          ],
          [
            9.9632363,
            23.7687656
          ],
          [
            9.9636209,
            23.7677252
          ],
          [
            9.9649751,
            23.7657819
          ],
          [
            9.9691214,
            23.7600744
          ],
          [
            9.9710666,
            23.7574046
          ],
          [
            9.9719862,
            23.7564559
          ],
          [
            9.9744773,
            23.7542676
          ],
          [
            9.9782247,
            23.7509077
          ],
          [
            9.9785735,
            23.7505949
          ],
          [
            9.9800782,
            23.7490799
          ],
          [
            9.981399,
            23.7474578
          ],
          [
            9.9841895,
            23.7439409
          ],
          [
            9.9877428,
            23.7394054
          ],
          [
            9.990107,
            23.7362563
          ],
          [
            9.9915227,
            23.7342735
          ],
          [
            9.9918907,
            23.7335867
          ],
          [
            9.9920889,
            23.7329646
          ],
          [
            9.9922871,
            23.7315131
          ],
          [
            9.9928534,
            23.7271068
          ],
          [
            9.9934905,
            23.722454
          ],
          [
            9.9941134,
            23.7176325
          ],
          [
            9.9944814,
            23.7149237
          ],
          [
            9.9947504,
            23.7137442
          ],
          [
            9.9950335,
            23.7129406
          ],
          [
            9.995529,
            23.712124
          ],
          [
            9.9973836,
            23.7092724
          ],
          [
            10.0005547,
            23.7043338
          ],
          [
            10.0035917,
            23.6996249
          ],
          [
            10.0042605,
            23.6986451
          ],
          [
            10.0048457,
            23.6978797
          ],
          [
            10.0058321,
            23.6967927
          ],
          [
            10.0087412,
            23.6936849
          ],
          [
            10.0128875,
            23.6894593
          ],
          [
            10.0179868,
            23.6844987
          ],
          [
            10.0226347,
            23.6799207
          ],
          [
            10.0287539,
            23.6739185
          ],
          [
            10.0333517,
            23.6694319
          ],
          [
            10.0415942,
            23.6613313
          ],
          [
            10.0501042,
            23.6530158
          ],
          [
            10.0567751,
            23.6464763
          ],
          [
            10.0616236,
            23.6417745
          ],
          [
            10.0638639,
            23.6392014
          ],
          [
            10.0662882,
            23.6359237
          ],
          [
            10.0690134,
            23.6320639
          ],
          [
            10.0714544,
            23.6290464
          ],
          [
            10.0754168,
            23.6243133
          ],
          [
            10.0783426,
            23.6207441
          ],
          [
            10.0789445,
            23.6195953
          ],
          [
            10.0802653,
            23.6172056
          ],
          [
            10.0823385,
            23.6133299
          ],
          [
            10.0834754,
            23.6107103
          ],
          [
            10.0849467,
            23.6074319
          ],
          [
            10.0864179,
            23.6039236
          ],
          [
            10.0892268,
            23.5974276
          ],
          [
            10.0897785,
            23.59611
          ],
          [
            10.0900125,
            23.5953439
          ],
          [
            10.0903469,
            23.5933828
          ],
          [
            10.0909321,
            23.5890927
          ],
          [
            10.0918349,
            23.5830251
          ],
          [
            10.0922696,
            23.5801137
          ],
          [
            10.0924702,
            23.579225
          ],
          [
            10.0935068,
            23.5758538
          ],
          [
            10.0957973,
            23.5684217
          ],
          [
            10.0969008,
            23.5647285
          ],
          [
            10.0977535,
            23.5620466
          ],
          [
            10.0996594,
            23.5556405
          ],
          [
            10.1014484,
            23.5494947
          ],
          [
            10.103137,
            23.5439617
          ],
          [
            10.1049761,
            23.5379226
          ],
          [
            10.1064975,
            23.5330942
          ],
          [
            10.1069824,
            23.5321745
          ],
          [
            10.1074338,
            23.5316227
          ],
          [
            10.1085874,
            23.5306569
          ],
          [
            10.1131684,
            23.5272079
          ],
          [
            10.1154255,
            23.5254297
          ],
          [
            10.1158101,
            23.5248165
          ],
          [
            10.1162113,
            23.5240501
          ],
          [
            10.1165457,
            23.5231763
          ],
          [
            10.1165698,
            23.5230194
          ],
          [
            10.1167296,
            23.5219806
          ],
          [
            10.1167129,
            23.519911
          ],
          [
            10.1163618,
            23.5126137
          ],
          [
            10.1159772,
            23.5036295
          ],
          [
            10.1156357,
            23.4965874
          ],
          [
            10.1156752,
            23.4951026
          ],
          [
            10.1160306,
            23.4900322
          ],
          [
            10.116307,
            23.4859939
          ],
          [
            10.116228,
            23.485179
          ],
          [
            10.1161096,
            23.4834767
          ],
          [
            10.1157344,
            23.4781161
          ],
          [
            10.1156949,
            23.4773373
          ],
          [
            10.1156159,
            23.4765224
          ],
          [
            10.1150828,
            23.4748743
          ],
          [
            10.1127924,
            23.4670864
          ],
          [
            10.1118249,
            23.4639167
          ],
          [
            10.1115008,
            23.4628359
          ],
          [
            10.1110503,
            23.4613331
          ],
          [
            10.1094357,
            23.455947
          ],
          [
            10.1070167,
            23.4477435
          ],
          [
            10.1066218,
            23.446403
          ],
          [
            10.1040549,
            23.4377801
          ],
          [
            10.1031071,
            23.4345011
          ],
          [
            10.1024556,
            23.432472
          ],
          [
            10.1015868,
            23.4296095
          ],
          [
            10.1006694,
            23.4264133
          ]
        ]
      },
      "properties": {
        "name": "Road to Niger",
        "highway": "primary",
        "ref": "RN 3"
      }
    },
    {
      "type": "Feature",
      "geometry": {
        "type": "LineString",
        "coordinates": [
          [
            9.5035446,
            24.4510247
          ],
          [
            9.5041154,
            24.4506797
          ]
        ]
      },
      "properties": {
        "highway": "primary",
        "maxspeed": "50",
        "ref": "RN 3"
      }
    },
    {
      "type": "Feature",
      "geometry": {
        "type": "LineString",
        "coordinates": [
          [
            9.5015334,
            24.4524478
          ],
          [
            9.501507,
            24.4524828
          ],
          [
            9.5014717,
            24.4525106
          ],
          [
            9.5014298,
            24.4525294
          ],
          [
            9.501384,
            24.4525379
          ],
          [
            9.5013374,
            24.4525356
          ],
          [
            9.501286,
            24.4525195
          ],
          [
            9.5012476,
            24.4524952
          ],
          [
            9.5012172,
            24.4524628
          ],
          [
            9.5011969,
            24.4524245
          ],
          [
            9.5011878,
            24.4523827
          ],
          [
            9.5011904,
            24.4523416
          ],
          [
            9.5012041,
            24.4523023
          ],
          [
            9.5012292,
            24.4522657
          ],
          [
            9.5012639,
            24.4522362
          ],
          [
            9.5013057,
            24.4522158
          ],
          [
            9.5013519,
            24.4522059
          ],
          [
            9.5013993,
            24.4522071
          ],
          [
            9.5014111,
            24.4522092
          ],
          [
            9.5014691,
            24.4522312
          ],
          [
            9.5015154,
            24.4522698
          ],
          [
            9.5015447,
            24.4523204
          ],
          [
            9.5015535,
            24.452377
          ],
          [
            9.5015478,
            24.4524134
          ],
          [
            9.5015334,
            24.4524478
          ]
        ]
      },
      "properties": {
        "highway": "secondary",
        "maxspeed": "40"
      }
    },
    {
      "type": "Feature",
      "geometry": {
        "type": "LineString",
        "coordinates": [
          [
            9.5014111,
            24.4522092
          ],
          [
            9.501505,
            24.4521861
          ],
          [
            9.5015906,
            24.4521592
          ],
          [
            9.501668,
            24.4521284
          ],
          [
            9.5017552,
            24.4520823
          ],
          [
            9.5018405,
            24.4520291
          ],
          [
            9.5019036,
            24.4519894
          ],
          [
            9.5024785,
            24.451627
          ],
          [
            9.5030677,
            24.451267
          ],
          [
            9.5031783,
            24.4512001
          ],
          [
            9.5032947,
            24.451136
          ],
          [
            9.5034191,
            24.4510742
          ],
          [
            9.5035446,
            24.4510247
          ]
        ]
      },
      "properties": {
        "highway": "primary",
        "maxspeed": "40",
        "ref": "RN3"
      }
    },
    {
      "type": "Feature",
      "geometry": {
        "type": "LineString",
        "coordinates": [
          [
            9.5015334,
            24.4524478
          ],
          [
            9.5015479,
            24.4525396
          ],
          [
            9.5015691,
            24.4526305
          ],
          [
            9.5015968,
            24.4527199
          ],
          [
            9.5016307,
            24.4528075
          ],
          [
            9.5016708,
            24.452893
          ]
        ]
      },
      "properties": {
        "highway": "trunk",
        "maxspeed": "40",
        "ref": "RN 3"
      }
    },
    {
      "type": "Feature",
      "geometry": {
        "type": "LineString",
        "coordinates": [
          [
            9.501286,
            24.4525195
          ],
          [
            9.5011736,
            24.4525689
          ],
          [
            9.5010537,
            24.4526265
          ],
          [
            9.500924,
            24.4526963
          ],
          [
            9.5007994,
            24.4527714
          ],
          [
            9.4996832,
            24.4534618
          ],
          [
            9.4995989,
            24.4535117
          ],
          [
            9.4995117,
            24.4535548
          ],
          [
            9.4994202,
            24.4535917
          ],
          [
            9.4993296,
            24.4536209
          ]
        ]
      },
      "properties": {
        "highway": "secondary",
        "maxspeed": "40",
        "ref": "CW 475"
      }
    },
    {
      "type": "Feature",
      "geometry": {
        "type": "LineString",
        "coordinates": [
          [
            9.5012041,
            24.4523023
          ],
          [
            9.5011905,
            24.4522091
          ],
          [
            9.5011705,
            24.4521169
          ],
          [
            9.501143,
            24.4520264
          ],
          [
            9.5011081,
            24.4519379
          ],
          [
            9.5010608,
            24.4518521
          ],
          [
            9.5010132,
            24.4517694
          ],
          [
            9.5009355,
            24.4516399
          ],
          [
            9.5008668,
            24.451527
          ],
          [
            9.5007387,
            24.4513342
          ],
          [
            9.5006044,
            24.4511449
          ],
          [
            9.5004642,
            24.4509592
          ],
          [
            9.5003222,
            24.4507772
          ],
          [
            9.5001705,
            24.4505992
          ],
          [
            9.5000131,
            24.4504253
          ],
          [
            9.4998543,
            24.4502531
          ],
          [
            9.4996835,
            24.4500877
          ],
          [
            9.4995076,
            24.4499194
          ],
          [
            9.4993039,
            24.4497325
          ],
          [
            9.4991029,
            24.4495498
          ],
          [
            9.4990184,
            24.4494759
          ],
          [
            9.4989198,
            24.449395
          ],
          [
            9.4988276,
            24.4493217
          ],
          [
            9.4987834,
            24.4492867
          ],
          [
            9.4987344,
            24.4492459
          ],
          [
            9.4986917,
            24.4492058
          ],
          [
            9.4986449,
            24.4491591
          ]
        ]
      },
      "properties": {
        "name": "طريق المطار جانت",
        "highway": "secondary",
        "maxspeed": "40"
      }
    },
    {
      "type": "Feature",
      "geometry": {
        "type": "LineString",
        "coordinates": [
          [
            9.4993296,
            24.4536209
          ],
          [
            9.4994009,
            24.4535592
          ],
          [
            9.499474,
            24.4535018
          ],
          [
            9.4995514,
            24.4534467
          ],
          [
            9.499628,
            24.4533973
          ],
          [
            9.5007624,
            24.452706
          ],
          [
            9.5008698,
            24.4526379
          ],
          [
            9.5009811,
            24.4525597
          ],
          [
            9.5010837,
            24.4524773
          ],
          [
            9.5011878,
            24.4523827
          ]
        ]
      },
      "properties": {
        "highway": "secondary",
        "maxspeed": "40",
        "ref": "CW 475"
      }
    },
    {
      "type": "Feature",
      "geometry": {
        "type": "LineString",
        "coordinates": [
          [
            9.501594,
            24.4529238
          ],
          [
            9.5015547,
            24.45284
          ],
          [
            9.5015092,
            24.4527589
          ],
          [
            9.5014576,
            24.4526808
          ],
          [
            9.5014003,
            24.4526061
          ],
          [
            9.5013374,
            24.4525356
          ]
        ]
      },
      "properties": {
        "highway": "trunk",
        "maxspeed": "40",
        "ref": "RN 3"
      }
    },
    {
      "type": "Feature",
      "geometry": {
        "type": "LineString",
        "coordinates": [
          [
            9.5035446,
            24.4510247
          ],
          [
            9.5034453,
            24.4511063
          ],
          [
            9.5033428,
            24.4511845
          ],
          [
            9.5032371,
            24.451259
          ],
          [
            9.5031282,
            24.4513298
          ],
          [
            9.5019573,
            24.4520465
          ],
          [
            9.5018835,
            24.4520922
          ],
          [
            9.5018103,
            24.4521411
          ],
          [
            9.5017381,
            24.4521943
          ],
          [
            9.5016726,
            24.4522516
          ],
          [
            9.5016113,
            24.4523126
          ],
          [
            9.5015535,
            24.452377
          ]
        ]
      },
      "properties": {
        "highway": "primary",
        "maxspeed": "40",
        "ref": "RN3"
      }
    },
    {
      "type": "Feature",
      "geometry": {
        "type": "LineString",
        "coordinates": [
          [
            9.4986449,
            24.4491591
          ],
          [
            9.4987059,
            24.4491885
          ],
          [
            9.4987619,
            24.4492207
          ],
          [
            9.4988128,
            24.4492527
          ],
          [
            9.4988652,
            24.4492885
          ],
          [
            9.4989623,
            24.4493578
          ],
          [
            9.49906,
            24.4494334
          ],
          [
            9.499156,
            24.4495123
          ],
          [
            9.4993085,
            24.4496336
          ],
          [
            9.4994567,
            24.4497593
          ],
          [
            9.4996004,
            24.4498892
          ],
          [
            9.4997394,
            24.4500233
          ],
          [
            9.4998767,
            24.450158
          ],
          [
            9.5000104,
            24.4502956
          ],
          [
            9.5001406,
            24.4504361
          ],
          [
            9.5002645,
            24.4505804
          ],
          [
            9.5003875,
            24.4507261
          ],
          [
            9.5005067,
            24.4508743
          ],
          [
            9.5006222,
            24.451025
          ],
          [
            9.5007339,
            24.4511781
          ],
          [
            9.5008417,
            24.4513334
          ],
          [
            9.5010068,
            24.4515867
          ],
          [
            9.5010742,
            24.4516933
          ],
          [
            9.5011383,
            24.4518016
          ],
          [
            9.5011991,
            24.4519115
          ],
          [
            9.5012474,
            24.4519928
          ],
          [
            9.501301,
            24.4520714
          ],
          [
            9.5013551,
            24.4521417
          ],
          [
            9.5013993,
            24.4522071
          ]
        ]
      },
      "properties": {
        "name": "طريق المطار جانت",
        "highway": "secondary",
        "maxspeed": "40"
      }
    },
    {
      "type": "Feature",
      "geometry": {
        "type": "LineString",
        "coordinates": [
          [
            9.7172945,
            24.2872562
          ],
          [
            9.7174664,
            24.2871297
          ]
        ]
      },
      "properties": {
        "highway": "primary",
        "maxspeed": "40",
        "ref": "RN 3"
      }
    },
    {
      "type": "Feature",
      "geometry": {
        "type": "LineString",
        "coordinates": [
          [
            9.7174769,
            24.2873329
          ],
          [
            9.7176971,
            24.287362
          ]
        ]
      },
      "properties": {
        "highway": "primary",
        "maxspeed": "50",
        "ref": "RN 3A"
      }
    },
    {
      "type": "Feature",
      "geometry": {
        "type": "LineString",
        "coordinates": [
          [
            9.7176971,
            24.287362
          ],
          [
            9.717924,
            24.2872498
          ],
          [
            9.7214159,
            24.2855447
          ],
          [
            9.7224846,
            24.2850245
          ],
          [
            9.7231395,
            24.2846991
          ],
          [
            9.7231622,
            24.2846878
          ],
          [
            9.724043,
            24.2842128
          ],
          [
            9.7248858,
            24.2837492
          ],
          [
            9.7274655,
            24.2823156
          ],
          [
            9.729237,
            24.2813458
          ],
          [
            9.729799,
            24.2810369
          ],
          [
            9.7304347,
            24.2806579
          ],
          [
            9.7310758,
            24.280257
          ],
          [
            9.7318,
            24.27979
          ],
          [
            9.7330901,
            24.2789367
          ],
          [
            9.7339591,
            24.2783474
          ],
          [
            9.7343482,
            24.2780546
          ],
          [
            9.7353244,
            24.277279
          ],
          [
            9.7363168,
            24.2765455
          ],
          [
            9.7383741,
            24.2750149
          ],
          [
            9.7404045,
            24.2735087
          ],
          [
            9.7414532,
            24.2727287
          ],
          [
            9.7419709,
            24.272384
          ],
          [
            9.7423759,
            24.2721346
          ],
          [
            9.7427354,
            24.2719552
          ],
          [
            9.7433549,
            24.2716749
          ],
          [
            9.7441059,
            24.2713839
          ],
          [
            9.7449334,
            24.2710735
          ],
          [
            9.7452539,
            24.2709242
          ],
          [
            9.7456612,
            24.2706888
          ],
          [
            9.7495187,
            24.2681351
          ],
          [
            9.7511949,
            24.2670254
          ],
          [
            9.7543996,
            24.2651744
          ],
          [
            9.7552579,
            24.2644509
          ],
          [
            9.7571718,
            24.2628377
          ],
          [
            9.7592878,
            24.261054
          ],
          [
            9.7606507,
            24.2596395
          ],
          [
            9.7664856,
            24.253584
          ],
          [
            9.7680211,
            24.2525483
          ],
          [
            9.76984,
            24.2514917
          ],
          [
            9.773393,
            24.2494377
          ],
          [
            9.7767596,
            24.2474694
          ],
          [
            9.7801955,
            24.2454739
          ],
          [
            9.7883146,
            24.2407071
          ],
          [
            9.7914942,
            24.2386151
          ],
          [
            9.7928332,
            24.2377657
          ],
          [
            9.7942817,
            24.2369526
          ],
          [
            9.7959916,
            24.2362528
          ],
          [
            9.7964614,
            24.2361196
          ],
          [
            9.7971031,
            24.2359376
          ],
          [
            9.8053593,
            24.2335963
          ],
          [
            9.8123863,
            24.2315813
          ],
          [
            9.8360464,
            24.2247853
          ],
          [
            9.851192,
            24.2183707
          ],
          [
            9.8549833,
            24.2166829
          ],
          [
            9.8641294,
            24.2120263
          ],
          [
            9.8732631,
            24.2076103
          ],
          [
            9.9206679,
            24.1878939
          ]
        ]
      },
      "properties": {
        "highway": "primary",
        "maxspeed": "100",
        "ref": "RN 3A"
      }
    },
    {
      "type": "Feature",
      "geometry": {
        "type": "LineString",
        "coordinates": [
          [
            9.7174664,
            24.2871297
          ],
          [
            9.7174452,
            24.287293
          ]
        ]
      },
      "properties": {
        "highway": "primary",
        "maxspeed": "40",
        "ref": "RN 3"
      }
    },
    {
      "type": "Feature",
      "geometry": {
        "type": "LineString",
        "coordinates": [
          [
            9.7174769,
            24.2873329
          ],
          [
            9.7174923,
            24.2873802
          ],
          [
            9.7174894,
            24.2874294
          ],
          [
            9.7174687,
            24.287475
          ],
          [
            9.717434,
            24.2875104
          ],
          [
            9.7173886,
            24.2875338
          ],
          [
            9.7173374,
            24.2875426
          ],
          [
            9.7172868,
            24.2875362
          ],
          [
            9.717241,
            24.2875155
          ],
          [
            9.7172047,
            24.2874827
          ],
          [
            9.7171817,
            24.2874411
          ],
          [
            9.7171743,
            24.287395
          ],
          [
            9.7171832,
            24.2873491
          ],
          [
            9.7172083,
            24.2873074
          ],
          [
            9.7172468,
            24.2872753
          ],
          [
            9.7172945,
            24.2872562
          ],
          [
            9.7173484,
            24.2872524
          ],
          [
            9.7174006,
            24.2872651
          ],
          [
            9.7174452,
            24.287293
          ],
          [
            9.7174769,
            24.2873329
          ]
        ]
      },
      "properties": {
        "highway": "primary",
        "maxspeed": "40"
      }
    },
    {
      "type": "Feature",
      "geometry": {
        "type": "LineString",
        "coordinates": [
          [
            9.7176971,
            24.287362
          ],
          [
            9.7174687,
            24.287475
          ]
        ]
      },
      "properties": {
        "highway": "primary",
        "maxspeed": "50",
        "ref": "RN 3A"
      }
    },
    {
      "type": "Feature",
      "geometry": {
        "type": "LineString",
        "coordinates": [
          [
            9.716255,
            24.2883307
          ],
          [
            9.716888,
            24.2876665
          ],
          [
            9.7171832,
            24.2873491
          ]
        ]
      },
      "properties": {
        "highway": "primary",
        "maxspeed": "50",
        "ref": "RN 3"
      }
    },
    {
      "type": "Feature",
      "geometry": {
        "type": "LineString",
        "coordinates": [
          [
            8.8921478,
            24.8418398
          ],
          [
            8.8956397,
            24.8385044
          ],
          [
            8.9005315,
            24.8338944
          ],
          [
            8.9019809,
            24.8324938
          ],
          [
            8.9101761,
            24.824679
          ],
          [
            8.9106846,
            24.824187
          ],
          [
            8.9111674,
            24.8237402
          ],
          [
            8.911715,
            24.8232654
          ],
          [
            8.9120565,
            24.8229856
          ],
          [
            8.9124267,
            24.8226922
          ],
          [
            8.9129627,
            24.8223041
          ],
          [
            8.9136028,
            24.8218645
          ],
          [
            8.91415,
            24.8215189
          ],
          [
            8.914542,
            24.8212875
          ],
          [
            8.9148366,
            24.821122
          ],
          [
            8.9151679,
            24.8209455
          ],
          [
            8.9157809,
            24.820635
          ],
          [
            8.9164244,
            24.8203443
          ],
          [
            8.91665,
            24.8202422
          ],
          [
            8.916898,
            24.82013
          ],
          [
            8.9174732,
            24.8198933
          ],
          [
            8.9180356,
            24.8196657
          ],
          [
            8.918573,
            24.8194404
          ],
          [
            8.919327,
            24.8191259
          ],
          [
            8.9199413,
            24.8188513
          ],
          [
            8.9209827,
            24.8184294
          ],
          [
            8.9220028,
            24.8180379
          ],
          [
            8.9226231,
            24.8178246
          ],
          [
            8.923501,
            24.817572
          ],
          [
            8.9315548,
            24.8152515
          ],
          [
            8.9331776,
            24.8147595
          ],
          [
            8.9342746,
            24.8144357
          ],
          [
            8.9353473,
            24.8141554
          ],
          [
            8.9356935,
            24.8140693
          ],
          [
            8.9359743,
            24.8140147
          ],
          [
            8.9361991,
            24.8139938
          ],
          [
            8.9363936,
            24.8139877
          ],
          [
            8.9368322,
            24.8139835
          ],
          [
            8.9400745,
            24.8141984
          ],
          [
            8.949955,
            24.8146604
          ],
          [
            8.9575266,
            24.8144465
          ],
          [
            8.9650301,
            24.8142078
          ],
          [
            8.9697361,
            24.8140502
          ],
          [
            8.9720586,
            24.8139421
          ],
          [
            8.9733745,
            24.813877
          ],
          [
            8.9741926,
            24.8138587
          ],
          [
            8.9746137,
            24.8138356
          ],
          [
            8.9750236,
            24.8138083
          ],
          [
            8.9768037,
            24.8136785
          ],
          [
            8.9785793,
            24.8135264
          ],
          [
            8.9823129,
            24.8132178
          ],
          [
            8.9829849,
            24.8131368
          ],
          [
            8.983579,
            24.8130881
          ],
          [
            8.984872,
            24.81299
          ],
          [
            8.9865523,
            24.8128712
          ],
          [
            8.9868856,
            24.8128481
          ],
          [
            8.9871636,
            24.8128289
          ],
          [
            8.9881548,
            24.8127473
          ],
          [
            8.989103,
            24.8126901
          ],
          [
            8.9899452,
            24.8126158
          ],
          [
            8.9903945,
            24.8125903
          ],
          [
            8.9907405,
            24.8125805
          ],
          [
            8.991057,
            24.8125647
          ],
          [
            8.992905,
            24.8124125
          ],
          [
            8.9986339,
            24.8119792
          ],
          [
            9.0075027,
            24.811253
          ],
          [
            9.0147184,
            24.8106832
          ],
          [
            9.0166849,
            24.8105354
          ],
          [
            9.0202953,
            24.8102045
          ],
          [
            9.0219936,
            24.8100485
          ],
          [
            9.0237518,
            24.809872
          ],
          [
            9.0253839,
            24.8097198
          ],
          [
            9.0259968,
            24.8096626
          ],
          [
            9.0265413,
            24.8096042
          ],
          [
            9.0269034,
            24.8095567
          ],
          [
            9.0272392,
            24.8095121
          ],
          [
            9.0275144,
            24.8094666
          ],
          [
            9.0279186,
            24.8093936
          ],
          [
            9.0282614,
            24.8093088
          ],
          [
            9.0286012,
            24.8092134
          ],
          [
            9.0289928,
            24.8090807
          ],
          [
            9.0296057,
            24.8088568
          ],
          [
            9.0309008,
            24.8083824
          ],
          [
            9.033511,
            24.8074288
          ],
          [
            9.036128,
            24.8064761
          ],
          [
            9.0385079,
            24.8055942
          ],
          [
            9.0408994,
            24.8047229
          ],
          [
            9.0410762,
            24.8046605
          ],
          [
            9.0413779,
            24.8045424
          ],
          [
            9.0418327,
            24.804343
          ],
          [
            9.0421464,
            24.8041991
          ],
          [
            9.0423287,
            24.804109
          ],
          [
            9.0426584,
            24.80393
          ],
          [
            9.0430462,
            24.8036951
          ],
          [
            9.0433453,
            24.8034991
          ],
          [
            9.0437051,
            24.8032317
          ],
          [
            9.0439501,
            24.8030426
          ],
          [
            9.0441607,
            24.8028697
          ],
          [
            9.0444028,
            24.8026528
          ],
          [
            9.0446556,
            24.8024144
          ],
          [
            9.0448809,
            24.8021734
          ],
          [
            9.0451284,
            24.8018966
          ],
          [
            9.0463718,
            24.8004006
          ],
          [
            9.0528747,
            24.792823
          ],
          [
            9.0542717,
            24.7910941
          ],
          [
            9.0557038,
            24.7894062
          ],
          [
            9.0621572,
            24.7816901
          ],
          [
            9.0628155,
            24.7809133
          ],
          [
            9.0634753,
            24.7801255
          ],
          [
            9.0648217,
            24.7785511
          ],
          [
            9.0674862,
            24.7754396
          ],
          [
            9.0683408,
            24.774394
          ],
          [
            9.0691763,
            24.7733395
          ],
          [
            9.0708471,
            24.7712449
          ],
          [
            9.0740485,
            24.7673276
          ],
          [
            9.0772449,
            24.7633736
          ],
          [
            9.0793218,
            24.7608101
          ],
          [
            9.0813951,
            24.7582368
          ],
          [
            9.0821448,
            24.7573131
          ],
          [
            9.0825029,
            24.7568722
          ],
          [
            9.0826926,
            24.7566348
          ],
          [
            9.0828608,
            24.7564112
          ],
          [
            9.0830165,
            24.7561836
          ],
          [
            9.0831681,
            24.7559302
          ],
          [
            9.0832775,
            24.7557199
          ],
          [
            9.0833652,
            24.7555283
          ],
          [
            9.0834564,
            24.7553335
          ],
          [
            9.0836402,
            24.7548667
          ],
          [
            9.0843013,
            24.7531699
          ],
          [
            9.084979,
            24.7514926
          ],
          [
            9.0854573,
            24.7503438
          ],
          [
            9.0857473,
            24.7496665
          ],
          [
            9.0859039,
            24.7493597
          ],
          [
            9.0860718,
            24.7490621
          ],
          [
            9.0862647,
            24.7487264
          ],
          [
            9.0864497,
            24.7484268
          ],
          [
            9.0868011,
            24.7478848
          ],
          [
            9.0875645,
            24.7466866
          ],
          [
            9.0902172,
            24.7426469
          ],
          [
            9.0970494,
            24.7322803
          ],
          [
            9.0992211,
            24.7289822
          ],
          [
            9.1013801,
            24.7256469
          ],
          [
            9.1015559,
            24.7253558
          ],
          [
            9.1017303,
            24.7250428
          ],
          [
            9.1019435,
            24.7246444
          ],
          [
            9.1024577,
            24.7237039
          ],
          [
            9.104147,
            24.7204512
          ],
          [
            9.104843,
            24.719109
          ],
          [
            9.1052118,
            24.7184048
          ],
          [
            9.1055687,
            24.7177781
          ],
          [
            9.1057724,
            24.7174485
          ],
          [
            9.1059333,
            24.7172012
          ],
          [
            9.1062012,
            24.7168367
          ],
          [
            9.107599,
            24.7151668
          ],
          [
            9.1090278,
            24.7134872
          ],
          [
            9.1099204,
            24.7124598
          ],
          [
            9.1108109,
            24.7114218
          ],
          [
            9.1125584,
            24.7093616
          ],
          [
            9.1160579,
            24.7053337
          ],
          [
            9.116288,
            24.7050755
          ],
          [
            9.1164717,
            24.7048599
          ],
          [
            9.1166447,
            24.704643
          ],
          [
            9.1168994,
            24.7043179
          ],
          [
            9.1170578,
            24.7041143
          ],
          [
            9.1172133,
            24.7039023
          ],
          [
            9.1175164,
            24.7034624
          ],
          [
            9.118223,
            24.7024329
          ],
          [
            9.1225265,
            24.6962834
          ],
          [
            9.1248858,
            24.692906
          ],
          [
            9.1272596,
            24.6895211
          ],
          [
            9.1320138,
            24.6827737
          ],
          [
            9.1323772,
            24.6822756
          ],
          [
            9.1327541,
            24.6817455
          ],
          [
            9.1343191,
            24.6795131
          ],
          [
            9.1358641,
            24.6772696
          ],
          [
            9.1397624,
            24.6717176
          ],
          [
            9.1438101,
            24.6659822
          ],
          [
            9.1478169,
            24.6601888
          ],
          [
            9.1514464,
            24.6548972
          ],
          [
            9.1524117,
            24.6534634
          ],
          [
            9.1550601,
            24.6496216
          ],
          [
            9.1633397,
            24.6375817
          ],
          [
            9.1660738,
            24.6335961
          ],
          [
            9.1688798,
            24.6295198
          ],
          [
            9.1724896,
            24.6242359
          ],
          [
            9.176167,
            24.6189356
          ],
          [
            9.1828489,
            24.6091106
          ],
          [
            9.1899764,
            24.5987008
          ],
          [
            9.193671,
            24.5933121
          ],
          [
            9.1973866,
            24.5878877
          ],
          [
            9.1993546,
            24.5850172
          ],
          [
            9.201369,
            24.5820634
          ],
          [
            9.2053622,
            24.5762447
          ],
          [
            9.2067468,
            24.5741995
          ],
          [
            9.2080875,
            24.5721826
          ],
          [
            9.2082542,
            24.5718846
          ],
          [
            9.20853,
            24.5713627
          ],
          [
            9.2097536,
            24.5688891
          ],
          [
            9.210946,
            24.5662864
          ],
          [
            9.2113495,
            24.5654081
          ],
          [
            9.2117982,
            24.5644813
          ],
          [
            9.2119865,
            24.5641261
          ],
          [
            9.212126,
            24.5638688
          ],
          [
            9.2123328,
            24.5635295
          ],
          [
            9.2124519,
            24.5633333
          ],
          [
            9.2126101,
            24.5630918
          ],
          [
            9.2128167,
            24.5628125
          ],
          [
            9.2130998,
            24.5624496
          ],
          [
            9.2152253,
            24.5599119
          ],
          [
            9.2173857,
            24.5573598
          ],
          [
            9.2184654,
            24.5560549
          ],
          [
            9.219549,
            24.5547571
          ],
          [
            9.2217334,
            24.5521985
          ],
          [
            9.2219938,
            24.5518965
          ],
          [
            9.2222875,
            24.5515416
          ],
          [
            9.2228811,
            24.5507938
          ],
          [
            9.2245387,
            24.548586
          ],
          [
            9.2307537,
            24.5402509
          ],
          [
            9.2315385,
            24.53919
          ],
          [
            9.2324021,
            24.5380371
          ],
          [
            9.2341052,
            24.5357808
          ],
          [
            9.2343655,
            24.5354434
          ],
          [
            9.2346445,
            24.5350993
          ],
          [
            9.2349188,
            24.5348119
          ],
          [
            9.2351299,
            24.5346138
          ],
          [
            9.2353311,
            24.5344551
          ],
          [
            9.2357192,
            24.5341653
          ],
          [
            9.2360043,
            24.5339769
          ],
          [
            9.2363316,
            24.5337793
          ],
          [
            9.2367321,
            24.5335719
          ],
          [
            9.2371657,
            24.5333766
          ],
          [
            9.2376137,
            24.533179
          ],
          [
            9.238476,
            24.532813
          ],
          [
            9.2416315,
            24.5314857
          ],
          [
            9.2520074,
            24.5271062
          ],
          [
            9.2623515,
            24.5227553
          ],
          [
            9.2666727,
            24.520922
          ],
          [
            9.270903,
            24.5191573
          ],
          [
            9.2726628,
            24.5184953
          ],
          [
            9.2764229,
            24.5172451
          ],
          [
            9.2812025,
            24.5157662
          ],
          [
            9.2829591,
            24.5153287
          ],
          [
            9.2846089,
            24.5149609
          ],
          [
            9.2867386,
            24.514546
          ],
          [
            9.2877418,
            24.5144191
          ],
          [
            9.2907351,
            24.5141356
          ],
          [
            9.2923343,
            24.5140093
          ],
          [
            9.3010865,
            24.5138776
          ],
          [
            9.3066524,
            24.5139608
          ],
          [
            9.3125142,
            24.5140968
          ],
          [
            9.313418,
            24.5141816
          ],
          [
            9.3150075,
            24.5144311
          ],
          [
            9.316709,
            24.5148783
          ],
          [
            9.3198318,
            24.5156648
          ],
          [
            9.3241838,
            24.5168648
          ],
          [
            9.3265569,
            24.517431
          ],
          [
            9.3300778,
            24.5182568
          ],
          [
            9.3312452,
            24.5184627
          ],
          [
            9.3333946,
            24.5187827
          ],
          [
            9.3348914,
            24.5189301
          ],
          [
            9.3362142,
            24.5189301
          ],
          [
            9.3388327,
            24.5187742
          ],
          [
            9.3486131,
            24.5177995
          ],
          [
            9.3498956,
            24.5177199
          ],
          [
            9.3510794,
            24.5176872
          ],
          [
            9.3579666,
            24.5179864
          ],
          [
            9.3710907,
            24.5181167
          ],
          [
            9.3739233,
            24.5180576
          ],
          [
            9.3798421,
            24.5177431
          ],
          [
            9.3845513,
            24.5174537
          ],
          [
            9.3856599,
            24.5174704
          ],
          [
            9.3866413,
            24.5175411
          ],
          [
            9.3876684,
            24.5176007
          ],
          [
            9.3884248,
            24.5175968
          ],
          [
            9.3895723,
            24.5175407
          ],
          [
            9.3906983,
            24.51755
          ],
          [
            9.3917579,
            24.5175412
          ],
          [
            9.3937731,
            24.5174917
          ],
          [
            9.3960931,
            24.5173688
          ],
          [
            9.3982529,
            24.5172164
          ],
          [
            9.400351,
            24.5171084
          ],
          [
            9.4009955,
            24.517123
          ],
          [
            9.4014269,
            24.5171809
          ],
          [
            9.4019512,
            24.5172632
          ],
          [
            9.402709,
            24.517381
          ],
          [
            9.4029417,
            24.5173987
          ],
          [
            9.4032615,
            24.5174055
          ],
          [
            9.4035194,
            24.5173905
          ],
          [
            9.4038489,
            24.5173444
          ],
          [
            9.4042645,
            24.5172738
          ],
          [
            9.4053858,
            24.5170443
          ],
          [
            9.4063538,
            24.5168786
          ],
          [
            9.4118135,
            24.5159161
          ]
        ]
      },
      "properties": {
        "highway": "primary",
        "maxspeed": "100",
        "ref": "RN 3"
      }
    },
    {
      "type": "Feature",
      "geometry": {
        "type": "LineString",
        "coordinates": [
          [
            9.4443807,
            24.4986065
          ],
          [
            9.444463,
            24.4985772
          ],
          [
            9.4445126,
            24.498562
          ],
          [
            9.4445723,
            24.4985461
          ],
          [
            9.4446648,
            24.4985241
          ],
          [
            9.4447627,
            24.4984948
          ],
          [
            9.4449129,
            24.4984546
          ],
          [
            9.4449934,
            24.498435
          ],
          [
            9.445084,
            24.498417
          ],
          [
            9.4459167,
            24.498252
          ],
          [
            9.4467741,
            24.4981061
          ],
          [
            9.4469781,
            24.4980575
          ],
          [
            9.4471698,
            24.4980068
          ],
          [
            9.4473609,
            24.4979528
          ],
          [
            9.4475355,
            24.4978937
          ],
          [
            9.4477106,
            24.4978238
          ],
          [
            9.4478837,
            24.4977472
          ],
          [
            9.4480474,
            24.4976605
          ],
          [
            9.4482136,
            24.4975624
          ],
          [
            9.4483647,
            24.4974558
          ],
          [
            9.4485228,
            24.4973278
          ],
          [
            9.4487074,
            24.4971389
          ],
          [
            9.4488645,
            24.4969511
          ],
          [
            9.4490334,
            24.4967241
          ],
          [
            9.4492038,
            24.4964898
          ],
          [
            9.4493902,
            24.496253
          ],
          [
            9.4495806,
            24.4960297
          ],
          [
            9.4497945,
            24.4957908
          ],
          [
            9.450177,
            24.4953348
          ],
          [
            9.4502606,
            24.4952467
          ],
          [
            9.450353,
            24.4951661
          ],
          [
            9.4504519,
            24.4950729
          ],
          [
            9.450551,
            24.4949923
          ],
          [
            9.4506737,
            24.4949271
          ],
          [
            9.4507921,
            24.4948829
          ],
          [
            9.4509145,
            24.4948488
          ],
          [
            9.4511229,
            24.4948056
          ],
          [
            9.4512382,
            24.49478
          ],
          [
            9.4513673,
            24.4947463
          ],
          [
            9.4514803,
            24.494703
          ],
          [
            9.4515958,
            24.4946596
          ],
          [
            9.451698,
            24.4946155
          ],
          [
            9.4518048,
            24.49457
          ],
          [
            9.4519282,
            24.4945011
          ],
          [
            9.4522179,
            24.4943425
          ],
          [
            9.4525679,
            24.4941619
          ],
          [
            9.4526698,
            24.4941008
          ],
          [
            9.4529159,
            24.4939599
          ],
          [
            9.4531541,
            24.4938325
          ],
          [
            9.4532317,
            24.4937932
          ],
          [
            9.4533008,
            24.4937597
          ],
          [
            9.4533804,
            24.4937234
          ],
          [
            9.4534612,
            24.4936887
          ],
          [
            9.4536193,
            24.4936297
          ],
          [
            9.4537829,
            24.4935773
          ],
          [
            9.4539828,
            24.4935242
          ],
          [
            9.4541733,
            24.493481
          ],
          [
            9.4543872,
            24.4934327
          ],
          [
            9.4546018,
            24.4933944
          ],
          [
            9.4548303,
            24.4933626
          ],
          [
            9.4550507,
            24.4933421
          ],
          [
            9.4552759,
            24.4933343
          ],
          [
            9.455633,
            24.4933314
          ],
          [
            9.4560139,
            24.4933301
          ],
          [
            9.4563813,
            24.493335
          ],
          [
            9.4567752,
            24.4933403
          ],
          [
            9.4568957,
            24.4933448
          ],
          [
            9.4570198,
            24.4933553
          ],
          [
            9.4576626,
            24.4934184
          ],
          [
            9.4580322,
            24.4934534
          ],
          [
            9.4581685,
            24.4934612
          ],
          [
            9.458294,
            24.4934796
          ],
          [
            9.4590028,
            24.493581
          ],
          [
            9.4592455,
            24.4936284
          ],
          [
            9.4594873,
            24.4936902
          ],
          [
            9.4596872,
            24.4937499
          ],
          [
            9.4599078,
            24.4938232
          ],
          [
            9.4601212,
            24.4939015
          ],
          [
            9.4603597,
            24.4939946
          ],
          [
            9.4605978,
            24.4940766
          ],
          [
            9.4606843,
            24.4941051
          ],
          [
            9.4607332,
            24.4941326
          ],
          [
            9.4607727,
            24.4941591
          ],
          [
            9.4608184,
            24.4942009
          ],
          [
            9.4608459,
            24.494225
          ],
          [
            9.4608714,
            24.4942454
          ],
          [
            9.460919,
            24.4942796
          ],
          [
            9.4609743,
            24.4943143
          ],
          [
            9.4627573,
            24.4952855
          ],
          [
            9.4645863,
            24.4962418
          ],
          [
            9.464723,
            24.496314
          ],
          [
            9.4649523,
            24.4964312
          ],
          [
            9.4651179,
            24.4965245
          ],
          [
            9.4653788,
            24.4966767
          ],
          [
            9.4655439,
            24.4967858
          ],
          [
            9.4657293,
            24.4969256
          ],
          [
            9.4662552,
            24.4973331
          ],
          [
            9.4673848,
            24.4982723
          ],
          [
            9.4676587,
            24.4985277
          ],
          [
            9.4677861,
            24.4986449
          ],
          [
            9.4679145,
            24.4987763
          ],
          [
            9.4680503,
            24.49892
          ],
          [
            9.4681785,
            24.4990693
          ],
          [
            9.4682988,
            24.499224
          ],
          [
            9.468411,
            24.4993836
          ],
          [
            9.4685149,
            24.4995478
          ],
          [
            9.4686102,
            24.4997163
          ],
          [
            9.4687047,
            24.4998973
          ],
          [
            9.4692315,
            24.5011042
          ],
          [
            9.4694612,
            24.5018148
          ],
          [
            9.4695096,
            24.50197
          ],
          [
            9.4695611,
            24.5021654
          ],
          [
            9.4696076,
            24.5023425
          ],
          [
            9.469649,
            24.5025316
          ],
          [
            9.4696787,
            24.5027216
          ],
          [
            9.4697857,
            24.5035031
          ],
          [
            9.469854,
            24.5039412
          ],
          [
            9.4698943,
            24.5041267
          ],
          [
            9.4699419,
            24.5042958
          ],
          [
            9.4699576,
            24.5043482
          ],
          [
            9.4699747,
            24.5043906
          ],
          [
            9.4699955,
            24.5044318
          ],
          [
            9.4700968,
            24.5045719
          ],
          [
            9.470128,
            24.5046025
          ],
          [
            9.4701635,
            24.5046301
          ],
          [
            9.4702201,
            24.5046627
          ],
          [
            9.4702657,
            24.5046811
          ],
          [
            9.4703134,
            24.5046941
          ],
          [
            9.4703782,
            24.5047027
          ],
          [
            9.4706574,
            24.5047467
          ],
          [
            9.4707197,
            24.504754
          ],
          [
            9.4707834,
            24.5047656
          ],
          [
            9.4708397,
            24.5047778
          ],
          [
            9.4716411,
            24.5050322
          ],
          [
            9.4717785,
            24.5050676
          ],
          [
            9.471914,
            24.5050956
          ],
          [
            9.4720655,
            24.5051225
          ],
          [
            9.4722144,
            24.5051469
          ],
          [
            9.4723894,
            24.5051652
          ],
          [
            9.4725242,
            24.5051786
          ],
          [
            9.472669,
            24.5051884
          ],
          [
            9.4731546,
            24.505192
          ],
          [
            9.4735287,
            24.5051823
          ],
          [
            9.4736755,
            24.5051792
          ],
          [
            9.4740504,
            24.5051615
          ],
          [
            9.4744487,
            24.5051383
          ],
          [
            9.4748524,
            24.5051164
          ],
          [
            9.4750267,
            24.5051091
          ],
          [
            9.4752198,
            24.5051085
          ],
          [
            9.4753613,
            24.5051056
          ],
          [
            9.4754767,
            24.5051119
          ],
          [
            9.4755779,
            24.5051237
          ],
          [
            9.4756973,
            24.5051396
          ],
          [
            9.4758435,
            24.5051652
          ],
          [
            9.4760547,
            24.5052104
          ],
          [
            9.4761928,
            24.5052433
          ],
          [
            9.4762967,
            24.5052756
          ],
          [
            9.4763907,
            24.5053061
          ],
          [
            9.4765576,
            24.505372
          ],
          [
            9.4767286,
            24.505444
          ],
          [
            9.4768037,
            24.5054806
          ],
          [
            9.4768566,
            24.5055099
          ],
          [
            9.4779463,
            24.5061304
          ],
          [
            9.4790366,
            24.5067644
          ],
          [
            9.4813755,
            24.508111
          ],
          [
            9.4816478,
            24.5082733
          ],
          [
            9.481928,
            24.5084478
          ],
          [
            9.4824796,
            24.5087989
          ],
          [
            9.483237,
            24.5092751
          ],
          [
            9.4854457,
            24.5106821
          ],
          [
            9.4855108,
            24.5107254
          ],
          [
            9.4855789,
            24.51077
          ],
          [
            9.4856064,
            24.5107891
          ],
          [
            9.4856261,
            24.5108041
          ],
          [
            9.485663,
            24.5108325
          ]
        ]
      },
      "properties": {
        "highway": "trunk",
        "maxspeed": "80",
        "ref": "RN 3"
      }
    },
    {
      "type": "Feature",
      "geometry": {
        "type": "LineString",
        "coordinates": [
          [
            9.4986449,
            24.4491591
          ],
          [
            9.4973914,
            24.4483081
          ],
          [
            9.4969565,
            24.4480247
          ],
          [
            9.4963778,
            24.4476197
          ],
          [
            9.4957752,
            24.4471305
          ],
          [
            9.4950309,
            24.4464699
          ],
          [
            9.4944139,
            24.445854
          ],
          [
            9.4937442,
            24.4450887
          ],
          [
            9.4927853,
            24.443833
          ],
          [
            9.4918545,
            24.4425284
          ],
          [
            9.4912336,
            24.441624
          ],
          [
            9.4908557,
            24.4408784
          ],
          [
            9.4906196,
            24.4403043
          ],
          [
            9.4903015,
            24.4393041
          ],
          [
            9.4901491,
            24.4383713
          ],
          [
            9.4898606,
            24.4354
          ],
          [
            9.4894457,
            24.4310428
          ],
          [
            9.4888829,
            24.4253172
          ],
          [
            9.4885095,
            24.4217982
          ],
          [
            9.4883909,
            24.4202902
          ],
          [
            9.4883633,
            24.4200089
          ],
          [
            9.4879313,
            24.4156121
          ],
          [
            9.4876787,
            24.4132489
          ],
          [
            9.4875446,
            24.4120277
          ],
          [
            9.4874493,
            24.4107811
          ],
          [
            9.4873376,
            24.4094685
          ],
          [
            9.487212,
            24.4082566
          ],
          [
            9.4871735,
            24.4078091
          ],
          [
            9.4871449,
            24.4072259
          ],
          [
            9.4871432,
            24.4065593
          ],
          [
            9.4871992,
            24.4042049
          ],
          [
            9.4872669,
            24.4007433
          ],
          [
            9.4872714,
            24.4005146
          ],
          [
            9.4873187,
            24.3984487
          ],
          [
            9.4873872,
            24.3951878
          ],
          [
            9.4874474,
            24.3931334
          ],
          [
            9.4874988,
            24.3905073
          ],
          [
            9.4875402,
            24.3880146
          ],
          [
            9.487564,
            24.3863303
          ],
          [
            9.4874997,
            24.3853503
          ],
          [
            9.4874706,
            24.3851747
          ],
          [
            9.4871678,
            24.3833465
          ],
          [
            9.4864186,
            24.3795221
          ],
          [
            9.4862674,
            24.37867
          ],
          [
            9.486181,
            24.3779211
          ],
          [
            9.4861422,
            24.3769523
          ],
          [
            9.4861597,
            24.3762974
          ],
          [
            9.4863062,
            24.3708311
          ],
          [
            9.4863467,
            24.3687436
          ],
          [
            9.486314,
            24.3682132
          ],
          [
            9.4862273,
            24.3674412
          ],
          [
            9.4859848,
            24.366394
          ],
          [
            9.4855509,
            24.3652452
          ],
          [
            9.4851236,
            24.3644434
          ],
          [
            9.4846307,
            24.3636068
          ],
          [
            9.4841609,
            24.3626084
          ],
          [
            9.4837796,
            24.3615974
          ],
          [
            9.4831249,
            24.3594793
          ],
          [
            9.4827595,
            24.3583572
          ],
          [
            9.4822538,
            24.3566922
          ],
          [
            9.4820568,
            24.3560762
          ],
          [
            9.4818607,
            24.3554631
          ],
          [
            9.4817604,
            24.3551305
          ],
          [
            9.4816858,
            24.354814
          ],
          [
            9.4815757,
            24.3542791
          ],
          [
            9.4815123,
            24.3539027
          ],
          [
            9.481464,
            24.3535257
          ],
          [
            9.481409,
            24.3530303
          ],
          [
            9.4813743,
            24.3525344
          ],
          [
            9.4812857,
            24.3498805
          ],
          [
            9.4812249,
            24.3472287
          ],
          [
            9.4811635,
            24.3456235
          ],
          [
            9.4811166,
            24.3449779
          ],
          [
            9.4811082,
            24.3449173
          ],
          [
            9.481091,
            24.3447551
          ],
          [
            9.4810593,
            24.3444575
          ],
          [
            9.480924,
            24.3438725
          ],
          [
            9.4806984,
            24.3431251
          ],
          [
            9.4797928,
            24.3408279
          ],
          [
            9.4768567,
            24.3332664
          ],
          [
            9.4763947,
            24.3321405
          ],
          [
            9.4761628,
            24.331551
          ],
          [
            9.4759333,
            24.3309674
          ],
          [
            9.4750093,
            24.3286031
          ],
          [
            9.4747665,
            24.3279466
          ],
          [
            9.4745806,
            24.3273236
          ],
          [
            9.4745584,
            24.3272541
          ],
          [
            9.4744608,
            24.3268761
          ],
          [
            9.4743917,
            24.3264835
          ],
          [
            9.4743481,
            24.3261967
          ],
          [
            9.4743079,
            24.3258496
          ],
          [
            9.474291,
            24.3253712
          ],
          [
            9.4742945,
            24.3248647
          ],
          [
            9.4743286,
            24.3243252
          ],
          [
            9.4743803,
            24.3238235
          ],
          [
            9.4744113,
            24.3233103
          ],
          [
            9.4744259,
            24.322924
          ],
          [
            9.4743996,
            24.3224567
          ],
          [
            9.474383,
            24.3222519
          ],
          [
            9.4743535,
            24.3219635
          ],
          [
            9.4742999,
            24.3215738
          ],
          [
            9.4740477,
            24.3204603
          ],
          [
            9.4737813,
            24.3191815
          ],
          [
            9.4735086,
            24.3179917
          ],
          [
            9.4731492,
            24.3164371
          ],
          [
            9.4729668,
            24.3156208
          ],
          [
            9.4721882,
            24.3120603
          ],
          [
            9.4720765,
            24.3115094
          ],
          [
            9.4692329,
            24.2987619
          ],
          [
            9.4690144,
            24.2979681
          ],
          [
            9.4686902,
            24.2969674
          ],
          [
            9.4686592,
            24.2968706
          ],
          [
            9.4683478,
            24.2960229
          ],
          [
            9.467648,
            24.2942508
          ],
          [
            9.4673351,
            24.2934659
          ],
          [
            9.4669149,
            24.2923378
          ],
          [
            9.4661733,
            24.2904601
          ],
          [
            9.4661586,
            24.2904193
          ],
          [
            9.4661405,
            24.2903754
          ]
        ]
      },
      "properties": {
        "name": "طريق مطار جانت",
        "highway": "secondary",
        "maxspeed": "80"
      }
    },
    {
      "type": "Feature",
      "geometry": {
        "type": "LineString",
        "coordinates": [
          [
            9.4559932,
            24.5644605
          ],
          [
            9.4560018,
            24.5642969
          ],
          [
            9.4560072,
            24.5627613
          ],
          [
            9.4560085,
            24.5621648
          ],
          [
            9.4559991,
            24.5619233
          ],
          [
            9.4559737,
            24.5617025
          ],
          [
            9.4559428,
            24.5615183
          ],
          [
            9.4559026,
            24.5613464
          ],
          [
            9.455853,
            24.5611646
          ],
          [
            9.4557765,
            24.5609768
          ],
          [
            9.4556746,
            24.5607572
          ],
          [
            9.4555753,
            24.5605986
          ],
          [
            9.4554318,
            24.5604084
          ],
          [
            9.454941,
            24.5598412
          ],
          [
            9.4547275,
            24.5595697
          ],
          [
            9.4546477,
            24.5594495
          ],
          [
            9.4545786,
            24.5593238
          ],
          [
            9.4545207,
            24.5591936
          ],
          [
            9.4544744,
            24.5590596
          ],
          [
            9.4544398,
            24.5589227
          ],
          [
            9.4544109,
            24.5587727
          ],
          [
            9.4543991,
            24.558674
          ],
          [
            9.4543998,
            24.5585748
          ],
          [
            9.4544129,
            24.5584763
          ],
          [
            9.4544385,
            24.5583798
          ],
          [
            9.454476,
            24.5582866
          ],
          [
            9.454525,
            24.558198
          ],
          [
            9.4547072,
            24.5579271
          ],
          [
            9.4547376,
            24.5578837
          ],
          [
            9.4547635,
            24.557838
          ],
          [
            9.4547847,
            24.5577903
          ],
          [
            9.4548009,
            24.5577411
          ],
          [
            9.4548122,
            24.5576907
          ],
          [
            9.4548377,
            24.5575419
          ],
          [
            9.4548574,
            24.5574829
          ],
          [
            9.454882,
            24.5574253
          ],
          [
            9.4549112,
            24.5573697
          ],
          [
            9.454945,
            24.5573162
          ],
          [
            9.4551457,
            24.5570383
          ],
          [
            9.4551883,
            24.5569832
          ],
          [
            9.455226,
            24.5569253
          ],
          [
            9.4552587,
            24.5568649
          ],
          [
            9.4552861,
            24.5568024
          ],
          [
            9.4554573,
            24.5563818
          ],
          [
            9.4555767,
            24.5561391
          ],
          [
            9.455598,
            24.5560662
          ],
          [
            9.4556132,
            24.5559921
          ],
          [
            9.4556223,
            24.5559171
          ],
          [
            9.4556251,
            24.5558451
          ],
          [
            9.4556223,
            24.5557732
          ],
          [
            9.4555955,
            24.5556414
          ],
          [
            9.4555777,
            24.5556079
          ],
          [
            9.4555552,
            24.5555768
          ],
          [
            9.4555284,
            24.5555487
          ],
          [
            9.4554929,
            24.5555208
          ],
          [
            9.4554532,
            24.5554982
          ],
          [
            9.4554102,
            24.5554814
          ],
          [
            9.4553648,
            24.5554706
          ],
          [
            9.4547975,
            24.5554023
          ],
          [
            9.4547071,
            24.5553857
          ],
          [
            9.4546124,
            24.5553609
          ],
          [
            9.4545206,
            24.5553332
          ],
          [
            9.4542342,
            24.5552288
          ],
          [
            9.4541256,
            24.5551986
          ],
          [
            9.454003,
            24.5551719
          ],
          [
            9.4538788,
            24.5551523
          ],
          [
            9.4537327,
            24.5551413
          ],
          [
            9.4535543,
            24.555134
          ],
          [
            9.4522339,
            24.5551688
          ],
          [
            9.4521316,
            24.5551674
          ],
          [
            9.4520295,
            24.5551615
          ],
          [
            9.4519278,
            24.5551511
          ],
          [
            9.4513187,
            24.5550669
          ],
          [
            9.451224,
            24.5550468
          ],
          [
            9.4511317,
            24.555019
          ],
          [
            9.4510424,
            24.5549839
          ],
          [
            9.4509714,
            24.5549495
          ],
          [
            9.4509033,
            24.5549104
          ],
          [
            9.4508386,
            24.5548668
          ],
          [
            9.4503799,
            24.5544984
          ],
          [
            9.4498954,
            24.5541352
          ],
          [
            9.449832,
            24.5540747
          ],
          [
            9.4497802,
            24.5540057
          ],
          [
            9.4497413,
            24.5539299
          ],
          [
            9.4497163,
            24.5538495
          ],
          [
            9.4496831,
            24.5536089
          ],
          [
            9.4496867,
            24.5535633
          ],
          [
            9.4496988,
            24.553516
          ],
          [
            9.4497178,
            24.5534734
          ],
          [
            9.4501533,
            24.5529895
          ],
          [
            9.4502163,
            24.5529237
          ],
          [
            9.4502874,
            24.5528651
          ],
          [
            9.4507822,
            24.5523991
          ],
          [
            9.4508224,
            24.5523418
          ],
          [
            9.450856,
            24.5522796
          ],
          [
            9.4508681,
            24.5522027
          ],
          [
            9.4508956,
            24.5519904
          ],
          [
            9.4508989,
            24.5519038
          ],
          [
            9.4508876,
            24.5518233
          ],
          [
            9.4508654,
            24.5517368
          ],
          [
            9.4507273,
            24.5514159
          ],
          [
            9.4506897,
            24.5513317
          ],
          [
            9.4506548,
            24.5512269
          ],
          [
            9.4501143,
            24.5495141
          ],
          [
            9.4498595,
            24.5489311
          ],
          [
            9.449814,
            24.5488127
          ],
          [
            9.4497764,
            24.5486919
          ],
          [
            9.4493553,
            24.5472135
          ],
          [
            9.4491501,
            24.5464766
          ],
          [
            9.4489624,
            24.5456703
          ],
          [
            9.4486644,
            24.5446231
          ],
          [
            9.448615,
            24.5444195
          ],
          [
            9.4485729,
            24.5442145
          ],
          [
            9.4485382,
            24.5440084
          ],
          [
            9.448511,
            24.5438013
          ],
          [
            9.4484912,
            24.5435936
          ],
          [
            9.4484789,
            24.5433854
          ],
          [
            9.4484498,
            24.5420203
          ],
          [
            9.4484362,
            24.5418404
          ],
          [
            9.4484195,
            24.5416607
          ],
          [
            9.4483995,
            24.5414813
          ],
          [
            9.4482307,
            24.5403245
          ],
          [
            9.4482187,
            24.5402458
          ],
          [
            9.448212,
            24.5401628
          ],
          [
            9.4481403,
            24.5391619
          ],
          [
            9.4481349,
            24.5389252
          ],
          [
            9.4481456,
            24.5387471
          ],
          [
            9.4481832,
            24.5384763
          ],
          [
            9.4482583,
            24.5380224
          ],
          [
            9.4482717,
            24.5378858
          ],
          [
            9.4482717,
            24.5377418
          ],
          [
            9.448261,
            24.537449
          ],
          [
            9.4482153,
            24.5365938
          ],
          [
            9.448214,
            24.5364804
          ],
          [
            9.4482194,
            24.5363462
          ],
          [
            9.448282,
            24.5356069
          ],
          [
            9.4482842,
            24.5355357
          ],
          [
            9.4482754,
            24.5354649
          ],
          [
            9.4482558,
            24.5353959
          ],
          [
            9.4482259,
            24.5353301
          ],
          [
            9.4480028,
            24.5349718
          ],
          [
            9.4473088,
            24.5341087
          ],
          [
            9.4466409,
            24.5331826
          ],
          [
            9.4465993,
            24.5331323
          ],
          [
            9.4465604,
            24.5330857
          ],
          [
            9.4464042,
            24.5329088
          ],
          [
            9.4463667,
            24.53286
          ],
          [
            9.4463384,
            24.5328149
          ],
          [
            9.4456901,
            24.5317863
          ],
          [
            9.4456545,
            24.5317363
          ],
          [
            9.445617,
            24.53169
          ],
          [
            9.4454789,
            24.5315315
          ],
          [
            9.4454269,
            24.5314496
          ],
          [
            9.4453844,
            24.5313634
          ],
          [
            9.4453517,
            24.5312736
          ],
          [
            9.4453293,
            24.5311813
          ],
          [
            9.4453174,
            24.5310874
          ],
          [
            9.4453161,
            24.5309929
          ],
          [
            9.445332,
            24.5307084
          ],
          [
            9.4453414,
            24.5306303
          ],
          [
            9.4453562,
            24.5305486
          ],
          [
            9.445513,
            24.5299496
          ],
          [
            9.4455318,
            24.5298727
          ],
          [
            9.445548,
            24.5297812
          ],
          [
            9.4455586,
            24.5296799
          ],
          [
            9.4455846,
            24.529137
          ],
          [
            9.4455941,
            24.5290692
          ],
          [
            9.445608,
            24.5290021
          ],
          [
            9.4456262,
            24.5289358
          ],
          [
            9.4459677,
            24.5280597
          ],
          [
            9.4462503,
            24.5274079
          ],
          [
            9.4462776,
            24.5273536
          ],
          [
            9.4463078,
            24.5273005
          ],
          [
            9.4463409,
            24.5272489
          ],
          [
            9.4468176,
            24.5265666
          ],
          [
            9.4468669,
            24.5265016
          ],
          [
            9.4469198,
            24.5264424
          ],
          [
            9.4476796,
            24.5256011
          ],
          [
            9.4477258,
            24.5255456
          ],
          [
            9.4477647,
            24.5254938
          ],
          [
            9.4479043,
            24.5252912
          ],
          [
            9.4479465,
            24.5252388
          ],
          [
            9.4479921,
            24.5251894
          ],
          [
            9.4488443,
            24.5244591
          ],
          [
            9.4489074,
            24.5244006
          ],
          [
            9.4489663,
            24.5243372
          ],
          [
            9.4491548,
            24.5241248
          ],
          [
            9.4491883,
            24.5240821
          ],
          [
            9.4492158,
            24.5240394
          ],
          [
            9.4493661,
            24.5237528
          ],
          [
            9.4493988,
            24.5237012
          ],
          [
            9.449438,
            24.5236534
          ],
          [
            9.4494831,
            24.5236103
          ],
          [
            9.4505629,
            24.5227137
          ],
          [
            9.4506146,
            24.5226655
          ],
          [
            9.4506709,
            24.5226045
          ],
          [
            9.4514334,
            24.5217251
          ],
          [
            9.4514873,
            24.5216561
          ],
          [
            9.4515345,
            24.521583
          ],
          [
            9.4515745,
            24.5215065
          ],
          [
            9.4516072,
            24.5214272
          ],
          [
            9.4516323,
            24.5213456
          ],
          [
            9.4519687,
            24.5199165
          ],
          [
            9.4520035,
            24.5197988
          ],
          [
            9.4520458,
            24.5196831
          ],
          [
            9.4520954,
            24.5195698
          ],
          [
            9.4521522,
            24.5194594
          ],
          [
            9.4527912,
            24.518406
          ],
          [
            9.4530662,
            24.5178783
          ],
          [
            9.4530916,
            24.5178207
          ],
          [
            9.4531061,
            24.51776
          ],
          [
            9.4531091,
            24.517698
          ],
          [
            9.4531006,
            24.5176364
          ],
          [
            9.4530808,
            24.5175769
          ],
          [
            9.4529295,
            24.5172963
          ],
          [
            9.4529182,
            24.5172663
          ],
          [
            9.4529134,
            24.517235
          ],
          [
            9.4529153,
            24.5172033
          ],
          [
            9.4529237,
            24.5171726
          ],
          [
            9.4529385,
            24.5171439
          ],
          [
            9.4529589,
            24.5171183
          ],
          [
            9.4535033,
            24.5166977
          ],
          [
            9.4535691,
            24.5166343
          ],
          [
            9.4536254,
            24.5165647
          ],
          [
            9.4539258,
            24.5160852
          ],
          [
            9.453974,
            24.51599
          ],
          [
            9.4539996,
            24.5159242
          ],
          [
            9.4542538,
            24.515227
          ],
          [
            9.4543022,
            24.5151279
          ],
          [
            9.4543622,
            24.5150342
          ],
          [
            9.4544333,
            24.5149471
          ],
          [
            9.4545144,
            24.5148677
          ],
          [
            9.4546047,
            24.5147968
          ],
          [
            9.4547029,
            24.5147354
          ],
          [
            9.4557675,
            24.5142529
          ],
          [
            9.4558197,
            24.5142041
          ],
          [
            9.4558582,
            24.5141458
          ],
          [
            9.4558808,
            24.5140809
          ],
          [
            9.4559296,
            24.5138327
          ],
          [
            9.4559457,
            24.5137796
          ],
          [
            9.4559697,
            24.513729
          ],
          [
            9.4560012,
            24.5136819
          ],
          [
            9.4565182,
            24.513175
          ],
          [
            9.4566278,
            24.5130482
          ],
          [
            9.4567249,
            24.5129132
          ],
          [
            9.4568088,
            24.512771
          ],
          [
            9.4577824,
            24.5109105
          ],
          [
            9.4585107,
            24.509408
          ],
          [
            9.458571,
            24.5092662
          ],
          [
            9.4586247,
            24.5091223
          ],
          [
            9.4586718,
            24.5089765
          ],
          [
            9.4587121,
            24.5088291
          ],
          [
            9.4588483,
            24.5082354
          ],
          [
            9.4588698,
            24.5081213
          ],
          [
            9.4588859,
            24.5080158
          ],
          [
            9.4590662,
            24.5067015
          ],
          [
            9.4591926,
            24.5058403
          ],
          [
            9.4595262,
            24.504034
          ],
          [
            9.4598346,
            24.5022255
          ],
          [
            9.4601646,
            24.5002973
          ],
          [
            9.4606098,
            24.4979274
          ],
          [
            9.4607888,
            24.4968492
          ],
          [
            9.460816,
            24.4966885
          ],
          [
            9.4608349,
            24.4965268
          ],
          [
            9.4608457,
            24.4963645
          ],
          [
            9.4608483,
            24.4962019
          ],
          [
            9.4608426,
            24.4960393
          ],
          [
            9.4608287,
            24.4958772
          ],
          [
            9.4607815,
            24.4953963
          ],
          [
            9.4607091,
            24.4948446
          ],
          [
            9.460669,
            24.4946069
          ]
        ]
      },
      "properties": {
        "highway": "primary"
      }
    },
    {
      "type": "Feature",
      "geometry": {
        "type": "LineString",
        "coordinates": [
          [
            9.4861559,
            24.5110982
          ],
          [
            9.4910469,
            24.513513
          ]
        ]
      },
      "properties": {
        "highway": "trunk",
        "ref": "RN 3"
      }
    },
    {
      "type": "Feature",
      "geometry": {
        "type": "LineString",
        "coordinates": [
          [
            9.485663,
            24.5108325
          ],
          [
            9.4858288,
            24.5109319
          ],
          [
            9.4859987,
            24.5110205
          ],
          [
            9.4861559,
            24.5110982
          ]
        ]
      },
      "properties": {
        "highway": "trunk",
        "ref": "RN 3"
      }
    },
    {
      "type": "Feature",
      "geometry": {
        "type": "LineString",
        "coordinates": [
          [
            9.4910469,
            24.513513
          ],
          [
            9.4911534,
            24.5135716
          ]
        ]
      },
      "properties": {
        "highway": "trunk",
        "ref": "RN 3"
      }
    },
    {
      "type": "Feature",
      "geometry": {
        "type": "LineString",
        "coordinates": [
          [
            9.4583605,
            24.565566
          ],
          [
            9.4614818,
            24.5678731
          ],
          [
            9.4617585,
            24.5680626
          ]
        ]
      },
      "properties": {
        "highway": "primary"
      }
    },
    {
      "type": "Feature",
      "geometry": {
        "type": "LineString",
        "coordinates": [
          [
            9.4582911,
            24.565143
          ],
          [
            9.458243,
            24.5651012
          ],
          [
            9.4580535,
            24.5649365
          ],
          [
            9.457994,
            24.5648921
          ],
          [
            9.4579287,
            24.5648481
          ],
          [
            9.4578131,
            24.5647772
          ],
          [
            9.4576917,
            24.5647149
          ],
          [
            9.4575652,
            24.5646614
          ],
          [
            9.4574344,
            24.5646173
          ],
          [
            9.4573002,
            24.5645826
          ],
          [
            9.4571635,
            24.5645578
          ],
          [
            9.457025,
            24.5645429
          ],
          [
            9.4559932,
            24.5644605
          ]
        ]
      },
      "properties": {
        "highway": "primary"
      }
    },
    {
      "type": "Feature",
      "geometry": {
        "type": "LineString",
        "coordinates": [
          [
            9.4845823,
            24.5541647
          ],
          [
            9.4845896,
            24.5541378
          ],
          [
            9.4846027,
            24.5541127
          ],
          [
            9.484621,
            24.5540906
          ],
          [
            9.4846438,
            24.5540721
          ],
          [
            9.4846702,
            24.5540582
          ],
          [
            9.4846991,
            24.5540494
          ],
          [
            9.4847293,
            24.5540459
          ]
        ]
      },
      "properties": {
        "highway": "primary_link"
      }
    },
    {
      "type": "Feature",
      "geometry": {
        "type": "LineString",
        "coordinates": [
          [
            9.4847625,
            24.5544747
          ],
          [
            9.4847045,
            24.5543765
          ],
          [
            9.4846101,
            24.5542171
          ],
          [
            9.4845944,
            24.5541885
          ],
          [
            9.4845823,
            24.5541647
          ]
        ]
      },
      "properties": {
        "highway": "primary"
      }
    },
    {
      "type": "Feature",
      "geometry": {
        "type": "LineString",
        "coordinates": [
          [
            9.4852116,
            24.5550109
          ],
          [
            9.4851876,
            24.5550198
          ],
          [
            9.4851623,
            24.5550249
          ],
          [
            9.4851364,
            24.5550262
          ],
          [
            9.4851106,
            24.5550236
          ],
          [
            9.4850857,
            24.5550171
          ],
          [
            9.4850624,
            24.555007
          ]
        ]
      },
      "properties": {
        "highway": "primary_link"
      }
    },
    {
      "type": "Feature",
      "geometry": {
        "type": "LineString",
        "coordinates": [
          [
            9.4848502,
            24.5546222
          ],
          [
            9.4848081,
            24.5546119
          ],
          [
            9.4847826,
            24.5546096
          ],
          [
            9.4847468,
            24.5546106
          ],
          [
            9.4847115,
            24.5546156
          ],
          [
            9.4844686,
            24.5547082
          ]
        ]
      },
      "properties": {
        "highway": "secondary"
      }
    },
    {
      "type": "Feature",
      "geometry": {
        "type": "LineString",
        "coordinates": [
          [
            9.4844686,
            24.5547082
          ],
          [
            9.4844656,
            24.5546804
          ],
          [
            9.4844662,
            24.55466
          ]
        ]
      },
      "properties": {
        "highway": "secondary"
      }
    },
    {
      "type": "Feature",
      "geometry": {
        "type": "LineString",
        "coordinates": [
          [
            9.4810677,
            24.5601068
          ],
          [
            9.4810918,
            24.5601037
          ],
          [
            9.4811012,
            24.5601035
          ],
          [
            9.4811106,
            24.5601046
          ],
          [
            9.4811196,
            24.560107
          ],
          [
            9.4812955,
            24.5601774
          ]
        ]
      },
      "properties": {
        "highway": "secondary"
      }
    },
    {
      "type": "Feature",
      "geometry": {
        "type": "LineString",
        "coordinates": [
          [
            9.4581399,
            24.5652154
          ],
          [
            9.4581384,
            24.5651533
          ],
          [
            9.4581383,
            24.5651161
          ],
          [
            9.458131,
            24.5650794
          ],
          [
            9.4581167,
            24.5650445
          ],
          [
            9.4580959,
            24.5650125
          ],
          [
            9.4580691,
            24.5649843
          ],
          [
            9.4579505,
            24.5648903
          ],
          [
            9.4579417,
            24.5648794
          ],
          [
            9.4579354,
            24.5648687
          ],
          [
            9.4579287,
            24.5648481
          ]
        ]
      },
      "properties": {
        "highway": "primary_link"
      }
    },
    {
      "type": "Feature",
      "geometry": {
        "type": "LineString",
        "coordinates": [
          [
            9.4584158,
            24.5652465
          ],
          [
            9.4583704,
            24.5652375
          ],
          [
            9.4583242,
            24.5652326
          ],
          [
            9.4582778,
            24.5652318
          ],
          [
            9.4582315,
            24.5652353
          ],
          [
            9.4581858,
            24.5652429
          ]
        ]
      },
      "properties": {
        "highway": "primary_link"
      }
    },
    {
      "type": "Feature",
      "geometry": {
        "type": "LineString",
        "coordinates": [
          [
            9.4499291,
            24.584048
          ],
          [
            9.4499265,
            24.5839845
          ],
          [
            9.449973,
            24.5838493
          ],
          [
            9.4501091,
            24.58367
          ],
          [
            9.4504645,
            24.5834438
          ],
          [
            9.4509655,
            24.5831418
          ],
          [
            9.4513208,
            24.5829155
          ],
          [
            9.4513902,
            24.5828781
          ],
          [
            9.4515877,
            24.5827718
          ],
          [
            9.4519502,
            24.5826127
          ],
          [
            9.451975,
            24.5825813
          ],
          [
            9.4520623,
            24.5824707
          ],
          [
            9.4520833,
            24.5822185
          ],
          [
            9.4520419,
            24.5809744
          ],
          [
            9.4520068,
            24.5805961
          ],
          [
            9.4520048,
            24.5805299
          ],
          [
            9.4519448,
            24.5785351
          ],
          [
            9.4518773,
            24.5768225
          ],
          [
            9.4518886,
            24.5765678
          ],
          [
            9.4519032,
            24.5762376
          ],
          [
            9.4519255,
            24.5757448
          ],
          [
            9.4519363,
            24.5756484
          ],
          [
            9.4519534,
            24.5755629
          ],
          [
            9.4520266,
            24.5751979
          ],
          [
            9.4520457,
            24.5751251
          ],
          [
            9.4520708,
            24.5750479
          ],
          [
            9.4521006,
            24.5749639
          ],
          [
            9.4522253,
            24.5746698
          ],
          [
            9.4522501,
            24.5746227
          ],
          [
            9.4522759,
            24.5745785
          ],
          [
            9.4527777,
            24.5737126
          ],
          [
            9.4534068,
            24.5726152
          ],
          [
            9.4539258,
            24.5717261
          ],
          [
            9.4552467,
            24.5693883
          ],
          [
            9.4554421,
            24.5690483
          ],
          [
            9.4558914,
            24.5682669
          ],
          [
            9.4563244,
            24.5675481
          ],
          [
            9.4563897,
            24.5674523
          ],
          [
            9.4564618,
            24.5673511
          ],
          [
            9.4565409,
            24.5672425
          ],
          [
            9.4573952,
            24.5661719
          ],
          [
            9.4580304,
            24.5653823
          ],
          [
            9.4581199,
            24.5652756
          ],
          [
            9.4581313,
            24.5652619
          ]
        ]
      },
      "properties": {
        "highway": "primary"
      }
    },
    {
      "type": "Feature",
      "geometry": {
        "type": "LineString",
        "coordinates": [
          [
            9.4583605,
            24.565566
          ],
          [
            9.4583226,
            24.5655487
          ],
          [
            9.4583106,
            24.5655429
          ],
          [
            9.4582988,
            24.5655365
          ],
          [
            9.4580304,
            24.5653823
          ]
        ]
      },
      "properties": {
        "highway": "primary"
      }
    },
    {
      "type": "Feature",
      "geometry": {
        "type": "LineString",
        "coordinates": [
          [
            9.4607727,
            24.4941591
          ],
          [
            9.460756,
            24.4941893
          ],
          [
            9.4607363,
            24.494234
          ],
          [
            9.4607153,
            24.494296
          ],
          [
            9.4607094,
            24.494312
          ],
          [
            9.460699,
            24.4943486
          ],
          [
            9.460691,
            24.4943931
          ],
          [
            9.4606863,
            24.4944334
          ],
          [
            9.460669,
            24.4946069
          ]
        ]
      },
      "properties": {
        "highway": "primary"
      }
    },
    {
      "type": "Feature",
      "geometry": {
        "type": "LineString",
        "coordinates": [
          [
            9.460669,
            24.4946069
          ],
          [
            9.4605714,
            24.4942334
          ],
          [
            9.4605697,
            24.4941799
          ],
          [
            9.4605713,
            24.4941406
          ],
          [
            9.4605815,
            24.4941023
          ],
          [
            9.4605978,
            24.4940766
          ]
        ]
      },
      "properties": {
        "highway": "primary"
      }
    },
    {
      "type": "Feature",
      "geometry": {
        "type": "LineString",
        "coordinates": [
          [
            9.4837334,
            24.544521
          ],
          [
            9.4836955,
            24.5443189
          ],
          [
            9.4836936,
            24.5442847
          ],
          [
            9.4837037,
            24.5441356
          ],
          [
            9.4837292,
            24.5439783
          ],
          [
            9.48376,
            24.5438502
          ],
          [
            9.4838002,
            24.5437233
          ],
          [
            9.4841409,
            24.5428632
          ],
          [
            9.4845122,
            24.5419206
          ],
          [
            9.4848074,
            24.5411748
          ],
          [
            9.4853049,
            24.5398451
          ],
          [
            9.4861567,
            24.5376451
          ],
          [
            9.4861816,
            24.5375783
          ],
          [
            9.4862272,
            24.5374559
          ],
          [
            9.4863706,
            24.5370874
          ],
          [
            9.4863923,
            24.5370243
          ],
          [
            9.4864297,
            24.5369572
          ],
          [
            9.4864627,
            24.5368935
          ],
          [
            9.4864979,
            24.5368307
          ],
          [
            9.4867996,
            24.5363303
          ],
          [
            9.4872308,
            24.5356581
          ],
          [
            9.4878269,
            24.5346888
          ],
          [
            9.487978,
            24.5344107
          ],
          [
            9.4880327,
            24.5343038
          ],
          [
            9.488081,
            24.5341944
          ],
          [
            9.4881229,
            24.5340829
          ],
          [
            9.4881572,
            24.5339732
          ],
          [
            9.4883721,
            24.5332821
          ],
          [
            9.488629,
            24.5325666
          ],
          [
            9.4889125,
            24.5317674
          ],
          [
            9.4891512,
            24.5309988
          ],
          [
            9.4894275,
            24.5301728
          ],
          [
            9.4898003,
            24.5290455
          ],
          [
            9.4899118,
            24.5287044
          ],
          [
            9.4899551,
            24.5285655
          ],
          [
            9.4901584,
            24.5279206
          ],
          [
            9.4904434,
            24.5271037
          ],
          [
            9.4906173,
            24.5265246
          ]
        ]
      },
      "properties": {
        "highway": "trunk"
      }
    },
    {
      "type": "Feature",
      "geometry": {
        "type": "LineString",
        "coordinates": [
          [
            9.4907084,
            24.5265393
          ],
          [
            9.4906077,
            24.5268359
          ],
          [
            9.490508,
            24.5271317
          ],
          [
            9.4903984,
            24.5274585
          ],
          [
            9.4902349,
            24.5279462
          ],
          [
            9.4901631,
            24.528166
          ],
          [
            9.4900551,
            24.5284963
          ],
          [
            9.4900262,
            24.5285935
          ],
          [
            9.4899847,
            24.5287155
          ],
          [
            9.4898781,
            24.5290638
          ],
          [
            9.4895876,
            24.5299579
          ],
          [
            9.4895107,
            24.5301948
          ],
          [
            9.4892438,
            24.5310183
          ],
          [
            9.4889836,
            24.5318223
          ],
          [
            9.4887335,
            24.5325897
          ],
          [
            9.4886297,
            24.5329325
          ],
          [
            9.4885111,
            24.5332972
          ],
          [
            9.4883553,
            24.5338256
          ],
          [
            9.4882844,
            24.5340646
          ],
          [
            9.4882435,
            24.5341748
          ],
          [
            9.4881959,
            24.5342828
          ],
          [
            9.4881419,
            24.5343882
          ],
          [
            9.4880815,
            24.5344907
          ],
          [
            9.4879282,
            24.5347516
          ],
          [
            9.4873166,
            24.5356996
          ],
          [
            9.486874,
            24.5363852
          ],
          [
            9.4865855,
            24.5368758
          ],
          [
            9.4865428,
            24.5369556
          ],
          [
            9.4865106,
            24.5370281
          ],
          [
            9.4864833,
            24.5370972
          ],
          [
            9.4863324,
            24.5374888
          ],
          [
            9.4862846,
            24.537613
          ],
          [
            9.4860117,
            24.5383006
          ],
          [
            9.4857628,
            24.5389636
          ],
          [
            9.4854091,
            24.5398852
          ],
          [
            9.4848999,
            24.5412041
          ],
          [
            9.484617,
            24.5419268
          ],
          [
            9.4838998,
            24.5437323
          ],
          [
            9.4838591,
            24.5438645
          ],
          [
            9.4838219,
            24.5439946
          ],
          [
            9.483797,
            24.5441209
          ],
          [
            9.4837801,
            24.5442259
          ],
          [
            9.4837334,
            24.544521
          ]
        ]
      },
      "properties": {
        "highway": "trunk"
      }
    },
    {
      "type": "Feature",
      "geometry": {
        "type": "LineString",
        "coordinates": [
          [
            9.4900551,
            24.5284963
          ],
          [
            9.4900623,
            24.5285224
          ],
          [
            9.4900724,
            24.5285477
          ],
          [
            9.4900851,
            24.5285719
          ],
          [
            9.4901005,
            24.5285949
          ],
          [
            9.4901638,
            24.5286658
          ]
        ]
      },
      "properties": {
        "highway": "trunk_link"
      }
    },
    {
      "type": "Feature",
      "geometry": {
        "type": "LineString",
        "coordinates": [
          [
            9.4917448,
            24.5137257
          ],
          [
            9.491893,
            24.5135123
          ],
          [
            9.4920043,
            24.5133041
          ],
          [
            9.4920573,
            24.5132006
          ],
          [
            9.4924316,
            24.5123892
          ],
          [
            9.4928218,
            24.5115472
          ],
          [
            9.4935829,
            24.5100018
          ],
          [
            9.49421,
            24.5086868
          ],
          [
            9.4942438,
            24.5086146
          ],
          [
            9.494274,
            24.5085411
          ],
          [
            9.4943006,
            24.5084665
          ],
          [
            9.4943235,
            24.5083909
          ],
          [
            9.4943426,
            24.5083144
          ],
          [
            9.4943579,
            24.5082372
          ],
          [
            9.4943694,
            24.5081594
          ],
          [
            9.494377,
            24.5080813
          ],
          [
            9.494381,
            24.5080163
          ],
          [
            9.4943824,
            24.5079069
          ],
          [
            9.4943809,
            24.5078109
          ],
          [
            9.4943764,
            24.5077149
          ],
          [
            9.4943503,
            24.507363
          ],
          [
            9.4943312,
            24.5071677
          ],
          [
            9.4943083,
            24.5069729
          ],
          [
            9.4941462,
            24.5056081
          ],
          [
            9.4941243,
            24.5054237
          ],
          [
            9.4941041,
            24.505239
          ],
          [
            9.4940855,
            24.5050542
          ],
          [
            9.4939933,
            24.5042011
          ],
          [
            9.4939782,
            24.5040609
          ],
          [
            9.4939659,
            24.5039197
          ],
          [
            9.4939641,
            24.503778
          ],
          [
            9.4939692,
            24.5036365
          ],
          [
            9.4939859,
            24.5034958
          ],
          [
            9.494012,
            24.5033687
          ],
          [
            9.4940451,
            24.5032432
          ],
          [
            9.4940879,
            24.5031199
          ],
          [
            9.4941408,
            24.5029991
          ],
          [
            9.4942007,
            24.502879
          ],
          [
            9.4944536,
            24.5024435
          ],
          [
            9.4948838,
            24.5016662
          ],
          [
            9.4949162,
            24.5016093
          ],
          [
            9.4950591,
            24.5013588
          ],
          [
            9.495188,
            24.5011309
          ],
          [
            9.4953152,
            24.5009023
          ],
          [
            9.4954408,
            24.5006729
          ],
          [
            9.4955648,
            24.5004428
          ],
          [
            9.4956872,
            24.500212
          ],
          [
            9.4958079,
            24.4999805
          ],
          [
            9.4959271,
            24.4997482
          ],
          [
            9.4960446,
            24.4995153
          ],
          [
            9.4961892,
            24.4992298
          ],
          [
            9.496334,
            24.4989524
          ],
          [
            9.4967939,
            24.4980587
          ],
          [
            9.4970925,
            24.4974932
          ],
          [
            9.4979956,
            24.495722
          ],
          [
            9.4982649,
            24.4952155
          ],
          [
            9.4984218,
            24.4949205
          ],
          [
            9.4991491,
            24.4935212
          ],
          [
            9.4996043,
            24.4926172
          ],
          [
            9.4996211,
            24.4925854
          ],
          [
            9.4996695,
            24.4924828
          ],
          [
            9.4997116,
            24.4923778
          ],
          [
            9.4997473,
            24.4922709
          ],
          [
            9.4997765,
            24.4921624
          ],
          [
            9.499799,
            24.4920525
          ],
          [
            9.4998148,
            24.4919417
          ],
          [
            9.4998292,
            24.4918039
          ],
          [
            9.4998345,
            24.4916655
          ],
          [
            9.4998313,
            24.4915316
          ],
          [
            9.49982,
            24.4913982
          ],
          [
            9.4998006,
            24.4912655
          ],
          [
            9.4997732,
            24.4911339
          ],
          [
            9.4997379,
            24.491004
          ],
          [
            9.4995526,
            24.490309
          ],
          [
            9.4994926,
            24.4900838
          ],
          [
            9.4994322,
            24.489876
          ],
          [
            9.4993819,
            24.4896841
          ],
          [
            9.4993746,
            24.4896562
          ],
          [
            9.4993283,
            24.4894619
          ],
          [
            9.4992672,
            24.4891697
          ],
          [
            9.4990192,
            24.4880961
          ],
          [
            9.4989597,
            24.4878386
          ],
          [
            9.4989398,
            24.4877351
          ],
          [
            9.4989275,
            24.4876307
          ],
          [
            9.4989226,
            24.4875257
          ],
          [
            9.4989252,
            24.4874207
          ],
          [
            9.4989355,
            24.4873154
          ],
          [
            9.4989533,
            24.4872109
          ],
          [
            9.4989786,
            24.4871077
          ],
          [
            9.4990113,
            24.4870062
          ],
          [
            9.4990513,
            24.4869069
          ],
          [
            9.4992846,
            24.4864346
          ],
          [
            9.4997265,
            24.4855928
          ],
          [
            9.5000095,
            24.4850606
          ],
          [
            9.5002849,
            24.4845612
          ],
          [
            9.500595,
            24.484005
          ],
          [
            9.5007047,
            24.4838016
          ],
          [
            9.5009376,
            24.4833945
          ],
          [
            9.5010993,
            24.4831025
          ],
          [
            9.5012585,
            24.4828095
          ],
          [
            9.5014154,
            24.4825154
          ],
          [
            9.5015698,
            24.4822202
          ],
          [
            9.5017107,
            24.4819535
          ],
          [
            9.5017932,
            24.4817926
          ],
          [
            9.5018719,
            24.481627
          ],
          [
            9.5018861,
            24.4815945
          ],
          [
            9.501943,
            24.4814629
          ],
          [
            9.502006,
            24.4812946
          ],
          [
            9.5020667,
            24.4811241
          ],
          [
            9.5021191,
            24.480952
          ],
          [
            9.5021604,
            24.4807783
          ],
          [
            9.5021945,
            24.4806033
          ],
          [
            9.5022234,
            24.4804272
          ],
          [
            9.5022471,
            24.4802502
          ],
          [
            9.5022719,
            24.480061
          ],
          [
            9.5022961,
            24.4798761
          ],
          [
            9.5024449,
            24.4787532
          ],
          [
            9.5025649,
            24.4777772
          ],
          [
            9.5025699,
            24.4777287
          ],
          [
            9.5025728,
            24.47768
          ],
          [
            9.5025736,
            24.4776312
          ],
          [
            9.5025738,
            24.4775818
          ]
        ]
      },
      "properties": {
        "highway": "trunk",
        "ref": "RN 3"
      }
    },
    {
      "type": "Feature",
      "geometry": {
        "type": "LineString",
        "coordinates": [
          [
            9.4928218,
            24.5115472
          ],
          [
            9.4928889,
            24.5115757
          ]
        ]
      },
      "properties": {
        "highway": "trunk_link"
      }
    },
    {
      "type": "Feature",
      "geometry": {
        "type": "LineString",
        "coordinates": [
          [
            9.4990192,
            24.4880961
          ],
          [
            9.4991027,
            24.4880801
          ]
        ]
      },
      "properties": {
        "highway": "trunk_link"
      }
    },
    {
      "type": "Feature",
      "geometry": {
        "type": "LineString",
        "coordinates": [
          [
            9.5025747,
            24.477515
          ],
          [
            9.5025966,
            24.4774569
          ],
          [
            9.5026149,
            24.4773977
          ],
          [
            9.5026299,
            24.4773378
          ],
          [
            9.5026414,
            24.4772772
          ],
          [
            9.5027044,
            24.4768894
          ],
          [
            9.5028118,
            24.4761661
          ],
          [
            9.5028988,
            24.4755042
          ],
          [
            9.5029972,
            24.4747903
          ],
          [
            9.5030304,
            24.4746132
          ],
          [
            9.5030726,
            24.4744385
          ],
          [
            9.5031196,
            24.4742667
          ],
          [
            9.5031777,
            24.4740945
          ],
          [
            9.5032507,
            24.4739257
          ],
          [
            9.5033382,
            24.4737627
          ],
          [
            9.5034366,
            24.4736056
          ],
          [
            9.503543,
            24.4734528
          ],
          [
            9.5036576,
            24.4733058
          ],
          [
            9.503784,
            24.4731623
          ],
          [
            9.503897,
            24.4730527
          ],
          [
            9.5040187,
            24.4729457
          ],
          [
            9.5041451,
            24.4728422
          ],
          [
            9.5042796,
            24.4727449
          ],
          [
            9.5044164,
            24.4726585
          ],
          [
            9.5045589,
            24.4725786
          ],
          [
            9.5047184,
            24.4724995
          ],
          [
            9.5048817,
            24.4724309
          ],
          [
            9.5050496,
            24.4723694
          ],
          [
            9.5052206,
            24.4723178
          ],
          [
            9.505394,
            24.4722777
          ],
          [
            9.505569,
            24.4722434
          ],
          [
            9.5057469,
            24.4722176
          ],
          [
            9.5059261,
            24.472202
          ],
          [
            9.506181,
            24.4721925
          ],
          [
            9.5064329,
            24.4721796
          ],
          [
            9.5066853,
            24.4721632
          ],
          [
            9.5069365,
            24.4721477
          ],
          [
            9.5071868,
            24.4721279
          ],
          [
            9.507437,
            24.472107
          ],
          [
            9.5076888,
            24.4720825
          ],
          [
            9.5079491,
            24.472041
          ],
          [
            9.5082057,
            24.4719833
          ],
          [
            9.5084573,
            24.4719098
          ],
          [
            9.5087029,
            24.4718209
          ],
          [
            9.5088675,
            24.4717509
          ],
          [
            9.5090283,
            24.471674
          ],
          [
            9.5091849,
            24.4715903
          ],
          [
            9.5093371,
            24.4715
          ],
          [
            9.5094844,
            24.4714033
          ],
          [
            9.5096265,
            24.4713004
          ],
          [
            9.5097632,
            24.4711915
          ],
          [
            9.5098941,
            24.4710769
          ],
          [
            9.5100189,
            24.4709567
          ],
          [
            9.5101374,
            24.4708314
          ],
          [
            9.5102493,
            24.4707012
          ],
          [
            9.5103543,
            24.4705663
          ],
          [
            9.5104523,
            24.470427
          ],
          [
            9.5105429,
            24.4702837
          ],
          [
            9.5106077,
            24.4701629
          ],
          [
            9.5106716,
            24.4700417
          ],
          [
            9.5107332,
            24.4699196
          ],
          [
            9.5107925,
            24.4697965
          ],
          [
            9.5108495,
            24.4696726
          ],
          [
            9.5109042,
            24.4695477
          ],
          [
            9.5109565,
            24.469422
          ],
          [
            9.5110065,
            24.4692956
          ],
          [
            9.511054,
            24.4691683
          ],
          [
            9.5110992,
            24.4690404
          ],
          [
            9.511142,
            24.4689117
          ],
          [
            9.5112167,
            24.4686887
          ],
          [
            9.5112465,
            24.4685948
          ],
          [
            9.5112735,
            24.4685002
          ],
          [
            9.5112979,
            24.468405
          ],
          [
            9.5113196,
            24.4683093
          ],
          [
            9.5113385,
            24.468213
          ]
        ]
      },
      "properties": {
        "highway": "trunk",
        "ref": "RN 3"
      }
    },
    {
      "type": "Feature",
      "geometry": {
        "type": "LineString",
        "coordinates": [
          [
            9.5113765,
            24.4681454
          ],
          [
            9.5114031,
            24.4681351
          ],
          [
            9.511432,
            24.4681337
          ],
          [
            9.5114597,
            24.4681413
          ],
          [
            9.5114828,
            24.4681572
          ],
          [
            9.5114986,
            24.4681792
          ],
          [
            9.5115052,
            24.4682049
          ],
          [
            9.5115017,
            24.4682311
          ],
          [
            9.511492,
            24.4682588
          ],
          [
            9.5114678,
            24.4682727
          ],
          [
            9.5114408,
            24.4682829
          ],
          [
            9.5114119,
            24.4682843
          ],
          [
            9.5113842,
            24.4682766
          ],
          [
            9.5113611,
            24.4682608
          ],
          [
            9.5113453,
            24.4682387
          ],
          [
            9.5113385,
            24.468213
          ],
          [
            9.5113422,
            24.4681869
          ],
          [
            9.5113553,
            24.4681634
          ],
          [
            9.5113765,
            24.4681454
          ]
        ]
      },
      "properties": {
        "highway": "trunk"
      }
    },
    {
      "type": "Feature",
      "geometry": {
        "type": "LineString",
        "coordinates": [
          [
            9.5114678,
            24.4682727
          ],
          [
            9.5114246,
            24.4683822
          ],
          [
            9.5113822,
            24.4684921
          ],
          [
            9.5113409,
            24.4686023
          ],
          [
            9.5113005,
            24.4687128
          ],
          [
            9.5112226,
            24.4689346
          ],
          [
            9.5111793,
            24.4690645
          ],
          [
            9.5111336,
            24.4691938
          ],
          [
            9.5110854,
            24.4693222
          ],
          [
            9.5110349,
            24.46945
          ],
          [
            9.5109819,
            24.4695769
          ],
          [
            9.5109265,
            24.4697029
          ],
          [
            9.5108688,
            24.4698281
          ],
          [
            9.5108088,
            24.4699524
          ],
          [
            9.5107464,
            24.4700757
          ],
          [
            9.5106817,
            24.470198
          ],
          [
            9.5106147,
            24.4703193
          ],
          [
            9.5105217,
            24.4704674
          ],
          [
            9.510421,
            24.4706113
          ],
          [
            9.5103129,
            24.4707507
          ],
          [
            9.5101975,
            24.4708852
          ],
          [
            9.5100753,
            24.4710145
          ],
          [
            9.5099464,
            24.4711384
          ],
          [
            9.5098111,
            24.4712565
          ],
          [
            9.5096698,
            24.4713686
          ],
          [
            9.5095228,
            24.4714744
          ],
          [
            9.5093704,
            24.4715738
          ],
          [
            9.509213,
            24.4716664
          ],
          [
            9.5090509,
            24.471752
          ],
          [
            9.5088844,
            24.4718305
          ],
          [
            9.5087141,
            24.4719017
          ],
          [
            9.5085402,
            24.4719654
          ],
          [
            9.5083632,
            24.4720215
          ],
          [
            9.5081834,
            24.4720698
          ],
          [
            9.5080013,
            24.4721103
          ],
          [
            9.5078173,
            24.4721428
          ],
          [
            9.5076317,
            24.4721672
          ],
          [
            9.5074452,
            24.4721836
          ],
          [
            9.5071941,
            24.4722052
          ],
          [
            9.5069427,
            24.4722239
          ],
          [
            9.5066911,
            24.4722393
          ],
          [
            9.5064382,
            24.4722558
          ],
          [
            9.5061851,
            24.4722688
          ],
          [
            9.5059318,
            24.4722782
          ],
          [
            9.5057575,
            24.4722933
          ],
          [
            9.5055845,
            24.4723184
          ],
          [
            9.5054132,
            24.472352
          ],
          [
            9.5052442,
            24.4723912
          ],
          [
            9.5050786,
            24.4724411
          ],
          [
            9.504917,
            24.4725008
          ],
          [
            9.50476,
            24.4725701
          ],
          [
            9.5045923,
            24.4726476
          ],
          [
            9.5044638,
            24.4727259
          ],
          [
            9.5043315,
            24.4728126
          ],
          [
            9.5042056,
            24.4729076
          ],
          [
            9.5040824,
            24.4730068
          ],
          [
            9.5039658,
            24.4731124
          ],
          [
            9.503857,
            24.4732247
          ],
          [
            9.503731,
            24.4733581
          ],
          [
            9.5036145,
            24.4734986
          ],
          [
            9.5035082,
            24.4736455
          ],
          [
            9.5034124,
            24.4737984
          ],
          [
            9.5033275,
            24.4739565
          ],
          [
            9.503257,
            24.4741197
          ],
          [
            9.5032004,
            24.4742871
          ],
          [
            9.5031543,
            24.4744559
          ],
          [
            9.5031128,
            24.4746278
          ],
          [
            9.5030802,
            24.474802
          ],
          [
            9.5029822,
            24.475513
          ],
          [
            9.502895,
            24.4761764
          ],
          [
            9.5027185,
            24.4772941
          ],
          [
            9.5027109,
            24.477349
          ],
          [
            9.5027068,
            24.477404
          ],
          [
            9.5027042,
            24.4774591
          ],
          [
            9.5027028,
            24.4775144
          ]
        ]
      },
      "properties": {
        "highway": "trunk",
        "ref": "RN 3"
      }
    },
    {
      "type": "Feature",
      "geometry": {
        "type": "LineString",
        "coordinates": [
          [
            9.5025912,
            24.4774972
          ],
          [
            9.5026134,
            24.4774856
          ],
          [
            9.5026385,
            24.4774814
          ],
          [
            9.5026638,
            24.4774853
          ],
          [
            9.5026861,
            24.4774967
          ],
          [
            9.5027028,
            24.4775144
          ],
          [
            9.5027073,
            24.4775225
          ],
          [
            9.5027126,
            24.4775399
          ],
          [
            9.5027127,
            24.4775579
          ],
          [
            9.5027076,
            24.4775752
          ],
          [
            9.5026976,
            24.4775908
          ],
          [
            9.5026886,
            24.4775995
          ],
          [
            9.502666,
            24.4776122
          ],
          [
            9.5026398,
            24.4776168
          ],
          [
            9.5026136,
            24.4776128
          ],
          [
            9.5025906,
            24.4776006
          ],
          [
            9.5025738,
            24.4775818
          ],
          [
            9.5025655,
            24.4775599
          ],
          [
            9.5025658,
            24.4775367
          ],
          [
            9.5025747,
            24.477515
          ],
          [
            9.5025912,
            24.4774972
          ]
        ]
      },
      "properties": {
        "highway": "trunk"
      }
    },
    {
      "type": "Feature",
      "geometry": {
        "type": "LineString",
        "coordinates": [
          [
            9.4982649,
            24.4952155
          ],
          [
            9.4983338,
            24.4952479
          ]
        ]
      },
      "properties": {
        "highway": "trunk_link"
      }
    },
    {
      "type": "Feature",
      "geometry": {
        "type": "LineString",
        "coordinates": [
          [
            9.4967939,
            24.4980587
          ],
          [
            9.4968816,
            24.4980951
          ]
        ]
      },
      "properties": {
        "highway": "trunk_link"
      }
    },
    {
      "type": "Feature",
      "geometry": {
        "type": "LineString",
        "coordinates": [
          [
            9.4940855,
            24.5050542
          ],
          [
            9.4941699,
            24.5050485
          ]
        ]
      },
      "properties": {
        "highway": "trunk_link"
      }
    },
    {
      "type": "Feature",
      "geometry": {
        "type": "LineString",
        "coordinates": [
          [
            9.4995526,
            24.490309
          ],
          [
            9.4996333,
            24.490292
          ]
        ]
      },
      "properties": {
        "highway": "trunk_link"
      }
    },
    {
      "type": "Feature",
      "geometry": {
        "type": "LineString",
        "coordinates": [
          [
            9.5016708,
            24.452893
          ],
          [
            9.5021217,
            24.4537936
          ],
          [
            9.502224,
            24.4539938
          ],
          [
            9.50233,
            24.4541923
          ],
          [
            9.5024396,
            24.4543892
          ],
          [
            9.5025529,
            24.4545843
          ],
          [
            9.5026697,
            24.4547777
          ],
          [
            9.5027902,
            24.4549693
          ],
          [
            9.5032475,
            24.4556917
          ],
          [
            9.5033201,
            24.4558108
          ],
          [
            9.5033904,
            24.455931
          ],
          [
            9.5034582,
            24.4560524
          ],
          [
            9.5035237,
            24.4561748
          ],
          [
            9.5035867,
            24.4562983
          ],
          [
            9.5037108,
            24.4565366
          ],
          [
            9.5038392,
            24.456773
          ],
          [
            9.5039719,
            24.4570074
          ],
          [
            9.5041087,
            24.4572398
          ],
          [
            9.5042497,
            24.4574702
          ],
          [
            9.5044358,
            24.4577914
          ],
          [
            9.5045007,
            24.457909
          ],
          [
            9.5045566,
            24.4580303
          ],
          [
            9.5046033,
            24.4581549
          ],
          [
            9.5046405,
            24.458282
          ],
          [
            9.5046681,
            24.4584112
          ],
          [
            9.5046859,
            24.4585417
          ],
          [
            9.5046939,
            24.4586731
          ],
          [
            9.504692,
            24.4588047
          ],
          [
            9.5046799,
            24.4589384
          ],
          [
            9.5046575,
            24.4590711
          ],
          [
            9.5046251,
            24.459202
          ],
          [
            9.5045814,
            24.4593306
          ],
          [
            9.5045286,
            24.4594561
          ],
          [
            9.5044664,
            24.4595781
          ],
          [
            9.5043976,
            24.4596958
          ],
          [
            9.5043198,
            24.4598193
          ],
          [
            9.5040496,
            24.4602799
          ],
          [
            9.5037843,
            24.4607525
          ],
          [
            9.5035165,
            24.4612297
          ],
          [
            9.503458,
            24.4613365
          ],
          [
            9.5034098,
            24.4614363
          ],
          [
            9.5033687,
            24.461539
          ],
          [
            9.5033403,
            24.4616438
          ],
          [
            9.5033213,
            24.4617503
          ],
          [
            9.5033115,
            24.4618542
          ],
          [
            9.5033101,
            24.4619585
          ],
          [
            9.5033172,
            24.4620626
          ],
          [
            9.5033326,
            24.462166
          ],
          [
            9.5033583,
            24.462268
          ],
          [
            9.5033915,
            24.4623682
          ],
          [
            9.5034327,
            24.4624657
          ],
          [
            9.5034815,
            24.4625626
          ],
          [
            9.5035383,
            24.4626559
          ],
          [
            9.5036026,
            24.462745
          ],
          [
            9.5036742,
            24.4628293
          ],
          [
            9.5037526,
            24.4629085
          ],
          [
            9.5038367,
            24.4629839
          ],
          [
            9.5039273,
            24.4630515
          ],
          [
            9.504024,
            24.4631125
          ],
          [
            9.5041248,
            24.4631668
          ],
          [
            9.5042298,
            24.4632139
          ],
          [
            9.5043385,
            24.4632479
          ],
          [
            9.5044488,
            24.4632767
          ],
          [
            9.5045602,
            24.463299
          ],
          [
            9.5046727,
            24.4633196
          ],
          [
            9.504786,
            24.4633361
          ],
          [
            9.5048999,
            24.4633498
          ],
          [
            9.5056187,
            24.4634334
          ],
          [
            9.5058651,
            24.4634575
          ],
          [
            9.506112,
            24.4634776
          ],
          [
            9.5063592,
            24.4634937
          ],
          [
            9.5066066,
            24.463506
          ],
          [
            9.5068543,
            24.4635142
          ],
          [
            9.5071021,
            24.4635185
          ],
          [
            9.5073499,
            24.4635189
          ],
          [
            9.5075977,
            24.4635153
          ],
          [
            9.5078454,
            24.4635077
          ],
          [
            9.5080929,
            24.4634962
          ],
          [
            9.5083212,
            24.4634829
          ],
          [
            9.5101626,
            24.4633435
          ],
          [
            9.5104922,
            24.4633253
          ],
          [
            9.5106256,
            24.4633216
          ],
          [
            9.510759,
            24.4633251
          ],
          [
            9.5108917,
            24.4633379
          ],
          [
            9.511023,
            24.4633599
          ],
          [
            9.5111521,
            24.4633909
          ],
          [
            9.5112609,
            24.4634249
          ],
          [
            9.511367,
            24.4634653
          ],
          [
            9.51147,
            24.4635119
          ],
          [
            9.5115694,
            24.4635647
          ],
          [
            9.5116647,
            24.4636233
          ],
          [
            9.511777,
            24.4637108
          ],
          [
            9.5118303,
            24.4637674
          ],
          [
            9.5118742,
            24.4638176
          ],
          [
            9.5119254,
            24.4638806
          ],
          [
            9.5119652,
            24.4639403
          ],
          [
            9.5120186,
            24.4640324
          ],
          [
            9.5120648,
            24.4641277
          ],
          [
            9.5121034,
            24.4642257
          ],
          [
            9.5121291,
            24.464326
          ],
          [
            9.5121472,
            24.4644333
          ],
          [
            9.5121615,
            24.4645419
          ],
          [
            9.512168,
            24.4646513
          ],
          [
            9.5121656,
            24.4647608
          ],
          [
            9.5121542,
            24.4648699
          ],
          [
            9.5118888,
            24.4660572
          ],
          [
            9.5118727,
            24.4661293
          ],
          [
            9.511778,
            24.466608
          ],
          [
            9.5115752,
            24.4676334
          ],
          [
            9.5115466,
            24.4677853
          ],
          [
            9.5115235,
            24.467938
          ],
          [
            9.5115094,
            24.4680585
          ],
          [
            9.5114986,
            24.4681792
          ]
        ]
      },
      "properties": {
        "highway": "trunk",
        "ref": "RN 3"
      }
    },
    {
      "type": "Feature",
      "geometry": {
        "type": "LineString",
        "coordinates": [
          [
            9.5113553,
            24.4681634
          ],
          [
            9.5113971,
            24.4680288
          ],
          [
            9.5114351,
            24.4678932
          ],
          [
            9.5114692,
            24.4677568
          ],
          [
            9.5114993,
            24.4676196
          ],
          [
            9.5117942,
            24.4661173
          ],
          [
            9.5118098,
            24.4660421
          ],
          [
            9.5120843,
            24.464861
          ],
          [
            9.5120952,
            24.4647565
          ],
          [
            9.5120975,
            24.4646526
          ],
          [
            9.5120913,
            24.4645486
          ],
          [
            9.5120776,
            24.4644447
          ],
          [
            9.5120543,
            24.4643417
          ],
          [
            9.5120296,
            24.4642476
          ],
          [
            9.5119935,
            24.464156
          ],
          [
            9.5119457,
            24.4640632
          ],
          [
            9.5118888,
            24.4639791
          ],
          [
            9.5118283,
            24.4638952
          ],
          [
            9.5117664,
            24.4638143
          ],
          [
            9.5116974,
            24.4637447
          ],
          [
            9.5116157,
            24.4636833
          ],
          [
            9.511526,
            24.4636282
          ],
          [
            9.5114315,
            24.463578
          ],
          [
            9.5113335,
            24.4635335
          ],
          [
            9.5112324,
            24.4634951
          ],
          [
            9.5111291,
            24.4634628
          ],
          [
            9.511006,
            24.4634332
          ],
          [
            9.5108797,
            24.4634147
          ],
          [
            9.5107534,
            24.4634026
          ],
          [
            9.5106256,
            24.4633992
          ],
          [
            9.510496,
            24.4634016
          ],
          [
            9.5101681,
            24.4634197
          ],
          [
            9.5080985,
            24.4635724
          ],
          [
            9.507849,
            24.463584
          ],
          [
            9.5075998,
            24.4635916
          ],
          [
            9.5073505,
            24.4635952
          ],
          [
            9.5071012,
            24.4635949
          ],
          [
            9.506852,
            24.4635906
          ],
          [
            9.5066028,
            24.4635822
          ],
          [
            9.5063539,
            24.46357
          ],
          [
            9.5061052,
            24.4635537
          ],
          [
            9.5058569,
            24.4635335
          ],
          [
            9.5056089,
            24.4635093
          ],
          [
            9.5048891,
            24.4634225
          ],
          [
            9.5047738,
            24.4634086
          ],
          [
            9.5046578,
            24.4633917
          ],
          [
            9.504542,
            24.4633705
          ],
          [
            9.5044272,
            24.463345
          ],
          [
            9.5043135,
            24.4633153
          ],
          [
            9.5041978,
            24.463278
          ],
          [
            9.5040848,
            24.4632322
          ],
          [
            9.5039786,
            24.4631749
          ],
          [
            9.5038773,
            24.4631106
          ],
          [
            9.5037818,
            24.4630394
          ],
          [
            9.5036924,
            24.4629618
          ],
          [
            9.5036097,
            24.4628783
          ],
          [
            9.5035343,
            24.4627893
          ],
          [
            9.5034577,
            24.4626905
          ],
          [
            9.5033939,
            24.4625934
          ],
          [
            9.5033406,
            24.4624954
          ],
          [
            9.5032946,
            24.462393
          ],
          [
            9.5032597,
            24.4622876
          ],
          [
            9.5032325,
            24.4621797
          ],
          [
            9.5032162,
            24.4620701
          ],
          [
            9.5032048,
            24.4619604
          ],
          [
            9.5032022,
            24.4618505
          ],
          [
            9.5032126,
            24.4617409
          ],
          [
            9.5032325,
            24.4616285
          ],
          [
            9.5032709,
            24.4615167
          ],
          [
            9.5033252,
            24.4614042
          ],
          [
            9.5033794,
            24.4613041
          ],
          [
            9.5034418,
            24.4611949
          ],
          [
            9.504324,
            24.4596603
          ],
          [
            9.5043912,
            24.4595442
          ],
          [
            9.5044513,
            24.4594263
          ],
          [
            9.5045021,
            24.4593056
          ],
          [
            9.5045453,
            24.4591823
          ],
          [
            9.5045791,
            24.4590569
          ],
          [
            9.5046005,
            24.4589295
          ],
          [
            9.5046121,
            24.458801
          ],
          [
            9.504614,
            24.4586747
          ],
          [
            9.5046023,
            24.4585485
          ],
          [
            9.5045852,
            24.4584232
          ],
          [
            9.5045587,
            24.4582991
          ],
          [
            9.5045229,
            24.458177
          ],
          [
            9.5044781,
            24.4580575
          ],
          [
            9.5044244,
            24.4579409
          ],
          [
            9.5043612,
            24.4578264
          ],
          [
            9.5041712,
            24.4575066
          ],
          [
            9.5040297,
            24.4572765
          ],
          [
            9.5038882,
            24.4570429
          ],
          [
            9.5037496,
            24.4568123
          ],
          [
            9.5036111,
            24.4565748
          ],
          [
            9.5034718,
            24.456339
          ],
          [
            9.5034036,
            24.4562198
          ],
          [
            9.5033281,
            24.4560888
          ],
          [
            9.5032596,
            24.4559687
          ],
          [
            9.5031901,
            24.4558497
          ],
          [
            9.5031208,
            24.4557318
          ],
          [
            9.5027027,
            24.4550146
          ],
          [
            9.5025818,
            24.4548224
          ],
          [
            9.5024643,
            24.4546279
          ],
          [
            9.5023503,
            24.4544316
          ],
          [
            9.5022401,
            24.4542336
          ],
          [
            9.5021335,
            24.4540339
          ],
          [
            9.5020308,
            24.4538329
          ],
          [
            9.501594,
            24.4529238
          ]
        ]
      },
      "properties": {
        "highway": "trunk",
        "ref": "RN 3"
      }
    },
    {
      "type": "Feature",
      "geometry": {
        "type": "LineString",
        "coordinates": [
          [
            9.4608413,
            24.4939839
          ],
          [
            9.4608516,
            24.4940545
          ],
          [
            9.4608703,
            24.4941237
          ],
          [
            9.4608973,
            24.4941905
          ],
          [
            9.460932,
            24.4942543
          ],
          [
            9.4609743,
            24.4943143
          ]
        ]
      },
      "properties": {
        "highway": "trunk_link"
      }
    },
    {
      "type": "Feature",
      "geometry": {
        "type": "LineString",
        "coordinates": [
          [
            9.460976,
            24.4937335
          ],
          [
            9.4609568,
            24.4937786
          ],
          [
            9.4609355,
            24.493823
          ],
          [
            9.46091,
            24.4938609
          ],
          [
            9.4608633,
            24.4939402
          ],
          [
            9.4608413,
            24.4939839
          ],
          [
            9.460811,
            24.4940524
          ],
          [
            9.4607727,
            24.4941591
          ]
        ]
      },
      "properties": {
        "highway": "secondary"
      }
    },
    {
      "type": "Feature",
      "geometry": {
        "type": "LineString",
        "coordinates": [
          [
            9.4605978,
            24.4940766
          ],
          [
            9.4606425,
            24.4940364
          ],
          [
            9.4606774,
            24.4940132
          ],
          [
            9.4607076,
            24.4939882
          ],
          [
            9.4607402,
            24.4939657
          ],
          [
            9.4607778,
            24.493938
          ],
          [
            9.4608125,
            24.493909
          ],
          [
            9.4608437,
            24.4938769
          ],
          [
            9.4608714,
            24.4938421
          ],
          [
            9.4609052,
            24.4938051
          ],
          [
            9.4609401,
            24.4937689
          ],
          [
            9.460976,
            24.4937335
          ]
        ]
      },
      "properties": {
        "highway": "secondary"
      }
    },
    {
      "type": "Feature",
      "geometry": {
        "type": "LineString",
        "coordinates": [
          [
            9.4812428,
            24.5602422
          ],
          [
            9.4810972,
            24.5601479
          ],
          [
            9.4810897,
            24.560142
          ],
          [
            9.4810831,
            24.5601353
          ],
          [
            9.4810776,
            24.5601278
          ],
          [
            9.4810677,
            24.5601068
          ]
        ]
      },
      "properties": {
        "highway": "secondary"
      }
    },
    {
      "type": "Feature",
      "geometry": {
        "type": "LineString",
        "coordinates": [
          [
            9.4581313,
            24.5652619
          ],
          [
            9.4581313,
            24.56525
          ],
          [
            9.4581327,
            24.5652382
          ],
          [
            9.4581356,
            24.5652266
          ],
          [
            9.4581399,
            24.5652154
          ],
          [
            9.458243,
            24.5651012
          ]
        ]
      },
      "properties": {
        "highway": "primary"
      }
    },
    {
      "type": "Feature",
      "geometry": {
        "type": "LineString",
        "coordinates": [
          [
            9.4582911,
            24.565143
          ],
          [
            9.4581858,
            24.5652429
          ],
          [
            9.4581733,
            24.5652501
          ],
          [
            9.4581599,
            24.5652557
          ],
          [
            9.4581459,
            24.5652597
          ],
          [
            9.4581313,
            24.5652619
          ]
        ]
      },
      "properties": {
        "highway": "primary"
      }
    },
    {
      "type": "Feature",
      "geometry": {
        "type": "LineString",
        "coordinates": [
          [
            9.4581199,
            24.5652756
          ],
          [
            9.45813,
            24.5652999
          ],
          [
            9.4581465,
            24.5653309
          ],
          [
            9.4581608,
            24.5653516
          ],
          [
            9.4581798,
            24.5653736
          ],
          [
            9.4583045,
            24.565502
          ],
          [
            9.4583179,
            24.5655139
          ],
          [
            9.458332,
            24.5655282
          ],
          [
            9.4583605,
            24.565566
          ]
        ]
      },
      "properties": {
        "highway": "primary"
      }
    },
    {
      "type": "Feature",
      "geometry": {
        "type": "LineString",
        "coordinates": [
          [
            9.5237929,
            24.4669405
          ],
          [
            9.5216871,
            24.4666918
          ],
          [
            9.5213378,
            24.4666578
          ],
          [
            9.5181046,
            24.4666421
          ],
          [
            9.5178558,
            24.4666408
          ],
          [
            9.5177804,
            24.4666454
          ],
          [
            9.5176864,
            24.4666512
          ],
          [
            9.5175775,
            24.4666578
          ],
          [
            9.5165315,
            24.466565
          ],
          [
            9.515934,
            24.4665083
          ],
          [
            9.5149507,
            24.4664151
          ],
          [
            9.5144282,
            24.4663687
          ],
          [
            9.5140451,
            24.4663379
          ],
          [
            9.5118727,
            24.4661293
          ],
          [
            9.5117942,
            24.4661173
          ]
        ]
      },
      "properties": {
        "highway": "tertiary"
      }
    },
    {
      "type": "Feature",
      "geometry": {
        "type": "LineString",
        "coordinates": [
          [
            9.5175741,
            24.4625915
          ],
          [
            9.5176686,
            24.4627426
          ],
          [
            9.51769,
            24.4632747
          ],
          [
            9.5177322,
            24.4648083
          ],
          [
            9.5177577,
            24.4657358
          ],
          [
            9.5177808,
            24.4665766
          ],
          [
            9.5177804,
            24.4666454
          ],
          [
            9.5177799,
            24.467478
          ],
          [
            9.5177773,
            24.4719661
          ]
        ]
      },
      "properties": {
        "highway": "tertiary"
      }
    },
    {
      "type": "Feature",
      "geometry": {
        "type": "LineString",
        "coordinates": [
          [
            9.517664,
            24.4719653
          ],
          [
            9.5176742,
            24.4705495
          ],
          [
            9.5176792,
            24.4698657
          ],
          [
            9.5176833,
            24.4692987
          ],
          [
            9.5176878,
            24.4686828
          ],
          [
            9.5176828,
            24.4675005
          ],
          [
            9.5176864,
            24.4666512
          ],
          [
            9.5176873,
            24.4665764
          ],
          [
            9.5176633,
            24.4657314
          ],
          [
            9.5176298,
            24.4645528
          ],
          [
            9.5175936,
            24.463276
          ],
          [
            9.5175741,
            24.4625915
          ]
        ]
      },
      "properties": {
        "highway": "tertiary"
      }
    },
    {
      "type": "Feature",
      "geometry": {
        "type": "LineString",
        "coordinates": [
          [
            9.5118098,
            24.4660421
          ],
          [
            9.5118888,
            24.4660572
          ],
          [
            9.5127119,
            24.4661296
          ],
          [
            9.514049,
            24.4662589
          ],
          [
            9.5144293,
            24.4662891
          ],
          [
            9.5149517,
            24.4663398
          ],
          [
            9.5165291,
            24.4664831
          ],
          [
            9.5175793,
            24.4665762
          ],
          [
            9.5176873,
            24.4665764
          ],
          [
            9.5177808,
            24.4665766
          ],
          [
            9.518094,
            24.4665771
          ],
          [
            9.5211592,
            24.466582
          ],
          [
            9.5213446,
            24.4665823
          ],
          [
            9.5216945,
            24.4666187
          ],
          [
            9.5237952,
            24.466878
          ]
        ]
      },
      "properties": {
        "highway": "tertiary"
      }
    },
    {
      "type": "Feature",
      "geometry": {
        "type": "LineString",
        "coordinates": [
          [
            9.4907084,
            24.5265393
          ],
          [
            9.4906173,
            24.5265246
          ]
        ]
      },
      "properties": {
        "highway": "trunk_link"
      }
    },
    {
      "type": "Feature",
      "geometry": {
        "type": "LineString",
        "coordinates": [
          [
            9.4911534,
            24.5135716
          ],
          [
            9.4912978,
            24.5136091
          ],
          [
            9.4914413,
            24.5136484
          ],
          [
            9.4915844,
            24.5136889
          ],
          [
            9.4917269,
            24.5137303
          ]
        ]
      },
      "properties": {
        "highway": "trunk",
        "maxspeed": "30",
        "ref": "RN 3"
      }
    },
    {
      "type": "Feature",
      "geometry": {
        "type": "LineString",
        "coordinates": [
          [
            9.4916275,
            24.5139428
          ],
          [
            9.4915115,
            24.5138475
          ],
          [
            9.4913936,
            24.513754
          ],
          [
            9.4912742,
            24.513662
          ],
          [
            9.4911534,
            24.5135716
          ]
        ]
      },
      "properties": {
        "highway": "trunk",
        "maxspeed": "40",
        "ref": "RN 3"
      }
    },
    {
      "type": "Feature",
      "geometry": {
        "type": "LineString",
        "coordinates": [
          [
            9.4844882,
            24.5545546
          ],
          [
            9.4845141,
            24.5544513
          ],
          [
            9.4845823,
            24.5541647
          ]
        ]
      },
      "properties": {
        "highway": "secondary"
      }
    },
    {
      "type": "Feature",
      "geometry": {
        "type": "LineString",
        "coordinates": [
          [
            9.4844662,
            24.55466
          ],
          [
            9.4844882,
            24.5545546
          ]
        ]
      },
      "properties": {
        "highway": "secondary"
      }
    },
    {
      "type": "Feature",
      "geometry": {
        "type": "LineString",
        "coordinates": [
          [
            9.4854665,
            24.5543393
          ],
          [
            9.4854675,
            24.5543655
          ],
          [
            9.4854605,
            24.5544013
          ],
          [
            9.485447,
            24.554443
          ],
          [
            9.4853144,
            24.554763
          ],
          [
            9.4852116,
            24.5550109
          ]
        ]
      },
      "properties": {
        "highway": "primary",
        "maxspeed": "40"
      }
    },
    {
      "type": "Feature",
      "geometry": {
        "type": "LineString",
        "coordinates": [
          [
            9.4854382,
            24.5542441
          ],
          [
            9.4854665,
            24.5543393
          ]
        ]
      },
      "properties": {
        "highway": "primary",
        "maxspeed": "40"
      }
    },
    {
      "type": "Feature",
      "geometry": {
        "type": "LineString",
        "coordinates": [
          [
            9.4847987,
            24.554543
          ],
          [
            9.4847625,
            24.5544747
          ]
        ]
      },
      "properties": {
        "highway": "primary"
      }
    },
    {
      "type": "Feature",
      "geometry": {
        "type": "LineString",
        "coordinates": [
          [
            9.4850624,
            24.555007
          ],
          [
            9.4848502,
            24.5546222
          ],
          [
            9.4847987,
            24.554543
          ]
        ]
      },
      "properties": {
        "highway": "primary"
      }
    }
  ]
}