{
  "type": "FeatureCollection",
  "features": [
    {
      "type": "Feature",
      "geometry": {
        "type": "LineString",
        "coordinates": [
          [
            -8.1636547,
            27.7071882
          ],
          [
            -8.163726,
            27.7070451
          ],
          [
            -8.1637567,
            27.7070033
          ],
          [
            -8.1638088,
            27.7069644
          ],
          [
            -8.1638793,
            27.706928
          ],
          [
            -8.1642941,
            27.7068239
          ],
          [
            -8.1650485,
            27.7066566
          ],
          [
            -8.166842,
            27.7062634
          ],
          [
            -8.1668712,
            27.7062521
          ],
          [
            -8.1668951,
            27.7062335
          ],
          [
            -8.1669114,
            27.7062092
          ],
          [
            -8.1669185,
            27.7061817
          ],
          [
            -8.1669158,
            27.7061536
          ],
          [
            -8.1667556,
            27.7055946
          ],
          [
            -8.1666163,
            27.705074
          ]
        ]
      },
      "properties": {
        "name": "طريق المطار",
        "highway": "tertiary"
      }
    },
    {
      "type": "Feature",
      "geometry": {
        "type": "LineString",
        "coordinates": [
          [
            -8.1496125,
            27.6775588
          ],
          [
            -8.1496815,
            27.6777028
          ],
          [
            -8.1497503,
            27.6778787
          ],
          [
            -8.149805,
            27.6780449
          ],
          [
            -8.1498382,
            27.6781457
          ],
          [
            -8.1500128,
            27.6785615
          ],
          [
            -8.1500679,
            27.6786629
          ],
          [
            -8.1515949,
            27.6813789
          ],
          [
            -8.1519957,
            27.6820552
          ],
          [
            -8.1531373,
            27.6839947
          ],
          [
            -8.1532893,
            27.6843011
          ],
          [
            -8.1533521,
            27.684439
          ],
          [
            -8.1534071,
            27.6845993
          ],
          [
            -8.1535117,
            27.6850435
          ],
          [
            -8.1535412,
            27.6851705
          ],
          [
            -8.1535864,
            27.6854108
          ],
          [
            -8.1536237,
            27.6858024
          ],
          [
            -8.1535619,
            27.6867242
          ],
          [
            -8.153353,
            27.6896785
          ],
          [
            -8.1531448,
            27.6923846
          ],
          [
            -8.1530108,
            27.6933405
          ],
          [
            -8.1528728,
            27.6938115
          ],
          [
            -8.1527714,
            27.6940472
          ],
          [
            -8.1526903,
            27.6942313
          ],
          [
            -8.1526199,
            27.6943643
          ],
          [
            -8.1525032,
            27.6945602
          ],
          [
            -8.1522429,
            27.6949325
          ],
          [
            -8.1511397,
            27.6964862
          ],
          [
            -8.1510527,
            27.6966082
          ],
          [
            -8.1495743,
            27.698759
          ],
          [
            -8.1492497,
            27.6992221
          ],
          [
            -8.1482207,
            27.7007049
          ],
          [
            -8.1478268,
            27.7014607
          ],
          [
            -8.1474186,
            27.7025171
          ],
          [
            -8.147163,
            27.7033564
          ],
          [
            -8.1470101,
            27.7039752
          ],
          [
            -8.1469162,
            27.704386
          ],
          [
            -8.146892,
            27.7045202
          ],
          [
            -8.1467557,
            27.7056203
          ],
          [
            -8.1467291,
            27.7067232
          ],
          [
            -8.14685,
            27.7079543
          ],
          [
            -8.1475622,
            27.7118882
          ],
          [
            -8.1477705,
            27.7130106
          ],
          [
            -8.1479738,
            27.7142387
          ],
          [
            -8.1480467,
            27.7146253
          ],
          [
            -8.1480567,
            27.7147147
          ],
          [
            -8.1480625,
            27.7148024
          ]
        ]
      },
      "properties": {
        "highway": "primary",
        "ref": "RN 50"
      }
    },
    {
      "type": "Feature",
      "geometry": {
        "type": "LineString",
        "coordinates": [
          [
            -8.0906078,
            27.5637584
          ],
          [
            -8.090442,
            27.5634797
          ],
          [
            -8.0899694,
            27.5627098
          ],
          [
            -8.0896305,
            27.5619596
          ],
          [
            -8.0893924,
            27.5612387
          ],
          [
            -8.0892346,
            27.5604949
          ],
          [
            -8.0891767,
            27.5597749
          ],
          [
            -8.0891935,
            27.5591189
          ],
          [
            -8.0893123,
            27.5582903
          ],
          [
            -8.0895672,
            27.5573659
          ],
          [
            -8.0920198,
            27.5516677
          ],
          [
            -8.0937129,
            27.5477062
          ],
          [
            -8.094024,
            27.5468706
          ],
          [
            -8.0942082,
            27.5461022
          ],
          [
            -8.0943202,
            27.5452833
          ],
          [
            -8.0943553,
            27.5444153
          ],
          [
            -8.0941567,
            27.5418254
          ],
          [
            -8.0933997,
            27.5332221
          ],
          [
            -8.0931152,
            27.5258766
          ],
          [
            -8.0928619,
            27.5181551
          ],
          [
            -8.0926224,
            27.5118528
          ],
          [
            -8.0923574,
            27.5049484
          ],
          [
            -8.0923198,
            27.504398
          ],
          [
            -8.0922388,
            27.5039321
          ],
          [
            -8.0920845,
            27.5032755
          ],
          [
            -8.0918413,
            27.5025692
          ],
          [
            -8.0915159,
            27.501825
          ],
          [
            -8.0906636,
            27.5003078
          ],
          [
            -8.0896261,
            27.4984925
          ],
          [
            -8.088373,
            27.4962853
          ],
          [
            -8.0881109,
            27.4956891
          ]
        ]
      },
      "properties": {
        "name": "طريق تندوف - شناشن",
        "highway": "primary",
        "ref": "RN 50"
      }
    },
    {
      "type": "Feature",
      "geometry": {
        "type": "LineString",
        "coordinates": [
          [
            -8.1636547,
            27.7071882
          ],
          [
            -8.1627486,
            27.7109399
          ],
          [
            -8.1625205,
            27.7118176
          ],
          [
            -8.1624714,
            27.7119538
          ],
          [
            -8.1624071,
            27.7121222
          ],
          [
            -8.1623148,
            27.712314
          ],
          [
            -8.1621679,
            27.7125608
          ],
          [
            -8.1620788,
            27.7126854
          ],
          [
            -8.1619147,
            27.7128638
          ],
          [
            -8.1618521,
            27.712937
          ],
          [
            -8.1617325,
            27.7130746
          ],
          [
            -8.1613063,
            27.7134018
          ],
          [
            -8.1609423,
            27.7135922
          ],
          [
            -8.1605733,
            27.7137269
          ],
          [
            -8.1602319,
            27.7138038
          ],
          [
            -8.1595779,
            27.7138807
          ],
          [
            -8.1588185,
            27.7139355
          ],
          [
            -8.1572896,
            27.7140709
          ],
          [
            -8.1543928,
            27.7143439
          ],
          [
            -8.1510642,
            27.7146455
          ],
          [
            -8.1497794,
            27.7147618
          ],
          [
            -8.1487606,
            27.714865
          ],
          [
            -8.148603,
            27.714881
          ]
        ]
      },
      "properties": {
        "name": "طريق المطار",
        "highway": "tertiary"
      }
    },
    {
      "type": "Feature",
      "geometry": {
        "type": "LineString",
        "coordinates": [
          [
            -8.1512699,
            27.6751157
          ],
          [
            -8.1511639,
            27.6752534
          ],
          [
            -8.1505889,
            27.6760002
          ],
          [
            -8.1501123,
            27.6765968
          ],
          [
            -8.1495987,
            27.6773005
          ]
        ]
      },
      "properties": {
        "highway": "primary",
        "ref": "RN 50"
      }
    },
    {
      "type": "Feature",
      "geometry": {
        "type": "LineString",
        "coordinates": [
          [
            -8.1513035,
            27.6751509
          ],
          [
            -8.15135,
            27.6751718
          ],
          [
            -8.151402,
            27.6751749
          ],
          [
            -8.1514524,
            27.6751593
          ],
          [
            -8.1514916,
            27.6751271
          ],
          [
            -8.151513,
            27.6750838
          ],
          [
            -8.1515136,
            27.6750382
          ],
          [
            -8.1514943,
            27.6749959
          ],
          [
            -8.1514597,
            27.6749645
          ],
          [
            -8.1514144,
            27.6749467
          ],
          [
            -8.1513649,
            27.674945
          ],
          [
            -8.1513151,
            27.6749614
          ],
          [
            -8.1512768,
            27.674994
          ],
          [
            -8.1512561,
            27.6750373
          ],
          [
            -8.1512552,
            27.6750776
          ],
          [
            -8.1512699,
            27.6751157
          ],
          [
            -8.1513035,
            27.6751509
          ]
        ]
      },
      "properties": {
        "highway": "primary"
      }
    },
    {
      "type": "Feature",
      "geometry": {
        "type": "LineString",
        "coordinates": [
          [
            -8.1358917,
            27.6774402
          ],
          [
            -8.1359239,
            27.6773491
          ],
          [
            -8.1359714,
            27.6772147
          ],
          [
            -8.1359763,
            27.6771407
          ],
          [
            -8.1359169,
            27.676587
          ],
          [
            -8.1358342,
            27.675816
          ],
          [
            -8.1358045,
            27.6756367
          ],
          [
            -8.1356813,
            27.67507
          ],
          [
            -8.1356007,
            27.674803
          ],
          [
            -8.1355098,
            27.6744968
          ],
          [
            -8.1353353,
            27.673909
          ],
          [
            -8.1352707,
            27.6737093
          ],
          [
            -8.1352486,
            27.6736392
          ],
          [
            -8.1351897,
            27.6734438
          ],
          [
            -8.1350943,
            27.6731481
          ],
          [
            -8.135034,
            27.6729818
          ],
          [
            -8.1349723,
            27.672793
          ],
          [
            -8.1348905,
            27.6725198
          ],
          [
            -8.1347121,
            27.6720032
          ],
          [
            -8.1345446,
            27.6713543
          ],
          [
            -8.1345512,
            27.6712798
          ],
          [
            -8.1345673,
            27.67123
          ],
          [
            -8.1345874,
            27.6711765
          ],
          [
            -8.1346183,
            27.6711231
          ],
          [
            -8.1347251,
            27.6710287
          ],
          [
            -8.1350081,
            27.6708065
          ],
          [
            -8.1351487,
            27.6707047
          ],
          [
            -8.1356169,
            27.670426
          ]
        ]
      },
      "properties": {
        "name": "شارع 1 مايو",
        "highway": "secondary"
      }
    },
    {
      "type": "Feature",
      "geometry": {
        "type": "LineString",
        "coordinates": [
          [
            -8.1498239,
            27.677409
          ],
          [
            -8.1499158,
            27.6771702
          ],
          [
            -8.1500745,
            27.676913
          ],
          [
            -8.1502569,
            27.6766518
          ],
          [
            -8.1509697,
            27.6756771
          ],
          [
            -8.151402,
            27.6751749
          ]
        ]
      },
      "properties": {
        "highway": "primary",
        "ref": "RN 50"
      }
    },
    {
      "type": "Feature",
      "geometry": {
        "type": "LineString",
        "coordinates": [
          [
            -8.1356054,
            27.6780565
          ],
          [
            -8.1356406,
            27.6780669
          ],
          [
            -8.1356777,
            27.6780687
          ],
          [
            -8.135714,
            27.6780618
          ],
          [
            -8.135747,
            27.6780468
          ],
          [
            -8.1357744,
            27.6780246
          ],
          [
            -8.1357942,
            27.6779968
          ],
          [
            -8.1358051,
            27.6779654
          ],
          [
            -8.1358053,
            27.6779256
          ],
          [
            -8.1357913,
            27.6778879
          ],
          [
            -8.1357655,
            27.6778568
          ],
          [
            -8.1357302,
            27.6778343
          ],
          [
            -8.1356888,
            27.6778224
          ],
          [
            -8.1356453,
            27.6778223
          ],
          [
            -8.1356039,
            27.6778341
          ],
          [
            -8.1355685,
            27.6778566
          ],
          [
            -8.1355406,
            27.6778911
          ],
          [
            -8.1355276,
            27.677931
          ],
          [
            -8.1355302,
            27.6779724
          ],
          [
            -8.135548,
            27.6780108
          ],
          [
            -8.1355792,
            27.6780418
          ],
          [
            -8.1356054,
            27.6780565
          ]
        ]
      },
      "properties": {
        "highway": "secondary"
      }
    },
    {
      "type": "Feature",
      "geometry": {
        "type": "LineString",
        "coordinates": [
          [
            -8.1356054,
            27.6780565
          ],
          [
            -8.1357539,
            27.6781558
          ],
          [
            -8.1358057,
            27.6782119
          ],
          [
            -8.1359118,
            27.6783267
          ],
          [
            -8.1361793,
            27.6787014
          ],
          [
            -8.1363308,
            27.6788988
          ],
          [
            -8.1365401,
            27.6791197
          ],
          [
            -8.1367076,
            27.6792375
          ],
          [
            -8.1370094,
            27.6793881
          ],
          [
            -8.1372953,
            27.6795103
          ],
          [
            -8.1377048,
            27.6796836
          ],
          [
            -8.1380877,
            27.6798418
          ],
          [
            -8.1383103,
            27.679932
          ],
          [
            -8.1388736,
            27.6801624
          ],
          [
            -8.1399706,
            27.6805947
          ],
          [
            -8.1407504,
            27.6808837
          ],
          [
            -8.1411924,
            27.6809708
          ],
          [
            -8.1422895,
            27.6810673
          ],
          [
            -8.1429255,
            27.6811148
          ],
          [
            -8.1435312,
            27.6811184
          ],
          [
            -8.1437673,
            27.6811018
          ],
          [
            -8.1439711,
            27.6810626
          ],
          [
            -8.1443563,
            27.6809427
          ],
          [
            -8.1447971,
            27.6807545
          ],
          [
            -8.1456099,
            27.6803109
          ],
          [
            -8.1464636,
            27.6798339
          ],
          [
            -8.1469107,
            27.6795303
          ],
          [
            -8.1475593,
            27.6789968
          ],
          [
            -8.1480429,
            27.6785756
          ],
          [
            -8.1483516,
            27.6782536
          ],
          [
            -8.1486006,
            27.6780179
          ],
          [
            -8.1489205,
            27.6777579
          ],
          [
            -8.1490928,
            27.6776446
          ],
          [
            -8.1492566,
            27.6775712
          ],
          [
            -8.1493587,
            27.6775502
          ],
          [
            -8.149414,
            27.6775451
          ],
          [
            -8.1495869,
            27.6775482
          ]
        ]
      },
      "properties": {
        "name": "شارع الطيب بولحروف",
        "highway": "secondary"
      }
    },
    {
      "type": "Feature",
      "geometry": {
        "type": "LineString",
        "coordinates": [
          [
            -8.1358463,
            27.6702623
          ],
          [
            -8.1358897,
            27.6702854
          ],
          [
            -8.1359392,
            27.6702944
          ],
          [
            -8.1359897,
            27.6702883
          ],
          [
            -8.1360351,
            27.6702677
          ],
          [
            -8.1360652,
            27.670241
          ],
          [
            -8.1360858,
            27.6702078
          ],
          [
            -8.136095,
            27.6701709
          ],
          [
            -8.1360921,
            27.6701332
          ],
          [
            -8.1360775,
            27.6700977
          ],
          [
            -8.1360528,
            27.6700678
          ],
          [
            -8.1360199,
            27.6700451
          ],
          [
            -8.1359813,
            27.6700313
          ],
          [
            -8.1359398,
            27.6700273
          ],
          [
            -8.1359016,
            27.6700327
          ],
          [
            -8.1358662,
            27.6700466
          ],
          [
            -8.135836,
            27.670068
          ],
          [
            -8.1358129,
            27.6700955
          ],
          [
            -8.1358017,
            27.6701176
          ],
          [
            -8.1357953,
            27.6701411
          ],
          [
            -8.1357963,
            27.6701859
          ],
          [
            -8.1358139,
            27.6702279
          ],
          [
            -8.1358463,
            27.6702623
          ]
        ]
      },
      "properties": {
        "highway": "secondary"
      }
    },
    {
      "type": "Feature",
      "geometry": {
        "type": "LineString",
        "coordinates": [
          [
            -8.1356169,
            27.670426
          ],
          [
            -8.1356752,
            27.6704108
          ],
          [
            -8.1357683,
            27.6703717
          ],
          [
            -8.1359392,
            27.6702944
          ]
        ]
      },
      "properties": {
        "name": "شارع 1 مايو",
        "highway": "secondary"
      }
    },
    {
      "type": "Feature",
      "geometry": {
        "type": "LineString",
        "coordinates": [
          [
            -8.1388421,
            27.6707173
          ],
          [
            -8.1386879,
            27.6704465
          ],
          [
            -8.1385996,
            27.6703011
          ]
        ]
      },
      "properties": {
        "highway": "secondary"
      }
    },
    {
      "type": "Feature",
      "geometry": {
        "type": "LineString",
        "coordinates": [
          [
            -8.1363758,
            27.6702956
          ],
          [
            -8.1365146,
            27.670313
          ],
          [
            -8.1371181,
            27.6703689
          ],
          [
            -8.1378664,
            27.6704841
          ],
          [
            -8.1381756,
            27.6705213
          ]
        ]
      },
      "properties": {
        "highway": "secondary"
      }
    },
    {
      "type": "Feature",
      "geometry": {
        "type": "LineString",
        "coordinates": [
          [
            -8.1356973,
            27.6699899
          ],
          [
            -8.1357683,
            27.6700545
          ],
          [
            -8.1358129,
            27.6700955
          ]
        ]
      },
      "properties": {
        "highway": "secondary"
      }
    },
    {
      "type": "Feature",
      "geometry": {
        "type": "LineString",
        "coordinates": [
          [
            -8.1362819,
            27.6701579
          ],
          [
            -8.1360775,
            27.6700977
          ]
        ]
      },
      "properties": {
        "highway": "secondary"
      }
    },
    {
      "type": "Feature",
      "geometry": {
        "type": "LineString",
        "coordinates": [
          [
            -8.1384285,
            27.6704713
          ],
          [
            -8.138468,
            27.6704641
          ],
          [
            -8.1385049,
            27.6704497
          ],
          [
            -8.1385375,
            27.6704287
          ],
          [
            -8.1385644,
            27.670402
          ],
          [
            -8.1385842,
            27.6703709
          ],
          [
            -8.1385961,
            27.6703367
          ],
          [
            -8.1385996,
            27.6703011
          ],
          [
            -8.138596,
            27.670272
          ],
          [
            -8.1385763,
            27.6702241
          ],
          [
            -8.1385412,
            27.6701836
          ],
          [
            -8.138494,
            27.6701544
          ],
          [
            -8.138439,
            27.6701391
          ],
          [
            -8.1383814,
            27.6701392
          ],
          [
            -8.1383338,
            27.6701517
          ],
          [
            -8.1382915,
            27.6701747
          ],
          [
            -8.1382574,
            27.6702066
          ],
          [
            -8.1382317,
            27.6702506
          ],
          [
            -8.1382217,
            27.6702993
          ],
          [
            -8.1382282,
            27.6703485
          ],
          [
            -8.1382507,
            27.6703939
          ],
          [
            -8.1382871,
            27.6704314
          ],
          [
            -8.1383344,
            27.6704578
          ],
          [
            -8.1383884,
            27.6704709
          ],
          [
            -8.1384285,
            27.6704713
          ]
        ]
      },
      "properties": {
        "highway": "secondary"
      }
    },
    {
      "type": "Feature",
      "geometry": {
        "type": "LineString",
        "coordinates": [
          [
            -8.1381756,
            27.6705213
          ],
          [
            -8.138252,
            27.6705142
          ],
          [
            -8.1383884,
            27.6704709
          ]
        ]
      },
      "properties": {
        "highway": "secondary"
      }
    },
    {
      "type": "Feature",
      "geometry": {
        "type": "LineString",
        "coordinates": [
          [
            -8.1380367,
            27.6703213
          ],
          [
            -8.1379066,
            27.670376
          ],
          [
            -8.1378557,
            27.6703784
          ],
          [
            -8.1368437,
            27.670251
          ],
          [
            -8.136463,
            27.6701994
          ],
          [
            -8.1362819,
            27.6701579
          ]
        ]
      },
      "properties": {
        "highway": "secondary"
      }
    },
    {
      "type": "Feature",
      "geometry": {
        "type": "LineString",
        "coordinates": [
          [
            -8.1389434,
            27.6697986
          ],
          [
            -8.1388186,
            27.6698593
          ],
          [
            -8.1384785,
            27.6700686
          ],
          [
            -8.1383814,
            27.6701392
          ]
        ]
      },
      "properties": {
        "highway": "secondary"
      }
    },
    {
      "type": "Feature",
      "geometry": {
        "type": "LineString",
        "coordinates": [
          [
            -8.1357697,
            27.669899
          ],
          [
            -8.1353974,
            27.6696681
          ],
          [
            -8.1351601,
            27.6695386
          ],
          [
            -8.1350187,
            27.6694721
          ],
          [
            -8.1349766,
            27.6694536
          ],
          [
            -8.1348503,
            27.6694092
          ],
          [
            -8.1345686,
            27.6693391
          ],
          [
            -8.1344493,
            27.6693094
          ],
          [
            -8.134059,
            27.6692453
          ],
          [
            -8.1337626,
            27.6691894
          ],
          [
            -8.1329781,
            27.6690445
          ],
          [
            -8.1318653,
            27.6688585
          ],
          [
            -8.1314187,
            27.6687748
          ],
          [
            -8.1311036,
            27.6687393
          ]
        ]
      },
      "properties": {
        "highway": "secondary"
      }
    },
    {
      "type": "Feature",
      "geometry": {
        "type": "LineString",
        "coordinates": [
          [
            -8.1421683,
            27.6643074
          ],
          [
            -8.1420908,
            27.6641409
          ],
          [
            -8.1420091,
            27.6639034
          ]
        ]
      },
      "properties": {
        "highway": "primary",
        "ref": "RN 50"
      }
    },
    {
      "type": "Feature",
      "geometry": {
        "type": "LineString",
        "coordinates": [
          [
            -8.125604,
            27.6655835
          ],
          [
            -8.125539,
            27.6654778
          ],
          [
            -8.1255041,
            27.6654112
          ],
          [
            -8.1254558,
            27.6653209
          ],
          [
            -8.1254397,
            27.6652769
          ],
          [
            -8.1254236,
            27.6651974
          ],
          [
            -8.1254183,
            27.6649301
          ],
          [
            -8.1254062,
            27.6642887
          ]
        ]
      },
      "properties": {
        "highway": "secondary"
      }
    },
    {
      "type": "Feature",
      "geometry": {
        "type": "LineString",
        "coordinates": [
          [
            -8.1321325,
            27.6518306
          ],
          [
            -8.1323116,
            27.6519718
          ],
          [
            -8.1326562,
            27.6522593
          ],
          [
            -8.1331323,
            27.6526548
          ],
          [
            -8.1340469,
            27.6534264
          ],
          [
            -8.1348224,
            27.6540625
          ],
          [
            -8.1353686,
            27.6545555
          ],
          [
            -8.1356522,
            27.6547895
          ],
          [
            -8.1363463,
            27.6553769
          ],
          [
            -8.136986,
            27.6559127
          ],
          [
            -8.1374554,
            27.6563029
          ],
          [
            -8.1378503,
            27.6566414
          ],
          [
            -8.1380783,
            27.6568267
          ],
          [
            -8.1383666,
            27.6570679
          ],
          [
            -8.138773,
            27.6574575
          ],
          [
            -8.1391726,
            27.6578964
          ],
          [
            -8.139415,
            27.6582076
          ],
          [
            -8.1396343,
            27.6585224
          ],
          [
            -8.1398754,
            27.658899
          ],
          [
            -8.1399827,
            27.6590605
          ],
          [
            -8.1400759,
            27.6592161
          ],
          [
            -8.1401651,
            27.6594121
          ],
          [
            -8.140322,
            27.6597881
          ],
          [
            -8.1404527,
            27.6601346
          ],
          [
            -8.1405023,
            27.6602602
          ],
          [
            -8.141075,
            27.6618359
          ],
          [
            -8.1413818,
            27.6626975
          ],
          [
            -8.1414532,
            27.6629005
          ],
          [
            -8.1417461,
            27.6636837
          ],
          [
            -8.141765,
            27.6637506
          ],
          [
            -8.1417732,
            27.6637751
          ]
        ]
      },
      "properties": {
        "highway": "primary",
        "ref": "RN 50"
      }
    },
    {
      "type": "Feature",
      "geometry": {
        "type": "LineString",
        "coordinates": [
          [
            -8.1429881,
            27.6670622
          ],
          [
            -8.1428319,
            27.6673543
          ],
          [
            -8.142626,
            27.6677012
          ],
          [
            -8.1425241,
            27.667877
          ],
          [
            -8.1423671,
            27.6681039
          ],
          [
            -8.1421157,
            27.6682042
          ],
          [
            -8.1418101,
            27.6683337
          ],
          [
            -8.1415701,
            27.6684553
          ],
          [
            -8.1406546,
            27.6689483
          ],
          [
            -8.1400247,
            27.6692642
          ],
          [
            -8.1394558,
            27.6695405
          ],
          [
            -8.1391753,
            27.6696767
          ]
        ]
      },
      "properties": {
        "highway": "secondary"
      }
    },
    {
      "type": "Feature",
      "geometry": {
        "type": "LineString",
        "coordinates": [
          [
            -8.1419294,
            27.6637728
          ],
          [
            -8.1419178,
            27.6637205
          ],
          [
            -8.141891,
            27.6636486
          ],
          [
            -8.1418615,
            27.6635738
          ],
          [
            -8.1414645,
            27.6625392
          ],
          [
            -8.1411923,
            27.6617789
          ],
          [
            -8.1409308,
            27.66104
          ],
          [
            -8.1405942,
            27.6600963
          ],
          [
            -8.1403998,
            27.659636
          ],
          [
            -8.1402697,
            27.6593414
          ],
          [
            -8.1401396,
            27.6590956
          ],
          [
            -8.1400095,
            27.6588734
          ],
          [
            -8.1398633,
            27.6586477
          ],
          [
            -8.1396977,
            27.6584001
          ],
          [
            -8.1395146,
            27.6581482
          ],
          [
            -8.1392538,
            27.6578192
          ],
          [
            -8.1390909,
            27.65763
          ],
          [
            -8.1387428,
            27.6572425
          ],
          [
            -8.1385061,
            27.6570103
          ],
          [
            -8.1383726,
            27.6568944
          ],
          [
            -8.1381977,
            27.6567424
          ],
          [
            -8.1376672,
            27.6562693
          ],
          [
            -8.137636,
            27.6562415
          ],
          [
            -8.1373434,
            27.6559976
          ],
          [
            -8.1370564,
            27.6557505
          ],
          [
            -8.1365541,
            27.6553282
          ],
          [
            -8.1357904,
            27.6546844
          ],
          [
            -8.1341502,
            27.6533011
          ],
          [
            -8.1334924,
            27.6527463
          ],
          [
            -8.1328359,
            27.6521892
          ],
          [
            -8.1324437,
            27.6518402
          ],
          [
            -8.1324168,
            27.6518123
          ],
          [
            -8.1323478,
            27.6517146
          ],
          [
            -8.1323169,
            27.6516754
          ],
          [
            -8.1322789,
            27.6516239
          ]
        ]
      },
      "properties": {
        "highway": "primary",
        "ref": "RN 50"
      }
    },
    {
      "type": "Feature",
      "geometry": {
        "type": "LineString",
        "coordinates": [
          [
            -8.1413881,
            27.6639004
          ],
          [
            -8.1415705,
            27.6639515
          ],
          [
            -8.1416555,
            27.6639733
          ],
          [
            -8.1417402,
            27.6639884
          ]
        ]
      },
      "properties": {
        "highway": "tertiary"
      }
    },
    {
      "type": "Feature",
      "geometry": {
        "type": "LineString",
        "coordinates": [
          [
            -8.1417402,
            27.6639884
          ],
          [
            -8.141773,
            27.6640118
          ],
          [
            -8.1418004,
            27.6640234
          ],
          [
            -8.1418297,
            27.66403
          ],
          [
            -8.141881,
            27.6640295
          ],
          [
            -8.1419294,
            27.6640142
          ],
          [
            -8.1419695,
            27.6639859
          ],
          [
            -8.1419971,
            27.6639476
          ],
          [
            -8.1420091,
            27.6639034
          ],
          [
            -8.1420055,
            27.6638621
          ],
          [
            -8.1419882,
            27.6638237
          ],
          [
            -8.1419588,
            27.6637915
          ],
          [
            -8.1419294,
            27.6637728
          ],
          [
            -8.1418781,
            27.663757
          ],
          [
            -8.1418239,
            27.6637578
          ],
          [
            -8.1417732,
            27.6637751
          ],
          [
            -8.1417217,
            27.6638196
          ],
          [
            -8.1417018,
            27.6638615
          ],
          [
            -8.1416983,
            27.6639068
          ],
          [
            -8.1417116,
            27.6639507
          ],
          [
            -8.1417402,
            27.6639884
          ]
        ]
      },
      "properties": {
        "highway": "primary"
      }
    },
    {
      "type": "Feature",
      "geometry": {
        "type": "LineString",
        "coordinates": [
          [
            -8.1222623,
            27.6831776
          ],
          [
            -8.1220907,
            27.6831641
          ],
          [
            -8.121927,
            27.6831425
          ],
          [
            -8.1217356,
            27.6831006
          ],
          [
            -8.1214563,
            27.6829745
          ],
          [
            -8.1212427,
            27.6828393
          ],
          [
            -8.1210785,
            27.6827193
          ],
          [
            -8.1208981,
            27.6825477
          ],
          [
            -8.1207432,
            27.6823256
          ],
          [
            -8.1206482,
            27.6821704
          ],
          [
            -8.1205782,
            27.6820466
          ],
          [
            -8.1205206,
            27.6818767
          ],
          [
            -8.1204709,
            27.6816956
          ],
          [
            -8.1204569,
            27.6815029
          ],
          [
            -8.1204592,
            27.6813904
          ],
          [
            -8.1204605,
            27.6812258
          ],
          [
            -8.1204884,
            27.6810579
          ],
          [
            -8.1205159,
            27.68097
          ],
          [
            -8.120544,
            27.6807319
          ],
          [
            -8.1205839,
            27.6804705
          ],
          [
            -8.1206198,
            27.6801446
          ],
          [
            -8.1206308,
            27.6799017
          ],
          [
            -8.120658,
            27.6796357
          ],
          [
            -8.1206587,
            27.6792153
          ],
          [
            -8.1206654,
            27.6790294
          ],
          [
            -8.1206667,
            27.678748
          ],
          [
            -8.1206507,
            27.6785152
          ],
          [
            -8.1206305,
            27.6781256
          ],
          [
            -8.1206131,
            27.6777313
          ],
          [
            -8.1205917,
            27.6773014
          ],
          [
            -8.1205715,
            27.6771779
          ],
          [
            -8.1205361,
            27.6767854
          ],
          [
            -8.1204964,
            27.6762803
          ],
          [
            -8.1204749,
            27.6758732
          ],
          [
            -8.1204712,
            27.6757674
          ],
          [
            -8.1204512,
            27.6753892
          ],
          [
            -8.1204377,
            27.6751325
          ],
          [
            -8.1204244,
            27.6748815
          ],
          [
            -8.1204112,
            27.6746313
          ],
          [
            -8.1203918,
            27.6737396
          ],
          [
            -8.1203797,
            27.6733429
          ],
          [
            -8.1203744,
            27.6731089
          ],
          [
            -8.1203771,
            27.6729201
          ],
          [
            -8.1203704,
            27.6727752
          ],
          [
            -8.1203315,
            27.6715732
          ],
          [
            -8.1202915,
            27.6709036
          ],
          [
            -8.1202872,
            27.6706765
          ],
          [
            -8.1202835,
            27.6703219
          ],
          [
            -8.1202926,
            27.669873
          ],
          [
            -8.1203046,
            27.6696218
          ],
          [
            -8.1203341,
            27.6694712
          ],
          [
            -8.120363,
            27.6693955
          ],
          [
            -8.1204227,
            27.6692328
          ],
          [
            -8.1204455,
            27.66919
          ],
          [
            -8.120473,
            27.669139
          ],
          [
            -8.1205125,
            27.6690808
          ],
          [
            -8.1205796,
            27.6689946
          ],
          [
            -8.1207673,
            27.6687702
          ],
          [
            -8.12088,
            27.6686704
          ],
          [
            -8.1209363,
            27.6686264
          ],
          [
            -8.1214209,
            27.6683177
          ],
          [
            -8.1215173,
            27.6682563
          ],
          [
            -8.1218067,
            27.6681003
          ],
          [
            -8.122199,
            27.6678846
          ],
          [
            -8.1231223,
            27.6673793
          ],
          [
            -8.1233422,
            27.6672451
          ],
          [
            -8.1239175,
            27.6669196
          ],
          [
            -8.1239176,
            27.6669056
          ],
          [
            -8.124222,
            27.6667296
          ],
          [
            -8.1244004,
            27.6666204
          ],
          [
            -8.1247276,
            27.6663935
          ],
          [
            -8.1249663,
            27.6662402
          ],
          [
            -8.1253073,
            27.6660162
          ],
          [
            -8.1254547,
            27.6659139
          ]
        ]
      },
      "properties": {
        "highway": "secondary"
      }
    },
    {
      "type": "Feature",
      "geometry": {
        "type": "LineString",
        "coordinates": [
          [
            -8.1308989,
            27.6687999
          ],
          [
            -8.1309146,
            27.6688264
          ],
          [
            -8.1309387,
            27.6688473
          ],
          [
            -8.130969,
            27.6688606
          ],
          [
            -8.1310025,
            27.6688649
          ],
          [
            -8.1310256,
            27.6688624
          ],
          [
            -8.1310475,
            27.6688556
          ],
          [
            -8.1310673,
            27.6688448
          ],
          [
            -8.131084,
            27.6688305
          ]
        ]
      },
      "properties": {
        "highway": "secondary"
      }
    },
    {
      "type": "Feature",
      "geometry": {
        "type": "LineString",
        "coordinates": [
          [
            -8.1320778,
            27.6514703
          ],
          [
            -8.13202,
            27.6514764
          ],
          [
            -8.1319663,
            27.6514965
          ],
          [
            -8.131921,
            27.6515289
          ],
          [
            -8.1318875,
            27.6515711
          ],
          [
            -8.1318686,
            27.6516199
          ],
          [
            -8.1318611,
            27.6516638
          ],
          [
            -8.1318721,
            27.6517035
          ],
          [
            -8.1318997,
            27.6517573
          ],
          [
            -8.131945,
            27.6518006
          ],
          [
            -8.1320034,
            27.6518291
          ],
          [
            -8.132069,
            27.6518397
          ],
          [
            -8.1321325,
            27.6518306
          ],
          [
            -8.1321672,
            27.65182
          ],
          [
            -8.1322208,
            27.6517857
          ],
          [
            -8.1322595,
            27.6517382
          ],
          [
            -8.1322796,
            27.6516824
          ],
          [
            -8.1322789,
            27.6516239
          ],
          [
            -8.1322601,
            27.6515779
          ],
          [
            -8.1322546,
            27.6515637
          ],
          [
            -8.1322224,
            27.6515258
          ],
          [
            -8.1321676,
            27.6514905
          ],
          [
            -8.132131,
            27.6514775
          ],
          [
            -8.1320778,
            27.6514703
          ]
        ]
      },
      "properties": {
        "highway": "primary"
      }
    },
    {
      "type": "Feature",
      "geometry": {
        "type": "LineString",
        "coordinates": [
          [
            -8.1267107,
            27.6593007
          ],
          [
            -8.1266243,
            27.6594104
          ],
          [
            -8.1265984,
            27.6594436
          ],
          [
            -8.1262015,
            27.6600482
          ],
          [
            -8.1259279,
            27.660477
          ],
          [
            -8.1258072,
            27.6606766
          ],
          [
            -8.1257066,
            27.6608868
          ],
          [
            -8.1256235,
            27.6610864
          ],
          [
            -8.1255712,
            27.6612277
          ],
          [
            -8.1254478,
            27.6616019
          ],
          [
            -8.1253566,
            27.6619856
          ],
          [
            -8.1253271,
            27.6622445
          ],
          [
            -8.125307,
            27.6624512
          ],
          [
            -8.1253083,
            27.6627291
          ],
          [
            -8.125307,
            27.6629526
          ],
          [
            -8.125307,
            27.6636621
          ],
          [
            -8.1253072,
            27.6641635
          ]
        ]
      },
      "properties": {
        "highway": "secondary"
      }
    },
    {
      "type": "Feature",
      "geometry": {
        "type": "LineString",
        "coordinates": [
          [
            -8.125412,
            27.6658896
          ],
          [
            -8.1254547,
            27.6659139
          ],
          [
            -8.125491,
            27.6659255
          ],
          [
            -8.125529,
            27.6659308
          ],
          [
            -8.1255887,
            27.6659261
          ],
          [
            -8.1256442,
            27.6659059
          ],
          [
            -8.1256906,
            27.6658723
          ],
          [
            -8.1257236,
            27.665828
          ],
          [
            -8.1257405,
            27.665777
          ],
          [
            -8.1257403,
            27.6657277
          ],
          [
            -8.1257249,
            27.6656802
          ],
          [
            -8.1256954,
            27.6656384
          ],
          [
            -8.125654,
            27.6656053
          ],
          [
            -8.125604,
            27.6655835
          ],
          [
            -8.1255406,
            27.6655746
          ],
          [
            -8.1254773,
            27.6655838
          ],
          [
            -8.1254205,
            27.6656101
          ],
          [
            -8.1253759,
            27.665651
          ],
          [
            -8.1253536,
            27.6656879
          ],
          [
            -8.1253417,
            27.6657284
          ],
          [
            -8.1253411,
            27.6657733
          ],
          [
            -8.1253533,
            27.665817
          ],
          [
            -8.1253774,
            27.6658566
          ],
          [
            -8.125412,
            27.6658896
          ]
        ]
      },
      "properties": {
        "highway": "secondary"
      }
    },
    {
      "type": "Feature",
      "geometry": {
        "type": "LineString",
        "coordinates": [
          [
            -8.1318611,
            27.6516638
          ],
          [
            -8.1318269,
            27.6517064
          ],
          [
            -8.1317982,
            27.6517495
          ],
          [
            -8.1316373,
            27.6519829
          ],
          [
            -8.1315782,
            27.6520661
          ],
          [
            -8.1309453,
            27.6529998
          ],
          [
            -8.1303549,
            27.6538831
          ],
          [
            -8.1297393,
            27.654805
          ],
          [
            -8.129475,
            27.6551835
          ],
          [
            -8.1291885,
            27.6556218
          ],
          [
            -8.1291388,
            27.6557061
          ]
        ]
      },
      "properties": {
        "highway": "secondary"
      }
    },
    {
      "type": "Feature",
      "geometry": {
        "type": "LineString",
        "coordinates": [
          [
            -8.1292237,
            27.6557779
          ],
          [
            -8.1293432,
            27.6556182
          ],
          [
            -8.1295891,
            27.6552611
          ],
          [
            -8.129913,
            27.6547699
          ],
          [
            -8.1305172,
            27.653857
          ],
          [
            -8.1310509,
            27.6530409
          ],
          [
            -8.1314425,
            27.6524885
          ],
          [
            -8.1317872,
            27.6520312
          ],
          [
            -8.1319323,
            27.6519211
          ],
          [
            -8.132069,
            27.6518397
          ]
        ]
      },
      "properties": {
        "highway": "secondary"
      }
    },
    {
      "type": "Feature",
      "geometry": {
        "type": "LineString",
        "coordinates": [
          [
            -8.1275538,
            27.6808096
          ],
          [
            -8.1273491,
            27.6808421
          ],
          [
            -8.1271081,
            27.6809688
          ],
          [
            -8.1268572,
            27.6810996
          ],
          [
            -8.1266125,
            27.6812331
          ],
          [
            -8.1263718,
            27.6813607
          ],
          [
            -8.1260971,
            27.6815074
          ],
          [
            -8.1259748,
            27.6815763
          ],
          [
            -8.1256908,
            27.6817317
          ],
          [
            -8.1252117,
            27.6819943
          ],
          [
            -8.1244621,
            27.6824106
          ],
          [
            -8.1240137,
            27.6826416
          ],
          [
            -8.1238841,
            27.6827084
          ],
          [
            -8.1235562,
            27.6828764
          ],
          [
            -8.1233791,
            27.6829711
          ],
          [
            -8.1232507,
            27.6830363
          ],
          [
            -8.1231236,
            27.6830833
          ],
          [
            -8.1229805,
            27.6831236
          ]
        ]
      },
      "properties": {
        "highway": "tertiary"
      }
    },
    {
      "type": "Feature",
      "geometry": {
        "type": "LineString",
        "coordinates": [
          [
            -8.1176917,
            27.6874542
          ],
          [
            -8.1177478,
            27.6874043
          ],
          [
            -8.1178029,
            27.6873474
          ],
          [
            -8.1178324,
            27.6873206
          ],
          [
            -8.1179678,
            27.6871929
          ],
          [
            -8.1186779,
            27.6866116
          ],
          [
            -8.1193612,
            27.6860535
          ],
          [
            -8.120078,
            27.6854347
          ],
          [
            -8.1204294,
            27.6851557
          ],
          [
            -8.1209946,
            27.6846818
          ],
          [
            -8.1216793,
            27.6841243
          ],
          [
            -8.1221624,
            27.6837245
          ],
          [
            -8.12233,
            27.683582
          ],
          [
            -8.1224185,
            27.6835175
          ],
          [
            -8.1224846,
            27.6834758
          ],
          [
            -8.1225412,
            27.6834394
          ],
          [
            -8.1226044,
            27.6833927
          ]
        ]
      },
      "properties": {
        "highway": "secondary"
      }
    },
    {
      "type": "Feature",
      "geometry": {
        "type": "LineString",
        "coordinates": [
          [
            -8.1225541,
            27.6833158
          ],
          [
            -8.1224675,
            27.68337
          ],
          [
            -8.1223981,
            27.6834135
          ],
          [
            -8.1223106,
            27.6834704
          ],
          [
            -8.1222368,
            27.6835362
          ],
          [
            -8.1221463,
            27.6836152
          ],
          [
            -8.1216149,
            27.6840625
          ],
          [
            -8.1209336,
            27.6846266
          ],
          [
            -8.1203603,
            27.6850921
          ],
          [
            -8.1200162,
            27.6853866
          ],
          [
            -8.11928,
            27.685978
          ],
          [
            -8.1184264,
            27.6866852
          ],
          [
            -8.1180073,
            27.6870207
          ],
          [
            -8.1178505,
            27.6871288
          ],
          [
            -8.1177614,
            27.6871752
          ],
          [
            -8.1176996,
            27.6872091
          ],
          [
            -8.1176466,
            27.6872356
          ],
          [
            -8.1175887,
            27.6872638
          ],
          [
            -8.1175287,
            27.6872961
          ]
        ]
      },
      "properties": {
        "highway": "secondary"
      }
    },
    {
      "type": "Feature",
      "geometry": {
        "type": "LineString",
        "coordinates": [
          [
            -8.1234163,
            27.6438858
          ],
          [
            -8.1234874,
            27.6439162
          ],
          [
            -8.1235025,
            27.6439197
          ],
          [
            -8.1235683,
            27.6439255
          ],
          [
            -8.1236336,
            27.6439159
          ],
          [
            -8.1236938,
            27.6438917
          ],
          [
            -8.1237448,
            27.6438544
          ],
          [
            -8.1237831,
            27.6438066
          ],
          [
            -8.1238061,
            27.6437517
          ],
          [
            -8.1238113,
            27.6437225
          ],
          [
            -8.123807,
            27.6436564
          ],
          [
            -8.1237811,
            27.6435943
          ],
          [
            -8.1237358,
            27.6435417
          ],
          [
            -8.1237049,
            27.6435191
          ],
          [
            -8.1236364,
            27.6434891
          ],
          [
            -8.1235608,
            27.6434786
          ],
          [
            -8.1234853,
            27.6434887
          ],
          [
            -8.1234165,
            27.6435183
          ],
          [
            -8.123361,
            27.6435649
          ],
          [
            -8.1233237,
            27.643624
          ],
          [
            -8.1233184,
            27.6436379
          ],
          [
            -8.1233078,
            27.6437072
          ],
          [
            -8.1233219,
            27.6437759
          ],
          [
            -8.1233593,
            27.6438375
          ],
          [
            -8.1234163,
            27.6438858
          ]
        ]
      },
      "properties": {
        "highway": "primary"
      }
    },
    {
      "type": "Feature",
      "geometry": {
        "type": "LineString",
        "coordinates": [
          [
            -8.1188191,
            27.6479553
          ],
          [
            -8.1188462,
            27.6479108
          ],
          [
            -8.1188568,
            27.6478897
          ],
          [
            -8.1188686,
            27.6478707
          ],
          [
            -8.1188985,
            27.6478306
          ],
          [
            -8.1191822,
            27.6474973
          ],
          [
            -8.1193643,
            27.6472983
          ],
          [
            -8.1196287,
            27.647021
          ],
          [
            -8.119897,
            27.6467602
          ],
          [
            -8.1201317,
            27.6465566
          ],
          [
            -8.1204717,
            27.6462658
          ],
          [
            -8.1211342,
            27.6456996
          ],
          [
            -8.1221294,
            27.6448892
          ],
          [
            -8.1221667,
            27.6448584
          ],
          [
            -8.1226599,
            27.6444512
          ],
          [
            -8.1229752,
            27.6442036
          ],
          [
            -8.1231732,
            27.6440747
          ],
          [
            -8.1232296,
            27.6440419
          ],
          [
            -8.1232977,
            27.644011
          ],
          [
            -8.1234874,
            27.6439162
          ]
        ]
      },
      "properties": {
        "highway": "secondary"
      }
    },
    {
      "type": "Feature",
      "geometry": {
        "type": "LineString",
        "coordinates": [
          [
            -8.1235025,
            27.6439197
          ],
          [
            -8.1237294,
            27.6440583
          ],
          [
            -8.1237951,
            27.6441029
          ],
          [
            -8.1238684,
            27.6441531
          ],
          [
            -8.123956,
            27.64423
          ],
          [
            -8.1240623,
            27.644348
          ],
          [
            -8.1242049,
            27.6445384
          ],
          [
            -8.1245989,
            27.6450675
          ],
          [
            -8.1251889,
            27.6457944
          ],
          [
            -8.1252709,
            27.6458923
          ],
          [
            -8.1255135,
            27.6461688
          ],
          [
            -8.1259537,
            27.6466086
          ],
          [
            -8.1260602,
            27.6467091
          ],
          [
            -8.1265355,
            27.6471537
          ],
          [
            -8.1277295,
            27.6481615
          ],
          [
            -8.127846,
            27.6482599
          ],
          [
            -8.1281532,
            27.6485409
          ],
          [
            -8.1282571,
            27.6486734
          ],
          [
            -8.1283487,
            27.6488417
          ]
        ]
      },
      "properties": {
        "highway": "primary",
        "ref": "RN 50"
      }
    },
    {
      "type": "Feature",
      "geometry": {
        "type": "LineString",
        "coordinates": [
          [
            -8.1221782,
            27.6832828
          ],
          [
            -8.1222928,
            27.6833024
          ],
          [
            -8.1224263,
            27.6833125
          ],
          [
            -8.1225517,
            27.6833031
          ]
        ]
      },
      "properties": {
        "highway": "secondary"
      }
    },
    {
      "type": "Feature",
      "geometry": {
        "type": "LineString",
        "coordinates": [
          [
            -8.1284831,
            27.6486684
          ],
          [
            -8.1282481,
            27.6484865
          ],
          [
            -8.1279182,
            27.6482097
          ],
          [
            -8.1266158,
            27.6470883
          ],
          [
            -8.1261078,
            27.6466223
          ],
          [
            -8.1258864,
            27.646401
          ],
          [
            -8.1256061,
            27.6461045
          ],
          [
            -8.1254129,
            27.6458811
          ],
          [
            -8.1252758,
            27.645715
          ],
          [
            -8.1245774,
            27.6448157
          ],
          [
            -8.1240635,
            27.6441229
          ],
          [
            -8.1240098,
            27.6440486
          ],
          [
            -8.1239681,
            27.6439777
          ],
          [
            -8.1239306,
            27.6438977
          ],
          [
            -8.1238061,
            27.6437517
          ]
        ]
      },
      "properties": {
        "highway": "primary",
        "ref": "RN 50"
      }
    },
    {
      "type": "Feature",
      "geometry": {
        "type": "LineString",
        "coordinates": [
          [
            -8.1284866,
            27.649024
          ],
          [
            -8.1285545,
            27.6490356
          ],
          [
            -8.1286243,
            27.6490268
          ],
          [
            -8.1286869,
            27.6489981
          ],
          [
            -8.1287354,
            27.6489529
          ],
          [
            -8.1287644,
            27.648896
          ],
          [
            -8.1287707,
            27.6488338
          ],
          [
            -8.1287626,
            27.6487954
          ],
          [
            -8.1287458,
            27.6487592
          ],
          [
            -8.1287174,
            27.6487235
          ],
          [
            -8.1286804,
            27.6486946
          ],
          [
            -8.1286368,
            27.648674
          ],
          [
            -8.1285893,
            27.648663
          ],
          [
            -8.1285403,
            27.648662
          ],
          [
            -8.1284831,
            27.6486684
          ],
          [
            -8.1284357,
            27.6486969
          ],
          [
            -8.1283904,
            27.6487366
          ],
          [
            -8.1283605,
            27.6487863
          ],
          [
            -8.1283487,
            27.6488417
          ],
          [
            -8.1283558,
            27.6488969
          ],
          [
            -8.1283807,
            27.6489477
          ],
          [
            -8.1284265,
            27.6489937
          ],
          [
            -8.1284866,
            27.649024
          ]
        ]
      },
      "properties": {
        "highway": "primary"
      }
    },
    {
      "type": "Feature",
      "geometry": {
        "type": "LineString",
        "coordinates": [
          [
            -8.1162297,
            27.6524706
          ],
          [
            -8.1161859,
            27.6526132
          ],
          [
            -8.1161323,
            27.6527875
          ],
          [
            -8.1160628,
            27.6530138
          ],
          [
            -8.1158758,
            27.6535982
          ],
          [
            -8.1158562,
            27.6536595
          ],
          [
            -8.1157503,
            27.6541243
          ],
          [
            -8.1155296,
            27.6548636
          ],
          [
            -8.1153546,
            27.6554459
          ],
          [
            -8.115293,
            27.6556641
          ],
          [
            -8.1151886,
            27.6560394
          ],
          [
            -8.1150741,
            27.65641
          ],
          [
            -8.1149346,
            27.6567463
          ],
          [
            -8.1147711,
            27.6571152
          ],
          [
            -8.1146732,
            27.6573058
          ],
          [
            -8.1145291,
            27.6575627
          ],
          [
            -8.1143536,
            27.6578286
          ],
          [
            -8.1141698,
            27.658101
          ],
          [
            -8.1138493,
            27.6585355
          ],
          [
            -8.1134706,
            27.659023
          ],
          [
            -8.1129866,
            27.6596415
          ],
          [
            -8.1119664,
            27.6609191
          ],
          [
            -8.1115054,
            27.6615014
          ],
          [
            -8.1107157,
            27.6625058
          ],
          [
            -8.110249,
            27.6631164
          ],
          [
            -8.1099272,
            27.6635392
          ],
          [
            -8.1097005,
            27.6639258
          ],
          [
            -8.1096429,
            27.6640565
          ],
          [
            -8.1095329,
            27.6643142
          ],
          [
            -8.1094263,
            27.6646171
          ],
          [
            -8.1093559,
            27.6648927
          ],
          [
            -8.1092975,
            27.6652182
          ],
          [
            -8.1092184,
            27.6658085
          ],
          [
            -8.1091788,
            27.6661963
          ],
          [
            -8.1091125,
            27.6667646
          ],
          [
            -8.1090414,
            27.6674322
          ],
          [
            -8.1089348,
            27.6683889
          ],
          [
            -8.1088818,
            27.6692364
          ],
          [
            -8.1088744,
            27.6695493
          ],
          [
            -8.108865,
            27.6698843
          ],
          [
            -8.108853,
            27.6701729
          ],
          [
            -8.108861,
            27.6708214
          ],
          [
            -8.1088945,
            27.6714604
          ],
          [
            -8.1089254,
            27.6718784
          ],
          [
            -8.1089777,
            27.6724759
          ],
          [
            -8.1090058,
            27.6728488
          ],
          [
            -8.1090555,
            27.6732419
          ],
          [
            -8.1090769,
            27.6736054
          ],
          [
            -8.109144,
            27.6744059
          ],
          [
            -8.1091748,
            27.6748156
          ],
          [
            -8.1092204,
            27.6752919
          ],
          [
            -8.1092606,
            27.6757028
          ],
          [
            -8.1092794,
            27.6760817
          ],
          [
            -8.1092989,
            27.6764029
          ],
          [
            -8.1093451,
            27.676856
          ],
          [
            -8.1093901,
            27.6772955
          ],
          [
            -8.1094276,
            27.6775965
          ],
          [
            -8.1094866,
            27.6779326
          ],
          [
            -8.1095892,
            27.678394
          ],
          [
            -8.1097086,
            27.6789094
          ],
          [
            -8.109844,
            27.6794629
          ],
          [
            -8.1099211,
            27.6798204
          ],
          [
            -8.1099802,
            27.6800134
          ],
          [
            -8.1100117,
            27.6801244
          ],
          [
            -8.1101339,
            27.680625
          ],
          [
            -8.1101748,
            27.6807927
          ],
          [
            -8.1102895,
            27.6811249
          ],
          [
            -8.1105794,
            27.6817123
          ],
          [
            -8.110764,
            27.6820246
          ],
          [
            -8.1109625,
            27.6823429
          ],
          [
            -8.1112522,
            27.6827562
          ],
          [
            -8.1120904,
            27.6837217
          ],
          [
            -8.1130408,
            27.6846928
          ],
          [
            -8.1132156,
            27.6848487
          ],
          [
            -8.1136313,
            27.6851907
          ],
          [
            -8.113921,
            27.6853997
          ],
          [
            -8.1142616,
            27.685642
          ],
          [
            -8.1149429,
            27.6860637
          ],
          [
            -8.1152862,
            27.686269
          ],
          [
            -8.1156912,
            27.6864923
          ],
          [
            -8.1168761,
            27.6871694
          ]
        ]
      },
      "properties": {
        "highway": "secondary"
      }
    },
    {
      "type": "Feature",
      "geometry": {
        "type": "LineString",
        "coordinates": [
          [
            -8.1286243,
            27.6490268
          ],
          [
            -8.1288183,
            27.6491081
          ],
          [
            -8.1289816,
            27.6491991
          ],
          [
            -8.1291294,
            27.6492887
          ],
          [
            -8.1314844,
            27.6512749
          ],
          [
            -8.1315702,
            27.6513438
          ],
          [
            -8.1317714,
            27.6515291
          ],
          [
            -8.1318686,
            27.6516199
          ]
        ]
      },
      "properties": {
        "highway": "primary",
        "ref": "RN 50"
      }
    },
    {
      "type": "Feature",
      "geometry": {
        "type": "LineString",
        "coordinates": [
          [
            -8.1271215,
            27.6753786
          ],
          [
            -8.1265274,
            27.6756553
          ],
          [
            -8.1263369,
            27.6757515
          ],
          [
            -8.1261016,
            27.6758697
          ],
          [
            -8.1258273,
            27.6760069
          ],
          [
            -8.1250253,
            27.6763976
          ],
          [
            -8.1247531,
            27.6765437
          ],
          [
            -8.1245801,
            27.6766423
          ],
          [
            -8.1244299,
            27.6767099
          ],
          [
            -8.1242475,
            27.6767681
          ],
          [
            -8.1241147,
            27.6767978
          ],
          [
            -8.1237379,
            27.6768537
          ],
          [
            -8.1233342,
            27.6769035
          ],
          [
            -8.1231773,
            27.676932
          ],
          [
            -8.1229265,
            27.6769653
          ],
          [
            -8.1225282,
            27.6770247
          ],
          [
            -8.1221621,
            27.6770793
          ],
          [
            -8.121407,
            27.6771719
          ],
          [
            -8.1212356,
            27.6771819
          ],
          [
            -8.1207609,
            27.6771926
          ],
          [
            -8.1205715,
            27.6771779
          ],
          [
            -8.1204513,
            27.6771677
          ]
        ]
      },
      "properties": {
        "highway": "tertiary"
      }
    },
    {
      "type": "Feature",
      "geometry": {
        "type": "LineString",
        "coordinates": [
          [
            -8.1229805,
            27.6831236
          ],
          [
            -8.1228099,
            27.6831688
          ]
        ]
      },
      "properties": {
        "highway": "tertiary"
      }
    },
    {
      "type": "Feature",
      "geometry": {
        "type": "LineString",
        "coordinates": [
          [
            -8.1231079,
            27.6831948
          ],
          [
            -8.1232728,
            27.6831152
          ],
          [
            -8.1233707,
            27.683069
          ],
          [
            -8.1245016,
            27.6824761
          ],
          [
            -8.125588,
            27.6819065
          ],
          [
            -8.1258625,
            27.6817626
          ],
          [
            -8.1263715,
            27.681481
          ],
          [
            -8.1269185,
            27.681177
          ],
          [
            -8.1274059,
            27.680928
          ],
          [
            -8.1275538,
            27.6808096
          ]
        ]
      },
      "properties": {
        "highway": "tertiary"
      }
    },
    {
      "type": "Feature",
      "geometry": {
        "type": "LineString",
        "coordinates": [
          [
            -8.1271588,
            27.6754472
          ],
          [
            -8.1273768,
            27.6757969
          ],
          [
            -8.1275659,
            27.6760888
          ],
          [
            -8.1277253,
            27.6763297
          ],
          [
            -8.127906,
            27.6765977
          ],
          [
            -8.128257,
            27.6770851
          ],
          [
            -8.128299,
            27.6771502
          ],
          [
            -8.1285621,
            27.6775682
          ],
          [
            -8.128883,
            27.6780336
          ],
          [
            -8.1290949,
            27.6783626
          ],
          [
            -8.1291606,
            27.6784552
          ],
          [
            -8.1292056,
            27.6785104
          ],
          [
            -8.1293895,
            27.6787849
          ],
          [
            -8.1294324,
            27.6788506
          ],
          [
            -8.1295531,
            27.6790353
          ],
          [
            -8.129713,
            27.6792801
          ],
          [
            -8.1299178,
            27.6795967
          ],
          [
            -8.1300741,
            27.679833
          ],
          [
            -8.1302613,
            27.6801196
          ],
          [
            -8.1304222,
            27.6803659
          ],
          [
            -8.1305094,
            27.6805257
          ]
        ]
      },
      "properties": {
        "highway": "tertiary"
      }
    },
    {
      "type": "Feature",
      "geometry": {
        "type": "LineString",
        "coordinates": [
          [
            -8.1228768,
            27.6832884
          ],
          [
            -8.1228695,
            27.6832428
          ],
          [
            -8.1228465,
            27.6832015
          ],
          [
            -8.1228099,
            27.6831688
          ],
          [
            -8.1227689,
            27.6831495
          ],
          [
            -8.1227234,
            27.6831412
          ],
          [
            -8.122677,
            27.6831446
          ],
          [
            -8.1226337,
            27.6831595
          ],
          [
            -8.1225969,
            27.6831845
          ],
          [
            -8.1225685,
            27.6832194
          ],
          [
            -8.122553,
            27.6832601
          ],
          [
            -8.1225517,
            27.6833031
          ],
          [
            -8.1225541,
            27.6833158
          ],
          [
            -8.1225724,
            27.6833577
          ],
          [
            -8.1226044,
            27.6833927
          ],
          [
            -8.1226399,
            27.6834143
          ],
          [
            -8.1226807,
            27.6834269
          ],
          [
            -8.1227253,
            27.6834295
          ],
          [
            -8.1227691,
            27.6834213
          ],
          [
            -8.1228087,
            27.6834029
          ],
          [
            -8.1228411,
            27.6833756
          ],
          [
            -8.122864,
            27.6833416
          ],
          [
            -8.1228756,
            27.6833033
          ],
          [
            -8.1228768,
            27.6832884
          ]
        ]
      },
      "properties": {
        "highway": "secondary"
      }
    },
    {
      "type": "Feature",
      "geometry": {
        "type": "LineString",
        "coordinates": [
          [
            -8.1275538,
            27.6808096
          ],
          [
            -8.1276491,
            27.6807693
          ],
          [
            -8.1279051,
            27.6806509
          ],
          [
            -8.1282705,
            27.6804595
          ],
          [
            -8.1286652,
            27.6802528
          ],
          [
            -8.1289047,
            27.6801274
          ],
          [
            -8.1294065,
            27.6798645
          ],
          [
            -8.1299178,
            27.6795967
          ]
        ]
      },
      "properties": {
        "highway": "tertiary"
      }
    },
    {
      "type": "Feature",
      "geometry": {
        "type": "LineString",
        "coordinates": [
          [
            -8.1204668,
            27.6773211
          ],
          [
            -8.1205917,
            27.6773014
          ],
          [
            -8.1207204,
            27.6772753
          ],
          [
            -8.1208853,
            27.6772658
          ],
          [
            -8.1210738,
            27.6772551
          ],
          [
            -8.1214171,
            27.677245
          ],
          [
            -8.1215633,
            27.6772313
          ],
          [
            -8.121916,
            27.6771868
          ],
          [
            -8.1220381,
            27.6771691
          ],
          [
            -8.122441,
            27.6771108
          ],
          [
            -8.1225376,
            27.677093
          ],
          [
            -8.122722,
            27.6770692
          ],
          [
            -8.1230646,
            27.6770193
          ],
          [
            -8.1234059,
            27.6769712
          ],
          [
            -8.1237546,
            27.6769214
          ],
          [
            -8.1240436,
            27.6768774
          ],
          [
            -8.1242803,
            27.6768299
          ],
          [
            -8.1244165,
            27.6767836
          ],
          [
            -8.1245399,
            27.6767414
          ],
          [
            -8.1247778,
            27.6766263
          ],
          [
            -8.1248008,
            27.6766184
          ],
          [
            -8.1250723,
            27.6764784
          ],
          [
            -8.125488,
            27.6762729
          ],
          [
            -8.1258748,
            27.6760882
          ],
          [
            -8.1261431,
            27.6759386
          ],
          [
            -8.1263625,
            27.675833
          ],
          [
            -8.1266508,
            27.6756969
          ],
          [
            -8.1271588,
            27.6754472
          ],
          [
            -8.1272292,
            27.6754139
          ]
        ]
      },
      "properties": {
        "highway": "tertiary"
      }
    },
    {
      "type": "Feature",
      "geometry": {
        "type": "LineString",
        "coordinates": [
          [
            -8.1305094,
            27.6805257
          ],
          [
            -8.1306028,
            27.6804798
          ],
          [
            -8.1307173,
            27.6804277
          ],
          [
            -8.1313963,
            27.6800693
          ],
          [
            -8.131742,
            27.6798963
          ],
          [
            -8.1322147,
            27.6796415
          ],
          [
            -8.1325504,
            27.6794746
          ],
          [
            -8.1326507,
            27.6794247
          ],
          [
            -8.1328857,
            27.6793065
          ],
          [
            -8.1332934,
            27.6790977
          ],
          [
            -8.1335063,
            27.6789886
          ],
          [
            -8.1336618,
            27.6789079
          ],
          [
            -8.1338501,
            27.6788125
          ],
          [
            -8.1343087,
            27.6785733
          ],
          [
            -8.134625,
            27.6784083
          ],
          [
            -8.1349391,
            27.678252
          ],
          [
            -8.1350184,
            27.6782026
          ],
          [
            -8.1352837,
            27.6780588
          ]
        ]
      },
      "properties": {
        "highway": "tertiary"
      }
    },
    {
      "type": "Feature",
      "geometry": {
        "type": "LineString",
        "coordinates": [
          [
            -8.1367435,
            27.6630666
          ],
          [
            -8.136881,
            27.6630895
          ],
          [
            -8.1370869,
            27.6631188
          ],
          [
            -8.1372768,
            27.6631753
          ],
          [
            -8.137376,
            27.6631969
          ],
          [
            -8.1375901,
            27.6632435
          ],
          [
            -8.1380479,
            27.6633346
          ],
          [
            -8.1383705,
            27.6634055
          ],
          [
            -8.1390406,
            27.6635593
          ],
          [
            -8.1391644,
            27.6635884
          ],
          [
            -8.1395207,
            27.6636638
          ],
          [
            -8.1397641,
            27.6637269
          ],
          [
            -8.1399709,
            27.6637618
          ],
          [
            -8.140217,
            27.6638041
          ],
          [
            -8.1405044,
            27.6638908
          ],
          [
            -8.1406653,
            27.6639538
          ],
          [
            -8.1407609,
            27.6639827
          ],
          [
            -8.1408705,
            27.6639834
          ],
          [
            -8.1409885,
            27.6639668
          ],
          [
            -8.1411142,
            27.6639387
          ],
          [
            -8.1412087,
            27.6639245
          ],
          [
            -8.1413881,
            27.6639004
          ]
        ]
      },
      "properties": {
        "highway": "tertiary"
      }
    },
    {
      "type": "Feature",
      "geometry": {
        "type": "LineString",
        "coordinates": [
          [
            -8.1352245,
            27.6612121
          ],
          [
            -8.1352967,
            27.6609163
          ],
          [
            -8.1353344,
            27.6606029
          ],
          [
            -8.1353617,
            27.6604636
          ],
          [
            -8.1353702,
            27.6603824
          ]
        ]
      },
      "properties": {
        "highway": "tertiary"
      }
    },
    {
      "type": "Feature",
      "geometry": {
        "type": "LineString",
        "coordinates": [
          [
            -8.1353702,
            27.6603824
          ],
          [
            -8.1357168,
            27.6604222
          ],
          [
            -8.1358958,
            27.6604466
          ],
          [
            -8.1362069,
            27.6605036
          ],
          [
            -8.136504,
            27.6605495
          ],
          [
            -8.1368481,
            27.6606103
          ],
          [
            -8.1375061,
            27.6607173
          ],
          [
            -8.1377096,
            27.6607999
          ],
          [
            -8.1378741,
            27.6608744
          ],
          [
            -8.1382139,
            27.6611468
          ],
          [
            -8.1384644,
            27.6613141
          ],
          [
            -8.1385422,
            27.6613806
          ],
          [
            -8.1387101,
            27.6614829
          ],
          [
            -8.1388146,
            27.6615377
          ],
          [
            -8.1389245,
            27.6615817
          ],
          [
            -8.1392679,
            27.6616791
          ],
          [
            -8.1396085,
            27.6617836
          ],
          [
            -8.1400886,
            27.6619475
          ],
          [
            -8.140275,
            27.6620081
          ],
          [
            -8.1403877,
            27.6620176
          ],
          [
            -8.140503,
            27.6620033
          ],
          [
            -8.1405969,
            27.6619832
          ],
          [
            -8.141075,
            27.6618359
          ]
        ]
      },
      "properties": {
        "highway": "tertiary"
      }
    },
    {
      "type": "Feature",
      "geometry": {
        "type": "LineString",
        "coordinates": [
          [
            -8.2650982,
            27.6489307
          ],
          [
            -8.2650445,
            27.6488594
          ],
          [
            -8.2649533,
            27.6487786
          ],
          [
            -8.2648115,
            27.6487345
          ]
        ]
      },
      "properties": {
        "highway": "tertiary_link"
      }
    },
    {
      "type": "Feature",
      "geometry": {
        "type": "LineString",
        "coordinates": [
          [
            -8.1496844,
            27.6679777
          ],
          [
            -8.1498505,
            27.66801
          ],
          [
            -8.1517133,
            27.6682571
          ],
          [
            -8.1523068,
            27.6683592
          ],
          [
            -8.1524026,
            27.6683782
          ],
          [
            -8.1524925,
            27.6684049
          ],
          [
            -8.1525683,
            27.6684299
          ],
          [
            -8.1526796,
            27.6684691
          ]
        ]
      },
      "properties": {
        "highway": "primary",
        "ref": "RN 50"
      }
    },
    {
      "type": "Feature",
      "geometry": {
        "type": "LineString",
        "coordinates": [
          [
            -8.2677475,
            27.6588931
          ],
          [
            -8.2670723,
            27.6563718
          ],
          [
            -8.2650982,
            27.6489307
          ]
        ]
      },
      "properties": {
        "highway": "tertiary"
      }
    },
    {
      "type": "Feature",
      "geometry": {
        "type": "LineString",
        "coordinates": [
          [
            -8.1421683,
            27.6643074
          ],
          [
            -8.142747,
            27.6647541
          ],
          [
            -8.1431783,
            27.6650432
          ],
          [
            -8.1432241,
            27.6650881
          ],
          [
            -8.1432523,
            27.6651427
          ],
          [
            -8.1432628,
            27.6652035
          ],
          [
            -8.1432295,
            27.6656392
          ],
          [
            -8.1431889,
            27.6660515
          ],
          [
            -8.1430964,
            27.666794
          ],
          [
            -8.1430369,
            27.6669631
          ],
          [
            -8.1429881,
            27.6670622
          ],
          [
            -8.143442,
            27.6670898
          ],
          [
            -8.1437162,
            27.6671064
          ],
          [
            -8.1439672,
            27.6671217
          ],
          [
            -8.1445032,
            27.6671543
          ],
          [
            -8.1446685,
            27.6671643
          ],
          [
            -8.1451044,
            27.6671893
          ],
          [
            -8.1456569,
            27.6672106
          ],
          [
            -8.146314,
            27.667257
          ],
          [
            -8.1467257,
            27.6672867
          ],
          [
            -8.1470371,
            27.6673019
          ],
          [
            -8.147745,
            27.6673365
          ],
          [
            -8.14804,
            27.6673472
          ],
          [
            -8.1483807,
            27.6673579
          ],
          [
            -8.148528,
            27.6673697
          ],
          [
            -8.1486616,
            27.6673805
          ],
          [
            -8.1488933,
            27.667408
          ],
          [
            -8.1490687,
            27.667469
          ],
          [
            -8.1493101,
            27.6676027
          ]
        ]
      },
      "properties": {
        "highway": "primary",
        "ref": "RN 50"
      }
    },
    {
      "type": "Feature",
      "geometry": {
        "type": "LineString",
        "coordinates": [
          [
            -8.1527262,
            27.668357
          ],
          [
            -8.1525694,
            27.6683163
          ],
          [
            -8.1524157,
            27.6682941
          ],
          [
            -8.151665,
            27.6681822
          ],
          [
            -8.1506096,
            27.6680373
          ],
          [
            -8.1503504,
            27.6679981
          ],
          [
            -8.1501623,
            27.6679687
          ],
          [
            -8.1499664,
            27.6679228
          ],
          [
            -8.1498437,
            27.6678769
          ],
          [
            -8.1497623,
            27.6678258
          ]
        ]
      },
      "properties": {
        "highway": "primary",
        "ref": "RN 50"
      }
    },
    {
      "type": "Feature",
      "geometry": {
        "type": "LineString",
        "coordinates": [
          [
            -8.1526898,
            27.6685015
          ],
          [
            -8.1527094,
            27.6685304
          ],
          [
            -8.1527368,
            27.6685537
          ],
          [
            -8.1527671,
            27.6685686
          ],
          [
            -8.1528066,
            27.6685773
          ],
          [
            -8.1528472,
            27.6685757
          ],
          [
            -8.1528858,
            27.6685641
          ],
          [
            -8.152919,
            27.6685433
          ],
          [
            -8.1529447,
            27.6685144
          ],
          [
            -8.1529607,
            27.6684766
          ],
          [
            -8.1529625,
            27.6684362
          ],
          [
            -8.1529536,
            27.6684051
          ],
          [
            -8.1529361,
            27.6683771
          ],
          [
            -8.1529112,
            27.6683538
          ],
          [
            -8.1528595,
            27.6683299
          ],
          [
            -8.1528013,
            27.6683264
          ],
          [
            -8.1527464,
            27.6683438
          ],
          [
            -8.1527262,
            27.668357
          ],
          [
            -8.1527031,
            27.6683803
          ],
          [
            -8.152687,
            27.6684079
          ],
          [
            -8.152679,
            27.6684381
          ],
          [
            -8.1526796,
            27.6684691
          ],
          [
            -8.1526898,
            27.6685015
          ]
        ]
      },
      "properties": {
        "highway": "primary"
      }
    },
    {
      "type": "Feature",
      "geometry": {
        "type": "LineString",
        "coordinates": [
          [
            -8.1495266,
            27.6679055
          ],
          [
            -8.1495441,
            27.6679361
          ],
          [
            -8.1495712,
            27.6679606
          ],
          [
            -8.1496054,
            27.6679766
          ],
          [
            -8.1496448,
            27.6679827
          ],
          [
            -8.1496844,
            27.6679777
          ],
          [
            -8.1497221,
            27.6679607
          ],
          [
            -8.1497513,
            27.6679336
          ],
          [
            -8.1497688,
            27.6678995
          ],
          [
            -8.1497726,
            27.6678622
          ],
          [
            -8.1497623,
            27.6678258
          ],
          [
            -8.1497372,
            27.6677929
          ],
          [
            -8.1497007,
            27.6677698
          ],
          [
            -8.1496575,
            27.6677595
          ],
          [
            -8.149615,
            27.6677627
          ],
          [
            -8.1495762,
            27.6677781
          ],
          [
            -8.1495454,
            27.6678042
          ],
          [
            -8.1495261,
            27.6678378
          ],
          [
            -8.1495204,
            27.6678717
          ],
          [
            -8.1495266,
            27.6679055
          ]
        ]
      },
      "properties": {
        "highway": "primary"
      }
    },
    {
      "type": "Feature",
      "geometry": {
        "type": "LineString",
        "coordinates": [
          [
            -8.2651906,
            27.648583
          ],
          [
            -8.2650928,
            27.6487216
          ],
          [
            -8.2650714,
            27.6488214
          ],
          [
            -8.2650982,
            27.6489307
          ]
        ]
      },
      "properties": {
        "highway": "tertiary_link"
      }
    },
    {
      "type": "Feature",
      "geometry": {
        "type": "LineString",
        "coordinates": [
          [
            -8.1173034,
            27.687594
          ],
          [
            -8.1173526,
            27.6876373
          ],
          [
            -8.1174147,
            27.6876646
          ],
          [
            -8.1174834,
            27.6876728
          ],
          [
            -8.1175135,
            27.6876708
          ],
          [
            -8.11757,
            27.6876549
          ],
          [
            -8.1176196,
            27.6876263
          ],
          [
            -8.1176585,
            27.687587
          ],
          [
            -8.1176839,
            27.6875397
          ],
          [
            -8.1176942,
            27.687488
          ],
          [
            -8.1176917,
            27.6874542
          ],
          [
            -8.1176784,
            27.6874104
          ],
          [
            -8.1176537,
            27.6873707
          ],
          [
            -8.1176192,
            27.6873372
          ],
          [
            -8.1175767,
            27.6873119
          ],
          [
            -8.1175287,
            27.6872961
          ],
          [
            -8.1174502,
            27.6872924
          ],
          [
            -8.1173958,
            27.6873053
          ],
          [
            -8.1173471,
            27.6873301
          ],
          [
            -8.1173072,
            27.6873653
          ],
          [
            -8.117279,
            27.6874084
          ],
          [
            -8.1172643,
            27.6874565
          ],
          [
            -8.1172642,
            27.6875063
          ],
          [
            -8.1172713,
            27.6875386
          ],
          [
            -8.1173034,
            27.687594
          ]
        ]
      },
      "properties": {
        "highway": "secondary"
      }
    },
    {
      "type": "Feature",
      "geometry": {
        "type": "LineString",
        "coordinates": [
          [
            -8.1168761,
            27.6871694
          ],
          [
            -8.1170164,
            27.6872661
          ],
          [
            -8.1171095,
            27.6873399
          ],
          [
            -8.1171993,
            27.6874311
          ],
          [
            -8.1172642,
            27.6875063
          ]
        ]
      },
      "properties": {
        "highway": "secondary"
      }
    },
    {
      "type": "Feature",
      "geometry": {
        "type": "LineString",
        "coordinates": [
          [
            -8.011687,
            27.7415657
          ],
          [
            -8.01184,
            27.7414902
          ],
          [
            -8.0131914,
            27.7409314
          ],
          [
            -8.0136826,
            27.7407282
          ],
          [
            -8.0137273,
            27.7407078
          ],
          [
            -8.0140877,
            27.740543
          ],
          [
            -8.0145833,
            27.7402837
          ],
          [
            -8.0147046,
            27.7402202
          ],
          [
            -8.0151971,
            27.7400276
          ],
          [
            -8.0153483,
            27.7399685
          ],
          [
            -8.0158915,
            27.7397691
          ],
          [
            -8.0161449,
            27.7396623
          ],
          [
            -8.0164104,
            27.739489
          ],
          [
            -8.0165318,
            27.7393914
          ],
          [
            -8.0166952,
            27.7392802
          ],
          [
            -8.0167521,
            27.7392223
          ],
          [
            -8.0167886,
            27.7391851
          ],
          [
            -8.0171216,
            27.7388153
          ],
          [
            -8.017199,
            27.7387293
          ],
          [
            -8.0178217,
            27.7375992
          ],
          [
            -8.017891,
            27.7374426
          ],
          [
            -8.0181083,
            27.7370883
          ],
          [
            -8.0183685,
            27.736664
          ],
          [
            -8.0185336,
            27.736417
          ],
          [
            -8.0187697,
            27.7360637
          ],
          [
            -8.0196398,
            27.7351232
          ],
          [
            -8.0203157,
            27.7343968
          ],
          [
            -8.0205345,
            27.7342001
          ],
          [
            -8.0208146,
            27.7339409
          ],
          [
            -8.0212116,
            27.7336632
          ],
          [
            -8.0215201,
            27.7334851
          ],
          [
            -8.0217273,
            27.7333861
          ],
          [
            -8.0219868,
            27.733262
          ],
          [
            -8.0224883,
            27.733129
          ],
          [
            -8.0226936,
            27.7330719
          ],
          [
            -8.0231294,
            27.7330174
          ],
          [
            -8.0235639,
            27.7329794
          ],
          [
            -8.024382,
            27.7329367
          ],
          [
            -8.0246211,
            27.7329237
          ],
          [
            -8.024905,
            27.7329082
          ],
          [
            -8.0255729,
            27.7328821
          ],
          [
            -8.0262059,
            27.7329058
          ],
          [
            -8.0265413,
            27.7329202
          ],
          [
            -8.0268174,
            27.732932
          ],
          [
            -8.0273115,
            27.7330017
          ],
          [
            -8.0278608,
            27.7330791
          ],
          [
            -8.0282873,
            27.7331551
          ],
          [
            -8.0284771,
            27.7331927
          ],
          [
            -8.0291134,
            27.7333189
          ],
          [
            -8.0299046,
            27.7335255
          ],
          [
            -8.0300291,
            27.7335546
          ],
          [
            -8.0307978,
            27.7337344
          ],
          [
            -8.031512,
            27.7339006
          ],
          [
            -8.0318385,
            27.7339766
          ],
          [
            -8.0319792,
            27.7340105
          ],
          [
            -8.0323691,
            27.7341045
          ],
          [
            -8.0329409,
            27.7342424
          ],
          [
            -8.0334811,
            27.7343724
          ],
          [
            -8.0337397,
            27.7344347
          ],
          [
            -8.0341935,
            27.734544
          ],
          [
            -8.0348775,
            27.734722
          ],
          [
            -8.0355748,
            27.7348953
          ],
          [
            -8.0360642,
            27.7350116
          ],
          [
            -8.0361944,
            27.7350425
          ],
          [
            -8.0365347,
            27.7351343
          ],
          [
            -8.0366343,
            27.7351612
          ],
          [
            -8.0369937,
            27.7352277
          ],
          [
            -8.0375597,
            27.7352965
          ],
          [
            -8.0379835,
            27.7353108
          ],
          [
            -8.0382575,
            27.7352515
          ],
          [
            -8.0386808,
            27.7351599
          ],
          [
            -8.0391905,
            27.7350496
          ],
          [
            -8.0396036,
            27.7349784
          ],
          [
            -8.0400032,
            27.7349096
          ],
          [
            -8.0405637,
            27.7348526
          ],
          [
            -8.0407737,
            27.7348594
          ],
          [
            -8.041076,
            27.7348692
          ],
          [
            -8.0412718,
            27.7348811
          ],
          [
            -8.0414013,
            27.734897
          ],
          [
            -8.0414301,
            27.7349005
          ],
          [
            -8.0418137,
            27.7349475
          ],
          [
            -8.0420744,
            27.7349752
          ],
          [
            -8.0426398,
            27.7350354
          ],
          [
            -8.0427446,
            27.7350405
          ],
          [
            -8.0431306,
            27.7350591
          ],
          [
            -8.0433589,
            27.7350549
          ],
          [
            -8.0434884,
            27.7350525
          ],
          [
            -8.0440372,
            27.7350425
          ],
          [
            -8.0442947,
            27.7350615
          ],
          [
            -8.0444641,
            27.7351127
          ],
          [
            -8.0447587,
            27.7352016
          ],
          [
            -8.0451396,
            27.7353844
          ],
          [
            -8.045448,
            27.7354865
          ],
          [
            -8.0457753,
            27.7354959
          ],
          [
            -8.0460408,
            27.7354318
          ],
          [
            -8.0461991,
            27.7353657
          ],
          [
            -8.0462795,
            27.7353321
          ],
          [
            -8.0466631,
            27.7349903
          ],
          [
            -8.0470285,
            27.7346355
          ],
          [
            -8.0471298,
            27.7345131
          ],
          [
            -8.0474851,
            27.734139
          ],
          [
            -8.0476448,
            27.7339599
          ],
          [
            -8.0479532,
            27.7336228
          ],
          [
            -8.048133,
            27.7334877
          ],
          [
            -8.0486982,
            27.7330078
          ],
          [
            -8.049329,
            27.7325021
          ],
          [
            -8.0497744,
            27.7321959
          ],
          [
            -8.0497976,
            27.7321794
          ],
          [
            -8.050126,
            27.7319453
          ],
          [
            -8.0503326,
            27.7318138
          ],
          [
            -8.0505952,
            27.7316595
          ],
          [
            -8.0512014,
            27.7313247
          ],
          [
            -8.0514441,
            27.7311775
          ],
          [
            -8.0516869,
            27.7310303
          ],
          [
            -8.0522769,
            27.7306908
          ],
          [
            -8.0526498,
            27.7304534
          ],
          [
            -8.0537441,
            27.7297672
          ],
          [
            -8.0542832,
            27.7293826
          ],
          [
            -8.0551335,
            27.7287653
          ],
          [
            -8.0556446,
            27.7284048
          ],
          [
            -8.0558057,
            27.7282909
          ],
          [
            -8.0561527,
            27.7280246
          ],
          [
            -8.0568651,
            27.7275145
          ],
          [
            -8.057181,
            27.7272968
          ],
          [
            -8.0573651,
            27.7271699
          ],
          [
            -8.0579421,
            27.72677
          ],
          [
            -8.0581188,
            27.7266475
          ],
          [
            -8.0587598,
            27.7261822
          ],
          [
            -8.0593971,
            27.7257267
          ],
          [
            -8.0598773,
            27.7253777
          ],
          [
            -8.0603252,
            27.7250643
          ],
          [
            -8.0608616,
            27.724701
          ],
          [
            -8.0616636,
            27.7242072
          ],
          [
            -8.0629484,
            27.7234142
          ],
          [
            -8.0639059,
            27.7228348
          ],
          [
            -8.0645926,
            27.7224098
          ],
          [
            -8.065004,
            27.7221222
          ],
          [
            -8.065467,
            27.7217236
          ],
          [
            -8.0658382,
            27.7214004
          ],
          [
            -8.0665973,
            27.7205836
          ],
          [
            -8.0670023,
            27.7202393
          ],
          [
            -8.0672812,
            27.7200541
          ],
          [
            -8.0680886,
            27.7195436
          ],
          [
            -8.0682391,
            27.7194498
          ],
          [
            -8.0684426,
            27.7193228
          ],
          [
            -8.0689217,
            27.7190146
          ],
          [
            -8.0696603,
            27.7184965
          ],
          [
            -8.0700267,
            27.7182239
          ],
          [
            -8.070818,
            27.7176683
          ],
          [
            -8.0713383,
            27.717305
          ],
          [
            -8.0729893,
            27.7161158
          ],
          [
            -8.0744782,
            27.715076
          ],
          [
            -8.0746098,
            27.7149832
          ],
          [
            -8.0758632,
            27.7140995
          ],
          [
            -8.0776576,
            27.7128315
          ],
          [
            -8.0783979,
            27.7122854
          ],
          [
            -8.0793673,
            27.7115416
          ],
          [
            -8.0801692,
            27.7108628
          ],
          [
            -8.080651,
            27.7104641
          ],
          [
            -8.0819851,
            27.7093333
          ],
          [
            -8.0824652,
            27.7089367
          ],
          [
            -8.0827243,
            27.7087187
          ],
          [
            -8.0834378,
            27.7081251
          ],
          [
            -8.08386,
            27.707766
          ],
          [
            -8.0847145,
            27.7070517
          ],
          [
            -8.0855031,
            27.7063916
          ],
          [
            -8.0860583,
            27.7059499
          ],
          [
            -8.086643,
            27.7054061
          ],
          [
            -8.0871634,
            27.7049264
          ],
          [
            -8.0877626,
            27.7043204
          ],
          [
            -8.0883661,
            27.7036982
          ],
          [
            -8.089344,
            27.7026942
          ],
          [
            -8.0897517,
            27.7022786
          ],
          [
            -8.0901004,
            27.7019556
          ],
          [
            -8.0905054,
            27.7016018
          ],
          [
            -8.0907361,
            27.7014332
          ],
          [
            -8.0916668,
            27.7007872
          ],
          [
            -8.0929334,
            27.7000103
          ],
          [
            -8.093378,
            27.6997375
          ],
          [
            -8.0946532,
            27.6989296
          ],
          [
            -8.0953361,
            27.6985145
          ],
          [
            -8.0958414,
            27.6981958
          ],
          [
            -8.0971813,
            27.6973768
          ],
          [
            -8.0984233,
            27.6966075
          ],
          [
            -8.0990092,
            27.6962487
          ],
          [
            -8.0998769,
            27.6957423
          ],
          [
            -8.1005622,
            27.695351
          ],
          [
            -8.1009673,
            27.6951266
          ],
          [
            -8.1014997,
            27.6948547
          ],
          [
            -8.1020911,
            27.6945638
          ],
          [
            -8.102244,
            27.6944887
          ],
          [
            -8.1024975,
            27.6943643
          ],
          [
            -8.1026854,
            27.6942705
          ],
          [
            -8.1028046,
            27.6942111
          ],
          [
            -8.1031278,
            27.694052
          ],
          [
            -8.1038694,
            27.6936969
          ],
          [
            -8.1045721,
            27.6933585
          ],
          [
            -8.1052829,
            27.6930165
          ],
          [
            -8.1056061,
            27.6928645
          ],
          [
            -8.1059073,
            27.6927166
          ],
          [
            -8.1063422,
            27.6925031
          ],
          [
            -8.1070477,
            27.6921908
          ],
          [
            -8.1072973,
            27.6920843
          ],
          [
            -8.1077358,
            27.6919002
          ],
          [
            -8.108625,
            27.6915582
          ],
          [
            -8.1089804,
            27.6914217
          ],
          [
            -8.1095463,
            27.6911996
          ],
          [
            -8.1101243,
            27.6909645
          ],
          [
            -8.1105126,
            27.6908039
          ],
          [
            -8.1110564,
            27.6906059
          ],
          [
            -8.1114721,
            27.6904491
          ],
          [
            -8.1120622,
            27.6902116
          ],
          [
            -8.1126523,
            27.689986
          ],
          [
            -8.1132934,
            27.6897532
          ],
          [
            -8.1149575,
            27.6891188
          ],
          [
            -8.1155545,
            27.6888614
          ],
          [
            -8.1157744,
            27.6887486
          ],
          [
            -8.1160118,
            27.6886168
          ],
          [
            -8.1161687,
            27.6885135
          ],
          [
            -8.1163834,
            27.688364
          ],
          [
            -8.1166159,
            27.6881887
          ],
          [
            -8.1168037,
            27.6880367
          ],
          [
            -8.1169984,
            27.687883
          ]
        ]
      },
      "properties": {
        "highway": "secondary"
      }
    },
    {
      "type": "Feature",
      "geometry": {
        "type": "LineString",
        "coordinates": [
          [
            -8.1179663,
            27.6878334
          ],
          [
            -8.118289,
            27.6880429
          ],
          [
            -8.1185344,
            27.6882109
          ],
          [
            -8.118749,
            27.6883638
          ],
          [
            -8.1191067,
            27.6886162
          ],
          [
            -8.1195255,
            27.688903
          ],
          [
            -8.1199774,
            27.6892185
          ],
          [
            -8.1202745,
            27.6894313
          ],
          [
            -8.1209289,
            27.6898791
          ],
          [
            -8.1216337,
            27.6903909
          ],
          [
            -8.1219569,
            27.6906094
          ],
          [
            -8.122201,
            27.6907864
          ],
          [
            -8.1225822,
            27.6910387
          ],
          [
            -8.1230929,
            27.6913893
          ],
          [
            -8.1237808,
            27.691861
          ],
          [
            -8.1242073,
            27.6921544
          ],
          [
            -8.1263906,
            27.693634
          ],
          [
            -8.1267004,
            27.6938204
          ],
          [
            -8.1271134,
            27.6940365
          ],
          [
            -8.1278846,
            27.6944023
          ],
          [
            -8.1287898,
            27.6947573
          ],
          [
            -8.1295355,
            27.6950269
          ],
          [
            -8.1309909,
            27.695628
          ],
          [
            -8.1316029,
            27.6959034
          ],
          [
            -8.1322646,
            27.6962321
          ],
          [
            -8.1335453,
            27.69702
          ],
          [
            -8.134051,
            27.6972616
          ],
          [
            -8.1341978,
            27.6973305
          ],
          [
            -8.1349687,
            27.6976496
          ],
          [
            -8.1387019,
            27.6989537
          ],
          [
            -8.1396756,
            27.6992874
          ],
          [
            -8.1400625,
            27.6994465
          ],
          [
            -8.1403434,
            27.6995902
          ],
          [
            -8.1406465,
            27.6997635
          ],
          [
            -8.1409067,
            27.6999678
          ],
          [
            -8.1413144,
            27.7003192
          ],
          [
            -8.1416684,
            27.700685
          ],
          [
            -8.1418669,
            27.7009937
          ],
          [
            -8.142001,
            27.7011932
          ],
          [
            -8.1421915,
            27.701509
          ],
          [
            -8.1425428,
            27.7023402
          ],
          [
            -8.1435514,
            27.7047838
          ],
          [
            -8.1437673,
            27.7053311
          ],
          [
            -8.1442916,
            27.7066657
          ],
          [
            -8.1447503,
            27.7077687
          ],
          [
            -8.1450775,
            27.7085405
          ],
          [
            -8.1458697,
            27.7104872
          ],
          [
            -8.147163,
            27.7136459
          ],
          [
            -8.1473328,
            27.7139888
          ],
          [
            -8.1474427,
            27.7141798
          ],
          [
            -8.1475642,
            27.7143634
          ],
          [
            -8.1476897,
            27.7145318
          ],
          [
            -8.147813,
            27.7146733
          ]
        ]
      },
      "properties": {
        "highway": "secondary"
      }
    },
    {
      "type": "Feature",
      "geometry": {
        "type": "LineString",
        "coordinates": [
          [
            -8.1179663,
            27.6878334
          ],
          [
            -8.1178696,
            27.687722
          ],
          [
            -8.1177788,
            27.6876068
          ],
          [
            -8.1176942,
            27.687488
          ]
        ]
      },
      "properties": {
        "highway": "secondary"
      }
    },
    {
      "type": "Feature",
      "geometry": {
        "type": "LineString",
        "coordinates": [
          [
            -8.1169984,
            27.687883
          ],
          [
            -8.1171145,
            27.6878208
          ],
          [
            -8.1172337,
            27.6877643
          ],
          [
            -8.1173568,
            27.6877149
          ],
          [
            -8.1174834,
            27.6876728
          ]
        ]
      },
      "properties": {
        "highway": "secondary"
      }
    },
    {
      "type": "Feature",
      "geometry": {
        "type": "LineString",
        "coordinates": [
          [
            -8.3852884,
            27.3145899
          ],
          [
            -8.379482,
            27.3190393
          ],
          [
            -8.3736051,
            27.3234546
          ],
          [
            -8.3715096,
            27.3250288
          ],
          [
            -8.3571499,
            27.3359213
          ],
          [
            -8.3502973,
            27.3410811
          ],
          [
            -8.3498293,
            27.3415566
          ],
          [
            -8.3494831,
            27.3421089
          ],
          [
            -8.3493479,
            27.3425707
          ],
          [
            -8.3492959,
            27.3431434
          ],
          [
            -8.3493583,
            27.3443995
          ],
          [
            -8.3491399,
            27.3452123
          ],
          [
            -8.3489008,
            27.3457757
          ],
          [
            -8.3483705,
            27.3462929
          ],
          [
            -8.3450847,
            27.3488975
          ],
          [
            -8.3379827,
            27.3545774
          ],
          [
            -8.3340938,
            27.3577452
          ],
          [
            -8.3325652,
            27.3586687
          ],
          [
            -8.3310887,
            27.3594075
          ],
          [
            -8.3288323,
            27.3602109
          ],
          [
            -8.3129751,
            27.365327
          ],
          [
            -8.3109994,
            27.3659457
          ],
          [
            -8.3090862,
            27.3664536
          ],
          [
            -8.3071417,
            27.3667768
          ],
          [
            -8.3049061,
            27.3670169
          ],
          [
            -8.3030032,
            27.3671092
          ],
          [
            -8.30109,
            27.3670354
          ],
          [
            -8.2993223,
            27.3668969
          ],
          [
            -8.2977418,
            27.3666845
          ],
          [
            -8.2960157,
            27.3663336
          ],
          [
            -8.2946639,
            27.3660011
          ],
          [
            -8.293229,
            27.365604
          ],
          [
            -8.2923971,
            27.3654747
          ],
          [
            -8.2913781,
            27.365447
          ],
          [
            -8.2905774,
            27.3655117
          ],
          [
            -8.2894024,
            27.365761
          ],
          [
            -8.2877803,
            27.366352
          ],
          [
            -8.2784012,
            27.3698795
          ],
          [
            -8.272495,
            27.3721142
          ],
          [
            -8.2706753,
            27.3728991
          ],
          [
            -8.2683149,
            27.3740902
          ],
          [
            -8.2658402,
            27.3755215
          ],
          [
            -8.2636046,
            27.3770266
          ],
          [
            -8.2615561,
            27.3786793
          ],
          [
            -8.2583847,
            27.3813293
          ],
          [
            -8.256721,
            27.3825943
          ],
          [
            -8.2549533,
            27.3837761
          ],
          [
            -8.253196,
            27.3848379
          ],
          [
            -8.2507212,
            27.3861489
          ],
          [
            -8.2481425,
            27.3872846
          ],
          [
            -8.2448255,
            27.3887156
          ],
          [
            -8.2420595,
            27.3899805
          ],
          [
            -8.2395536,
            27.3912915
          ],
          [
            -8.2370164,
            27.3927964
          ],
          [
            -8.2342817,
            27.3946613
          ],
          [
            -8.2317342,
            27.39636
          ],
          [
            -8.2306112,
            27.3970339
          ],
          [
            -8.2296649,
            27.3974586
          ],
          [
            -8.2280012,
            27.3981048
          ],
          [
            -8.2252873,
            27.3990926
          ],
          [
            -8.2239251,
            27.3996096
          ],
          [
            -8.2226566,
            27.4002466
          ],
          [
            -8.2213776,
            27.4010682
          ],
          [
            -8.2193395,
            27.4026929
          ],
          [
            -8.2175718,
            27.4040499
          ],
          [
            -8.2159393,
            27.40513
          ],
          [
            -8.2093989,
            27.4089701
          ],
          [
            -8.206373,
            27.4107332
          ],
          [
            -8.2011635,
            27.4142224
          ],
          [
            -8.1990527,
            27.4156439
          ],
          [
            -8.1967131,
            27.4169453
          ],
          [
            -8.1956264,
            27.4174977
          ],
          [
            -8.1932089,
            27.4187452
          ],
          [
            -8.1880202,
            27.4214219
          ],
          [
            -8.1855559,
            27.4226218
          ],
          [
            -8.1740824,
            27.4276773
          ],
          [
            -8.1705368,
            27.4297516
          ],
          [
            -8.161564,
            27.4356819
          ],
          [
            -8.1610924,
            27.4359626
          ],
          [
            -8.1605471,
            27.4362872
          ],
          [
            -8.1562534,
            27.438813
          ],
          [
            -8.1545516,
            27.4398563
          ],
          [
            -8.1479782,
            27.4429216
          ],
          [
            -8.1436363,
            27.445193
          ],
          [
            -8.1397591,
            27.4473295
          ],
          [
            -8.1374886,
            27.4485669
          ],
          [
            -8.1350105,
            27.4499175
          ],
          [
            -8.1324102,
            27.4513347
          ],
          [
            -8.1268541,
            27.454319
          ],
          [
            -8.1233389,
            27.4561113
          ],
          [
            -8.1203267,
            27.4576391
          ],
          [
            -8.1172372,
            27.4594175
          ],
          [
            -8.1132152,
            27.4617333
          ],
          [
            -8.1092888,
            27.4645252
          ],
          [
            -8.1087612,
            27.4648715
          ],
          [
            -8.1081769,
            27.4651976
          ],
          [
            -8.1059483,
            27.466334
          ],
          [
            -8.1018934,
            27.4683869
          ],
          [
            -8.0973297,
            27.470723
          ],
          [
            -8.093433,
            27.4727051
          ],
          [
            -8.0928997,
            27.4729634
          ],
          [
            -8.0922946,
            27.4732644
          ],
          [
            -8.0913844,
            27.4737173
          ],
          [
            -8.0896613,
            27.4745745
          ],
          [
            -8.0895213,
            27.4746721
          ],
          [
            -8.0892517,
            27.4748033
          ],
          [
            -8.0887993,
            27.4750235
          ],
          [
            -8.0872198,
            27.4757924
          ]
        ]
      },
      "properties": {
        "highway": "tertiary"
      }
    },
    {
      "type": "Feature",
      "geometry": {
        "type": "LineString",
        "coordinates": [
          [
            -8.0872868,
            27.4952489
          ],
          [
            -8.0861833,
            27.4950211
          ],
          [
            -8.080243,
            27.4934221
          ],
          [
            -8.0754786,
            27.4921575
          ],
          [
            -8.0712997,
            27.4910309
          ],
          [
            -8.0697335,
            27.4907134
          ],
          [
            -8.0689944,
            27.490663
          ],
          [
            -8.0683193,
            27.4906277
          ],
          [
            -8.0675806,
            27.4906156
          ],
          [
            -8.0670978,
            27.490632
          ],
          [
            -8.0659208,
            27.4907191
          ],
          [
            -8.0624134,
            27.4909953
          ],
          [
            -8.0611709,
            27.4911036
          ],
          [
            -8.0566064,
            27.4917398
          ],
          [
            -8.0558795,
            27.4919507
          ],
          [
            -8.0553588,
            27.4920959
          ],
          [
            -8.0524823,
            27.4933828
          ],
          [
            -8.0513066,
            27.4938606
          ],
          [
            -8.0502817,
            27.4941452
          ],
          [
            -8.0492021,
            27.4943735
          ],
          [
            -8.0470134,
            27.4947111
          ],
          [
            -8.0442481,
            27.4950794
          ],
          [
            -8.0437212,
            27.4952121
          ],
          [
            -8.0431942,
            27.495472
          ],
          [
            -8.042714,
            27.4958497
          ],
          [
            -8.0400432,
            27.4981026
          ],
          [
            -8.0396912,
            27.4983924
          ],
          [
            -8.0392085,
            27.4986448
          ],
          [
            -8.0386946,
            27.4988153
          ],
          [
            -8.0323543,
            27.500456
          ],
          [
            -8.0306835,
            27.5008883
          ],
          [
            -8.0303876,
            27.5009649
          ],
          [
            -8.0296309,
            27.5011912
          ],
          [
            -8.0287373,
            27.501537
          ],
          [
            -8.0271818,
            27.5021484
          ],
          [
            -8.025744,
            27.5027341
          ],
          [
            -8.024956,
            27.5030551
          ],
          [
            -8.0243237,
            27.503429
          ],
          [
            -8.0238151,
            27.5038285
          ],
          [
            -8.022117,
            27.5051622
          ],
          [
            -8.0216729,
            27.505408
          ],
          [
            -8.021193,
            27.5055746
          ],
          [
            -8.0206684,
            27.5056381
          ],
          [
            -8.0201795,
            27.5056116
          ],
          [
            -8.0144892,
            27.504681
          ],
          [
            -8.0085276,
            27.5037054
          ],
          [
            -8.0067626,
            27.5034191
          ],
          [
            -8.0059294,
            27.5032839
          ],
          [
            -8.0049234,
            27.5031047
          ],
          [
            -8.0037564,
            27.5030627
          ],
          [
            -7.999779,
            27.5031382
          ],
          [
            -7.9988542,
            27.5032632
          ],
          [
            -7.9963738,
            27.5038423
          ],
          [
            -7.9832653,
            27.5069449
          ],
          [
            -7.9824441,
            27.5070337
          ],
          [
            -7.9814393,
            27.5069055
          ],
          [
            -7.9735144,
            27.5046886
          ],
          [
            -7.9720213,
            27.5042471
          ],
          [
            -7.9651485,
            27.501793
          ],
          [
            -7.9487057,
            27.4958946
          ],
          [
            -7.9479091,
            27.4956639
          ],
          [
            -7.9471978,
            27.4955722
          ],
          [
            -7.9463808,
            27.4955707
          ],
          [
            -7.9395335,
            27.4959113
          ],
          [
            -7.9383804,
            27.4960114
          ],
          [
            -7.9371553,
            27.4962393
          ],
          [
            -7.9358598,
            27.4966759
          ],
          [
            -7.9220904,
            27.502513
          ],
          [
            -7.9211415,
            27.5027681
          ],
          [
            -7.9201112,
            27.502879
          ],
          [
            -7.9190241,
            27.502824
          ],
          [
            -7.9181158,
            27.5026392
          ],
          [
            -7.9106455,
            27.5000967
          ],
          [
            -7.9096442,
            27.4995468
          ],
          [
            -7.9088201,
            27.4989325
          ],
          [
            -7.9080869,
            27.4981643
          ],
          [
            -7.9050142,
            27.494777
          ],
          [
            -7.8998554,
            27.4891329
          ],
          [
            -7.8992543,
            27.4886027
          ],
          [
            -7.8987846,
            27.4882941
          ],
          [
            -7.8980845,
            27.4879403
          ],
          [
            -7.8974056,
            27.4877202
          ],
          [
            -7.8967728,
            27.4876023
          ],
          [
            -7.8960395,
            27.4875512
          ],
          [
            -7.8911141,
            27.4874588
          ],
          [
            -7.8900218,
            27.487504
          ],
          [
            -7.8888293,
            27.4876829
          ],
          [
            -7.8816019,
            27.4889875
          ],
          [
            -7.8744849,
            27.490286
          ],
          [
            -7.8737371,
            27.4905246
          ],
          [
            -7.8730039,
            27.4908582
          ],
          [
            -7.8722032,
            27.4913798
          ],
          [
            -7.8652549,
            27.496081
          ],
          [
            -7.8642277,
            27.496776
          ],
          [
            -7.8637918,
            27.4970709
          ],
          [
            -7.8604934,
            27.4990376
          ],
          [
            -7.85016,
            27.5051822
          ],
          [
            -7.8493849,
            27.5055131
          ],
          [
            -7.8486329,
            27.5057326
          ],
          [
            -7.8478495,
            27.5058938
          ],
          [
            -7.8468967,
            27.5059629
          ],
          [
            -7.8430955,
            27.5056636
          ],
          [
            -7.8420473,
            27.5055811
          ],
          [
            -7.8409072,
            27.5055443
          ],
          [
            -7.8402286,
            27.5056616
          ],
          [
            -7.8400228,
            27.5056383
          ],
          [
            -7.833174,
            27.5071482
          ],
          [
            -7.8297098,
            27.5079276
          ],
          [
            -7.8289882,
            27.5080876
          ],
          [
            -7.826606,
            27.5086226
          ],
          [
            -7.8263187,
            27.5086871
          ],
          [
            -7.8262524,
            27.508702
          ],
          [
            -7.825463,
            27.5089517
          ],
          [
            -7.8245909,
            27.5092688
          ],
          [
            -7.8226553,
            27.5099728
          ],
          [
            -7.8204157,
            27.5107872
          ],
          [
            -7.820362,
            27.5108067
          ],
          [
            -7.8177391,
            27.5117605
          ],
          [
            -7.8163871,
            27.5122522
          ],
          [
            -7.8142096,
            27.5130441
          ],
          [
            -7.8135618,
            27.5132786
          ],
          [
            -7.8118146,
            27.5139111
          ],
          [
            -7.8107965,
            27.5142797
          ],
          [
            -7.805871,
            27.5160627
          ],
          [
            -7.8046913,
            27.5163837
          ],
          [
            -7.7574231,
            27.5273288
          ],
          [
            -7.7308839,
            27.5334847
          ],
          [
            -7.7298032,
            27.5337069
          ],
          [
            -7.6884733,
            27.5371237
          ],
          [
            -7.6874199,
            27.5372911
          ],
          [
            -7.6865744,
            27.5375085
          ],
          [
            -7.6859383,
            27.5376757
          ],
          [
            -7.6841106,
            27.5384294
          ],
          [
            -7.6825146,
            27.5391185
          ],
          [
            -7.6809701,
            27.5398816
          ],
          [
            -7.6790175,
            27.5409763
          ],
          [
            -7.6774396,
            27.5418896
          ],
          [
            -7.6763754,
            27.5423802
          ],
          [
            -7.6754759,
            27.5427303
          ],
          [
            -7.6744664,
            27.5430568
          ],
          [
            -7.6733331,
            27.5433198
          ],
          [
            -7.6569263,
            27.54607
          ],
          [
            -7.644535,
            27.5481361
          ],
          [
            -7.6318807,
            27.5502549
          ],
          [
            -7.6106162,
            27.5517225
          ],
          [
            -7.6099324,
            27.5518383
          ],
          [
            -7.5938926,
            27.5564615
          ],
          [
            -7.5814725,
            27.5599914
          ],
          [
            -7.5744348,
            27.5619915
          ],
          [
            -7.5501777,
            27.5689733
          ],
          [
            -7.5420558,
            27.571292
          ],
          [
            -7.5358526,
            27.5730642
          ],
          [
            -7.5259687,
            27.5758879
          ],
          [
            -7.5238444,
            27.5764818
          ],
          [
            -7.5235257,
            27.5765778
          ],
          [
            -7.5232109,
            27.5766833
          ],
          [
            -7.5229003,
            27.576798
          ],
          [
            -7.5226536,
            27.5768971
          ],
          [
            -7.52241,
            27.5770021
          ],
          [
            -7.5221697,
            27.5771129
          ],
          [
            -7.5219329,
            27.5772295
          ],
          [
            -7.5216573,
            27.5773747
          ],
          [
            -7.5213872,
            27.5775277
          ],
          [
            -7.5211227,
            27.5776883
          ],
          [
            -7.5191022,
            27.5790197
          ],
          [
            -7.5189974,
            27.5790875
          ]
        ]
      },
      "properties": {
        "highway": "secondary",
        "ref": "CW 2"
      }
    },
    {
      "type": "Feature",
      "geometry": {
        "type": "LineString",
        "coordinates": [
          [
            -8.128299,
            27.6771502
          ],
          [
            -8.1283916,
            27.6771091
          ],
          [
            -8.1284807,
            27.6770604
          ],
          [
            -8.1285578,
            27.6770152
          ],
          [
            -8.1291048,
            27.6767223
          ],
          [
            -8.1294266,
            27.6765485
          ],
          [
            -8.1296799,
            27.6764149
          ],
          [
            -8.1299739,
            27.6762528
          ],
          [
            -8.1301614,
            27.6761575
          ],
          [
            -8.1310438,
            27.6756831
          ],
          [
            -8.1315714,
            27.6754055
          ],
          [
            -8.1316388,
            27.6753722
          ],
          [
            -8.1317063,
            27.6753374
          ],
          [
            -8.1323934,
            27.6749903
          ],
          [
            -8.132759,
            27.6748206
          ]
        ]
      },
      "properties": {
        "highway": "tertiary"
      }
    },
    {
      "type": "Feature",
      "geometry": {
        "type": "LineString",
        "coordinates": [
          [
            -8.1309712,
            27.6686775
          ],
          [
            -8.1309363,
            27.6686929
          ],
          [
            -8.1309098,
            27.6687183
          ],
          [
            -8.1308953,
            27.6687504
          ],
          [
            -8.1308947,
            27.668785
          ],
          [
            -8.1308989,
            27.6687999
          ]
        ]
      },
      "properties": {
        "highway": "secondary"
      }
    },
    {
      "type": "Feature",
      "geometry": {
        "type": "LineString",
        "coordinates": [
          [
            -8.1306537,
            27.6687488
          ],
          [
            -8.1307002,
            27.6688016
          ],
          [
            -8.1307223,
            27.6688343
          ],
          [
            -8.1307371,
            27.6688854
          ],
          [
            -8.1307586,
            27.6689578
          ]
        ]
      },
      "properties": {
        "highway": "secondary_link"
      }
    },
    {
      "type": "Feature",
      "geometry": {
        "type": "LineString",
        "coordinates": [
          [
            -8.1308446,
            27.6689791
          ],
          [
            -8.130949,
            27.6689358
          ],
          [
            -8.1309919,
            27.6689251
          ],
          [
            -8.1310416,
            27.668914
          ],
          [
            -8.1311019,
            27.6689014
          ],
          [
            -8.1311676,
            27.6688895
          ],
          [
            -8.1313034,
            27.6688744
          ]
        ]
      },
      "properties": {
        "highway": "secondary_link"
      }
    },
    {
      "type": "Feature",
      "geometry": {
        "type": "LineString",
        "coordinates": [
          [
            -8.1308446,
            27.6689791
          ],
          [
            -8.1308893,
            27.6689493
          ],
          [
            -8.1309131,
            27.6689341
          ],
          [
            -8.13094,
            27.6689152
          ],
          [
            -8.1309725,
            27.6688907
          ],
          [
            -8.1310025,
            27.6688649
          ]
        ]
      },
      "properties": {
        "highway": "tertiary"
      }
    },
    {
      "type": "Feature",
      "geometry": {
        "type": "LineString",
        "coordinates": [
          [
            -8.1352486,
            27.6736392
          ],
          [
            -8.1346143,
            27.6739011
          ],
          [
            -8.1340293,
            27.6741696
          ],
          [
            -8.1339379,
            27.6742068
          ]
        ]
      },
      "properties": {
        "highway": "tertiary"
      }
    },
    {
      "type": "Feature",
      "geometry": {
        "type": "LineString",
        "coordinates": [
          [
            -8.1396425,
            27.6719311
          ],
          [
            -8.1396714,
            27.6719498
          ],
          [
            -8.1397048,
            27.6719609
          ],
          [
            -8.1397405,
            27.6719635
          ],
          [
            -8.1397797,
            27.6719562
          ],
          [
            -8.1398146,
            27.6719387
          ],
          [
            -8.1398418,
            27.6719126
          ],
          [
            -8.1398595,
            27.6718785
          ],
          [
            -8.139864,
            27.6718411
          ],
          [
            -8.1398546,
            27.6718044
          ],
          [
            -8.1398325,
            27.6717723
          ],
          [
            -8.1397795,
            27.6717395
          ],
          [
            -8.1397376,
            27.6717321
          ],
          [
            -8.1396953,
            27.6717371
          ],
          [
            -8.1396571,
            27.6717538
          ],
          [
            -8.139627,
            27.6717806
          ],
          [
            -8.1396082,
            27.6718145
          ],
          [
            -8.1396027,
            27.6718456
          ],
          [
            -8.1396068,
            27.671877
          ],
          [
            -8.1396205,
            27.6719062
          ],
          [
            -8.1396425,
            27.6719311
          ]
        ]
      },
      "properties": {
        "highway": "secondary"
      }
    },
    {
      "type": "Feature",
      "geometry": {
        "type": "LineString",
        "coordinates": [
          [
            -8.1396068,
            27.671877
          ],
          [
            -8.1395507,
            27.6720145
          ],
          [
            -8.1394595,
            27.6722806
          ]
        ]
      },
      "properties": {
        "highway": "secondary"
      }
    },
    {
      "type": "Feature",
      "geometry": {
        "type": "LineString",
        "coordinates": [
          [
            -8.1395346,
            27.6715627
          ],
          [
            -8.1395433,
            27.671622
          ],
          [
            -8.1395574,
            27.671682
          ],
          [
            -8.1396082,
            27.6718145
          ]
        ]
      },
      "properties": {
        "highway": "secondary"
      }
    },
    {
      "type": "Feature",
      "geometry": {
        "type": "LineString",
        "coordinates": [
          [
            -8.1396379,
            27.6739446
          ],
          [
            -8.1395359,
            27.6733373
          ],
          [
            -8.1394706,
            27.6729784
          ],
          [
            -8.1394605,
            27.6728782
          ],
          [
            -8.1394354,
            27.6726784
          ],
          [
            -8.1394367,
            27.672391
          ],
          [
            -8.1394459,
            27.6723187
          ]
        ]
      },
      "properties": {
        "highway": "secondary"
      }
    },
    {
      "type": "Feature",
      "geometry": {
        "type": "LineString",
        "coordinates": [
          [
            -8.1397795,
            27.6717395
          ],
          [
            -8.1397009,
            27.6716677
          ],
          [
            -8.1395895,
            27.6715872
          ],
          [
            -8.1395346,
            27.6715627
          ]
        ]
      },
      "properties": {
        "highway": "secondary"
      }
    },
    {
      "type": "Feature",
      "geometry": {
        "type": "LineString",
        "coordinates": [
          [
            -8.1510828,
            27.6748833
          ],
          [
            -8.1506076,
            27.6745945
          ],
          [
            -8.1495244,
            27.673926
          ],
          [
            -8.1488889,
            27.6736659
          ],
          [
            -8.1484995,
            27.6735331
          ],
          [
            -8.1481555,
            27.6734047
          ],
          [
            -8.1476907,
            27.6732332
          ],
          [
            -8.1475656,
            27.6732092
          ],
          [
            -8.1472916,
            27.6731567
          ],
          [
            -8.1471034,
            27.6731566
          ],
          [
            -8.1468248,
            27.6731927
          ],
          [
            -8.1467185,
            27.6732087
          ],
          [
            -8.1465925,
            27.6732277
          ],
          [
            -8.1462526,
            27.673279
          ],
          [
            -8.1456405,
            27.6733713
          ],
          [
            -8.1453704,
            27.6734092
          ],
          [
            -8.1452292,
            27.6734333
          ],
          [
            -8.1448078,
            27.6734968
          ],
          [
            -8.1447818,
            27.6734992
          ],
          [
            -8.1446655,
            27.6735099
          ],
          [
            -8.1440332,
            27.6735682
          ],
          [
            -8.1437014,
            27.6735988
          ],
          [
            -8.1430144,
            27.6736621
          ],
          [
            -8.1421056,
            27.6737348
          ],
          [
            -8.1420064,
            27.6737443
          ],
          [
            -8.1418133,
            27.6737633
          ],
          [
            -8.1408745,
            27.6738417
          ],
          [
            -8.1403112,
            27.6738916
          ],
          [
            -8.1396379,
            27.6739446
          ]
        ]
      },
      "properties": {
        "highway": "secondary"
      }
    },
    {
      "type": "Feature",
      "geometry": {
        "type": "LineString",
        "coordinates": [
          [
            -8.1395346,
            27.6715627
          ],
          [
            -8.1393925,
            27.6713892
          ],
          [
            -8.1388421,
            27.6707173
          ]
        ]
      },
      "properties": {
        "highway": "secondary"
      }
    },
    {
      "type": "Feature",
      "geometry": {
        "type": "LineString",
        "coordinates": [
          [
            -8.1352707,
            27.6737093
          ],
          [
            -8.135315,
            27.673679
          ],
          [
            -8.1353738,
            27.6736446
          ]
        ]
      },
      "properties": {
        "highway": "tertiary"
      }
    },
    {
      "type": "Feature",
      "geometry": {
        "type": "LineString",
        "coordinates": [
          [
            -8.1394595,
            27.6722806
          ],
          [
            -8.1395721,
            27.6721523
          ],
          [
            -8.1397405,
            27.6719635
          ]
        ]
      },
      "properties": {
        "highway": "secondary"
      }
    },
    {
      "type": "Feature",
      "geometry": {
        "type": "LineString",
        "coordinates": [
          [
            -8.1353738,
            27.6736446
          ],
          [
            -8.1352956,
            27.6736369
          ],
          [
            -8.1352486,
            27.6736392
          ]
        ]
      },
      "properties": {
        "highway": "tertiary"
      }
    },
    {
      "type": "Feature",
      "geometry": {
        "type": "LineString",
        "coordinates": [
          [
            -8.1533715,
            27.6705803
          ],
          [
            -8.1532943,
            27.6704729
          ],
          [
            -8.1532569,
            27.6703748
          ],
          [
            -8.1531564,
            27.6697738
          ],
          [
            -8.1530571,
            27.6692571
          ],
          [
            -8.1529399,
            27.6687309
          ],
          [
            -8.1529318,
            27.6686845
          ],
          [
            -8.1529259,
            27.6686379
          ],
          [
            -8.152922,
            27.6685911
          ],
          [
            -8.152919,
            27.6685433
          ]
        ]
      },
      "properties": {
        "highway": "primary",
        "ref": "RN 50"
      }
    },
    {
      "type": "Feature",
      "geometry": {
        "type": "LineString",
        "coordinates": [
          [
            -8.1527671,
            27.6685686
          ],
          [
            -8.1527833,
            27.6686021
          ],
          [
            -8.1527976,
            27.6686361
          ],
          [
            -8.1528094,
            27.6686708
          ],
          [
            -8.1528189,
            27.668706
          ],
          [
            -8.1529672,
            27.6692714
          ],
          [
            -8.1530477,
            27.6697358
          ],
          [
            -8.1531983,
            27.6706481
          ]
        ]
      },
      "properties": {
        "highway": "primary",
        "ref": "RN 50"
      }
    },
    {
      "type": "Feature",
      "geometry": {
        "type": "LineString",
        "coordinates": [
          [
            -8.1533287,
            27.6708096
          ],
          [
            -8.1534487,
            27.6709301
          ],
          [
            -8.1536123,
            27.671186
          ],
          [
            -8.1537176,
            27.6714016
          ],
          [
            -8.1537397,
            27.6714948
          ],
          [
            -8.1537437,
            27.6715875
          ],
          [
            -8.153725,
            27.6717549
          ],
          [
            -8.15367,
            27.6718796
          ],
          [
            -8.1535815,
            27.6720067
          ],
          [
            -8.153205,
            27.67242
          ],
          [
            -8.1528033,
            27.6728762
          ],
          [
            -8.1527235,
            27.6729559
          ],
          [
            -8.1526797,
            27.6729991
          ],
          [
            -8.1522881,
            27.6733948
          ],
          [
            -8.1522483,
            27.673435
          ],
          [
            -8.1520706,
            27.6736394
          ],
          [
            -8.1518352,
            27.6739101
          ],
          [
            -8.1517655,
            27.6740004
          ],
          [
            -8.1516475,
            27.6741856
          ],
          [
            -8.1515491,
            27.6743718
          ],
          [
            -8.1514436,
            27.6747451
          ],
          [
            -8.1513649,
            27.674945
          ]
        ]
      },
      "properties": {
        "highway": "primary",
        "ref": "RN 50"
      }
    },
    {
      "type": "Feature",
      "geometry": {
        "type": "LineString",
        "coordinates": [
          [
            -8.1514943,
            27.6749959
          ],
          [
            -8.1515336,
            27.6747752
          ],
          [
            -8.1516449,
            27.6744367
          ],
          [
            -8.1517442,
            27.6742146
          ],
          [
            -8.1518613,
            27.6740594
          ],
          [
            -8.1519023,
            27.6740051
          ],
          [
            -8.1522618,
            27.6735816
          ],
          [
            -8.152371,
            27.6734604
          ],
          [
            -8.1524883,
            27.6733301
          ],
          [
            -8.1526077,
            27.6731975
          ],
          [
            -8.1528903,
            27.6729232
          ],
          [
            -8.1532756,
            27.6724967
          ],
          [
            -8.1536859,
            27.6720478
          ],
          [
            -8.1537639,
            27.6719165
          ],
          [
            -8.1538309,
            27.6717609
          ],
          [
            -8.1538443,
            27.6715744
          ],
          [
            -8.153839,
            27.6714782
          ],
          [
            -8.1538135,
            27.671382
          ],
          [
            -8.1537062,
            27.6711611
          ],
          [
            -8.1535506,
            27.6708867
          ],
          [
            -8.1534507,
            27.6707274
          ]
        ]
      },
      "properties": {
        "highway": "primary",
        "ref": "RN 50"
      }
    },
    {
      "type": "Feature",
      "geometry": {
        "type": "LineString",
        "coordinates": [
          [
            -8.1513151,
            27.6749614
          ],
          [
            -8.1510828,
            27.6748833
          ]
        ]
      },
      "properties": {
        "highway": "secondary"
      }
    },
    {
      "type": "Feature",
      "geometry": {
        "type": "LineString",
        "coordinates": [
          [
            -8.1510828,
            27.6748833
          ],
          [
            -8.1512561,
            27.6750373
          ]
        ]
      },
      "properties": {
        "highway": "secondary"
      }
    },
    {
      "type": "Feature",
      "geometry": {
        "type": "LineString",
        "coordinates": [
          [
            -8.1532193,
            27.670616
          ],
          [
            -8.1531983,
            27.6706481
          ],
          [
            -8.1531892,
            27.6706885
          ],
          [
            -8.1531963,
            27.6707292
          ],
          [
            -8.1532136,
            27.6707593
          ],
          [
            -8.1532449,
            27.6707873
          ],
          [
            -8.1532847,
            27.6708046
          ],
          [
            -8.1533287,
            27.6708096
          ],
          [
            -8.1533686,
            27.6708026
          ],
          [
            -8.1534043,
            27.6707855
          ],
          [
            -8.1534325,
            27.6707596
          ],
          [
            -8.1534507,
            27.6707274
          ],
          [
            -8.1534572,
            27.6706921
          ],
          [
            -8.1534515,
            27.6706566
          ],
          [
            -8.1534341,
            27.6706243
          ],
          [
            -8.1534066,
            27.6705981
          ],
          [
            -8.1533715,
            27.6705803
          ],
          [
            -8.1533305,
            27.6705725
          ],
          [
            -8.1532889,
            27.6705763
          ],
          [
            -8.1532506,
            27.6705913
          ],
          [
            -8.1532193,
            27.670616
          ]
        ]
      },
      "properties": {
        "highway": "primary"
      }
    },
    {
      "type": "Feature",
      "geometry": {
        "type": "LineString",
        "coordinates": [
          [
            -8.147993,
            27.7149754
          ],
          [
            -8.1480136,
            27.7150212
          ],
          [
            -8.1480359,
            27.7150485
          ],
          [
            -8.1480638,
            27.7150714
          ],
          [
            -8.1481133,
            27.7150952
          ],
          [
            -8.1481685,
            27.7151053
          ],
          [
            -8.1482246,
            27.7151006
          ],
          [
            -8.1482768,
            27.7150816
          ],
          [
            -8.1483204,
            27.71505
          ],
          [
            -8.1483517,
            27.7150086
          ],
          [
            -8.1483643,
            27.7149771
          ],
          [
            -8.1483699,
            27.7149326
          ],
          [
            -8.1483621,
            27.7148885
          ],
          [
            -8.1483415,
            27.7148477
          ],
          [
            -8.1483199,
            27.7148223
          ],
          [
            -8.1482934,
            27.7148011
          ],
          [
            -8.1482386,
            27.7147758
          ],
          [
            -8.1481777,
            27.7147673
          ],
          [
            -8.1481168,
            27.7147765
          ],
          [
            -8.1480625,
            27.7148024
          ],
          [
            -8.1480458,
            27.7148151
          ],
          [
            -8.1480164,
            27.7148476
          ],
          [
            -8.1479968,
            27.7148854
          ],
          [
            -8.1479882,
            27.7149263
          ],
          [
            -8.147993,
            27.7149754
          ]
        ]
      },
      "properties": {
        "highway": "primary"
      }
    },
    {
      "type": "Feature",
      "geometry": {
        "type": "LineString",
        "coordinates": [
          [
            -8.1480638,
            27.7150714
          ],
          [
            -8.1481412,
            27.715211
          ],
          [
            -8.1481921,
            27.7153225
          ],
          [
            -8.1482256,
            27.7154201
          ],
          [
            -8.1482557,
            27.7155532
          ],
          [
            -8.1486328,
            27.7176076
          ],
          [
            -8.1489317,
            27.7192486
          ],
          [
            -8.14907,
            27.7200901
          ],
          [
            -8.1492671,
            27.7210992
          ],
          [
            -8.1498961,
            27.7246485
          ],
          [
            -8.1504306,
            27.7275993
          ],
          [
            -8.1508969,
            27.7301304
          ],
          [
            -8.1509813,
            27.7305884
          ],
          [
            -8.1513628,
            27.7326846
          ],
          [
            -8.1513905,
            27.7328367
          ],
          [
            -8.1517981,
            27.7350768
          ],
          [
            -8.1519395,
            27.7360035
          ],
          [
            -8.1519301,
            27.7366571
          ],
          [
            -8.1518678,
            27.7371327
          ],
          [
            -8.1517727,
            27.7375716
          ],
          [
            -8.1515852,
            27.7380963
          ],
          [
            -8.1513787,
            27.7385399
          ],
          [
            -8.151156,
            27.7389042
          ],
          [
            -8.1503952,
            27.740046
          ],
          [
            -8.149889,
            27.7407183
          ],
          [
            -8.149807,
            27.7408572
          ],
          [
            -8.1494794,
            27.7412447
          ],
          [
            -8.1490706,
            27.7417029
          ],
          [
            -8.1485527,
            27.742217
          ],
          [
            -8.1480378,
            27.7426195
          ],
          [
            -8.1474771,
            27.7429685
          ],
          [
            -8.1469029,
            27.743285
          ],
          [
            -8.1439644,
            27.7446802
          ],
          [
            -8.1331629,
            27.7498976
          ],
          [
            -8.132199,
            27.7503756
          ],
          [
            -8.1310592,
            27.7510264
          ],
          [
            -8.1157163,
            27.7597428
          ],
          [
            -8.1105174,
            27.7627549
          ],
          [
            -8.1097694,
            27.7632425
          ]
        ]
      },
      "properties": {
        "highway": "primary",
        "ref": "RN 50"
      }
    },
    {
      "type": "Feature",
      "geometry": {
        "type": "LineString",
        "coordinates": [
          [
            -8.148603,
            27.714881
          ],
          [
            -8.1483415,
            27.7148477
          ]
        ]
      },
      "properties": {
        "name": "طريق المطار",
        "highway": "tertiary"
      }
    },
    {
      "type": "Feature",
      "geometry": {
        "type": "LineString",
        "coordinates": [
          [
            -8.1483643,
            27.7149771
          ],
          [
            -8.148603,
            27.714881
          ]
        ]
      },
      "properties": {
        "name": "طريق المطار",
        "highway": "tertiary"
      }
    },
    {
      "type": "Feature",
      "geometry": {
        "type": "LineString",
        "coordinates": [
          [
            -8.1480458,
            27.7148151
          ],
          [
            -8.1479488,
            27.7147528
          ],
          [
            -8.1478576,
            27.714694
          ],
          [
            -8.147813,
            27.7146733
          ]
        ]
      },
      "properties": {
        "highway": "secondary"
      }
    },
    {
      "type": "Feature",
      "geometry": {
        "type": "LineString",
        "coordinates": [
          [
            -8.147813,
            27.7146733
          ],
          [
            -8.1479882,
            27.7149263
          ]
        ]
      },
      "properties": {
        "highway": "secondary"
      }
    },
    {
      "type": "Feature",
      "geometry": {
        "type": "LineString",
        "coordinates": [
          [
            -8.1482934,
            27.7148011
          ],
          [
            -8.1482412,
            27.7146764
          ],
          [
            -8.148207,
            27.7145331
          ],
          [
            -8.1481701,
            27.7143546
          ],
          [
            -8.148133,
            27.7141472
          ],
          [
            -8.1470355,
            27.7080537
          ],
          [
            -8.1469819,
            27.7077616
          ],
          [
            -8.1469578,
            27.7075978
          ],
          [
            -8.1468692,
            27.7065838
          ],
          [
            -8.1468558,
            27.7062371
          ],
          [
            -8.1468459,
            27.7059683
          ],
          [
            -8.1469902,
            27.7046035
          ],
          [
            -8.1470784,
            27.704164
          ],
          [
            -8.1472711,
            27.703363
          ],
          [
            -8.147521,
            27.7025325
          ],
          [
            -8.1476833,
            27.7021146
          ],
          [
            -8.1478261,
            27.7017815
          ],
          [
            -8.147926,
            27.7015612
          ],
          [
            -8.1482077,
            27.7009937
          ],
          [
            -8.1485161,
            27.7004878
          ],
          [
            -8.1493543,
            27.6992826
          ],
          [
            -8.1497312,
            27.6987614
          ],
          [
            -8.1503186,
            27.6978969
          ],
          [
            -8.1511554,
            27.6966656
          ],
          [
            -8.151239,
            27.6965417
          ],
          [
            -8.1520647,
            27.6953748
          ],
          [
            -8.1523832,
            27.6949384
          ],
          [
            -8.1525207,
            27.6947419
          ],
          [
            -8.1526695,
            27.6945032
          ],
          [
            -8.1528076,
            27.6942585
          ],
          [
            -8.1529337,
            27.6939736
          ],
          [
            -8.1530209,
            27.6937254
          ],
          [
            -8.1530946,
            27.6934724
          ],
          [
            -8.1531724,
            27.6931589
          ],
          [
            -8.1532421,
            27.6926792
          ],
          [
            -8.1532725,
            27.6923501
          ],
          [
            -8.1532877,
            27.6921454
          ],
          [
            -8.1534811,
            27.6896679
          ],
          [
            -8.1535855,
            27.688042
          ],
          [
            -8.1537534,
            27.6858787
          ],
          [
            -8.1536932,
            27.6853755
          ],
          [
            -8.1536526,
            27.6851396
          ],
          [
            -8.1536207,
            27.6850026
          ],
          [
            -8.1535127,
            27.6845886
          ],
          [
            -8.1534366,
            27.6843855
          ],
          [
            -8.153382,
            27.6842576
          ],
          [
            -8.1532081,
            27.6839308
          ],
          [
            -8.1520865,
            27.6820113
          ],
          [
            -8.15137,
            27.6807919
          ],
          [
            -8.1504379,
            27.6791102
          ],
          [
            -8.1501161,
            27.6785532
          ],
          [
            -8.1500798,
            27.6784807
          ],
          [
            -8.1499228,
            27.6781142
          ],
          [
            -8.1498639,
            27.6779427
          ],
          [
            -8.1498357,
            27.6778157
          ],
          [
            -8.1498143,
            27.6776672
          ],
          [
            -8.1498015,
            27.6775008
          ]
        ]
      },
      "properties": {
        "highway": "primary",
        "ref": "RN 50"
      }
    },
    {
      "type": "Feature",
      "geometry": {
        "type": "LineString",
        "coordinates": [
          [
            -8.1634799,
            27.7057878
          ],
          [
            -8.163591,
            27.7062994
          ],
          [
            -8.1636376,
            27.706616
          ],
          [
            -8.1636573,
            27.7068206
          ],
          [
            -8.1636588,
            27.7069499
          ],
          [
            -8.1636547,
            27.7071882
          ]
        ]
      },
      "properties": {
        "name": "طريق المطار",
        "highway": "tertiary"
      }
    },
    {
      "type": "Feature",
      "geometry": {
        "type": "LineString",
        "coordinates": [
          [
            -8.1502754,
            27.7410704
          ],
          [
            -8.1501869,
            27.7409572
          ],
          [
            -8.1499798,
            27.7407699
          ],
          [
            -8.149889,
            27.7407183
          ]
        ]
      },
      "properties": {
        "highway": "tertiary"
      }
    },
    {
      "type": "Feature",
      "geometry": {
        "type": "LineString",
        "coordinates": [
          [
            -8.149807,
            27.7408572
          ],
          [
            -8.1499051,
            27.7409014
          ],
          [
            -8.1502754,
            27.7410704
          ]
        ]
      },
      "properties": {
        "highway": "tertiary"
      }
    },
    {
      "type": "Feature",
      "geometry": {
        "type": "LineString",
        "coordinates": [
          [
            -8.1097694,
            27.7632425
          ],
          [
            -8.1106518,
            27.7627859
          ],
          [
            -8.1158066,
            27.7598515
          ],
          [
            -8.131133,
            27.7511315
          ],
          [
            -8.1322737,
            27.75049
          ],
          [
            -8.1332338,
            27.7500005
          ],
          [
            -8.147001,
            27.7433777
          ],
          [
            -8.147562,
            27.7430742
          ],
          [
            -8.1481304,
            27.7427144
          ],
          [
            -8.1486934,
            27.7422696
          ],
          [
            -8.1491743,
            27.7418313
          ],
          [
            -8.1493671,
            27.7415571
          ],
          [
            -8.149596,
            27.7413014
          ],
          [
            -8.1499051,
            27.7409014
          ],
          [
            -8.1499798,
            27.7407699
          ],
          [
            -8.1505185,
            27.7400898
          ],
          [
            -8.1512523,
            27.7390044
          ],
          [
            -8.1514878,
            27.738614
          ],
          [
            -8.151717,
            27.7381315
          ],
          [
            -8.1518664,
            27.7376877
          ],
          [
            -8.1520051,
            27.7371301
          ],
          [
            -8.1520593,
            27.7366847
          ],
          [
            -8.1520661,
            27.7362655
          ],
          [
            -8.1520707,
            27.7359869
          ],
          [
            -8.1519339,
            27.735067
          ],
          [
            -8.151523,
            27.7328019
          ],
          [
            -8.1514984,
            27.732666
          ],
          [
            -8.1513298,
            27.7317208
          ],
          [
            -8.1511192,
            27.7305759
          ],
          [
            -8.1505853,
            27.727588
          ],
          [
            -8.1500349,
            27.7246299
          ],
          [
            -8.1492035,
            27.7200522
          ],
          [
            -8.149129,
            27.7196615
          ],
          [
            -8.1490517,
            27.7192312
          ],
          [
            -8.148767,
            27.7175811
          ],
          [
            -8.148394,
            27.715613
          ],
          [
            -8.1483692,
            27.7154561
          ],
          [
            -8.14835,
            27.7152378
          ],
          [
            -8.1483517,
            27.7150086
          ]
        ]
      },
      "properties": {
        "highway": "primary",
        "ref": "RN 50"
      }
    },
    {
      "type": "Feature",
      "geometry": {
        "type": "LineString",
        "coordinates": [
          [
            -8.3611992,
            28.1939765
          ],
          [
            -8.3608388,
            28.1929486
          ],
          [
            -8.3582327,
            28.18595
          ],
          [
            -8.3567951,
            28.1821295
          ],
          [
            -8.3546943,
            28.1772921
          ],
          [
            -8.3528254,
            28.1728991
          ],
          [
            -8.3486647,
            28.1646374
          ],
          [
            -8.346667,
            28.1607925
          ],
          [
            -8.344974,
            28.1570515
          ],
          [
            -8.342118,
            28.1503305
          ],
          [
            -8.3408091,
            28.147256
          ],
          [
            -8.3386118,
            28.1420293
          ],
          [
            -8.3359704,
            28.1358467
          ],
          [
            -8.3352966,
            28.1341673
          ],
          [
            -8.3335242,
            28.130028
          ],
          [
            -8.3327324,
            28.1281687
          ],
          [
            -8.3322282,
            28.1269766
          ],
          [
            -8.3315608,
            28.1247199
          ],
          [
            -8.3311317,
            28.1228843
          ],
          [
            -8.32993,
            28.1177272
          ],
          [
            -8.3295352,
            28.1163504
          ],
          [
            -8.3280332,
            28.1118839
          ],
          [
            -8.3269582,
            28.1089266
          ],
          [
            -8.3255012,
            28.1055529
          ],
          [
            -8.3225272,
            28.0992357
          ],
          [
            -8.3193943,
            28.0924307
          ],
          [
            -8.3185575,
            28.0908216
          ],
          [
            -8.3167786,
            28.0868983
          ],
          [
            -8.3154483,
            28.0841533
          ],
          [
            -8.3150384,
            28.0829748
          ],
          [
            -8.3138583,
            28.0795482
          ],
          [
            -8.313281,
            28.077707
          ],
          [
            -8.3129034,
            28.0767084
          ],
          [
            -8.3102212,
            28.0707823
          ],
          [
            -8.3092234,
            28.0685197
          ],
          [
            -8.3084724,
            28.0665695
          ],
          [
            -8.3076162,
            28.0643684
          ],
          [
            -8.3058653,
            28.0601412
          ],
          [
            -8.3052559,
            28.058792
          ],
          [
            -8.3044727,
            28.0564629
          ],
          [
            -8.3029256,
            28.0524815
          ],
          [
            -8.3008463,
            28.0472028
          ],
          [
            -8.2991705,
            28.0429085
          ],
          [
            -8.2981641,
            28.0404418
          ],
          [
            -8.29725,
            28.0381644
          ],
          [
            -8.2956965,
            28.0342865
          ],
          [
            -8.2947244,
            28.031853
          ],
          [
            -8.2933984,
            28.0285333
          ],
          [
            -8.2920916,
            28.0252423
          ],
          [
            -8.2906325,
            28.0216812
          ],
          [
            -8.2887742,
            28.0174049
          ],
          [
            -8.2877893,
            28.0152217
          ],
          [
            -8.2852981,
            28.0097043
          ],
          [
            -8.2847102,
            28.0083829
          ],
          [
            -8.2819743,
            28.0028984
          ],
          [
            -8.2802577,
            27.999185
          ],
          [
            -8.2791741,
            27.996883
          ],
          [
            -8.276833,
            27.9916678
          ],
          [
            -8.2752366,
            27.9881672
          ],
          [
            -8.2742581,
            27.9858982
          ],
          [
            -8.27352,
            27.9841881
          ],
          [
            -8.2715244,
            27.9793465
          ],
          [
            -8.2708571,
            27.9775132
          ],
          [
            -8.2696254,
            27.974628
          ],
          [
            -8.2690675,
            27.973074
          ],
          [
            -8.268722,
            27.972425
          ],
          [
            -8.2667801,
            27.9684831
          ],
          [
            -8.2662222,
            27.9672418
          ],
          [
            -8.2643683,
            27.9635224
          ],
          [
            -8.2638962,
            27.9624706
          ],
          [
            -8.2626602,
            27.9598883
          ],
          [
            -8.2617805,
            27.9578224
          ],
          [
            -8.2606969,
            27.9552162
          ],
          [
            -8.2591862,
            27.9519419
          ],
          [
            -8.2580383,
            27.9497432
          ],
          [
            -8.2571263,
            27.947914
          ],
          [
            -8.2551844,
            27.9443788
          ],
          [
            -8.2545621,
            27.9433836
          ],
          [
            -8.253972,
            27.9420757
          ],
          [
            -8.2527703,
            27.9386707
          ],
          [
            -8.2524249,
            27.937692
          ],
          [
            -8.2519228,
            27.936237
          ],
          [
            -8.251604,
            27.9354102
          ],
          [
            -8.2510752,
            27.9333839
          ],
          [
            -8.2503028,
            27.9307772
          ],
          [
            -8.2492492,
            27.9281752
          ],
          [
            -8.248436,
            27.9263219
          ],
          [
            -8.2476399,
            27.9246867
          ],
          [
            -8.2473073,
            27.923843
          ],
          [
            -8.2469017,
            27.9222836
          ],
          [
            -8.2466872,
            27.91998
          ],
          [
            -8.2465992,
            27.9189704
          ],
          [
            -8.246288,
            27.9178517
          ],
          [
            -8.2457108,
            27.916643
          ],
          [
            -8.2442603,
            27.9140975
          ],
          [
            -8.24352,
            27.9125806
          ],
          [
            -8.2429299,
            27.9111964
          ],
          [
            -8.2421918,
            27.9091627
          ],
          [
            -8.2416639,
            27.9074798
          ],
          [
            -8.2412691,
            27.9057969
          ],
          [
            -8.2408914,
            27.9045217
          ],
          [
            -8.2404644,
            27.9034266
          ],
          [
            -8.2398231,
            27.9018701
          ],
          [
            -8.2395718,
            27.9012601
          ],
          [
            -8.238544,
            27.8985151
          ],
          [
            -8.2381663,
            27.8975527
          ],
          [
            -8.2374046,
            27.8957795
          ],
          [
            -8.2366879,
            27.8945042
          ],
          [
            -8.2361171,
            27.8936176
          ],
          [
            -8.2342953,
            27.8913465
          ],
          [
            -8.233083,
            27.8898862
          ],
          [
            -8.2323727,
            27.8889806
          ],
          [
            -8.2308085,
            27.8866051
          ],
          [
            -8.2289417,
            27.8838835
          ],
          [
            -8.2279224,
            27.8824326
          ],
          [
            -8.2252166,
            27.8790327
          ],
          [
            -8.2238776,
            27.8772546
          ],
          [
            -8.2229979,
            27.875813
          ],
          [
            -8.2225365,
            27.8746749
          ],
          [
            -8.2222769,
            27.8737218
          ],
          [
            -8.2220516,
            27.872432
          ],
          [
            -8.2217963,
            27.8702363
          ],
          [
            -8.2216031,
            27.8681213
          ],
          [
            -8.2215924,
            27.8672297
          ],
          [
            -8.2216353,
            27.8646689
          ],
          [
            -8.2217641,
            27.8609697
          ],
          [
            -8.2218799,
            27.8563835
          ],
          [
            -8.2217727,
            27.855046
          ],
          [
            -8.2214722,
            27.8537749
          ],
          [
            -8.2210023,
            27.8526509
          ],
          [
            -8.2183502,
            27.8464137
          ],
          [
            -8.215713,
            27.8400528
          ],
          [
            -8.2152517,
            27.8391516
          ],
          [
            -8.2144685,
            27.8379467
          ],
          [
            -8.2130093,
            27.8363623
          ],
          [
            -8.2122047,
            27.8352523
          ],
          [
            -8.2118614,
            27.8344459
          ],
          [
            -8.2108829,
            27.8309402
          ],
          [
            -8.2102928,
            27.8292608
          ],
          [
            -8.2072694,
            27.8232215
          ],
          [
            -8.2061515,
            27.8208541
          ],
          [
            -8.2044885,
            27.8170491
          ],
          [
            -8.2036037,
            27.8149759
          ],
          [
            -8.203466,
            27.8147243
          ],
          [
            -8.2029564,
            27.8136852
          ],
          [
            -8.2021303,
            27.8125939
          ],
          [
            -8.2003496,
            27.8109904
          ],
          [
            -8.1971792,
            27.8082479
          ],
          [
            -8.1951836,
            27.8065302
          ],
          [
            -8.194221,
            27.8055905
          ],
          [
            -8.1935582,
            27.8047841
          ],
          [
            -8.1923435,
            27.8027767
          ],
          [
            -8.1916354,
            27.8014338
          ],
          [
            -8.1905303,
            27.7995452
          ],
          [
            -8.1887386,
            27.7962946
          ],
          [
            -8.1882933,
            27.7955353
          ],
          [
            -8.1871531,
            27.7936611
          ],
          [
            -8.1859783,
            27.791872
          ],
          [
            -8.1850878,
            27.7904436
          ],
          [
            -8.1845007,
            27.7894515
          ],
          [
            -8.1833956,
            27.7873728
          ],
          [
            -8.1824568,
            27.7857165
          ],
          [
            -8.181915,
            27.7847341
          ],
          [
            -8.180236,
            27.781673
          ],
          [
            -8.1790958,
            27.7798649
          ],
          [
            -8.1783048,
            27.7786971
          ],
          [
            -8.177465,
            27.77734
          ],
          [
            -8.1765047,
            27.7759018
          ],
          [
            -8.1746165,
            27.7730113
          ],
          [
            -8.1730476,
            27.7705951
          ],
          [
            -8.1712881,
            27.7678705
          ],
          [
            -8.1705156,
            27.7667218
          ],
          [
            -8.1696037,
            27.7656348
          ],
          [
            -8.1691501,
            27.7651272
          ],
          [
            -8.1675759,
            27.7635985
          ],
          [
            -8.1659881,
            27.7620272
          ],
          [
            -8.1650088,
            27.7609879
          ],
          [
            -8.1643573,
            27.7601664
          ],
          [
            -8.1641113,
            27.7598434
          ],
          [
            -8.162528,
            27.7577644
          ],
          [
            -8.1599477,
            27.7545506
          ],
          [
            -8.1575201,
            27.7516977
          ],
          [
            -8.1566886,
            27.7507102
          ],
          [
            -8.1562594,
            27.7500788
          ],
          [
            -8.156031,
            27.7497479
          ],
          [
            -8.1558278,
            27.7494175
          ],
          [
            -8.1556207,
            27.7490204
          ],
          [
            -8.1554329,
            27.7486216
          ],
          [
            -8.1552264,
            27.7482299
          ],
          [
            -8.1550058,
            27.7478342
          ],
          [
            -8.1544888,
            27.746954
          ],
          [
            -8.1539123,
            27.7460883
          ],
          [
            -8.1528902,
            27.7446538
          ],
          [
            -8.1519627,
            27.7433465
          ],
          [
            -8.1514203,
            27.7426479
          ],
          [
            -8.1510448,
            27.7421208
          ],
          [
            -8.1506833,
            27.7416021
          ],
          [
            -8.1502754,
            27.7410704
          ]
        ]
      },
      "properties": {
        "highway": "tertiary"
      }
    },
    {
      "type": "Feature",
      "geometry": {
        "type": "LineString",
        "coordinates": [
          [
            -8.1278618,
            27.6598796
          ],
          [
            -8.1286189,
            27.6602742
          ],
          [
            -8.12962,
            27.6607383
          ],
          [
            -8.1299378,
            27.6608773
          ],
          [
            -8.1303374,
            27.6610899
          ],
          [
            -8.130544,
            27.6611291
          ],
          [
            -8.1306888,
            27.6611339
          ],
          [
            -8.1308511,
            27.6611196
          ],
          [
            -8.1309249,
            27.6610935
          ],
          [
            -8.1310388,
            27.6610472
          ],
          [
            -8.1313393,
            27.6608642
          ],
          [
            -8.1315082,
            27.6607467
          ],
          [
            -8.1316423,
            27.6606481
          ],
          [
            -8.1318516,
            27.6605031
          ],
          [
            -8.1320259,
            27.6603939
          ],
          [
            -8.1321734,
            27.6603297
          ],
          [
            -8.1322995,
            27.6602941
          ],
          [
            -8.1331017,
            27.6602847
          ],
          [
            -8.1334889,
            27.6602955
          ],
          [
            -8.1353702,
            27.6603824
          ]
        ]
      },
      "properties": {
        "highway": "tertiary"
      }
    },
    {
      "type": "Feature",
      "geometry": {
        "type": "LineString",
        "coordinates": [
          [
            -8.1211884,
            27.6598332
          ],
          [
            -8.1217235,
            27.6590077
          ],
          [
            -8.1223257,
            27.6581334
          ],
          [
            -8.1226543,
            27.6576386
          ],
          [
            -8.1229064,
            27.6572728
          ],
          [
            -8.1229721,
            27.6571677
          ],
          [
            -8.1231815,
            27.6568531
          ],
          [
            -8.1233691,
            27.65655
          ],
          [
            -8.1236687,
            27.6560989
          ],
          [
            -8.1239887,
            27.6556115
          ],
          [
            -8.1244071,
            27.6549867
          ],
          [
            -8.1247021,
            27.6545697
          ],
          [
            -8.1251824,
            27.6539134
          ],
          [
            -8.1252692,
            27.6537815
          ]
        ]
      },
      "properties": {
        "highway": "tertiary"
      }
    },
    {
      "type": "Feature",
      "geometry": {
        "type": "LineString",
        "coordinates": [
          [
            -8.1267629,
            27.6591813
          ],
          [
            -8.126329,
            27.6589573
          ],
          [
            -8.125396,
            27.6584776
          ],
          [
            -8.1245957,
            27.6580597
          ],
          [
            -8.1242448,
            27.6578637
          ],
          [
            -8.1238371,
            27.6576322
          ],
          [
            -8.1233677,
            27.6573838
          ],
          [
            -8.1229721,
            27.6571677
          ],
          [
            -8.1228539,
            27.6571033
          ],
          [
            -8.1221581,
            27.6567448
          ],
          [
            -8.1219703,
            27.6566426
          ],
          [
            -8.1216594,
            27.6564665
          ]
        ]
      },
      "properties": {
        "highway": "tertiary"
      }
    },
    {
      "type": "Feature",
      "geometry": {
        "type": "LineString",
        "coordinates": [
          [
            -8.1215817,
            27.6565598
          ],
          [
            -8.1218831,
            27.6567306
          ],
          [
            -8.1220662,
            27.6568256
          ],
          [
            -8.1222042,
            27.6569053
          ],
          [
            -8.1224887,
            27.6570519
          ],
          [
            -8.1227843,
            27.6572063
          ],
          [
            -8.1229064,
            27.6572728
          ],
          [
            -8.1233436,
            27.6574937
          ],
          [
            -8.1237727,
            27.6577218
          ],
          [
            -8.1240383,
            27.6578643
          ],
          [
            -8.1245761,
            27.6581672
          ],
          [
            -8.1253351,
            27.6585545
          ],
          [
            -8.1262624,
            27.6590466
          ],
          [
            -8.1265646,
            27.6591997
          ],
          [
            -8.1267041,
            27.6592692
          ]
        ]
      },
      "properties": {
        "highway": "tertiary"
      }
    },
    {
      "type": "Feature",
      "geometry": {
        "type": "LineString",
        "coordinates": [
          [
            -8.1251208,
            27.6537076
          ],
          [
            -8.1249817,
            27.6539579
          ],
          [
            -8.1243132,
            27.6549261
          ],
          [
            -8.1242605,
            27.6550022
          ],
          [
            -8.12399,
            27.6554179
          ],
          [
            -8.1234629,
            27.6562019
          ],
          [
            -8.1229059,
            27.6570212
          ],
          [
            -8.1228539,
            27.6571033
          ],
          [
            -8.1227843,
            27.6572063
          ],
          [
            -8.1226368,
            27.6574444
          ],
          [
            -8.1222264,
            27.6580764
          ],
          [
            -8.1216323,
            27.6589483
          ],
          [
            -8.1213588,
            27.6593711
          ],
          [
            -8.1210785,
            27.659775
          ]
        ]
      },
      "properties": {
        "highway": "tertiary"
      }
    },
    {
      "type": "Feature",
      "geometry": {
        "type": "LineString",
        "coordinates": [
          [
            -8.1251102,
            27.6535374
          ],
          [
            -8.125091,
            27.6535893
          ],
          [
            -8.1250934,
            27.6536509
          ],
          [
            -8.1251208,
            27.6537076
          ],
          [
            -8.125185,
            27.6537602
          ],
          [
            -8.1252692,
            27.6537815
          ],
          [
            -8.1253449,
            27.6537706
          ],
          [
            -8.1254027,
            27.6537395
          ],
          [
            -8.1254444,
            27.6536923
          ],
          [
            -8.1254667,
            27.6536434
          ],
          [
            -8.1254652,
            27.6535994
          ],
          [
            -8.1254561,
            27.6535489
          ],
          [
            -8.1254258,
            27.6535114
          ],
          [
            -8.1253754,
            27.6534719
          ],
          [
            -8.1253125,
            27.6534505
          ],
          [
            -8.125224,
            27.6534544
          ],
          [
            -8.1251473,
            27.6534937
          ],
          [
            -8.1251102,
            27.6535374
          ]
        ]
      },
      "properties": {
        "highway": "tertiary"
      }
    },
    {
      "type": "Feature",
      "geometry": {
        "type": "LineString",
        "coordinates": [
          [
            -8.1254258,
            27.6535114
          ],
          [
            -8.1259802,
            27.6527154
          ],
          [
            -8.1262006,
            27.6523912
          ],
          [
            -8.126978,
            27.6512578
          ],
          [
            -8.127902,
            27.6499083
          ],
          [
            -8.1282137,
            27.6494812
          ],
          [
            -8.1284653,
            27.6491318
          ],
          [
            -8.1285545,
            27.6490356
          ]
        ]
      },
      "properties": {
        "highway": "tertiary"
      }
    },
    {
      "type": "Feature",
      "geometry": {
        "type": "LineString",
        "coordinates": [
          [
            -8.1283807,
            27.6489477
          ],
          [
            -8.1283266,
            27.6490754
          ],
          [
            -8.1281515,
            27.649373
          ],
          [
            -8.1279476,
            27.6496723
          ],
          [
            -8.1276553,
            27.6500948
          ],
          [
            -8.1275912,
            27.6501752
          ],
          [
            -8.1271354,
            27.6508474
          ],
          [
            -8.1265475,
            27.6516772
          ],
          [
            -8.1262162,
            27.652163
          ],
          [
            -8.1260794,
            27.6523626
          ],
          [
            -8.1259915,
            27.6524954
          ],
          [
            -8.1255457,
            27.6531264
          ],
          [
            -8.1253125,
            27.6534505
          ]
        ]
      },
      "properties": {
        "highway": "tertiary"
      }
    },
    {
      "type": "Feature",
      "geometry": {
        "type": "LineString",
        "coordinates": [
          [
            -7.8276706,
            27.492071
          ],
          [
            -7.8279971,
            27.4920155
          ],
          [
            -7.8282017,
            27.4919806
          ]
        ]
      },
      "properties": {
        "highway": "tertiary"
      }
    },
    {
      "type": "Feature",
      "geometry": {
        "type": "LineString",
        "coordinates": [
          [
            -8.1388843,
            27.6660667
          ],
          [
            -8.139064,
            27.6661451
          ],
          [
            -8.1398836,
            27.6665952
          ],
          [
            -8.1400028,
            27.6666666
          ],
          [
            -8.1402871,
            27.6669183
          ],
          [
            -8.1404856,
            27.6671048
          ],
          [
            -8.1409778,
            27.6675527
          ],
          [
            -8.1410488,
            27.6676287
          ],
          [
            -8.1411897,
            27.6677653
          ],
          [
            -8.141297,
            27.6678497
          ],
          [
            -8.1413949,
            27.6679007
          ],
          [
            -8.1417087,
            27.6679779
          ],
          [
            -8.1423671,
            27.6681039
          ]
        ]
      },
      "properties": {
        "highway": "tertiary"
      }
    },
    {
      "type": "Feature",
      "geometry": {
        "type": "LineString",
        "coordinates": [
          [
            -8.1352837,
            27.6780588
          ],
          [
            -8.1355792,
            27.6780418
          ]
        ]
      },
      "properties": {
        "highway": "tertiary"
      }
    },
    {
      "type": "Feature",
      "geometry": {
        "type": "LineString",
        "coordinates": [
          [
            -8.1355406,
            27.6778911
          ],
          [
            -8.1352837,
            27.6780588
          ]
        ]
      },
      "properties": {
        "highway": "tertiary"
      }
    },
    {
      "type": "Feature",
      "geometry": {
        "type": "LineString",
        "coordinates": [
          [
            -8.1358917,
            27.6774402
          ],
          [
            -8.1355685,
            27.6778566
          ]
        ]
      },
      "properties": {
        "highway": "secondary"
      }
    },
    {
      "type": "Feature",
      "geometry": {
        "type": "LineString",
        "coordinates": [
          [
            -8.1497426,
            27.6773039
          ],
          [
            -8.1496958,
            27.6772892
          ],
          [
            -8.1496463,
            27.677288
          ],
          [
            -8.1495987,
            27.6773005
          ],
          [
            -8.149561,
            27.6773227
          ],
          [
            -8.1495319,
            27.6773536
          ],
          [
            -8.1495149,
            27.6773875
          ],
          [
            -8.1495085,
            27.6774242
          ],
          [
            -8.1495132,
            27.6774611
          ],
          [
            -8.1495287,
            27.6774957
          ],
          [
            -8.1495538,
            27.6775254
          ],
          [
            -8.1495869,
            27.6775482
          ],
          [
            -8.1496125,
            27.6775588
          ],
          [
            -8.1496655,
            27.6775673
          ],
          [
            -8.1497187,
            27.6775596
          ],
          [
            -8.1497658,
            27.6775366
          ],
          [
            -8.1498015,
            27.6775008
          ],
          [
            -8.1498216,
            27.6774566
          ],
          [
            -8.1498239,
            27.677409
          ],
          [
            -8.1498099,
            27.6773669
          ],
          [
            -8.1497819,
            27.6773307
          ],
          [
            -8.1497426,
            27.6773039
          ]
        ]
      },
      "properties": {
        "highway": "primary"
      }
    },
    {
      "type": "Feature",
      "geometry": {
        "type": "LineString",
        "coordinates": [
          [
            -8.1357913,
            27.6778879
          ],
          [
            -8.1358271,
            27.6776999
          ],
          [
            -8.1358917,
            27.6774402
          ]
        ]
      },
      "properties": {
        "highway": "secondary"
      }
    },
    {
      "type": "Feature",
      "geometry": {
        "type": "LineString",
        "coordinates": [
          [
            -8.1339379,
            27.6742068
          ],
          [
            -8.1327179,
            27.6747416
          ]
        ]
      },
      "properties": {
        "highway": "tertiary"
      }
    },
    {
      "type": "Feature",
      "geometry": {
        "type": "LineString",
        "coordinates": [
          [
            -8.1341902,
            27.6741933
          ],
          [
            -8.1346476,
            27.6739924
          ],
          [
            -8.1348715,
            27.673894
          ],
          [
            -8.1352707,
            27.6737093
          ]
        ]
      },
      "properties": {
        "highway": "tertiary"
      }
    },
    {
      "type": "Feature",
      "geometry": {
        "type": "LineString",
        "coordinates": [
          [
            -8.132759,
            27.6748206
          ],
          [
            -8.13351,
            27.6744896
          ],
          [
            -8.1341902,
            27.6741933
          ]
        ]
      },
      "properties": {
        "highway": "tertiary"
      }
    },
    {
      "type": "Feature",
      "geometry": {
        "type": "LineString",
        "coordinates": [
          [
            -8.1495319,
            27.6773536
          ],
          [
            -8.1494567,
            27.6773944
          ],
          [
            -8.1493147,
            27.6774711
          ],
          [
            -8.1491746,
            27.677533
          ],
          [
            -8.149048,
            27.6775914
          ],
          [
            -8.1488957,
            27.6776814
          ],
          [
            -8.1487667,
            27.6777717
          ],
          [
            -8.1485279,
            27.677965
          ],
          [
            -8.1482017,
            27.6782731
          ],
          [
            -8.148014,
            27.6784726
          ],
          [
            -8.1478905,
            27.6786001
          ],
          [
            -8.1476985,
            27.6787672
          ],
          [
            -8.1472287,
            27.6791528
          ],
          [
            -8.1468549,
            27.6794595
          ],
          [
            -8.1466149,
            27.6796387
          ],
          [
            -8.1464469,
            27.6797389
          ],
          [
            -8.1462206,
            27.6798695
          ],
          [
            -8.1455496,
            27.6802301
          ],
          [
            -8.1450695,
            27.6804997
          ],
          [
            -8.1446108,
            27.6807301
          ],
          [
            -8.1442943,
            27.6808726
          ],
          [
            -8.143947,
            27.6809641
          ],
          [
            -8.1437485,
            27.681005
          ],
          [
            -8.1433797,
            27.6810365
          ],
          [
            -8.1429344,
            27.6810306
          ],
          [
            -8.1419528,
            27.6809498
          ],
          [
            -8.1412621,
            27.6808987
          ],
          [
            -8.1410033,
            27.6808524
          ],
          [
            -8.1407189,
            27.6807847
          ],
          [
            -8.1401637,
            27.6805721
          ],
          [
            -8.1398378,
            27.6804474
          ],
          [
            -8.1393121,
            27.6802372
          ],
          [
            -8.1389312,
            27.6800793
          ],
          [
            -8.1385097,
            27.679921
          ],
          [
            -8.1383089,
            27.6798489
          ],
          [
            -8.1373756,
            27.6794487
          ],
          [
            -8.1372669,
            27.6794059
          ],
          [
            -8.136988,
            27.6792883
          ],
          [
            -8.1368002,
            27.6791909
          ],
          [
            -8.1366608,
            27.6791042
          ],
          [
            -8.1365977,
            27.6790555
          ],
          [
            -8.1365266,
            27.6789914
          ],
          [
            -8.1363644,
            27.6788121
          ],
          [
            -8.1362209,
            27.6786197
          ],
          [
            -8.1360019,
            27.6782695
          ]
        ]
      },
      "properties": {
        "name": "شارع الطيب بولحروف",
        "highway": "secondary"
      }
    },
    {
      "type": "Feature",
      "geometry": {
        "type": "LineString",
        "coordinates": [
          [
            -8.1327179,
            27.6747416
          ],
          [
            -8.1323344,
            27.6749059
          ],
          [
            -8.1316431,
            27.6752771
          ],
          [
            -8.1315898,
            27.6753038
          ],
          [
            -8.1315211,
            27.6753381
          ],
          [
            -8.131284,
            27.6754593
          ],
          [
            -8.130988,
            27.6756105
          ],
          [
            -8.1301,
            27.6760784
          ],
          [
            -8.1291649,
            27.6765866
          ],
          [
            -8.1290563,
            27.6766487
          ],
          [
            -8.128953,
            27.6767045
          ],
          [
            -8.1283466,
            27.6770319
          ],
          [
            -8.128257,
            27.6770851
          ]
        ]
      },
      "properties": {
        "highway": "tertiary"
      }
    },
    {
      "type": "Feature",
      "geometry": {
        "type": "LineString",
        "coordinates": [
          [
            -8.3611992,
            28.1939765
          ],
          [
            -8.3660063,
            28.2068542
          ],
          [
            -8.3697829,
            28.2206194
          ],
          [
            -8.3711562,
            28.2358196
          ],
          [
            -8.3762214,
            28.251806
          ],
          [
            -8.3872674,
            28.2804089
          ],
          [
            -8.3962147,
            28.302391
          ],
          [
            -8.4072607,
            28.3294246
          ],
          [
            -8.4146914,
            28.3501986
          ],
          [
            -8.4150014,
            28.35109
          ],
          [
            -8.4152219,
            28.3522988
          ],
          [
            -8.4152758,
            28.3532398
          ],
          [
            -8.4152428,
            28.3540646
          ],
          [
            -8.4150596,
            28.3552744
          ],
          [
            -8.4147901,
            28.3568418
          ],
          [
            -8.4142528,
            28.3597398
          ],
          [
            -8.4141326,
            28.3604426
          ],
          [
            -8.4139707,
            28.3615035
          ],
          [
            -8.4139655,
            28.362538
          ],
          [
            -8.4140549,
            28.3631042
          ],
          [
            -8.4141782,
            28.3636429
          ],
          [
            -8.4143828,
            28.3642614
          ],
          [
            -8.4145817,
            28.3647307
          ],
          [
            -8.4150021,
            28.3653657
          ],
          [
            -8.4157241,
            28.3662337
          ],
          [
            -8.4170845,
            28.3676015
          ],
          [
            -8.4189111,
            28.3694086
          ],
          [
            -8.4201362,
            28.3706018
          ],
          [
            -8.420802,
            28.3712663
          ],
          [
            -8.4218702,
            28.3723136
          ],
          [
            -8.4247346,
            28.3751038
          ],
          [
            -8.4264657,
            28.3768548
          ],
          [
            -8.4277282,
            28.378295
          ],
          [
            -8.4283752,
            28.379138
          ],
          [
            -8.4288625,
            28.3797982
          ],
          [
            -8.429425,
            28.3805086
          ],
          [
            -8.4299318,
            28.3811882
          ],
          [
            -8.4302218,
            28.3815736
          ],
          [
            -8.4307245,
            28.3822211
          ],
          [
            -8.4318069,
            28.383655
          ],
          [
            -8.4328029,
            28.384941
          ],
          [
            -8.4336638,
            28.3861043
          ],
          [
            -8.4343332,
            28.3871756
          ],
          [
            -8.4348744,
            28.3881666
          ],
          [
            -8.4359367,
            28.3903148
          ],
          [
            -8.4400792,
            28.3987037
          ],
          [
            -8.4409567,
            28.4004711
          ],
          [
            -8.4419212,
            28.4027944
          ],
          [
            -8.4421676,
            28.4036115
          ],
          [
            -8.4424973,
            28.4047124
          ],
          [
            -8.4428417,
            28.4058179
          ],
          [
            -8.4431045,
            28.4065404
          ],
          [
            -8.4437121,
            28.4079514
          ],
          [
            -8.4458517,
            28.4127185
          ],
          [
            -8.4502447,
            28.4224763
          ],
          [
            -8.4508873,
            28.4239035
          ],
          [
            -8.4520889,
            28.4265831
          ],
          [
            -8.4523292,
            28.4270388
          ],
          [
            -8.4525138,
            28.4273865
          ],
          [
            -8.4527192,
            28.4276889
          ],
          [
            -8.4528571,
            28.4278979
          ],
          [
            -8.4530674,
            28.428138
          ],
          [
            -8.4533141,
            28.4283928
          ],
          [
            -8.4541758,
            28.4294245
          ],
          [
            -8.4560264,
            28.4316403
          ],
          [
            -8.4569598,
            28.4327253
          ],
          [
            -8.4589339,
            28.4351122
          ],
          [
            -8.4590841,
            28.4353103
          ],
          [
            -8.4592772,
            28.4355745
          ],
          [
            -8.459451,
            28.4358085
          ],
          [
            -8.4596334,
            28.4360915
          ],
          [
            -8.4597493,
            28.4362915
          ],
          [
            -8.4598673,
            28.4364991
          ],
          [
            -8.4599853,
            28.4367066
          ],
          [
            -8.4601066,
            28.4369297
          ],
          [
            -8.4632576,
            28.4436972
          ],
          [
            -8.4646478,
            28.4466565
          ],
          [
            -8.4646846,
            28.4467348
          ],
          [
            -8.4647833,
            28.4469122
          ],
          [
            -8.4648884,
            28.4471499
          ],
          [
            -8.4649313,
            28.4473008
          ],
          [
            -8.4649957,
            28.447565
          ],
          [
            -8.4650193,
            28.447714
          ],
          [
            -8.4650193,
            28.4478555
          ],
          [
            -8.4649961,
            28.4479574
          ],
          [
            -8.4649871,
            28.447997
          ],
          [
            -8.4648798,
            28.4481951
          ],
          [
            -8.4647618,
            28.4483461
          ],
          [
            -8.4645901,
            28.448497
          ],
          [
            -8.4644721,
            28.4485913
          ],
          [
            -8.4643412,
            28.4486687
          ],
          [
            -8.4633134,
            28.4490724
          ],
          [
            -8.463204,
            28.4491309
          ],
          [
            -8.463086,
            28.4492064
          ],
          [
            -8.4629594,
            28.4493271
          ],
          [
            -8.4626032,
            28.4497535
          ],
          [
            -8.4625495,
            28.4498667
          ],
          [
            -8.4625388,
            28.4499893
          ],
          [
            -8.4625817,
            28.4501025
          ],
          [
            -8.4631074,
            28.4506591
          ],
          [
            -8.4632254,
            28.4507817
          ],
          [
            -8.4633134,
            28.4508836
          ],
          [
            -8.4633971,
            28.4510458
          ],
          [
            -8.4635065,
            28.4512326
          ],
          [
            -8.4637855,
            28.4519118
          ],
          [
            -8.4638069,
            28.4520061
          ],
          [
            -8.4638713,
            28.4521004
          ],
          [
            -8.4639657,
            28.4521778
          ],
          [
            -8.4641073,
            28.4522325
          ],
          [
            -8.464279,
            28.4523363
          ],
          [
            -8.4647382,
            28.4526117
          ],
          [
            -8.4648691,
            28.4526853
          ],
          [
            -8.4649871,
            28.4527136
          ],
          [
            -8.4651352,
            28.452706
          ],
          [
            -8.4654034,
            28.4526211
          ],
          [
            -8.4655879,
            28.4525627
          ],
          [
            -8.4657274,
            28.4525532
          ],
          [
            -8.465854,
            28.452574
          ],
          [
            -8.465972,
            28.45264
          ],
          [
            -8.4662209,
            28.4529117
          ],
          [
            -8.4663261,
            28.4530268
          ],
          [
            -8.4664655,
            28.45314
          ],
          [
            -8.4668732,
            28.4534418
          ],
          [
            -8.4670041,
            28.4535625
          ],
          [
            -8.4670878,
            28.4536965
          ],
          [
            -8.4671329,
            28.4538455
          ],
          [
            -8.467356,
            28.454951
          ],
          [
            -8.4673796,
            28.4550718
          ],
          [
            -8.4674333,
            28.4552038
          ],
          [
            -8.4676564,
            28.4555264
          ],
          [
            -8.4677551,
            28.4556094
          ],
          [
            -8.4679032,
            28.4556585
          ],
          [
            -8.4680427,
            28.4556585
          ],
          [
            -8.4681843,
            28.4556
          ],
          [
            -8.468313,
            28.4555246
          ],
          [
            -8.4689868,
            28.4552906
          ],
          [
            -8.4691177,
            28.4552416
          ],
          [
            -8.4692679,
            28.4551944
          ],
          [
            -8.4714008,
            28.4547907
          ],
          [
            -8.4715424,
            28.4547699
          ],
          [
            -8.4716712,
            28.4547794
          ],
          [
            -8.471787,
            28.4548284
          ],
          [
            -8.4721647,
            28.4550907
          ],
          [
            -8.4723042,
            28.4551567
          ],
          [
            -8.47242,
            28.4551774
          ],
          [
            -8.4725595,
            28.4551491
          ],
          [
            -8.4731496,
            28.4549133
          ],
          [
            -8.4732912,
            28.4548548
          ],
          [
            -8.4734414,
            28.4548171
          ],
          [
            -8.4736024,
            28.4547888
          ],
          [
            -8.4738062,
            28.4548077
          ],
          [
            -8.4739543,
            28.4548662
          ],
          [
            -8.4740723,
            28.4549322
          ],
          [
            -8.4741474,
            28.4550359
          ],
          [
            -8.4741474,
            28.4553095
          ],
          [
            -8.4741388,
            28.4554397
          ],
          [
            -8.4741603,
            28.4556189
          ],
          [
            -8.4741924,
            28.4557604
          ],
          [
            -8.4744263,
            28.456149
          ],
          [
            -8.4745229,
            28.4562433
          ],
          [
            -8.4746409,
            28.4562999
          ],
          [
            -8.4747825,
            28.4563075
          ],
          [
            -8.4751044,
            28.4562697
          ],
          [
            -8.4752761,
            28.4562509
          ],
          [
            -8.4754692,
            28.4562509
          ],
          [
            -8.4763382,
            28.4562886
          ],
          [
            -8.476585,
            28.4563075
          ],
          [
            -8.4768189,
            28.4563376
          ],
          [
            -8.478323,
            28.4567131
          ],
          [
            -8.4792028,
            28.4569772
          ],
          [
            -8.4794689,
            28.4571111
          ],
          [
            -8.4797071,
            28.4572319
          ],
          [
            -8.4798659,
            28.4573469
          ],
          [
            -8.4800611,
            28.4575243
          ],
          [
            -8.4801791,
            28.4576657
          ],
          [
            -8.48081,
            28.4589033
          ],
          [
            -8.4808636,
            28.4589882
          ],
          [
            -8.4809495,
            28.4590448
          ],
          [
            -8.4810482,
            28.4590617
          ],
          [
            -8.4814108,
            28.4589976
          ],
          [
            -8.4815524,
            28.4589768
          ],
          [
            -8.4816576,
            28.4589882
          ],
          [
            -8.4817434,
            28.4590353
          ],
          [
            -8.4818078,
            28.4591297
          ],
          [
            -8.4818421,
            28.4593541
          ],
          [
            -8.4818292,
            28.4595069
          ],
          [
            -8.4817992,
            28.4596277
          ],
          [
            -8.4817455,
            28.459722
          ],
          [
            -8.4815953,
            28.4598541
          ],
          [
            -8.4815288,
            28.4599314
          ],
          [
            -8.4814988,
            28.4600144
          ],
          [
            -8.4815074,
            28.4601483
          ],
          [
            -8.481561,
            28.4602332
          ],
          [
            -8.4816275,
            28.4602879
          ],
          [
            -8.48184,
            28.4604124
          ],
          [
            -8.4819601,
            28.4604766
          ],
          [
            -8.4820352,
            28.4605709
          ],
          [
            -8.4820867,
            28.4607048
          ],
          [
            -8.4821404,
            28.4608086
          ],
          [
            -8.4822927,
            28.4610425
          ],
          [
            -8.4823678,
            28.4611651
          ],
          [
            -8.4823764,
            28.4612896
          ],
          [
            -8.4823464,
            28.4614104
          ],
          [
            -8.4822498,
            28.4615424
          ],
          [
            -8.4818292,
            28.461865
          ],
          [
            -8.4817241,
            28.4619574
          ],
          [
            -8.4816576,
            28.4620442
          ],
          [
            -8.4816147,
            28.4621574
          ],
          [
            -8.4816168,
            28.4622781
          ],
          [
            -8.4816576,
            28.4623838
          ],
          [
            -8.4821189,
            28.4629308
          ],
          [
            -8.4822155,
            28.4630251
          ],
          [
            -8.4823228,
            28.46311
          ],
          [
            -8.4825073,
            28.4632119
          ],
          [
            -8.4826446,
            28.4632987
          ],
          [
            -8.4829472,
            28.463476
          ],
          [
            -8.4830845,
            28.4635439
          ],
          [
            -8.4832133,
            28.4635816
          ],
          [
            -8.4833441,
            28.4635797
          ],
          [
            -8.4836231,
            28.4635326
          ],
          [
            -8.4837948,
            28.4635043
          ],
          [
            -8.484372,
            28.4634401
          ],
          [
            -8.4845458,
            28.4634194
          ],
          [
            -8.4846852,
            28.46341
          ],
          [
            -8.4848011,
            28.4634401
          ],
          [
            -8.4849191,
            28.4635156
          ],
          [
            -8.4849964,
            28.463608
          ],
          [
            -8.4850393,
            28.4637401
          ],
          [
            -8.4850393,
            28.4644946
          ],
          [
            -8.4850071,
            28.4647399
          ],
          [
            -8.4849621,
            28.4648927
          ],
          [
            -8.4848784,
            28.4650228
          ],
          [
            -8.4839214,
            28.4661376
          ],
          [
            -8.4838269,
            28.4662867
          ],
          [
            -8.4837626,
            28.4664187
          ],
          [
            -8.4837068,
            28.4665904
          ],
          [
            -8.4836853,
            28.4667601
          ],
          [
            -8.4836982,
            28.4669563
          ],
          [
            -8.4842969,
            28.4695802
          ],
          [
            -8.4843612,
            28.4698537
          ],
          [
            -8.4844042,
            28.4701555
          ],
          [
            -8.4844385,
            28.4704648
          ],
          [
            -8.4844599,
            28.4708044
          ],
          [
            -8.4840823,
            28.4819157
          ],
          [
            -8.4835802,
            28.4974632
          ],
          [
            -8.4832583,
            28.5086925
          ],
          [
            -8.4829021,
            28.5197433
          ],
          [
            -8.4825288,
            28.5308646
          ],
          [
            -8.4820889,
            28.5448329
          ],
          [
            -8.4815717,
            28.559932
          ],
          [
            -8.4812413,
            28.570267
          ],
          [
            -8.4807563,
            28.5853342
          ],
          [
            -8.4804688,
            28.5951298
          ],
          [
            -8.480147,
            28.6051335
          ],
          [
            -8.4798444,
            28.6146861
          ],
          [
            -8.4795676,
            28.6246296
          ],
          [
            -8.479117,
            28.6383312
          ],
          [
            -8.4789854,
            28.6424332
          ],
          [
            -8.4787608,
            28.6494343
          ],
          [
            -8.4779239,
            28.6766881
          ],
          [
            -8.4779046,
            28.6768839
          ],
          [
            -8.4778918,
            28.6770364
          ],
          [
            -8.477881,
            28.677187
          ],
          [
            -8.4770356,
            28.6823055
          ],
          [
            -8.4759391,
            28.6893476
          ],
          [
            -8.4746216,
            28.6975618
          ],
          [
            -8.4729157,
            28.7080828
          ],
          [
            -8.4728513,
            28.7083651
          ],
          [
            -8.4728433,
            28.7086479
          ],
          [
            -8.4730852,
            28.709308
          ],
          [
            -8.4731303,
            28.709419
          ],
          [
            -8.4731925,
            28.709515
          ],
          [
            -8.4734178,
            28.7097126
          ],
          [
            -8.4735466,
            28.7098349
          ],
          [
            -8.4737182,
            28.7100043
          ],
          [
            -8.4738363,
            28.710089
          ],
          [
            -8.473965,
            28.7101643
          ],
          [
            -8.4744371,
            28.7104654
          ],
          [
            -8.4745551,
            28.7105407
          ],
          [
            -8.474686,
            28.7106423
          ],
          [
            -8.4747804,
            28.7107665
          ],
          [
            -8.4748555,
            28.7108794
          ],
          [
            -8.4750186,
            28.7112445
          ],
          [
            -8.4750722,
            28.7113857
          ],
          [
            -8.4751795,
            28.7116209
          ],
          [
            -8.4752846,
            28.7117733
          ],
          [
            -8.4753619,
            28.7118844
          ],
          [
            -8.475437,
            28.7119596
          ],
          [
            -8.4763275,
            28.7125901
          ],
          [
            -8.4764004,
            28.7126296
          ],
          [
            -8.4764884,
            28.7126748
          ],
          [
            -8.4771944,
            28.713006
          ],
          [
            -8.4772931,
            28.7130512
          ],
          [
            -8.4775806,
            28.7132789
          ],
          [
            -8.4776557,
            28.7133447
          ],
          [
            -8.4777094,
            28.7134482
          ],
          [
            -8.4778381,
            28.7138246
          ],
          [
            -8.4778939,
            28.7139357
          ],
          [
            -8.4779669,
            28.7140222
          ],
          [
            -8.4780548,
            28.7140768
          ],
          [
            -8.478747,
            28.7144057
          ]
        ]
      },
      "properties": {
        "highway": "tertiary"
      }
    },
    {
      "type": "Feature",
      "geometry": {
        "type": "LineString",
        "coordinates": [
          [
            -8.1186615,
            27.6478648
          ],
          [
            -8.1185739,
            27.6478282
          ],
          [
            -8.1184732,
            27.6477791
          ],
          [
            -8.1183225,
            27.6476988
          ],
          [
            -8.1178715,
            27.6474006
          ],
          [
            -8.1175353,
            27.647189
          ],
          [
            -8.1171902,
            27.6469654
          ],
          [
            -8.116753,
            27.6466688
          ],
          [
            -8.1163028,
            27.6464026
          ],
          [
            -8.116166,
            27.6463357
          ],
          [
            -8.116027,
            27.6462724
          ],
          [
            -8.1158861,
            27.6462128
          ],
          [
            -8.1157432,
            27.6461567
          ],
          [
            -8.1155974,
            27.6461035
          ],
          [
            -8.1154492,
            27.6460558
          ],
          [
            -8.1153265,
            27.646021
          ],
          [
            -8.1152025,
            27.64599
          ],
          [
            -8.114902,
            27.6459114
          ],
          [
            -8.1141603,
            27.6457218
          ],
          [
            -8.1139261,
            27.6456572
          ],
          [
            -8.1129724,
            27.6454237
          ],
          [
            -8.1119642,
            27.6451415
          ],
          [
            -8.1114292,
            27.6449729
          ],
          [
            -8.1111279,
            27.6448725
          ],
          [
            -8.1109022,
            27.6447988
          ],
          [
            -8.1105709,
            27.6446913
          ],
          [
            -8.1104932,
            27.6446575
          ],
          [
            -8.110419,
            27.6446177
          ],
          [
            -8.1103641,
            27.6445763
          ],
          [
            -8.1103548,
            27.644572
          ],
          [
            -8.1103444,
            27.6445719
          ],
          [
            -8.1103349,
            27.6445758
          ],
          [
            -8.1103283,
            27.644583
          ],
          [
            -8.1103086,
            27.6446082
          ]
        ]
      },
      "properties": {
        "highway": "tertiary"
      }
    },
    {
      "type": "Feature",
      "geometry": {
        "type": "LineString",
        "coordinates": [
          [
            -8.118685,
            27.6481032
          ],
          [
            -8.1187258,
            27.6481257
          ],
          [
            -8.1187649,
            27.6481397
          ],
          [
            -8.1188013,
            27.6481585
          ],
          [
            -8.1188343,
            27.6481818
          ],
          [
            -8.119345,
            27.6487264
          ],
          [
            -8.1197711,
            27.6491956
          ],
          [
            -8.1203546,
            27.6498121
          ],
          [
            -8.1204415,
            27.6499049
          ],
          [
            -8.1205401,
            27.6500198
          ],
          [
            -8.120997,
            27.6505231
          ],
          [
            -8.1216516,
            27.6512522
          ],
          [
            -8.1221715,
            27.6518233
          ],
          [
            -8.1225081,
            27.6522058
          ],
          [
            -8.1226248,
            27.6522818
          ],
          [
            -8.1228782,
            27.6524256
          ],
          [
            -8.1239203,
            27.6529851
          ],
          [
            -8.1248148,
            27.6534329
          ],
          [
            -8.125091,
            27.6535893
          ]
        ]
      },
      "properties": {
        "highway": "tertiary"
      }
    },
    {
      "type": "Feature",
      "geometry": {
        "type": "LineString",
        "coordinates": [
          [
            -8.1233184,
            27.6436379
          ],
          [
            -8.1232372,
            27.6437069
          ],
          [
            -8.1231334,
            27.6438415
          ],
          [
            -8.1229639,
            27.6440106
          ],
          [
            -8.1220707,
            27.6447668
          ],
          [
            -8.1213835,
            27.6453438
          ],
          [
            -8.1210549,
            27.6456227
          ],
          [
            -8.1203805,
            27.6461839
          ],
          [
            -8.1200472,
            27.6464715
          ],
          [
            -8.1198125,
            27.6466765
          ],
          [
            -8.1195318,
            27.6469451
          ],
          [
            -8.1187888,
            27.647741
          ],
          [
            -8.1186615,
            27.6478648
          ]
        ]
      },
      "properties": {
        "highway": "secondary"
      }
    },
    {
      "type": "Feature",
      "geometry": {
        "type": "LineString",
        "coordinates": [
          [
            -8.1102957,
            27.6445946
          ],
          [
            -8.1103036,
            27.6445806
          ],
          [
            -8.1103089,
            27.644566
          ],
          [
            -8.1103118,
            27.6445506
          ],
          [
            -8.1103127,
            27.644535
          ],
          [
            -8.1103141,
            27.6445102
          ],
          [
            -8.110318,
            27.6444779
          ],
          [
            -8.1103223,
            27.6444503
          ],
          [
            -8.1103312,
            27.644425
          ],
          [
            -8.1103416,
            27.6443991
          ],
          [
            -8.1106125,
            27.6438977
          ],
          [
            -8.1106474,
            27.6438283
          ],
          [
            -8.1106997,
            27.6437338
          ],
          [
            -8.1107618,
            27.6436318
          ],
          [
            -8.1108458,
            27.6435089
          ],
          [
            -8.1110202,
            27.6432372
          ],
          [
            -8.1111833,
            27.6429996
          ],
          [
            -8.1113648,
            27.6427353
          ],
          [
            -8.1115271,
            27.6425279
          ],
          [
            -8.1115687,
            27.6424824
          ],
          [
            -8.1120551,
            27.6419502
          ],
          [
            -8.1121942,
            27.6418151
          ],
          [
            -8.1123237,
            27.6416892
          ],
          [
            -8.1124572,
            27.641565
          ],
          [
            -8.1126603,
            27.6414005
          ],
          [
            -8.1132937,
            27.6408527
          ],
          [
            -8.1138834,
            27.6403425
          ],
          [
            -8.1139707,
            27.6402724
          ],
          [
            -8.1143756,
            27.6399469
          ],
          [
            -8.1146747,
            27.6397129
          ],
          [
            -8.1150019,
            27.6394622
          ],
          [
            -8.11517,
            27.6393328
          ],
          [
            -8.1157476,
            27.6388895
          ],
          [
            -8.1159058,
            27.6387648
          ],
          [
            -8.1160493,
            27.6386371
          ],
          [
            -8.1161326,
            27.6385559
          ],
          [
            -8.1162275,
            27.6384657
          ],
          [
            -8.1163202,
            27.638368
          ],
          [
            -8.1167252,
            27.637926
          ],
          [
            -8.1168219,
            27.6378242
          ],
          [
            -8.1169224,
            27.6377252
          ],
          [
            -8.1170608,
            27.6375989
          ],
          [
            -8.1172054,
            27.6374781
          ],
          [
            -8.1173691,
            27.6373519
          ],
          [
            -8.1175386,
            27.6372318
          ],
          [
            -8.1177136,
            27.6371181
          ],
          [
            -8.1194906,
            27.636015
          ],
          [
            -8.1195285,
            27.6359924
          ],
          [
            -8.1195684,
            27.6359728
          ],
          [
            -8.1196586,
            27.6359
          ]
        ]
      },
      "properties": {
        "highway": "tertiary"
      }
    },
    {
      "type": "Feature",
      "geometry": {
        "type": "LineString",
        "coordinates": [
          [
            -8.1216594,
            27.6564665
          ],
          [
            -8.1211361,
            27.6561936
          ],
          [
            -8.1207982,
            27.6560196
          ],
          [
            -8.1206065,
            27.6559215
          ],
          [
            -8.1204185,
            27.6558255
          ],
          [
            -8.1202339,
            27.6557232
          ],
          [
            -8.1201194,
            27.6556481
          ],
          [
            -8.1199261,
            27.6554916
          ],
          [
            -8.1198642,
            27.6554394
          ],
          [
            -8.1197382,
            27.6553157
          ],
          [
            -8.1194897,
            27.655095
          ],
          [
            -8.1191907,
            27.654827
          ],
          [
            -8.1188747,
            27.6545154
          ],
          [
            -8.1186318,
            27.6542871
          ],
          [
            -8.1184545,
            27.6540979
          ],
          [
            -8.1183809,
            27.6540245
          ],
          [
            -8.1181981,
            27.6538394
          ],
          [
            -8.1180284,
            27.6536566
          ],
          [
            -8.1178527,
            27.653466
          ],
          [
            -8.1175728,
            27.653133
          ],
          [
            -8.117491,
            27.6530353
          ],
          [
            -8.11729,
            27.6527898
          ],
          [
            -8.1171679,
            27.6526519
          ],
          [
            -8.1169851,
            27.6524559
          ],
          [
            -8.1169011,
            27.6523751
          ]
        ]
      },
      "properties": {
        "highway": "tertiary"
      }
    },
    {
      "type": "Feature",
      "geometry": {
        "type": "LineString",
        "coordinates": [
          [
            -8.0724299,
            27.5815288
          ],
          [
            -8.0717111,
            27.5818046
          ],
          [
            -8.0697594,
            27.5828721
          ],
          [
            -8.0681287,
            27.5838801
          ],
          [
            -8.0658542,
            27.585723
          ],
          [
            -8.0592453,
            27.5910099
          ],
          [
            -8.0582367,
            27.5916774
          ],
          [
            -8.0567122,
            27.5923596
          ],
          [
            -8.0556178,
            27.5926068
          ],
          [
            -8.0539022,
            27.5927786
          ],
          [
            -8.0383444,
            27.593843
          ],
          [
            -8.0302334,
            27.5943944
          ],
          [
            -8.0286026,
            27.5945846
          ],
          [
            -8.0270148,
            27.5949649
          ],
          [
            -8.0257273,
            27.5954213
          ],
          [
            -8.0250202,
            27.5956692
          ],
          [
            -8.0234753,
            27.5965059
          ],
          [
            -8.011974,
            27.60261
          ],
          [
            -8.0050861,
            27.6062799
          ],
          [
            -8.0037342,
            27.6069549
          ],
          [
            -8.0027032,
            27.6073917
          ],
          [
            -8.0013095,
            27.6078961
          ],
          [
            -7.999314,
            27.6084475
          ],
          [
            -7.9954845,
            27.6094278
          ],
          [
            -7.9852777,
            27.6120065
          ],
          [
            -7.97899,
            27.6137194
          ],
          [
            -7.9725643,
            27.615084
          ],
          [
            -7.9617628,
            27.617145
          ],
          [
            -7.9519447,
            27.6194821
          ],
          [
            -7.9507598,
            27.6197637
          ],
          [
            -7.9478291,
            27.6204603
          ],
          [
            -7.9382236,
            27.6227361
          ],
          [
            -7.9151439,
            27.628203
          ],
          [
            -7.9054141,
            27.6304492
          ],
          [
            -7.8990353,
            27.6319871
          ],
          [
            -7.8976234,
            27.6321601
          ],
          [
            -7.8962565,
            27.6321202
          ],
          [
            -7.8953628,
            27.6320404
          ],
          [
            -7.8943865,
            27.631874
          ],
          [
            -7.8938807,
            27.6317396
          ],
          [
            -7.8928844,
            27.6315366
          ],
          [
            -7.8912773,
            27.6307629
          ],
          [
            -7.8897902,
            27.6298047
          ],
          [
            -7.8894425,
            27.6295055
          ],
          [
            -7.8888488,
            27.6290091
          ],
          [
            -7.8882265,
            27.6285338
          ],
          [
            -7.8873038,
            27.6277829
          ],
          [
            -7.8868532,
            27.6274027
          ],
          [
            -7.8867729,
            27.6273387
          ],
          [
            -7.886534,
            27.6271484
          ],
          [
            -7.8863628,
            27.6269852
          ],
          [
            -7.8861438,
            27.6267765
          ],
          [
            -7.8860994,
            27.6267323
          ],
          [
            -7.8856167,
            27.6262513
          ],
          [
            -7.88526,
            27.6258687
          ],
          [
            -7.8847973,
            27.6252996
          ],
          [
            -7.8843762,
            27.6247827
          ],
          [
            -7.8842048,
            27.6245802
          ],
          [
            -7.8841187,
            27.6244785
          ],
          [
            -7.8837995,
            27.6241363
          ],
          [
            -7.883369,
            27.6237038
          ],
          [
            -7.8829305,
            27.6232998
          ],
          [
            -7.8825067,
            27.6229647
          ],
          [
            -7.8819555,
            27.6225155
          ],
          [
            -7.8815545,
            27.6222232
          ],
          [
            -7.8811106,
            27.6219095
          ],
          [
            -7.8807438,
            27.6216226
          ],
          [
            -7.8793082,
            27.620587
          ],
          [
            -7.8787291,
            27.6201701
          ],
          [
            -7.877163,
            27.6190427
          ],
          [
            -7.8769188,
            27.6188673
          ],
          [
            -7.8764369,
            27.618553
          ],
          [
            -7.8753442,
            27.6178425
          ],
          [
            -7.8750858,
            27.6176598
          ],
          [
            -7.8745392,
            27.6173083
          ],
          [
            -7.8730726,
            27.6164432
          ],
          [
            -7.87121,
            27.6149659
          ],
          [
            -7.8709778,
            27.6148086
          ],
          [
            -7.8708686,
            27.6147347
          ],
          [
            -7.8700309,
            27.6141673
          ],
          [
            -7.8683336,
            27.6132822
          ],
          [
            -7.8675006,
            27.6129113
          ],
          [
            -7.8670832,
            27.6127255
          ],
          [
            -7.8668241,
            27.6126101
          ],
          [
            -7.8665733,
            27.6125014
          ],
          [
            -7.8642642,
            27.6114967
          ],
          [
            -7.8642272,
            27.6114853
          ],
          [
            -7.8642081,
            27.6114761
          ],
          [
            -7.8641693,
            27.6114593
          ],
          [
            -7.863665,
            27.6112407
          ],
          [
            -7.8634034,
            27.6111273
          ],
          [
            -7.8633544,
            27.6111061
          ],
          [
            -7.8609549,
            27.6100538
          ],
          [
            -7.8603954,
            27.6098084
          ],
          [
            -7.8576091,
            27.6085706
          ],
          [
            -7.856272,
            27.6079794
          ],
          [
            -7.8538837,
            27.606482
          ],
          [
            -7.8519536,
            27.6048515
          ],
          [
            -7.8514159,
            27.604404
          ],
          [
            -7.8507748,
            27.6037883
          ],
          [
            -7.8502545,
            27.6032203
          ],
          [
            -7.849879,
            27.6027282
          ],
          [
            -7.8494498,
            27.6020722
          ],
          [
            -7.849313,
            27.6018416
          ],
          [
            -7.8491448,
            27.6015504
          ],
          [
            -7.8487873,
            27.6005367
          ],
          [
            -7.8486715,
            27.6001066
          ],
          [
            -7.848559,
            27.5996888
          ],
          [
            -7.8485043,
            27.599287
          ],
          [
            -7.8484494,
            27.5987706
          ],
          [
            -7.8483991,
            27.5980206
          ],
          [
            -7.8483957,
            27.597717
          ],
          [
            -7.8483099,
            27.5960513
          ],
          [
            -7.8482335,
            27.5942636
          ],
          [
            -7.8482401,
            27.5941127
          ],
          [
            -7.8481972,
            27.5937181
          ],
          [
            -7.8481744,
            27.5935173
          ],
          [
            -7.8481315,
            27.5933782
          ],
          [
            -7.8480685,
            27.5931619
          ],
          [
            -7.8479733,
            27.5929444
          ],
          [
            -7.8478324,
            27.5926995
          ],
          [
            -7.8476957,
            27.592501
          ],
          [
            -7.847591,
            27.5923644
          ],
          [
            -7.8474341,
            27.5922122
          ],
          [
            -7.8472705,
            27.592047
          ],
          [
            -7.8469205,
            27.5917558
          ],
          [
            -7.8466174,
            27.591549
          ],
          [
            -7.8462459,
            27.5913272
          ],
          [
            -7.8458315,
            27.5910474
          ],
          [
            -7.8445119,
            27.5901631
          ],
          [
            -7.8432193,
            27.589337
          ],
          [
            -7.8416231,
            27.5881508
          ],
          [
            -7.8411162,
            27.5877245
          ],
          [
            -7.8406522,
            27.5873342
          ],
          [
            -7.8398046,
            27.5865152
          ],
          [
            -7.8393003,
            27.5859685
          ],
          [
            -7.838774,
            27.5853388
          ],
          [
            -7.8379686,
            27.5843697
          ],
          [
            -7.8374,
            27.5837564
          ],
          [
            -7.8368863,
            27.5832417
          ],
          [
            -7.8363968,
            27.5827638
          ],
          [
            -7.8357591,
            27.5821053
          ],
          [
            -7.8354567,
            27.5817701
          ],
          [
            -7.8348103,
            27.5809701
          ],
          [
            -7.8343845,
            27.5803864
          ],
          [
            -7.8340378,
            27.579867
          ],
          [
            -7.8337227,
            27.5793713
          ],
          [
            -7.8335765,
            27.5791038
          ],
          [
            -7.8333002,
            27.5786355
          ],
          [
            -7.8326699,
            27.5774681
          ],
          [
            -7.8321417,
            27.5765696
          ],
          [
            -7.8305346,
            27.5736539
          ],
          [
            -7.8282364,
            27.5693599
          ],
          [
            -7.8263514,
            27.5658913
          ],
          [
            -7.8253751,
            27.5634746
          ],
          [
            -7.8246916,
            27.5608514
          ],
          [
            -7.8240683,
            27.5578952
          ],
          [
            -7.8233999,
            27.554393
          ],
          [
            -7.8218247,
            27.5466589
          ],
          [
            -7.8214317,
            27.545204
          ],
          [
            -7.8207467,
            27.5435701
          ],
          [
            -7.8198638,
            27.5420902
          ],
          [
            -7.818114,
            27.5392401
          ],
          [
            -7.8170776,
            27.5376952
          ],
          [
            -7.8163566,
            27.5367962
          ],
          [
            -7.8142312,
            27.5348316
          ],
          [
            -7.8129244,
            27.5336396
          ],
          [
            -7.8122267,
            27.5329554
          ],
          [
            -7.8116,
            27.5319618
          ],
          [
            -7.8112761,
            27.5308128
          ],
          [
            -7.8113026,
            27.5295225
          ],
          [
            -7.8114301,
            27.5286984
          ],
          [
            -7.8117115,
            27.5268429
          ],
          [
            -7.811817,
            27.5247369
          ],
          [
            -7.8118117,
            27.5223398
          ],
          [
            -7.8118117,
            27.5169708
          ],
          [
            -7.8118125,
            27.5161731
          ],
          [
            -7.8118146,
            27.5139111
          ]
        ]
      },
      "properties": {
        "highway": "tertiary"
      }
    },
    {
      "type": "Feature",
      "geometry": {
        "type": "LineString",
        "coordinates": [
          [
            -6.816887,
            28.6419164
          ],
          [
            -6.8267672,
            28.6381733
          ],
          [
            -6.8278354,
            28.6379104
          ],
          [
            -6.8293726,
            28.6377732
          ],
          [
            -6.843129,
            28.6378875
          ],
          [
            -6.8485091,
            28.6387564
          ],
          [
            -6.8494471,
            28.638825
          ],
          [
            -6.850867,
            28.6388136
          ],
          [
            -6.8521697,
            28.6386306
          ],
          [
            -6.8548402,
            28.6380819
          ],
          [
            -6.886956,
            28.631538
          ],
          [
            -6.8895738,
            28.6310107
          ],
          [
            -6.8916767,
            28.6305775
          ],
          [
            -6.8932523,
            28.6302584
          ],
          [
            -6.894233,
            28.6301265
          ],
          [
            -6.8951314,
            28.6301066
          ],
          [
            -6.8964832,
            28.6302008
          ],
          [
            -6.9470452,
            28.6330535
          ],
          [
            -6.9482868,
            28.6330604
          ],
          [
            -6.9492754,
            28.6329008
          ],
          [
            -6.9503272,
            28.632637
          ],
          [
            -6.9516331,
            28.6321423
          ],
          [
            -6.9531111,
            28.6312487
          ],
          [
            -6.9537596,
            28.6308253
          ],
          [
            -6.9544951,
            28.6304782
          ],
          [
            -6.9554915,
            28.6300964
          ],
          [
            -6.9564327,
            28.6298673
          ],
          [
            -6.9577613,
            28.6296383
          ],
          [
            -6.9646255,
            28.6284761
          ],
          [
            -6.9666585,
            28.6281319
          ],
          [
            -6.9786399,
            28.6261408
          ],
          [
            -6.9792449,
            28.626006
          ],
          [
            -6.9800515,
            28.625711
          ],
          [
            -6.9811126,
            28.6252431
          ],
          [
            -6.981482,
            28.6250213
          ],
          [
            -6.9817452,
            28.6248633
          ],
          [
            -6.9823559,
            28.6244966
          ],
          [
            -6.9825712,
            28.6243747
          ],
          [
            -6.9826461,
            28.6243301
          ],
          [
            -6.9830743,
            28.6240701
          ],
          [
            -6.9834732,
            28.6238342
          ],
          [
            -6.9843058,
            28.623342
          ],
          [
            -6.9851986,
            28.6228142
          ],
          [
            -6.9854677,
            28.6226551
          ],
          [
            -6.985774,
            28.622474
          ],
          [
            -6.9872331,
            28.6216114
          ],
          [
            -6.9877935,
            28.6212801
          ],
          [
            -6.9882561,
            28.6210066
          ],
          [
            -6.9884585,
            28.6208769
          ],
          [
            -6.9895676,
            28.620329
          ],
          [
            -6.9906383,
            28.6199708
          ],
          [
            -6.9913345,
            28.619798
          ],
          [
            -7.0048911,
            28.617695
          ],
          [
            -7.0063616,
            28.617283
          ],
          [
            -7.0078163,
            28.616557
          ],
          [
            -7.0172972,
            28.6094847
          ],
          [
            -7.0205587,
            28.6076198
          ],
          [
            -7.0254672,
            28.6048647
          ],
          [
            -7.0268297,
            28.6040593
          ],
          [
            -7.0274895,
            28.6036072
          ],
          [
            -7.0287877,
            28.6026276
          ],
          [
            -7.0302093,
            28.6015679
          ],
          [
            -7.0309657,
            28.6011393
          ],
          [
            -7.0316202,
            28.6008567
          ],
          [
            -7.0323122,
            28.6006259
          ],
          [
            -7.0330846,
            28.6004234
          ],
          [
            -7.0337927,
            28.6003103
          ],
          [
            -7.0361424,
            28.600023
          ],
          [
            -7.0391357,
            28.5996368
          ],
          [
            -7.0417911,
            28.5993118
          ],
          [
            -7.0468444,
            28.5986477
          ],
          [
            -7.0474398,
            28.5985441
          ],
          [
            -7.0480996,
            28.5983699
          ],
          [
            -7.0488936,
            28.5980967
          ],
          [
            -7.0503581,
            28.5975221
          ],
          [
            -7.0520049,
            28.5969239
          ],
          [
            -7.0546496,
            28.5959018
          ],
          [
            -7.0563287,
            28.5952848
          ],
          [
            -7.0570153,
            28.5950634
          ],
          [
            -7.0576483,
            28.5949268
          ],
          [
            -7.0608509,
            28.5942439
          ],
          [
            -7.0633239,
            28.593721
          ],
          [
            -7.0659417,
            28.5931558
          ],
          [
            -7.0741394,
            28.5913694
          ],
          [
            -7.0759027,
            28.5910081
          ],
          [
            -7.0775971,
            28.5906293
          ],
          [
            -7.0800527,
            28.5901086
          ],
          [
            -7.0814491,
            28.5898078
          ],
          [
            -7.0829047,
            28.5895056
          ],
          [
            -7.0838753,
            28.5893068
          ],
          [
            -7.0852481,
            28.5890064
          ],
          [
            -7.0866126,
            28.5887096
          ],
          [
            -7.0875436,
            28.5885037
          ],
          [
            -7.0888713,
            28.5882302
          ],
          [
            -7.090094,
            28.5879797
          ],
          [
            -7.0913692,
            28.5877124
          ],
          [
            -7.0923306,
            28.5875023
          ],
          [
            -7.0933026,
            28.5872922
          ],
          [
            -7.0947882,
            28.5869619
          ],
          [
            -7.0955089,
            28.58682
          ],
          [
            -7.0965227,
            28.5866165
          ],
          [
            -7.0977528,
            28.5863319
          ],
          [
            -7.0988456,
            28.5861106
          ],
          [
            -7.0997991,
            28.5859166
          ],
          [
            -7.1006109,
            28.5857416
          ],
          [
            -7.1020415,
            28.5854615
          ],
          [
            -7.1038386,
            28.5850846
          ],
          [
            -7.1058181,
            28.5846583
          ],
          [
            -7.10706,
            28.5843945
          ],
          [
            -7.1075642,
            28.5843027
          ],
          [
            -7.1081382,
            28.5842391
          ],
          [
            -7.1101981,
            28.5840978
          ],
          [
            -7.1138788,
            28.5837923
          ],
          [
            -7.1146538,
            28.5837394
          ],
          [
            -7.1158533,
            28.5836048
          ],
          [
            -7.1167132,
            28.583422
          ],
          [
            -7.1174081,
            28.5832432
          ],
          [
            -7.1196511,
            28.5825246
          ],
          [
            -7.1210903,
            28.582066
          ],
          [
            -7.1250439,
            28.5808131
          ],
          [
            -7.1300522,
            28.5792604
          ],
          [
            -7.1322775,
            28.5784719
          ],
          [
            -7.1378198,
            28.5758404
          ],
          [
            -7.1386508,
            28.5754911
          ],
          [
            -7.1397933,
            28.5751712
          ],
          [
            -7.1447042,
            28.5742095
          ],
          [
            -7.1502398,
            28.5731006
          ],
          [
            -7.1616168,
            28.5708687
          ],
          [
            -7.162379,
            28.5707575
          ],
          [
            -7.163005,
            28.5707107
          ],
          [
            -7.1803993,
            28.569729
          ],
          [
            -7.1814871,
            28.5696079
          ],
          [
            -7.1832889,
            28.5691874
          ],
          [
            -7.2034083,
            28.5635148
          ],
          [
            -7.2056906,
            28.5629396
          ],
          [
            -7.2224542,
            28.559847
          ],
          [
            -7.2379005,
            28.5570241
          ],
          [
            -7.2442127,
            28.5558705
          ],
          [
            -7.2467515,
            28.5554065
          ],
          [
            -7.2555825,
            28.5549919
          ],
          [
            -7.2769821,
            28.5540765
          ],
          [
            -7.2781118,
            28.5539607
          ],
          [
            -7.2792681,
            28.553687
          ],
          [
            -7.2862534,
            28.551535
          ],
          [
            -7.3085006,
            28.5445672
          ],
          [
            -7.3094608,
            28.5442533
          ],
          [
            -7.3313742,
            28.5358492
          ],
          [
            -7.3367901,
            28.5337651
          ],
          [
            -7.3382036,
            28.5332527
          ],
          [
            -7.3390631,
            28.5330296
          ],
          [
            -7.3399894,
            28.5328677
          ],
          [
            -7.3410158,
            28.5327979
          ],
          [
            -7.3514139,
            28.5323292
          ],
          [
            -7.3599623,
            28.5319557
          ],
          [
            -7.3611951,
            28.5318297
          ],
          [
            -7.3636254,
            28.5312528
          ],
          [
            -7.3923907,
            28.5239935
          ],
          [
            -7.4208804,
            28.5141752
          ],
          [
            -7.4217932,
            28.5137057
          ],
          [
            -7.422473,
            28.5132519
          ],
          [
            -7.4235474,
            28.5123986
          ],
          [
            -7.4288933,
            28.5079958
          ],
          [
            -7.4298165,
            28.507412
          ],
          [
            -7.4307366,
            28.5069618
          ],
          [
            -7.4317432,
            28.5066396
          ],
          [
            -7.4486125,
            28.5026525
          ],
          [
            -7.4497523,
            28.5023519
          ],
          [
            -7.4518504,
            28.5015084
          ],
          [
            -7.4534152,
            28.5008793
          ],
          [
            -7.4569291,
            28.4994936
          ],
          [
            -7.4577702,
            28.4991386
          ],
          [
            -7.458515,
            28.498795
          ],
          [
            -7.4594283,
            28.4982204
          ],
          [
            -7.4601964,
            28.4975778
          ],
          [
            -7.4628734,
            28.494472
          ],
          [
            -7.4660902,
            28.49065
          ],
          [
            -7.4806791,
            28.4676828
          ],
          [
            -7.4815976,
            28.4663394
          ],
          [
            -7.4823862,
            28.4655096
          ],
          [
            -7.4893995,
            28.458908
          ],
          [
            -7.4962608,
            28.4523976
          ],
          [
            -7.4969115,
            28.4516108
          ],
          [
            -7.4976858,
            28.450514
          ],
          [
            -7.504427,
            28.4407531
          ],
          [
            -7.5050642,
            28.4399885
          ],
          [
            -7.5057678,
            28.4393156
          ],
          [
            -7.5142322,
            28.4321524
          ],
          [
            -7.5161552,
            28.430495
          ],
          [
            -7.5168111,
            28.4297993
          ],
          [
            -7.5286033,
            28.4130077
          ],
          [
            -7.5290774,
            28.4121898
          ],
          [
            -7.5310362,
            28.4083325
          ],
          [
            -7.531482,
            28.407616
          ],
          [
            -7.5320658,
            28.4069159
          ],
          [
            -7.533737,
            28.4051267
          ],
          [
            -7.5446501,
            28.393399
          ],
          [
            -7.546891,
            28.3914362
          ],
          [
            -7.5567063,
            28.3828082
          ],
          [
            -7.5665295,
            28.3742189
          ],
          [
            -7.5673974,
            28.3733392
          ],
          [
            -7.5680701,
            28.3725229
          ],
          [
            -7.5765828,
            28.3609404
          ],
          [
            -7.5850563,
            28.349393
          ],
          [
            -7.5993277,
            28.3329228
          ],
          [
            -7.5999521,
            28.3320848
          ],
          [
            -7.6158964,
            28.3064172
          ],
          [
            -7.6220339,
            28.2992735
          ],
          [
            -7.6376607,
            28.2810257
          ],
          [
            -7.6377701,
            28.2808601
          ],
          [
            -7.6382494,
            28.280134
          ],
          [
            -7.6644373,
            28.2315189
          ],
          [
            -7.6805399,
            28.2072064
          ],
          [
            -7.697935,
            28.1850614
          ],
          [
            -7.6988715,
            28.1837533
          ],
          [
            -7.7125878,
            28.162032
          ],
          [
            -7.7144109,
            28.1591473
          ],
          [
            -7.7195113,
            28.1493161
          ],
          [
            -7.7197796,
            28.1489119
          ],
          [
            -7.7203335,
            28.1480774
          ],
          [
            -7.73083,
            28.1359604
          ],
          [
            -7.7345556,
            28.132392
          ],
          [
            -7.7428527,
            28.1244612
          ],
          [
            -7.7554367,
            28.1124119
          ],
          [
            -7.7560076,
            28.1117946
          ],
          [
            -7.7690654,
            28.0950794
          ],
          [
            -7.7702081,
            28.0937014
          ],
          [
            -7.7710549,
            28.0928735
          ],
          [
            -7.7923919,
            28.0752685
          ],
          [
            -7.8045913,
            28.0634295
          ],
          [
            -7.8061684,
            28.0621003
          ],
          [
            -7.8134358,
            28.0560758
          ],
          [
            -7.814958,
            28.0548644
          ],
          [
            -7.8158426,
            28.0539582
          ],
          [
            -7.8164106,
            28.0532985
          ],
          [
            -7.816991,
            28.0524714
          ],
          [
            -7.8172903,
            28.0518311
          ],
          [
            -7.8176441,
            28.0509254
          ],
          [
            -7.8205587,
            28.0417543
          ],
          [
            -7.821235,
            28.0402492
          ],
          [
            -7.8359748,
            28.0152651
          ],
          [
            -7.8367906,
            28.0141412
          ],
          [
            -7.8378136,
            28.0132021
          ],
          [
            -7.8530201,
            27.9989879
          ],
          [
            -7.8569272,
            27.9954252
          ],
          [
            -7.8576305,
            27.994958
          ],
          [
            -7.8585489,
            27.9944901
          ],
          [
            -7.8594941,
            27.9941827
          ],
          [
            -7.8626278,
            27.993512
          ],
          [
            -7.863829,
            27.9933214
          ],
          [
            -7.864669,
            27.9933214
          ],
          [
            -7.8654474,
            27.9934036
          ],
          [
            -7.8661964,
            27.9936054
          ],
          [
            -7.870506,
            27.9951432
          ],
          [
            -7.8726553,
            27.9958902
          ],
          [
            -7.8733001,
            27.9962141
          ],
          [
            -7.8740284,
            27.996686
          ],
          [
            -7.8765472,
            27.9986254
          ],
          [
            -7.8813615,
            28.0023197
          ],
          [
            -7.8825509,
            28.0029124
          ],
          [
            -7.8832474,
            28.0031311
          ],
          [
            -7.8844387,
            28.0033155
          ],
          [
            -7.8869197,
            28.0035527
          ],
          [
            -7.888729,
            28.0035211
          ],
          [
            -7.8895258,
            28.003272
          ],
          [
            -7.8905124,
            28.0028167
          ],
          [
            -7.8927998,
            28.0012432
          ],
          [
            -7.9014924,
            27.9951101
          ],
          [
            -7.9020441,
            27.9946228
          ],
          [
            -7.9120112,
            27.9844721
          ],
          [
            -7.9211214,
            27.9752003
          ],
          [
            -7.921819,
            27.9743941
          ],
          [
            -7.9232461,
            27.9723631
          ],
          [
            -7.9238057,
            27.9715609
          ],
          [
            -7.9243044,
            27.9709709
          ],
          [
            -7.9251576,
            27.9700953
          ],
          [
            -7.927342,
            27.9678662
          ],
          [
            -7.9315676,
            27.9635539
          ],
          [
            -7.9407971,
            27.9559018
          ],
          [
            -7.9415979,
            27.955255
          ],
          [
            -7.9422285,
            27.9546943
          ],
          [
            -7.9427543,
            27.9541658
          ],
          [
            -7.9464607,
            27.9491597
          ],
          [
            -7.9475479,
            27.9476481
          ],
          [
            -7.9479941,
            27.9470606
          ],
          [
            -7.9484536,
            27.9465188
          ],
          [
            -7.9501807,
            27.944944
          ],
          [
            -7.952244,
            27.9431163
          ],
          [
            -7.9551679,
            27.940512
          ],
          [
            -7.9558785,
            27.9398702
          ],
          [
            -7.956325,
            27.9394468
          ],
          [
            -7.9569604,
            27.9387632
          ],
          [
            -7.9586668,
            27.9368085
          ],
          [
            -7.959306,
            27.9361541
          ],
          [
            -7.9598528,
            27.9357383
          ],
          [
            -7.9604243,
            27.9353518
          ],
          [
            -7.9613682,
            27.9348574
          ],
          [
            -7.962218,
            27.9345258
          ],
          [
            -7.9630746,
            27.9342908
          ],
          [
            -7.9639112,
            27.9341625
          ],
          [
            -7.9646997,
            27.934091
          ],
          [
            -7.9656864,
            27.93412
          ],
          [
            -7.9717492,
            27.9345353
          ],
          [
            -7.9752682,
            27.9348027
          ],
          [
            -7.9773505,
            27.9349252
          ],
          [
            -7.9783201,
            27.9348997
          ],
          [
            -7.9788469,
            27.9348235
          ],
          [
            -7.9798572,
            27.9345758
          ],
          [
            -7.9806562,
            27.934325
          ],
          [
            -7.9846115,
            27.9327572
          ],
          [
            -7.9876882,
            27.9315321
          ],
          [
            -7.9887152,
            27.9310343
          ],
          [
            -7.9895697,
            27.930515
          ],
          [
            -7.9910685,
            27.9293585
          ],
          [
            -7.9963065,
            27.9252968
          ],
          [
            -7.9986014,
            27.9235316
          ],
          [
            -8.0028342,
            27.9208748
          ],
          [
            -8.0068401,
            27.9183899
          ],
          [
            -8.0073779,
            27.9179888
          ],
          [
            -8.0080558,
            27.9173698
          ],
          [
            -8.0084962,
            27.916883
          ],
          [
            -8.0089151,
            27.9163436
          ],
          [
            -8.0092458,
            27.9158713
          ],
          [
            -8.0096536,
            27.9151403
          ],
          [
            -8.0124318,
            27.9094885
          ],
          [
            -8.0128691,
            27.9085557
          ],
          [
            -8.0131543,
            27.9077623
          ],
          [
            -8.0153732,
            27.8982346
          ],
          [
            -8.0161655,
            27.8948298
          ],
          [
            -8.0168544,
            27.891904
          ],
          [
            -8.0173116,
            27.8899693
          ],
          [
            -8.017403,
            27.889249
          ],
          [
            -8.0173997,
            27.8886401
          ],
          [
            -8.0173676,
            27.8880588
          ],
          [
            -8.0169164,
            27.8861467
          ],
          [
            -8.015689,
            27.8812335
          ],
          [
            -8.0155124,
            27.880543
          ],
          [
            -8.0149494,
            27.8782867
          ],
          [
            -8.0148414,
            27.8777415
          ],
          [
            -8.0147859,
            27.877048
          ],
          [
            -8.0148247,
            27.8760631
          ],
          [
            -8.0149705,
            27.8753396
          ],
          [
            -8.0152058,
            27.8745861
          ],
          [
            -8.0153835,
            27.8741834
          ],
          [
            -8.0154997,
            27.87392
          ],
          [
            -8.0158653,
            27.8732778
          ],
          [
            -8.0177953,
            27.8704688
          ],
          [
            -8.0220936,
            27.864148
          ],
          [
            -8.0279626,
            27.8556609
          ],
          [
            -8.0320304,
            27.8497305
          ],
          [
            -8.0326954,
            27.8487387
          ],
          [
            -8.0335041,
            27.847679
          ],
          [
            -8.0361456,
            27.8443454
          ],
          [
            -8.0388259,
            27.8410484
          ],
          [
            -8.039752,
            27.8399177
          ],
          [
            -8.0457437,
            27.8327303
          ],
          [
            -8.0460901,
            27.8321326
          ],
          [
            -8.0509576,
            27.8261468
          ],
          [
            -8.0519578,
            27.8248166
          ],
          [
            -8.052458,
            27.8241477
          ],
          [
            -8.0529524,
            27.8234832
          ],
          [
            -8.0541434,
            27.8218348
          ],
          [
            -8.059145,
            27.8150249
          ],
          [
            -8.0595456,
            27.8144794
          ],
          [
            -8.0669523,
            27.8044722
          ],
          [
            -8.0683582,
            27.8024856
          ],
          [
            -8.0688675,
            27.8019129
          ],
          [
            -8.0693827,
            27.8014093
          ],
          [
            -8.0696704,
            27.8011368
          ],
          [
            -8.0699138,
            27.8009063
          ],
          [
            -8.0709947,
            27.7998979
          ],
          [
            -8.0731486,
            27.7978883
          ],
          [
            -8.0767622,
            27.7945236
          ],
          [
            -8.0774533,
            27.7938801
          ],
          [
            -8.0855066,
            27.7863983
          ],
          [
            -8.0866974,
            27.7852573
          ],
          [
            -8.0874561,
            27.7844886
          ],
          [
            -8.0883874,
            27.7835112
          ],
          [
            -8.095579,
            27.7759634
          ],
          [
            -8.1001516,
            27.7712312
          ],
          [
            -8.1004525,
            27.7709305
          ],
          [
            -8.1041719,
            27.7670104
          ],
          [
            -8.104659,
            27.7665357
          ],
          [
            -8.1050145,
            27.7662285
          ],
          [
            -8.1054061,
            27.7659367
          ],
          [
            -8.1058628,
            27.7656242
          ],
          [
            -8.1063517,
            27.7653195
          ],
          [
            -8.1075272,
            27.7646378
          ],
          [
            -8.1097694,
            27.7632425
          ]
        ]
      },
      "properties": {
        "highway": "primary",
        "maxspeed": "120",
        "ref": "RN 50"
      }
    },
    {
      "type": "Feature",
      "geometry": {
        "type": "LineString",
        "coordinates": [
          [
            -8.4202043,
            27.2954574
          ],
          [
            -8.4198057,
            27.2955281
          ],
          [
            -8.4142915,
            27.298146
          ],
          [
            -8.4019884,
            27.3040395
          ],
          [
            -8.398118,
            27.3059794
          ],
          [
            -8.3945319,
            27.3077193
          ],
          [
            -8.3923352,
            27.3092684
          ],
          [
            -8.3901759,
            27.3109129
          ],
          [
            -8.3881938,
            27.3124237
          ]
        ]
      },
      "properties": {
        "highway": "tertiary"
      }
    },
    {
      "type": "Feature",
      "geometry": {
        "type": "LineString",
        "coordinates": [
          [
            -8.3881938,
            27.3124237
          ],
          [
            -8.3852884,
            27.3145899
          ]
        ]
      },
      "properties": {
        "highway": "tertiary"
      }
    },
    {
      "type": "Feature",
      "geometry": {
        "type": "LineString",
        "coordinates": [
          [
            -8.0171216,
            27.7388153
          ],
          [
            -8.0170208,
            27.7386988
          ],
          [
            -8.0168069,
            27.738243
          ],
          [
            -8.0163063,
            27.7370605
          ],
          [
            -8.0147514,
            27.7334777
          ],
          [
            -8.0131262,
            27.729707
          ],
          [
            -8.0129298,
            27.7292514
          ],
          [
            -8.0121017,
            27.7273175
          ],
          [
            -8.0118978,
            27.7268758
          ],
          [
            -8.0115008,
            27.7261303
          ],
          [
            -8.0111801,
            27.725627
          ],
          [
            -8.008647,
            27.7214672
          ],
          [
            -8.0056751,
            27.7165949
          ],
          [
            -8.0012012,
            27.7093669
          ],
          [
            -8.0005145,
            27.7082081
          ],
          [
            -7.9999137,
            27.7073532
          ],
          [
            -7.9981756,
            27.7053015
          ],
          [
            -7.9923177,
            27.6984241
          ],
          [
            -7.9915452,
            27.6974362
          ],
          [
            -7.9907298,
            27.6966382
          ],
          [
            -7.9897642,
            27.6958403
          ],
          [
            -7.9876614,
            27.6942443
          ],
          [
            -7.9850435,
            27.6924014
          ],
          [
            -7.9819966,
            27.6902164
          ],
          [
            -7.9695726,
            27.6812859
          ],
          [
            -7.9621053,
            27.6759083
          ],
          [
            -7.9608178,
            27.6749962
          ],
          [
            -7.9601312,
            27.6745591
          ],
          [
            -7.9591227,
            27.674027
          ],
          [
            -7.9579425,
            27.6735139
          ],
          [
            -7.9541445,
            27.6722027
          ],
          [
            -7.9447246,
            27.6690291
          ],
          [
            -7.9379225,
            27.6667011
          ],
          [
            -7.9364956,
            27.6661405
          ],
          [
            -7.9349291,
            27.6654088
          ],
          [
            -7.9335237,
            27.6646581
          ],
          [
            -7.9323542,
            27.6638884
          ],
          [
            -7.9312813,
            27.6631092
          ],
          [
            -7.9303587,
            27.662406
          ],
          [
            -7.9272366,
            27.6599164
          ],
          [
            -7.9229558,
            27.6564478
          ],
          [
            -7.9164648,
            27.65124
          ],
          [
            -7.9064226,
            27.6431523
          ],
          [
            -7.9044056,
            27.641546
          ],
          [
            -7.9039443,
            27.6410993
          ],
          [
            -7.9036117,
            27.6406621
          ],
          [
            -7.9031932,
            27.6399493
          ],
          [
            -7.9030001,
            27.6394266
          ],
          [
            -7.9028714,
            27.6388278
          ],
          [
            -7.9028338,
            27.6383573
          ],
          [
            -7.9028285,
            27.6379628
          ],
          [
            -7.9029089,
            27.6374876
          ],
          [
            -7.9030699,
            27.6368841
          ],
          [
            -7.9033005,
            27.6363898
          ],
          [
            -7.9041535,
            27.6348976
          ],
          [
            -7.9047114,
            27.6337807
          ],
          [
            -7.9049474,
            27.6331581
          ],
          [
            -7.905162,
            27.6325118
          ],
          [
            -7.9052746,
            27.6317514
          ],
          [
            -7.905339,
            27.6311098
          ],
          [
            -7.9054141,
            27.6304492
          ]
        ]
      },
      "properties": {
        "highway": "tertiary"
      }
    },
    {
      "type": "Feature",
      "geometry": {
        "type": "LineString",
        "coordinates": [
          [
            -8.4191741,
            27.1766094
          ],
          [
            -8.4158551,
            27.1751021
          ],
          [
            -8.4137232,
            27.174095
          ],
          [
            -8.4115787,
            27.1731386
          ],
          [
            -8.4036608,
            27.1698676
          ],
          [
            -8.4012669,
            27.1687724
          ],
          [
            -8.3988529,
            27.1675315
          ],
          [
            -8.3940585,
            27.1648946
          ],
          [
            -8.388458,
            27.1618114
          ],
          [
            -8.3823641,
            27.1584895
          ],
          [
            -8.3755834,
            27.1547378
          ],
          [
            -8.3713134,
            27.1523799
          ],
          [
            -8.3633418,
            27.1480171
          ],
          [
            -8.3573659,
            27.144752
          ],
          [
            -8.3535893,
            27.1426325
          ],
          [
            -8.3506604,
            27.1409426
          ],
          [
            -8.3480586,
            27.1391095
          ],
          [
            -8.3470421,
            27.1383839
          ],
          [
            -8.3464091,
            27.1379065
          ],
          [
            -8.3443464,
            27.1363502
          ],
          [
            -8.342185,
            27.1346568
          ],
          [
            -8.3406615,
            27.1331482
          ],
          [
            -8.3383656,
            27.1299782
          ],
          [
            -8.3367777,
            27.1278584
          ],
          [
            -8.3354473,
            27.1265216
          ],
          [
            -8.334117,
            27.1255094
          ],
          [
            -8.3316279,
            27.1245164
          ],
          [
            -8.3271861,
            27.1226257
          ],
          [
            -8.3243537,
            27.1211551
          ],
          [
            -8.3187103,
            27.1179848
          ],
          [
            -8.31635,
            27.1166096
          ],
          [
            -8.3149338,
            27.1156165
          ],
          [
            -8.3110929,
            27.1121404
          ],
          [
            -8.3073592,
            27.1085877
          ],
          [
            -8.3034969,
            27.105035
          ],
          [
            -8.3027197,
            27.1043703
          ],
          [
            -8.3018592,
            27.1038573
          ],
          [
            -8.300992,
            27.1033846
          ],
          [
            -8.2998578,
            27.1029336
          ],
          [
            -8.2990352,
            27.1026855
          ],
          [
            -8.2947283,
            27.101596
          ],
          [
            -8.28971,
            27.1003594
          ],
          [
            -8.2883649,
            27.0999731
          ],
          [
            -8.2874568,
            27.0996733
          ],
          [
            -8.2853979,
            27.0989009
          ],
          [
            -8.2811594,
            27.0973561
          ],
          [
            -8.2761684,
            27.0954841
          ],
          [
            -8.274117,
            27.0947314
          ],
          [
            -8.2735763,
            27.0944983
          ],
          [
            -8.2730034,
            27.0942252
          ],
          [
            -8.2724734,
            27.0939138
          ],
          [
            -8.2719112,
            27.0935356
          ],
          [
            -8.2713555,
            27.093078
          ],
          [
            -8.2706967,
            27.0924983
          ],
          [
            -8.2702718,
            27.0920417
          ],
          [
            -8.2687636,
            27.0900904
          ],
          [
            -8.2647664,
            27.0849766
          ],
          [
            -8.2633188,
            27.0831411
          ],
          [
            -8.2618496,
            27.081325
          ],
          [
            -8.2607156,
            27.0799804
          ],
          [
            -8.2585493,
            27.0776017
          ],
          [
            -8.2580214,
            27.0770738
          ],
          [
            -8.25756,
            27.0767206
          ],
          [
            -8.2569976,
            27.0763674
          ],
          [
            -8.2565656,
            27.0761366
          ],
          [
            -8.2561253,
            27.0759113
          ],
          [
            -8.2553458,
            27.0756346
          ],
          [
            -8.25469,
            27.0754983
          ],
          [
            -8.2527784,
            27.0751948
          ],
          [
            -8.251154,
            27.0749291
          ],
          [
            -8.2506556,
            27.0748047
          ],
          [
            -8.2502217,
            27.0746715
          ],
          [
            -8.2496713,
            27.0744515
          ],
          [
            -8.2492942,
            27.0742507
          ],
          [
            -8.2487708,
            27.0739005
          ],
          [
            -8.248333,
            27.0735713
          ],
          [
            -8.2479817,
            27.0732293
          ],
          [
            -8.247568,
            27.0728022
          ],
          [
            -8.2460701,
            27.0707941
          ],
          [
            -8.2428789,
            27.0666162
          ],
          [
            -8.2389736,
            27.06268
          ],
          [
            -8.2353634,
            27.0590541
          ],
          [
            -8.2349289,
            27.0588296
          ],
          [
            -8.2344613,
            27.0586535
          ],
          [
            -8.2338774,
            27.0584856
          ],
          [
            -8.233213,
            27.0583267
          ],
          [
            -8.2325523,
            27.0581901
          ],
          [
            -8.2297543,
            27.057534
          ],
          [
            -8.2290817,
            27.0573296
          ],
          [
            -8.227498,
            27.0567725
          ],
          [
            -8.2260668,
            27.0561987
          ],
          [
            -8.2215231,
            27.0542061
          ],
          [
            -8.2107513,
            27.0495093
          ],
          [
            -8.2052752,
            27.0470877
          ],
          [
            -8.2048129,
            27.0469097
          ],
          [
            -8.2042427,
            27.0467043
          ],
          [
            -8.2035239,
            27.0464802
          ],
          [
            -8.2026393,
            27.0462256
          ],
          [
            -8.2020331,
            27.0460908
          ],
          [
            -8.2017023,
            27.0460238
          ],
          [
            -8.2012416,
            27.0459568
          ],
          [
            -8.1992157,
            27.0457158
          ],
          [
            -8.198701,
            27.045643
          ],
          [
            -8.1981616,
            27.0455371
          ],
          [
            -8.1975371,
            27.045399
          ],
          [
            -8.1970714,
            27.0452609
          ],
          [
            -8.1963565,
            27.0450233
          ],
          [
            -8.1942494,
            27.0443026
          ],
          [
            -8.1906796,
            27.0430475
          ],
          [
            -8.1882383,
            27.0421935
          ],
          [
            -8.1875763,
            27.0420116
          ],
          [
            -8.1868855,
            27.0418617
          ],
          [
            -8.1859946,
            27.0417163
          ],
          [
            -8.1852499,
            27.0416359
          ],
          [
            -8.1843753,
            27.0415812
          ],
          [
            -8.1837676,
            27.0415733
          ],
          [
            -8.182844,
            27.0416174
          ],
          [
            -8.1807896,
            27.0417422
          ],
          [
            -8.1716866,
            27.0422399
          ],
          [
            -8.1622044,
            27.0426871
          ],
          [
            -8.1601665,
            27.0427965
          ],
          [
            -8.1593522,
            27.0428252
          ],
          [
            -8.1584654,
            27.0428156
          ],
          [
            -8.1574607,
            27.0427678
          ],
          [
            -8.1527357,
            27.042269
          ],
          [
            -8.1508726,
            27.0420067
          ],
          [
            -8.1502729,
            27.0419224
          ],
          [
            -8.1497909,
            27.041818
          ],
          [
            -8.1492601,
            27.0416658
          ],
          [
            -8.1486958,
            27.0414909
          ],
          [
            -8.1480477,
            27.0412353
          ],
          [
            -8.1475201,
            27.0410205
          ],
          [
            -8.1470744,
            27.0408125
          ],
          [
            -8.1466052,
            27.0405475
          ],
          [
            -8.1461439,
            27.040269
          ],
          [
            -8.1433797,
            27.0385819
          ],
          [
            -8.1379938,
            27.0353327
          ],
          [
            -8.130033,
            27.0304971
          ],
          [
            -8.1155491,
            27.0216662
          ],
          [
            -8.1130161,
            27.0201106
          ],
          [
            -8.1127574,
            27.0199347
          ],
          [
            -8.1124835,
            27.0197305
          ],
          [
            -8.1113127,
            27.018709
          ],
          [
            -8.1109158,
            27.0183324
          ],
          [
            -8.1104161,
            27.0178039
          ],
          [
            -8.1082802,
            27.0149254
          ],
          [
            -8.1073457,
            27.0136771
          ],
          [
            -8.1069017,
            27.0131596
          ],
          [
            -8.1064247,
            27.0126907
          ],
          [
            -8.1057654,
            27.012131
          ],
          [
            -8.1050149,
            27.0115398
          ],
          [
            -8.1043548,
            27.011138
          ],
          [
            -8.1037918,
            27.0108234
          ],
          [
            -8.1028917,
            27.0103909
          ],
          [
            -8.0918557,
            27.0055162
          ],
          [
            -8.0839539,
            27.002029
          ],
          [
            -8.0827512,
            27.0015008
          ],
          [
            -8.0823041,
            27.001303
          ],
          [
            -8.0818884,
            27.0010833
          ],
          [
            -8.0815021,
            27.0008484
          ],
          [
            -8.0811701,
            27.0006027
          ],
          [
            -8.0809069,
            27.0003814
          ],
          [
            -8.0806342,
            27.0001159
          ],
          [
            -8.0803794,
            26.999849
          ],
          [
            -8.0801203,
            26.999518
          ],
          [
            -8.0799094,
            26.9991822
          ],
          [
            -8.0797206,
            26.9988361
          ],
          [
            -8.0795583,
            26.9984717
          ],
          [
            -8.0794567,
            26.9981531
          ],
          [
            -8.0793698,
            26.9977906
          ],
          [
            -8.0791944,
            26.9969245
          ],
          [
            -8.0790479,
            26.9965268
          ],
          [
            -8.0787872,
            26.996098
          ],
          [
            -8.0784986,
            26.9957333
          ],
          [
            -8.0781284,
            26.9954303
          ],
          [
            -8.0776279,
            26.9951301
          ],
          [
            -8.0770014,
            26.9948313
          ],
          [
            -8.0767133,
            26.9946679
          ],
          [
            -8.0763727,
            26.9944384
          ],
          [
            -8.0758086,
            26.9939946
          ],
          [
            -8.0754226,
            26.993617
          ],
          [
            -8.0750852,
            26.9932319
          ],
          [
            -8.0748004,
            26.9928775
          ],
          [
            -8.0745391,
            26.9925016
          ],
          [
            -8.0743179,
            26.9920782
          ],
          [
            -8.074077,
            26.9915209
          ],
          [
            -8.0733643,
            26.9896015
          ],
          [
            -8.0730537,
            26.9887358
          ],
          [
            -8.0726948,
            26.9880532
          ],
          [
            -8.0723059,
            26.9874432
          ],
          [
            -8.0717287,
            26.9867706
          ],
          [
            -8.0710732,
            26.9861243
          ],
          [
            -8.0705249,
            26.9857046
          ],
          [
            -8.0698823,
            26.9852954
          ],
          [
            -8.0691548,
            26.984924
          ],
          [
            -8.0678942,
            26.9844297
          ],
          [
            -8.0627418,
            26.9824922
          ],
          [
            -8.0571139,
            26.9803768
          ],
          [
            -8.046775,
            26.9764667
          ],
          [
            -8.0434319,
            26.975228
          ],
          [
            -8.0426353,
            26.9749727
          ],
          [
            -8.04163,
            26.9747045
          ],
          [
            -8.0404043,
            26.9744225
          ],
          [
            -8.0392777,
            26.9742498
          ],
          [
            -8.0382295,
            26.9741552
          ],
          [
            -8.0365129,
            26.9740467
          ],
          [
            -8.0356327,
            26.973997
          ],
          [
            -8.0350768,
            26.9739291
          ],
          [
            -8.0343918,
            26.9737885
          ],
          [
            -8.0337937,
            26.9735365
          ],
          [
            -8.0331017,
            26.9731134
          ],
          [
            -8.0274913,
            26.9684397
          ],
          [
            -8.0257189,
            26.9669982
          ],
          [
            -8.0243907,
            26.9660157
          ],
          [
            -8.0229815,
            26.9649834
          ],
          [
            -8.0176246,
            26.9612066
          ],
          [
            -8.0169057,
            26.9607031
          ],
          [
            -8.0148673,
            26.9592754
          ],
          [
            -8.013679,
            26.9584798
          ],
          [
            -8.0128285,
            26.957932
          ],
          [
            -8.012148,
            26.9574938
          ],
          [
            -8.0074729,
            26.9546392
          ],
          [
            -8.005957,
            26.9536709
          ],
          [
            -8.0053513,
            26.9532626
          ],
          [
            -8.0047017,
            26.9527337
          ],
          [
            -8.0039185,
            26.952015
          ],
          [
            -8.003374,
            26.9514168
          ],
          [
            -8.0028064,
            26.9507062
          ],
          [
            -8.0007076,
            26.9476276
          ],
          [
            -7.9972934,
            26.9425759
          ],
          [
            -7.9924408,
            26.9354139
          ],
          [
            -7.9920401,
            26.9348515
          ],
          [
            -7.9916822,
            26.9343584
          ],
          [
            -7.9912236,
            26.933784
          ],
          [
            -7.9839264,
            26.9253473
          ],
          [
            -7.9804872,
            26.9213755
          ],
          [
            -7.9800286,
            26.9209001
          ],
          [
            -7.9794616,
            26.9203275
          ],
          [
            -7.9789959,
            26.9199052
          ],
          [
            -7.9784772,
            26.9194455
          ],
          [
            -7.9740837,
            26.9160035
          ],
          [
            -7.9732018,
            26.9152817
          ],
          [
            -7.9724133,
            26.9147
          ],
          [
            -7.9716397,
            26.9142208
          ],
          [
            -7.9705979,
            26.913619
          ],
          [
            -7.9643154,
            26.9104561
          ],
          [
            -7.9582099,
            26.9074219
          ],
          [
            -7.95721,
            26.906945
          ],
          [
            -7.9556731,
            26.9063293
          ],
          [
            -7.9546166,
            26.9059595
          ],
          [
            -7.9508435,
            26.9048311
          ],
          [
            -7.9454217,
            26.9031878
          ],
          [
            -7.9439175,
            26.902686
          ],
          [
            -7.9430254,
            26.9023913
          ],
          [
            -7.9422631,
            26.9021143
          ],
          [
            -7.9412562,
            26.9017149
          ],
          [
            -7.9355163,
            26.8995205
          ],
          [
            -7.9311204,
            26.897846
          ],
          [
            -7.9269069,
            26.8962099
          ],
          [
            -7.9231041,
            26.8947297
          ],
          [
            -7.9180527,
            26.8927844
          ],
          [
            -7.9145677,
            26.8914458
          ],
          [
            -7.913498,
            26.8910267
          ],
          [
            -7.9127647,
            26.8906793
          ],
          [
            -7.9120641,
            26.8903272
          ],
          [
            -7.911452,
            26.8899564
          ],
          [
            -7.9109032,
            26.889588
          ],
          [
            -7.9099516,
            26.8888876
          ],
          [
            -7.9070449,
            26.8864976
          ],
          [
            -7.9049428,
            26.8847791
          ],
          [
            -7.9010797,
            26.8815982
          ],
          [
            -7.8964536,
            26.8778402
          ],
          [
            -7.8932905,
            26.8752438
          ],
          [
            -7.8925135,
            26.8747199
          ],
          [
            -7.8917002,
            26.8742582
          ],
          [
            -7.8910061,
            26.8739333
          ],
          [
            -7.8901499,
            26.8736151
          ],
          [
            -7.8894391,
            26.8733964
          ],
          [
            -7.8884231,
            26.8731523
          ],
          [
            -7.884278,
            26.8721255
          ],
          [
            -7.8781414,
            26.8706118
          ],
          [
            -7.8730396,
            26.8694122
          ],
          [
            -7.8717333,
            26.8690447
          ],
          [
            -7.8705607,
            26.8686849
          ],
          [
            -7.8690801,
            26.8681786
          ],
          [
            -7.8659183,
            26.8670545
          ],
          [
            -7.8647333,
            26.8665669
          ],
          [
            -7.8639158,
            26.8661955
          ],
          [
            -7.8630617,
            26.8657342
          ],
          [
            -7.8619192,
            26.8650676
          ],
          [
            -7.8581062,
            26.8625724
          ],
          [
            -7.8475328,
            26.8557026
          ],
          [
            -7.8460614,
            26.8547248
          ],
          [
            -7.8446709,
            26.8538844
          ],
          [
            -7.843318,
            26.8531656
          ],
          [
            -7.8399468,
            26.8516608
          ],
          [
            -7.835494,
            26.8497703
          ],
          [
            -7.826879,
            26.8460897
          ],
          [
            -7.8230072,
            26.8444347
          ],
          [
            -7.8213212,
            26.8437584
          ],
          [
            -7.8193439,
            26.843062
          ],
          [
            -7.8173025,
            26.8423495
          ],
          [
            -7.8154456,
            26.8416959
          ],
          [
            -7.8147906,
            26.8414875
          ],
          [
            -7.814237,
            26.841301
          ],
          [
            -7.813619,
            26.8410603
          ],
          [
            -7.8129592,
            26.8407783
          ],
          [
            -7.8124426,
            26.8405263
          ],
          [
            -7.8118187,
            26.8401922
          ],
          [
            -7.8078246,
            26.837723
          ],
          [
            -7.7968573,
            26.8310944
          ],
          [
            -7.7956852,
            26.830362
          ],
          [
            -7.7945136,
            26.8295358
          ],
          [
            -7.7939391,
            26.8291078
          ],
          [
            -7.7931237,
            26.8283984
          ],
          [
            -7.7914954,
            26.8269431
          ],
          [
            -7.7857447,
            26.8214666
          ],
          [
            -7.7828267,
            26.8185961
          ],
          [
            -7.781595,
            26.8175074
          ],
          [
            -7.7803778,
            26.8165461
          ],
          [
            -7.7796831,
            26.8160784
          ],
          [
            -7.7787792,
            26.8155599
          ],
          [
            -7.7780411,
            26.8151802
          ],
          [
            -7.777127,
            26.8147426
          ],
          [
            -7.771411,
            26.812083
          ],
          [
            -7.7665194,
            26.8097328
          ],
          [
            -7.7594161,
            26.8063377
          ],
          [
            -7.7414561,
            26.7977574
          ],
          [
            -7.7310493,
            26.7927789
          ],
          [
            -7.7303326,
            26.7925189
          ],
          [
            -7.729448,
            26.7922244
          ],
          [
            -7.7285039,
            26.7919754
          ],
          [
            -7.72771,
            26.7918241
          ],
          [
            -7.7268737,
            26.7917647
          ],
          [
            -7.7260577,
            26.7917369
          ],
          [
            -7.7253389,
            26.7917609
          ],
          [
            -7.7245986,
            26.7918318
          ],
          [
            -7.7192688,
            26.792471
          ],
          [
            -7.7121449,
            26.7932371
          ],
          [
            -7.6863957,
            26.7963017
          ],
          [
            -7.6727901,
            26.7978977
          ],
          [
            -7.6716378,
            26.7981094
          ],
          [
            -7.6706047,
            26.7983967
          ],
          [
            -7.6622812,
            26.8009076
          ],
          [
            -7.6467419,
            26.8056099
          ],
          [
            -7.6187182,
            26.8141896
          ],
          [
            -7.6066161,
            26.8177516
          ],
          [
            -7.6052618,
            26.8179158
          ],
          [
            -7.6041009,
            26.8178986
          ],
          [
            -7.602763,
            26.8178258
          ],
          [
            -7.5888062,
            26.8168324
          ],
          [
            -7.5805441,
            26.8162253
          ],
          [
            -7.5798455,
            26.8162002
          ],
          [
            -7.5788367,
            26.8162531
          ],
          [
            -7.5778131,
            26.8163723
          ],
          [
            -7.5768991,
            26.8165378
          ],
          [
            -7.5757804,
            26.8168506
          ],
          [
            -7.5728806,
            26.8179048
          ],
          [
            -7.5726059,
            26.8180058
          ],
          [
            -7.5575748,
            26.8234586
          ],
          [
            -7.5486803,
            26.826675
          ],
          [
            -7.5471286,
            26.8272495
          ],
          [
            -7.5460429,
            26.8275477
          ],
          [
            -7.5449872,
            26.8277689
          ],
          [
            -7.5439363,
            26.8278847
          ],
          [
            -7.5425522,
            26.8278737
          ],
          [
            -7.5414601,
            26.8277593
          ],
          [
            -7.525142,
            26.8249531
          ],
          [
            -7.5010021,
            26.8206839
          ],
          [
            -7.4907851,
            26.8190054
          ],
          [
            -7.4894654,
            26.8187378
          ],
          [
            -7.4883067,
            26.8184419
          ],
          [
            -7.4871137,
            26.8180159
          ],
          [
            -7.4858477,
            26.8175074
          ],
          [
            -7.4845221,
            26.8168554
          ],
          [
            -7.4741192,
            26.8110949
          ],
          [
            -7.4709605,
            26.8093784
          ],
          [
            -7.465699,
            26.8062756
          ],
          [
            -7.4643685,
            26.8054404
          ],
          [
            -7.4638375,
            26.8049733
          ],
          [
            -7.4633832,
            26.8045483
          ],
          [
            -7.4630319,
            26.8041385
          ],
          [
            -7.4626784,
            26.8036675
          ],
          [
            -7.4624279,
            26.8032578
          ],
          [
            -7.4622016,
            26.802806
          ],
          [
            -7.461883,
            26.8020255
          ],
          [
            -7.4616158,
            26.8012604
          ],
          [
            -7.4601953,
            26.7967422
          ],
          [
            -7.4596524,
            26.7948958
          ],
          [
            -7.4594819,
            26.7942044
          ],
          [
            -7.459388,
            26.7933606
          ],
          [
            -7.4593668,
            26.7925634
          ],
          [
            -7.4593991,
            26.7917816
          ],
          [
            -7.4594829,
            26.7910842
          ],
          [
            -7.4605301,
            26.7864334
          ],
          [
            -7.4607109,
            26.7857776
          ],
          [
            -7.4609088,
            26.7851141
          ],
          [
            -7.4611845,
            26.7842928
          ],
          [
            -7.4615128,
            26.7834241
          ],
          [
            -7.4619492,
            26.7823502
          ],
          [
            -7.46242,
            26.7813299
          ],
          [
            -7.4631039,
            26.7798716
          ],
          [
            -7.4646435,
            26.776572
          ],
          [
            -7.4649342,
            26.7758862
          ],
          [
            -7.4651735,
            26.7752463
          ],
          [
            -7.4655318,
            26.7742731
          ],
          [
            -7.465888,
            26.773093
          ],
          [
            -7.4663687,
            26.7714838
          ],
          [
            -7.4674738,
            26.767817
          ],
          [
            -7.4683321,
            26.7647899
          ],
          [
            -7.4691904,
            26.7620598
          ],
          [
            -7.4693738,
            26.7613346
          ],
          [
            -7.46956,
            26.7604969
          ],
          [
            -7.4696273,
            26.7600243
          ],
          [
            -7.4696946,
            26.7594215
          ],
          [
            -7.4697268,
            26.758429
          ],
          [
            -7.469716,
            26.7550991
          ],
          [
            -7.4697633,
            26.7522556
          ],
          [
            -7.4698706,
            26.7514316
          ],
          [
            -7.4700187,
            26.7506288
          ],
          [
            -7.4702043,
            26.7499821
          ],
          [
            -7.4704859,
            26.7492755
          ],
          [
            -7.4707933,
            26.7485613
          ],
          [
            -7.471319,
            26.7477201
          ],
          [
            -7.4718619,
            26.7469786
          ],
          [
            -7.4760045,
            26.7419714
          ],
          [
            -7.4775668,
            26.7402021
          ],
          [
            -7.4783049,
            26.7392636
          ],
          [
            -7.4786169,
            26.7387601
          ],
          [
            -7.4789905,
            26.7379127
          ],
          [
            -7.4791591,
            26.737325
          ],
          [
            -7.479232,
            26.7364457
          ],
          [
            -7.4792092,
            26.7358488
          ],
          [
            -7.4789313,
            26.7342907
          ],
          [
            -7.4784074,
            26.7314569
          ],
          [
            -7.4783299,
            26.7310332
          ],
          [
            -7.4782798,
            26.7307279
          ],
          [
            -7.477888,
            26.728664
          ],
          [
            -7.4774597,
            26.7263724
          ],
          [
            -7.4772365,
            26.7251468
          ],
          [
            -7.4771772,
            26.7248825
          ],
          [
            -7.4768674,
            26.7233016
          ],
          [
            -7.4763799,
            26.7205908
          ],
          [
            -7.475774,
            26.7173196
          ],
          [
            -7.4752637,
            26.714504
          ],
          [
            -7.4746942,
            26.7116291
          ],
          [
            -7.474389,
            26.7106997
          ],
          [
            -7.4741247,
            26.7100573
          ],
          [
            -7.4733183,
            26.7085493
          ],
          [
            -7.4730586,
            26.7080299
          ],
          [
            -7.4728809,
            26.7074057
          ],
          [
            -7.4727807,
            26.7067087
          ],
          [
            -7.4728445,
            26.7059114
          ],
          [
            -7.4729128,
            26.705515
          ],
          [
            -7.4731862,
            26.7047678
          ],
          [
            -7.4741156,
            26.7032643
          ],
          [
            -7.4761248,
            26.7001617
          ],
          [
            -7.4782798,
            26.6967675
          ],
          [
            -7.4815647,
            26.6916146
          ],
          [
            -7.4818836,
            26.6911408
          ],
          [
            -7.4828312,
            26.6894733
          ],
          [
            -7.4832504,
            26.6883799
          ],
          [
            -7.4835055,
            26.6875507
          ],
          [
            -7.4838244,
            26.6856554
          ],
          [
            -7.4845534,
            26.6816825
          ],
          [
            -7.4852824,
            26.6778099
          ],
          [
            -7.4860569,
            26.6734453
          ],
          [
            -7.4865011,
            26.6709782
          ],
          [
            -7.4869157,
            26.6687184
          ],
          [
            -7.4875353,
            26.665265
          ],
          [
            -7.4882278,
            26.6614653
          ],
          [
            -7.4883873,
            26.6604857
          ],
          [
            -7.4884784,
            26.659939
          ],
          [
            -7.4884921,
            26.6592328
          ],
          [
            -7.4884602,
            26.6586679
          ],
          [
            -7.4883007,
            26.6578387
          ],
          [
            -7.4881321,
            26.6571599
          ],
          [
            -7.4878588,
            26.6565676
          ],
          [
            -7.4874169,
            26.6557748
          ],
          [
            -7.4867335,
            26.6548317
          ],
          [
            -7.4845557,
            26.6521619
          ],
          [
            -7.4817446,
            26.6486492
          ],
          [
            -7.4787513,
            26.6449315
          ],
          [
            -7.4764232,
            26.6421752
          ],
          [
            -7.4737443,
            26.6395236
          ],
          [
            -7.471243,
            26.6370633
          ],
          [
            -7.4698125,
            26.6357148
          ],
          [
            -7.4683272,
            26.6343252
          ],
          [
            -7.4651699,
            26.631423
          ],
          [
            -7.4619078,
            26.6284343
          ],
          [
            -7.4574885,
            26.6243339
          ],
          [
            -7.4528687,
            26.6200786
          ],
          [
            -7.4502718,
            26.6176821
          ],
          [
            -7.4495155,
            26.617026
          ],
          [
            -7.4485519,
            26.616313
          ],
          [
            -7.4460734,
            26.6145772
          ],
          [
            -7.4436269,
            26.6129644
          ],
          [
            -7.4424879,
            26.6124267
          ],
          [
            -7.4397041,
            26.6113789
          ],
          [
            -7.4335126,
            26.6091191
          ],
          [
            -7.4272708,
            26.6067773
          ],
          [
            -7.4187602,
            26.6037066
          ],
          [
            -7.4116346,
            26.601055
          ],
          [
            -7.4051287,
            26.5986494
          ],
          [
            -7.3984997,
            26.596212
          ],
          [
            -7.3915381,
            26.5936333
          ],
          [
            -7.3900825,
            26.5929749
          ],
          [
            -7.3883922,
            26.5920318
          ],
          [
            -7.3855447,
            26.5903917
          ],
          [
            -7.3798542,
            26.5870293
          ],
          [
            -7.3778496,
            26.5860361
          ],
          [
            -7.3775216,
            26.5858995
          ],
          [
            -7.3759065,
            26.5852183
          ],
          [
            -7.3754418,
            26.5850315
          ],
          [
            -7.3723528,
            26.5837376
          ],
          [
            -7.3694096,
            26.5825212
          ],
          [
            -7.3662705,
            26.5812273
          ],
          [
            -7.3617965,
            26.5793912
          ],
          [
            -7.360694,
            26.5790039
          ],
          [
            -7.3572542,
            26.5777966
          ],
          [
            -7.3539784,
            26.5766439
          ],
          [
            -7.3509122,
            26.5755733
          ],
          [
            -7.3490534,
            26.5749172
          ],
          [
            -7.3465157,
            26.5740379
          ],
          [
            -7.3435087,
            26.5729764
          ],
          [
            -7.3405883,
            26.5719467
          ],
          [
            -7.33934,
            26.5715093
          ],
          [
            -7.3362761,
            26.5704364
          ],
          [
            -7.3350505,
            26.5699762
          ],
          [
            -7.333989,
            26.5694614
          ],
          [
            -7.3329138,
            26.5688782
          ],
          [
            -7.3312235,
            26.5678759
          ],
          [
            -7.3288589,
            26.566459
          ],
          [
            -7.3246583,
            26.5639304
          ],
          [
            -7.3195556,
            26.5608596
          ],
          [
            -7.3143754,
            26.5577479
          ],
          [
            -7.3111953,
            26.555807
          ],
          [
            -7.3093775,
            26.5545951
          ],
          [
            -7.3064069,
            26.5524083
          ],
          [
            -7.3037052,
            26.5503626
          ],
          [
            -7.3016824,
            26.5488546
          ],
          [
            -7.2993133,
            26.5470777
          ],
          [
            -7.2969259,
            26.5452736
          ],
          [
            -7.2938233,
            26.5429409
          ],
          [
            -7.2895862,
            26.5397745
          ],
          [
            -7.2873401,
            26.5380751
          ],
          [
            -7.2840962,
            26.5356239
          ],
          [
            -7.281554,
            26.5337286
          ],
          [
            -7.277244,
            26.5304802
          ],
          [
            -7.2719317,
            26.5265074
          ],
          [
            -7.2668836,
            26.5226712
          ],
          [
            -7.2625098,
            26.5193818
          ],
          [
            -7.2601498,
            26.5176232
          ],
          [
            -7.2563684,
            26.5152267
          ],
          [
            -7.2461356,
            26.5089303
          ],
          [
            -7.239821,
            26.5050486
          ],
          [
            -7.2341237,
            26.5015382
          ],
          [
            -7.2312261,
            26.4997705
          ],
          [
            -7.2281553,
            26.4978615
          ],
          [
            -7.2248841,
            26.4958614
          ],
          [
            -7.2218954,
            26.4940162
          ],
          [
            -7.2212347,
            26.4936016
          ],
          [
            -7.2185923,
            26.4919934
          ],
          [
            -7.2136217,
            26.4889181
          ],
          [
            -7.2089381,
            26.4860341
          ],
          [
            -7.2036805,
            26.4827948
          ],
          [
            -7.1977941,
            26.4791637
          ],
          [
            -7.1918759,
            26.4755371
          ],
          [
            -7.1909647,
            26.474963
          ],
          [
            -7.190263,
            26.4744482
          ],
          [
            -7.1896753,
            26.4738924
          ],
          [
            -7.1892698,
            26.4734003
          ],
          [
            -7.1889691,
            26.4729265
          ],
          [
            -7.188632,
            26.4723297
          ],
          [
            -7.1884498,
            26.471988
          ],
          [
            -7.1882037,
            26.4716691
          ],
          [
            -7.1877254,
            26.4711178
          ],
          [
            -7.1871331,
            26.4705802
          ],
          [
            -7.1864406,
            26.4700972
          ],
          [
            -7.1856068,
            26.469669
          ],
          [
            -7.1834382,
            26.4684935
          ],
          [
            -7.180782,
            26.46699
          ],
          [
            -7.1755563,
            26.4640696
          ],
          [
            -7.1705173,
            26.4612358
          ],
          [
            -7.1671277,
            26.4593314
          ],
          [
            -7.164959,
            26.4581241
          ],
          [
            -7.1631188,
            26.4571222
          ],
          [
            -7.1592686,
            26.455026
          ],
          [
            -7.1566808,
            26.4537594
          ],
          [
            -7.1561409,
            26.4535111
          ],
          [
            -7.1552115,
            26.4531421
          ],
          [
            -7.1538811,
            26.4527457
          ],
          [
            -7.151307,
            26.4521078
          ],
          [
            -7.1457942,
            26.4508276
          ],
          [
            -7.143744,
            26.4503447
          ],
          [
            -7.1426187,
            26.4500622
          ],
          [
            -7.1418578,
            26.4498071
          ],
          [
            -7.1410332,
            26.4494517
          ],
          [
            -7.1395935,
            26.4488138
          ],
          [
            -7.1382039,
            26.4482443
          ],
          [
            -7.1363132,
            26.447365
          ],
          [
            -7.13496,
            26.4466589
          ],
          [
            -7.1342356,
            26.4462078
          ],
          [
            -7.1334884,
            26.4456839
          ],
          [
            -7.1325271,
            26.4449595
          ],
          [
            -7.1313699,
            26.4440209
          ],
          [
            -7.1294199,
            26.4423398
          ],
          [
            -7.1283766,
            26.4414149
          ],
          [
            -7.1261487,
            26.4395014
          ],
          [
            -7.1257888,
            26.4392052
          ],
          [
            -7.1249004,
            26.4386084
          ],
          [
            -7.1216702,
            26.4364671
          ],
          [
            -7.1203444,
            26.4355285
          ],
          [
            -7.119219,
            26.434631
          ],
          [
            -7.1181393,
            26.4336606
          ],
          [
            -7.1174878,
            26.4329909
          ],
          [
            -7.1152234,
            26.4306035
          ],
          [
            -7.1140434,
            26.4293597
          ],
          [
            -7.1129773,
            26.4282617
          ],
          [
            -7.1112415,
            26.4264348
          ],
          [
            -7.1099886,
            26.4251545
          ],
          [
            -7.1093826,
            26.4245987
          ],
          [
            -7.1086172,
            26.4239882
          ],
          [
            -7.1067903,
            26.4227398
          ],
          [
            -7.1034234,
            26.4204254
          ],
          [
            -7.1017741,
            26.4193046
          ],
          [
            -7.0999244,
            26.4180381
          ],
          [
            -7.0969265,
            26.4160106
          ],
          [
            -7.0941656,
            26.4141472
          ],
          [
            -7.0901153,
            26.4113726
          ],
          [
            -7.0856003,
            26.4083155
          ],
          [
            -7.0810671,
            26.4052084
          ],
          [
            -7.0785886,
            26.4035135
          ],
          [
            -7.0773221,
            26.4026661
          ],
          [
            -7.0750213,
            26.4011034
          ],
          [
            -7.0735816,
            26.4001284
          ],
          [
            -7.0722376,
            26.399199
          ],
          [
            -7.0690939,
            26.3970531
          ],
          [
            -7.0669253,
            26.3955952
          ],
          [
            -7.0658819,
            26.394848
          ],
          [
            -7.0644559,
            26.393914
          ],
          [
            -7.062793,
            26.3927978
          ],
          [
            -7.058114,
            26.3900915
          ],
          [
            -7.0550797,
            26.3884195
          ],
          [
            -7.0539725,
            26.3877634
          ],
          [
            -7.0529793,
            26.3872304
          ],
          [
            -7.0481363,
            26.3845013
          ],
          [
            -7.042414,
            26.3812392
          ],
          [
            -7.0371472,
            26.3782232
          ],
          [
            -7.0311698,
            26.374551
          ],
          [
            -7.0272425,
            26.3721546
          ],
          [
            -7.0248986,
            26.3707244
          ],
          [
            -7.0228869,
            26.3694847
          ],
          [
            -7.016627,
            26.3656577
          ],
          [
            -7.0109229,
            26.3621678
          ],
          [
            -7.0088545,
            26.3611564
          ],
          [
            -7.0047085,
            26.3592064
          ],
          [
            -7.0020461,
            26.35792
          ],
          [
            -6.9986672,
            26.3562814
          ],
          [
            -6.994986,
            26.3543588
          ],
          [
            -6.9937809,
            26.3537506
          ],
          [
            -6.99261,
            26.3531538
          ],
          [
            -6.9904277,
            26.3520011
          ],
          [
            -6.989799,
            26.3516047
          ],
          [
            -6.9863683,
            26.3495682
          ],
          [
            -6.9828921,
            26.3475225
          ],
          [
            -6.9796755,
            26.3456956
          ],
          [
            -6.9743196,
            26.3429359
          ],
          [
            -6.9716998,
            26.3416078
          ],
          [
            -6.9678712,
            26.3396093
          ],
          [
            -6.9650587,
            26.3381544
          ],
          [
            -6.9546562,
            26.3328035
          ],
          [
            -6.9517923,
            26.3311723
          ],
          [
            -6.9479471,
            26.3286732
          ],
          [
            -6.9387675,
            26.3226333
          ],
          [
            -6.9303645,
            26.3172249
          ],
          [
            -6.9206357,
            26.3108045
          ],
          [
            -6.9109409,
            26.3044659
          ],
          [
            -6.9061474,
            26.3012992
          ],
          [
            -6.9008791,
            26.297902
          ],
          [
            -6.8945489,
            26.2937184
          ],
          [
            -6.891304,
            26.2915784
          ],
          [
            -6.8908073,
            26.2912508
          ],
          [
            -6.8898927,
            26.2906477
          ],
          [
            -6.8897123,
            26.2905294
          ],
          [
            -6.8835143,
            26.2864653
          ],
          [
            -6.8788763,
            26.2834401
          ],
          [
            -6.8732086,
            26.2797315
          ],
          [
            -6.8653905,
            26.2745832
          ],
          [
            -6.8595953,
            26.2707835
          ],
          [
            -6.8537818,
            26.2669747
          ],
          [
            -6.8431572,
            26.2604869
          ],
          [
            -6.8414897,
            26.2595666
          ],
          [
            -6.8403325,
            26.2591019
          ],
          [
            -6.8392208,
            26.2587648
          ],
          [
            -6.838091,
            26.258537
          ],
          [
            -6.8373347,
            26.2584094
          ],
          [
            -6.8365419,
            26.2583617
          ],
          [
            -6.8320953,
            26.2581178
          ],
          [
            -6.8296168,
            26.2579629
          ],
          [
            -6.8283047,
            26.2577169
          ],
          [
            -6.8271383,
            26.2574618
          ],
          [
            -6.8261907,
            26.2571519
          ],
          [
            -6.8253888,
            26.2568239
          ],
          [
            -6.824505,
            26.256423
          ],
          [
            -6.8213978,
            26.2547919
          ],
          [
            -6.8172518,
            26.2526415
          ],
          [
            -6.8108096,
            26.2492701
          ],
          [
            -6.8039938,
            26.2457346
          ],
          [
            -6.7984105,
            26.2428165
          ],
          [
            -6.7947998,
            26.2409599
          ],
          [
            -6.789048,
            26.2379509
          ],
          [
            -6.7881777,
            26.2377001
          ],
          [
            -6.7875581,
            26.2376181
          ],
          [
            -6.7869703,
            26.2375816
          ],
          [
            -6.7862095,
            26.2376318
          ],
          [
            -6.7854896,
            26.2378003
          ],
          [
            -6.7848427,
            26.2380327
          ],
          [
            -6.7837082,
            26.2386477
          ],
          [
            -6.7810065,
            26.2401102
          ],
          [
            -6.7764414,
            26.2426342
          ],
          [
            -6.7695983,
            26.2463884
          ],
          [
            -6.7646778,
            26.2491311
          ],
          [
            -6.7592835,
            26.2520561
          ],
          [
            -6.7546364,
            26.2545892
          ],
          [
            -6.7524768,
            26.255792
          ],
          [
            -6.7517319,
            26.2562681
          ],
          [
            -6.7510485,
            26.2567829
          ],
          [
            -6.7505747,
            26.257234
          ],
          [
            -6.7492353,
            26.2586554
          ],
          [
            -6.7486247,
            26.2594527
          ],
          [
            -6.7476088,
            26.2609972
          ],
          [
            -6.7459739,
            26.2633934
          ],
          [
            -6.7447886,
            26.264929
          ],
          [
            -6.7440148,
            26.2658739
          ],
          [
            -6.7423574,
            26.2676324
          ],
          [
            -6.7411329,
            26.2690829
          ],
          [
            -6.7406792,
            26.2697417
          ],
          [
            -6.7403868,
            26.270203
          ],
          [
            -6.7390029,
            26.272491
          ],
          [
            -6.7364039,
            26.2771417
          ],
          [
            -6.7359407,
            26.278083
          ],
          [
            -6.7354262,
            26.2789954
          ],
          [
            -6.7351111,
            26.2794703
          ],
          [
            -6.7347153,
            26.2799547
          ],
          [
            -6.7340957,
            26.2805652
          ],
          [
            -6.7332027,
            26.2812578
          ],
          [
            -6.7319179,
            26.2819641
          ],
          [
            -6.7311699,
            26.2822619
          ],
          [
            -6.7305833,
            26.2824373
          ],
          [
            -6.7296151,
            26.2827811
          ],
          [
            -6.7288424,
            26.2830637
          ],
          [
            -6.7277446,
            26.2835266
          ],
          [
            -6.7267712,
            26.2839573
          ],
          [
            -6.7252411,
            26.2847089
          ],
          [
            -6.7229084,
            26.2859983
          ],
          [
            -6.7218809,
            26.2865446
          ],
          [
            -6.7212259,
            26.2868663
          ],
          [
            -6.7206013,
            26.2870892
          ],
          [
            -6.7199919,
            26.2872731
          ],
          [
            -6.7194185,
            26.2874106
          ],
          [
            -6.718682,
            26.2875097
          ],
          [
            -6.7179587,
            26.2875471
          ],
          [
            -6.7173056,
            26.2875267
          ],
          [
            -6.7166488,
            26.2874637
          ],
          [
            -6.715916,
            26.287336
          ],
          [
            -6.7139969,
            26.2869368
          ],
          [
            -6.710794,
            26.2862489
          ],
          [
            -6.7070444,
            26.2854424
          ],
          [
            -6.7037231,
            26.2847089
          ],
          [
            -6.7010578,
            26.2841576
          ],
          [
            -6.6993903,
            26.2836929
          ],
          [
            -6.697372,
            26.283005
          ],
          [
            -6.6940735,
            26.2816564
          ],
          [
            -6.6906747,
            26.2802942
          ],
          [
            -6.687326,
            26.2789775
          ],
          [
            -6.6855856,
            26.2786039
          ],
          [
            -6.6841095,
            26.2784399
          ],
          [
            -6.6798086,
            26.2787132
          ],
          [
            -6.6738129,
            26.279187
          ],
          [
            -6.670888,
            26.2795789
          ],
          [
            -6.6697854,
            26.2798887
          ],
          [
            -6.6683184,
            26.2804627
          ],
          [
            -6.6642089,
            26.2829868
          ],
          [
            -6.6584865,
            26.2865404
          ],
          [
            -6.6538667,
            26.2897205
          ],
          [
            -6.6490283,
            26.2934564
          ],
          [
            -6.6426408,
            26.2985227
          ],
          [
            -6.6393604,
            26.3013293
          ],
          [
            -6.6333101,
            26.3069969
          ],
          [
            -6.6293741,
            26.3104614
          ],
          [
            -6.6246354,
            26.3142319
          ],
          [
            -6.6157968,
            26.3211752
          ],
          [
            -6.6138517,
            26.323119
          ],
          [
            -6.6083119,
            26.3298764
          ],
          [
            -6.6059932,
            26.3330749
          ],
          [
            -6.6015274,
            26.3395632
          ],
          [
            -6.5921238,
            26.3531766
          ],
          [
            -6.5914313,
            26.3545434
          ],
          [
            -6.5908117,
            26.3569125
          ],
          [
            -6.5891977,
            26.3661074
          ],
          [
            -6.5889585,
            26.3675335
          ],
          [
            -6.5886851,
            26.3688142
          ],
          [
            -6.5879505,
            26.3710543
          ],
          [
            -6.5875456,
            26.372147
          ],
          [
            -6.5870211,
            26.3730407
          ],
          [
            -6.5861281,
            26.3742071
          ],
          [
            -6.5811712,
            26.3794556
          ],
          [
            -6.57273,
            26.3885358
          ],
          [
            -6.561635,
            26.4002856
          ],
          [
            -6.5568786,
            26.4057164
          ],
          [
            -6.5518612,
            26.412666
          ],
          [
            -6.5463998,
            26.4200587
          ],
          [
            -6.5369597,
            26.4329248
          ],
          [
            -6.52608,
            26.4478503
          ],
          [
            -6.5206128,
            26.4553221
          ],
          [
            -6.5159869,
            26.4616217
          ],
          [
            -6.5104294,
            26.4693053
          ],
          [
            -6.5066529,
            26.4732622
          ],
          [
            -6.5031123,
            26.476489
          ],
          [
            -6.4981771,
            26.4798886
          ],
          [
            -6.4927697,
            26.4838067
          ],
          [
            -6.4889717,
            26.4869948
          ],
          [
            -6.4865685,
            26.4896259
          ],
          [
            -6.4844012,
            26.4922378
          ],
          [
            -6.4783931,
            26.4989591
          ],
          [
            -6.4729858,
            26.5050081
          ],
          [
            -6.4714408,
            26.5067555
          ],
          [
            -6.4661193,
            26.5128616
          ],
          [
            -6.4604545,
            26.5193129
          ],
          [
            -6.4568711,
            26.5228841
          ],
          [
            -6.4530945,
            26.5265511
          ],
          [
            -6.4489317,
            26.5308131
          ],
          [
            -6.4456272,
            26.5341152
          ],
          [
            -6.4419365,
            26.5376474
          ],
          [
            -6.4373231,
            26.5423698
          ],
          [
            -6.4321304,
            26.5474566
          ],
          [
            -6.425972,
            26.5544435
          ],
          [
            -6.4227534,
            26.5578216
          ],
          [
            -6.4154148,
            26.5659402
          ],
          [
            -6.4080334,
            26.5736936
          ],
          [
            -6.4017678,
            26.5806981
          ],
          [
            -6.3980341,
            26.5845935
          ],
          [
            -6.3933563,
            26.5897552
          ],
          [
            -6.3916183,
            26.5915781
          ],
          [
            -6.3862109,
            26.5976029
          ],
          [
            -6.3844514,
            26.5990035
          ],
          [
            -6.3786793,
            26.6033588
          ],
          [
            -6.3749242,
            26.6061408
          ],
          [
            -6.3630581,
            26.6145437
          ],
          [
            -6.3544107,
            26.6211044
          ],
          [
            -6.3448191,
            26.6279909
          ],
          [
            -6.3415361,
            26.6302543
          ],
          [
            -6.3366652,
            26.6323259
          ],
          [
            -6.3324809,
            26.6340138
          ],
          [
            -6.320737,
            26.6389477
          ],
          [
            -6.318626,
            26.6397962
          ],
          [
            -6.3172515,
            26.640441
          ],
          [
            -6.3160896,
            26.6410858
          ],
          [
            -6.3148746,
            26.6420632
          ],
          [
            -6.314176,
            26.6427487
          ],
          [
            -6.3136065,
            26.6434614
          ],
          [
            -6.3130369,
            26.6443031
          ],
          [
            -6.3124067,
            26.6453279
          ],
          [
            -6.310493,
            26.6485654
          ],
          [
            -6.3097792,
            26.6497464
          ],
          [
            -6.3090199,
            26.6506287
          ],
          [
            -6.3079339,
            26.6515789
          ],
          [
            -6.3065815,
            26.6524834
          ],
          [
            -6.3049268,
            26.6534928
          ],
          [
            -6.3030284,
            26.654694
          ],
          [
            -6.290145,
            26.6625704
          ],
          [
            -6.2851714,
            26.665626
          ],
          [
            -6.2836567,
            26.6665566
          ],
          [
            -6.282138,
            26.6675881
          ],
          [
            -6.2799737,
            26.6695492
          ],
          [
            -6.2748404,
            26.6745571
          ],
          [
            -6.267315,
            26.6818649
          ],
          [
            -6.2658292,
            26.6836367
          ],
          [
            -6.2641162,
            26.6860513
          ],
          [
            -6.25987,
            26.6920288
          ],
          [
            -6.254175,
            26.7000929
          ],
          [
            -6.2526806,
            26.7022616
          ],
          [
            -6.2522159,
            26.703273
          ],
          [
            -6.2517967,
            26.7044849
          ],
          [
            -6.2515052,
            26.7056695
          ],
          [
            -6.2511954,
            26.7086855
          ],
          [
            -6.2508855,
            26.7115831
          ],
          [
            -6.2507489,
            26.7123303
          ],
          [
            -6.2502386,
            26.713852
          ],
          [
            -6.2498741,
            26.7145628
          ],
          [
            -6.2494458,
            26.7151915
          ],
          [
            -6.2489356,
            26.7158476
          ],
          [
            -6.2481611,
            26.7166403
          ],
          [
            -6.2420196,
            26.7219162
          ],
          [
            -6.237967,
            26.7253764
          ],
          [
            -6.2334748,
            26.7291943
          ],
          [
            -6.2282992,
            26.7335681
          ],
          [
            -6.2261522,
            26.7353848
          ],
          [
            -6.2249562,
            26.7362687
          ],
          [
            -6.222398,
            26.7380432
          ],
          [
            -6.2198466,
            26.7398269
          ],
          [
            -6.2177942,
            26.7412552
          ],
          [
            -6.2155549,
            26.7428111
          ],
          [
            -6.2142604,
            26.7437103
          ],
          [
            -6.2123196,
            26.7451637
          ],
          [
            -6.2119619,
            26.7454849
          ],
          [
            -6.2113901,
            26.7460407
          ],
          [
            -6.210996,
            26.7464827
          ],
          [
            -6.2105883,
            26.746977
          ],
          [
            -6.2103104,
            26.7473392
          ],
          [
            -6.2100529,
            26.7477014
          ],
          [
            -6.2091782,
            26.7490317
          ],
          [
            -6.2078638,
            26.7510706
          ],
          [
            -6.2069139,
            26.7525718
          ],
          [
            -6.2054446,
            26.7549728
          ],
          [
            -6.2034012,
            26.7583192
          ],
          [
            -6.2014945,
            26.7614264
          ],
          [
            -6.200335,
            26.7633262
          ],
          [
            -6.1985764,
            26.766217
          ],
          [
            -6.1977768,
            26.767479
          ],
          [
            -6.1969419,
            26.7686704
          ],
          [
            -6.1955683,
            26.7705771
          ],
          [
            -6.1941844,
            26.7725122
          ],
          [
            -6.1932231,
            26.7738528
          ],
          [
            -6.1924998,
            26.7748529
          ],
          [
            -6.1915556,
            26.7761764
          ],
          [
            -6.1907298,
            26.7773097
          ],
          [
            -6.1893528,
            26.7792335
          ],
          [
            -6.1882422,
            26.7807711
          ],
          [
            -6.1869267,
            26.782614
          ],
          [
            -6.1858122,
            26.7841602
          ],
          [
            -6.1843155,
            26.7862514
          ],
          [
            -6.183008,
            26.7880693
          ],
          [
            -6.1813678,
            26.7900215
          ],
          [
            -6.1795203,
            26.7918006
          ],
          [
            -6.1774451,
            26.7936299
          ],
          [
            -6.1760464,
            26.7948782
          ],
          [
            -6.1751056,
            26.7957575
          ],
          [
            -6.1746545,
            26.7962291
          ],
          [
            -6.1742297,
            26.7967086
          ],
          [
            -6.1735918,
            26.7975879
          ],
          [
            -6.1715439,
            26.800932
          ],
          [
            -6.170496,
            26.8025881
          ],
          [
            -6.1699243,
            26.8033603
          ],
          [
            -6.1689106,
            26.8044538
          ],
          [
            -6.1681246,
            26.8051395
          ],
          [
            -6.1676918,
            26.8054857
          ],
          [
            -6.1670859,
            26.8059117
          ],
          [
            -6.1666827,
            26.8061896
          ],
          [
            -6.1662612,
            26.8064539
          ],
          [
            -6.1656576,
            26.8067842
          ],
          [
            -6.1650812,
            26.8070575
          ],
          [
            -6.1648352,
            26.8071646
          ],
          [
            -6.160392,
            26.809077
          ],
          [
            -6.1554943,
            26.8111773
          ],
          [
            -6.1505647,
            26.8132913
          ],
          [
            -6.1449562,
            26.8157014
          ],
          [
            -6.1390106,
            26.8182391
          ],
          [
            -6.1339398,
            26.8204123
          ],
          [
            -6.128345,
            26.8228088
          ],
          [
            -6.1249691,
            26.8242439
          ],
          [
            -6.1207137,
            26.8260709
          ],
          [
            -6.1172603,
            26.8275379
          ],
          [
            -6.1138524,
            26.8289958
          ],
          [
            -6.1105311,
            26.8304173
          ],
          [
            -6.106581,
            26.8321076
          ],
          [
            -6.1025763,
            26.8337978
          ],
          [
            -6.0999703,
            26.8349141
          ],
          [
            -6.0968904,
            26.8362353
          ],
          [
            -6.0943117,
            26.8373333
          ],
          [
            -6.0935053,
            26.8376477
          ],
          [
            -6.0929631,
            26.8379028
          ],
          [
            -6.0923253,
            26.8381443
          ],
          [
            -6.0915234,
            26.8385042
          ],
          [
            -6.0901703,
            26.8391056
          ],
          [
            -6.0895188,
            26.8393607
          ],
          [
            -6.0890268,
            26.8395384
          ],
          [
            -6.0883502,
            26.8398687
          ],
          [
            -6.086874,
            26.8404792
          ],
          [
            -6.0843045,
            26.8415909
          ],
          [
            -6.0811061,
            26.8429167
          ],
          [
            -6.0796368,
            26.8435613
          ],
          [
            -6.0793452,
            26.8436798
          ],
          [
            -6.0787917,
            26.84396
          ],
          [
            -6.0779716,
            26.8442994
          ],
          [
            -6.0772996,
            26.8445637
          ],
          [
            -6.0767392,
            26.8448028
          ],
          [
            -6.0760057,
            26.8451172
          ],
          [
            -6.0751104,
            26.8455067
          ],
          [
            -6.0742084,
            26.8458803
          ],
          [
            -6.0727208,
            26.8465296
          ],
          [
            -6.0711103,
            26.847213
          ],
          [
            -6.0693425,
            26.8479715
          ],
          [
            -6.0679382,
            26.8485262
          ],
          [
            -6.0671727,
            26.8488953
          ],
          [
            -6.0660383,
            26.8493645
          ],
          [
            -6.0650998,
            26.8497609
          ],
          [
            -6.0633503,
            26.8505263
          ],
          [
            -6.0612682,
            26.8513874
          ],
          [
            -6.0608536,
            26.8515605
          ],
          [
            -6.0589309,
            26.8524171
          ],
          [
            -6.057227,
            26.8531187
          ],
          [
            -6.0545754,
            26.8542577
          ],
          [
            -6.0521881,
            26.8552873
          ],
          [
            -6.0515502,
            26.8555379
          ],
          [
            -6.0510946,
            26.8557156
          ],
          [
            -6.0508076,
            26.855866
          ],
          [
            -6.0503383,
            26.8561029
          ],
          [
            -6.0487619,
            26.8567635
          ],
          [
            -6.0455659,
            26.8580733
          ],
          [
            -6.0447959,
            26.8584469
          ],
          [
            -6.0439531,
            26.858775
          ],
          [
            -6.0435613,
            26.8589526
          ],
          [
            -6.0418528,
            26.859677
          ],
          [
            -6.0387683,
            26.8609937
          ],
          [
            -6.0351281,
            26.8625473
          ],
          [
            -6.0325858,
            26.863618
          ],
          [
            -6.0297748,
            26.8648299
          ],
          [
            -6.0258612,
            26.8664997
          ],
          [
            -6.023303,
            26.8675726
          ],
          [
            -6.0214943,
            26.8683448
          ],
          [
            -6.020394,
            26.8687526
          ],
          [
            -6.0192026,
            26.8690692
          ],
          [
            -6.0185169,
            26.8691809
          ],
          [
            -6.0175488,
            26.8693016
          ],
          [
            -6.0170749,
            26.8693153
          ],
          [
            -6.0163733,
            26.8693175
          ],
          [
            -6.0157514,
            26.8693039
          ],
          [
            -6.0146625,
            26.8691854
          ],
          [
            -6.0138948,
            26.8690989
          ],
          [
            -6.0132616,
            26.8690579
          ],
          [
            -6.0127558,
            26.8690738
          ],
          [
            -6.0116305,
            26.8691239
          ],
          [
            -6.011036,
            26.8692059
          ],
          [
            -6.0104255,
            26.8693107
          ],
          [
            -6.0098104,
            26.8694565
          ],
          [
            -6.0092865,
            26.8696228
          ],
          [
            -6.0086782,
            26.8698415
          ],
          [
            -6.0060198,
            26.8708666
          ],
          [
            -6.0033295,
            26.8718917
          ],
          [
            -6.0006164,
            26.8729373
          ],
          [
            -5.9980354,
            26.8739259
          ],
          [
            -5.9950102,
            26.8751128
          ],
          [
            -5.9939521,
            26.8755194
          ],
          [
            -5.9922618,
            26.8761527
          ],
          [
            -5.9902344,
            26.8769454
          ],
          [
            -5.9868584,
            26.8782758
          ],
          [
            -5.985446,
            26.8788225
          ],
          [
            -5.9845439,
            26.8791414
          ],
          [
            -5.9828446,
            26.8798066
          ],
          [
            -5.9810814,
            26.8804809
          ],
          [
            -5.979505,
            26.881096
          ],
          [
            -5.9779195,
            26.8817156
          ],
          [
            -5.9770767,
            26.8820117
          ],
          [
            -5.9756415,
            26.8825767
          ],
          [
            -5.9750925,
            26.8828158
          ],
          [
            -5.9745549,
            26.8831553
          ],
          [
            -5.97399,
            26.8835835
          ],
          [
            -5.973466,
            26.8840596
          ],
          [
            -5.9731653,
            26.8844082
          ],
          [
            -5.9726163,
            26.8853194
          ],
          [
            -5.9723658,
            26.8859185
          ],
          [
            -5.9721767,
            26.8865495
          ],
          [
            -5.9721106,
            26.8869618
          ],
          [
            -5.9720947,
            26.8877477
          ],
          [
            -5.9721231,
            26.8881316
          ],
          [
            -5.9721869,
            26.8884869
          ],
          [
            -5.9722553,
            26.8887603
          ],
          [
            -5.9730617,
            26.8914301
          ],
          [
            -5.9740959,
            26.8948517
          ],
          [
            -5.9746927,
            26.8967652
          ],
          [
            -5.9764969,
            26.9027108
          ],
          [
            -5.977686,
            26.9067064
          ],
          [
            -5.9789708,
            26.9108615
          ],
          [
            -5.9799412,
            26.9140825
          ],
          [
            -5.9805882,
            26.9161965
          ],
          [
            -5.9814857,
            26.9192172
          ],
          [
            -5.9825473,
            26.9226569
          ],
          [
            -5.9832945,
            26.9251126
          ],
          [
            -5.9840234,
            26.9274909
          ],
          [
            -5.9845656,
            26.9292404
          ],
          [
            -5.9848481,
            26.9300058
          ],
          [
            -5.9850895,
            26.9305479
          ],
          [
            -5.9859871,
            26.9323293
          ],
          [
            -5.9872946,
            26.9348215
          ],
          [
            -5.9890943,
            26.9383296
          ],
          [
            -5.9905248,
            26.9411179
          ],
          [
            -5.9910989,
            26.9426031
          ],
          [
            -5.9925705,
            26.9464484
          ],
          [
            -5.9938507,
            26.9498426
          ],
          [
            -5.994607,
            26.9515602
          ],
          [
            -5.9952862,
            26.9531416
          ]
        ]
      },
      "properties": {
        "highway": "tertiary"
      }
    },
    {
      "type": "Feature",
      "geometry": {
        "type": "LineString",
        "coordinates": [
          [
            -8.1417217,
            27.6638196
          ],
          [
            -8.1413881,
            27.6639004
          ]
        ]
      },
      "properties": {
        "highway": "tertiary"
      }
    },
    {
      "type": "Feature",
      "geometry": {
        "type": "LineString",
        "coordinates": [
          [
            -8.1418297,
            27.66403
          ],
          [
            -8.1421683,
            27.6643074
          ]
        ]
      },
      "properties": {
        "highway": "primary",
        "ref": "RN 50"
      }
    },
    {
      "type": "Feature",
      "geometry": {
        "type": "LineString",
        "coordinates": [
          [
            -8.1138746,
            27.6226014
          ],
          [
            -8.1138306,
            27.6225469
          ],
          [
            -8.1137896,
            27.6224913
          ],
          [
            -8.1137522,
            27.6224338
          ],
          [
            -8.1137183,
            27.6223745
          ],
          [
            -8.1136882,
            27.6223137
          ],
          [
            -8.1124193,
            27.619487
          ],
          [
            -8.1118825,
            27.6182889
          ],
          [
            -8.1114882,
            27.6174238
          ],
          [
            -8.1107836,
            27.6159473
          ],
          [
            -8.1097742,
            27.6137381
          ],
          [
            -8.1087819,
            27.6114872
          ],
          [
            -8.1086424,
            27.6111707
          ],
          [
            -8.1079955,
            27.6097978
          ],
          [
            -8.1079519,
            27.6096975
          ],
          [
            -8.1079137,
            27.6095954
          ],
          [
            -8.107881,
            27.6094919
          ]
        ]
      },
      "properties": {
        "highway": "primary",
        "ref": "RN 50"
      }
    },
    {
      "type": "Feature",
      "geometry": {
        "type": "LineString",
        "coordinates": [
          [
            -8.1056221,
            27.590742
          ],
          [
            -8.1056041,
            27.5906978
          ],
          [
            -8.1055925,
            27.5906518
          ],
          [
            -8.1055875,
            27.5906049
          ],
          [
            -8.1055891,
            27.5905577
          ],
          [
            -8.1056081,
            27.5903662
          ],
          [
            -8.1056732,
            27.5897092
          ],
          [
            -8.105692,
            27.5895201
          ],
          [
            -8.1057403,
            27.5889568
          ],
          [
            -8.1057899,
            27.5883778
          ],
          [
            -8.1058337,
            27.5878559
          ],
          [
            -8.1058472,
            27.5875486
          ],
          [
            -8.1058465,
            27.5872411
          ],
          [
            -8.1058315,
            27.586934
          ],
          [
            -8.1058023,
            27.5866276
          ],
          [
            -8.1057588,
            27.5863225
          ],
          [
            -8.1057012,
            27.5860193
          ],
          [
            -8.1056295,
            27.5857184
          ],
          [
            -8.105544,
            27.5854205
          ],
          [
            -8.10545,
            27.5851318
          ],
          [
            -8.1053383,
            27.5848351
          ],
          [
            -8.105214,
            27.5845494
          ],
          [
            -8.1050751,
            27.5842613
          ],
          [
            -8.1049212,
            27.5839852
          ],
          [
            -8.1047519,
            27.5837148
          ],
          [
            -8.1045702,
            27.5834566
          ],
          [
            -8.1043723,
            27.5832052
          ],
          [
            -8.1041707,
            27.582949
          ],
          [
            -8.1039657,
            27.5827063
          ],
          [
            -8.1016485,
            27.5801083
          ],
          [
            -8.0997267,
            27.5779603
          ],
          [
            -8.0983923,
            27.576502
          ],
          [
            -8.09816,
            27.5762455
          ],
          [
            -8.0979357,
            27.5759835
          ],
          [
            -8.0977197,
            27.5757162
          ],
          [
            -8.0975121,
            27.5754436
          ],
          [
            -8.097313,
            27.5751661
          ],
          [
            -8.0971226,
            27.5748839
          ],
          [
            -8.0969411,
            27.5745971
          ],
          [
            -8.0967685,
            27.5743059
          ],
          [
            -8.0959562,
            27.5728754
          ],
          [
            -8.093903,
            27.5692644
          ],
          [
            -8.0929421,
            27.5675666
          ],
          [
            -8.0928832,
            27.567463
          ],
          [
            -8.0928296,
            27.5673572
          ],
          [
            -8.0927814,
            27.5672494
          ],
          [
            -8.0927402,
            27.5671403
          ]
        ]
      },
      "properties": {
        "highway": "primary",
        "ref": "RN 50"
      }
    },
    {
      "type": "Feature",
      "geometry": {
        "type": "LineString",
        "coordinates": [
          [
            -8.0925585,
            27.5672764
          ],
          [
            -8.0926067,
            27.5672648
          ],
          [
            -8.0926509,
            27.5672443
          ],
          [
            -8.092689,
            27.5672157
          ],
          [
            -8.0927193,
            27.5671805
          ],
          [
            -8.0927402,
            27.5671403
          ],
          [
            -8.0927516,
            27.5670891
          ],
          [
            -8.0927478,
            27.5670371
          ],
          [
            -8.0927293,
            27.5669876
          ],
          [
            -8.0926972,
            27.5669439
          ],
          [
            -8.0926535,
            27.566909
          ],
          [
            -8.0926013,
            27.566885
          ],
          [
            -8.0925376,
            27.5668732
          ],
          [
            -8.0924726,
            27.5668778
          ],
          [
            -8.0924118,
            27.5668983
          ],
          [
            -8.0923599,
            27.5669333
          ],
          [
            -8.0923212,
            27.5669798
          ],
          [
            -8.0922989,
            27.567034
          ],
          [
            -8.092294,
            27.5670725
          ],
          [
            -8.0922975,
            27.5671112
          ],
          [
            -8.0923144,
            27.5671597
          ],
          [
            -8.0923445,
            27.567203
          ],
          [
            -8.0923857,
            27.5672383
          ],
          [
            -8.0924355,
            27.5672635
          ],
          [
            -8.0924908,
            27.5672769
          ],
          [
            -8.0925086,
            27.5672785
          ],
          [
            -8.0925585,
            27.5672764
          ]
        ]
      },
      "properties": {
        "highway": "primary"
      }
    },
    {
      "type": "Feature",
      "geometry": {
        "type": "LineString",
        "coordinates": [
          [
            -8.1077063,
            27.6095441
          ],
          [
            -8.1077488,
            27.6096181
          ],
          [
            -8.1077899,
            27.6096927
          ],
          [
            -8.1078298,
            27.6097678
          ],
          [
            -8.1078684,
            27.6098434
          ],
          [
            -8.1081851,
            27.6105112
          ],
          [
            -8.1084439,
            27.6110852
          ],
          [
            -8.1088141,
            27.6118505
          ],
          [
            -8.1090233,
            27.612352
          ],
          [
            -8.1094685,
            27.6133122
          ],
          [
            -8.1096635,
            27.6137753
          ],
          [
            -8.1099191,
            27.614308
          ],
          [
            -8.110669,
            27.6159885
          ],
          [
            -8.1112495,
            27.6172313
          ],
          [
            -8.1114299,
            27.6176352
          ],
          [
            -8.1116116,
            27.6180227
          ],
          [
            -8.1116974,
            27.618201
          ],
          [
            -8.1136196,
            27.6224701
          ],
          [
            -8.1136437,
            27.6225327
          ],
          [
            -8.1136667,
            27.6225955
          ],
          [
            -8.1136888,
            27.6226589
          ]
        ]
      },
      "properties": {
        "highway": "primary",
        "ref": "RN 50"
      }
    },
    {
      "type": "Feature",
      "geometry": {
        "type": "LineString",
        "coordinates": [
          [
            -8.1391753,
            27.6696767
          ],
          [
            -8.1389434,
            27.6697986
          ]
        ]
      },
      "properties": {
        "highway": "secondary"
      }
    },
    {
      "type": "Feature",
      "geometry": {
        "type": "LineString",
        "coordinates": [
          [
            -8.1394459,
            27.6723187
          ],
          [
            -8.1394595,
            27.6722806
          ]
        ]
      },
      "properties": {
        "highway": "secondary"
      }
    },
    {
      "type": "Feature",
      "geometry": {
        "type": "LineString",
        "coordinates": [
          [
            -8.1225969,
            27.6831845
          ],
          [
            -8.1224346,
            27.6831829
          ],
          [
            -8.1222623,
            27.6831776
          ]
        ]
      },
      "properties": {
        "highway": "secondary"
      }
    },
    {
      "type": "Feature",
      "geometry": {
        "type": "LineString",
        "coordinates": [
          [
            -8.1527273,
            27.667943
          ],
          [
            -8.1527129,
            27.6677127
          ],
          [
            -8.1527071,
            27.6676252
          ],
          [
            -8.152703,
            27.6675206
          ],
          [
            -8.1527111,
            27.6673793
          ],
          [
            -8.1527527,
            27.6671631
          ],
          [
            -8.1528305,
            27.6669565
          ],
          [
            -8.1529324,
            27.6667676
          ],
          [
            -8.1530303,
            27.6666274
          ],
          [
            -8.153147,
            27.6664968
          ],
          [
            -8.1533012,
            27.666359
          ],
          [
            -8.1536168,
            27.6660832
          ],
          [
            -8.154125,
            27.6656188
          ],
          [
            -8.1547226,
            27.6650967
          ],
          [
            -8.1551626,
            27.6646937
          ],
          [
            -8.1554939,
            27.664316
          ],
          [
            -8.1556521,
            27.6640892
          ],
          [
            -8.1557286,
            27.6639633
          ],
          [
            -8.1558479,
            27.663734
          ],
          [
            -8.1559351,
            27.6635356
          ],
          [
            -8.1560183,
            27.663285
          ],
          [
            -8.1561121,
            27.6629833
          ],
          [
            -8.1562275,
            27.6626685
          ],
          [
            -8.1564058,
            27.6623431
          ],
          [
            -8.1565426,
            27.6621412
          ],
          [
            -8.1567269,
            27.66191
          ],
          [
            -8.1569061,
            27.66171
          ],
          [
            -8.157105,
            27.6615139
          ],
          [
            -8.1573138,
            27.6613703
          ],
          [
            -8.1575605,
            27.6612158
          ],
          [
            -8.1582391,
            27.6608737
          ],
          [
            -8.1599356,
            27.6601266
          ],
          [
            -8.1600845,
            27.6600651
          ],
          [
            -8.1601601,
            27.6600338
          ],
          [
            -8.160233,
            27.6600045
          ],
          [
            -8.1605519,
            27.659895
          ],
          [
            -8.1607725,
            27.6598273
          ],
          [
            -8.1609502,
            27.659778
          ],
          [
            -8.161097,
            27.6597435
          ],
          [
            -8.1615248,
            27.6596812
          ],
          [
            -8.161665,
            27.6596598
          ],
          [
            -8.1618266,
            27.659636
          ],
          [
            -8.1620378,
            27.6596224
          ],
          [
            -8.1622101,
            27.65962
          ],
          [
            -8.1624086,
            27.6596241
          ],
          [
            -8.1629974,
            27.6596336
          ],
          [
            -8.1636759,
            27.6596443
          ],
          [
            -8.1643903,
            27.6596559
          ],
          [
            -8.1671219,
            27.6596711
          ],
          [
            -8.1701755,
            27.6596775
          ],
          [
            -8.1715089,
            27.6597063
          ],
          [
            -8.1724227,
            27.6597263
          ],
          [
            -8.1727814,
            27.6597567
          ],
          [
            -8.1730985,
            27.6598683
          ],
          [
            -8.1734522,
            27.6600952
          ],
          [
            -8.1738832,
            27.6604985
          ],
          [
            -8.1740295,
            27.6606209
          ],
          [
            -8.1741901,
            27.6607758
          ],
          [
            -8.1743507,
            27.6609234
          ],
          [
            -8.1747288,
            27.6612493
          ],
          [
            -8.1749463,
            27.6614545
          ],
          [
            -8.1759037,
            27.6623385
          ],
          [
            -8.1763184,
            27.6627364
          ],
          [
            -8.1766883,
            27.6630352
          ],
          [
            -8.177288,
            27.6634799
          ],
          [
            -8.1783064,
            27.6640669
          ],
          [
            -8.1803844,
            27.6652176
          ],
          [
            -8.1813542,
            27.6656752
          ],
          [
            -8.1817647,
            27.6658508
          ],
          [
            -8.1823098,
            27.6660577
          ],
          [
            -8.1831733,
            27.6663586
          ],
          [
            -8.1850066,
            27.6667723
          ],
          [
            -8.1856366,
            27.6668726
          ],
          [
            -8.1861287,
            27.6669376
          ],
          [
            -8.1869347,
            27.6670048
          ],
          [
            -8.1878415,
            27.6670408
          ],
          [
            -8.1884818,
            27.6670408
          ],
          [
            -8.1891979,
            27.6670104
          ],
          [
            -8.1899446,
            27.6669393
          ],
          [
            -8.1908834,
            27.666794
          ],
          [
            -8.1918478,
            27.6666036
          ],
          [
            -8.1955059,
            27.6657859
          ],
          [
            -8.1992768,
            27.6649391
          ],
          [
            -8.2007318,
            27.6645888
          ],
          [
            -8.201849,
            27.664387
          ],
          [
            -8.2030636,
            27.6642459
          ],
          [
            -8.2049307,
            27.6640333
          ],
          [
            -8.2052178,
            27.6640006
          ],
          [
            -8.205541,
            27.6639638
          ],
          [
            -8.2072611,
            27.6637318
          ],
          [
            -8.2105384,
            27.663155
          ],
          [
            -8.2157976,
            27.6622648
          ],
          [
            -8.2169585,
            27.6620391
          ],
          [
            -8.2288148,
            27.6605282
          ],
          [
            -8.2299694,
            27.6603852
          ],
          [
            -8.2301586,
            27.6603617
          ],
          [
            -8.2302021,
            27.6603563
          ],
          [
            -8.2303834,
            27.6603339
          ],
          [
            -8.2349376,
            27.6597696
          ],
          [
            -8.2377336,
            27.659431
          ],
          [
            -8.2419877,
            27.658779
          ],
          [
            -8.2423628,
            27.65871
          ],
          [
            -8.243375,
            27.658453
          ],
          [
            -8.2444368,
            27.6580893
          ],
          [
            -8.2452154,
            27.6577633
          ],
          [
            -8.247884,
            27.6565094
          ],
          [
            -8.2506799,
            27.6552053
          ],
          [
            -8.2525062,
            27.6543213
          ],
          [
            -8.2569018,
            27.6522209
          ],
          [
            -8.2593297,
            27.6510797
          ],
          [
            -8.2613258,
            27.6501769
          ],
          [
            -8.2624371,
            27.6496878
          ],
          [
            -8.2648115,
            27.6487345
          ],
          [
            -8.2651906,
            27.648583
          ],
          [
            -8.2709878,
            27.6461828
          ],
          [
            -8.2775424,
            27.6434991
          ],
          [
            -8.2816054,
            27.6418625
          ],
          [
            -8.2825185,
            27.6415929
          ],
          [
            -8.2839868,
            27.6413448
          ],
          [
            -8.2861922,
            27.6409721
          ],
          [
            -8.287162,
            27.6408216
          ],
          [
            -8.2899933,
            27.6403387
          ],
          [
            -8.2909631,
            27.6401632
          ],
          [
            -8.2925557,
            27.6397117
          ],
          [
            -8.2951464,
            27.6385453
          ],
          [
            -8.2956609,
            27.6382596
          ],
          [
            -8.2966258,
            27.6377239
          ],
          [
            -8.3004977,
            27.6355855
          ],
          [
            -8.3024867,
            27.6344819
          ],
          [
            -8.3034494,
            27.6339802
          ],
          [
            -8.3115683,
            27.6294838
          ],
          [
            -8.3180592,
            27.625928
          ],
          [
            -8.3199971,
            27.624869
          ],
          [
            -8.3212727,
            27.624172
          ],
          [
            -8.3235216,
            27.6229492
          ],
          [
            -8.3270007,
            27.6210574
          ],
          [
            -8.3317912,
            27.6183644
          ],
          [
            -8.3377725,
            27.6150905
          ],
          [
            -8.3401296,
            27.6137984
          ],
          [
            -8.3435484,
            27.6119105
          ],
          [
            -8.347123,
            27.6099159
          ],
          [
            -8.3478238,
            27.6095333
          ],
          [
            -8.3482627,
            27.6093075
          ],
          [
            -8.3488431,
            27.6089562
          ],
          [
            -8.3497774,
            27.6083729
          ],
          [
            -8.3514904,
            27.6069867
          ],
          [
            -8.3539749,
            27.6046658
          ],
          [
            -8.3552136,
            27.6034803
          ],
          [
            -8.3577052,
            27.6011092
          ],
          [
            -8.3603667,
            27.5985749
          ],
          [
            -8.3638351,
            27.5953067
          ],
          [
            -8.3658171,
            27.5934373
          ],
          [
            -8.3682166,
            27.5911475
          ],
          [
            -8.3696209,
            27.5899183
          ],
          [
            -8.3700762,
            27.5894584
          ],
          [
            -8.3711613,
            27.5883621
          ],
          [
            -8.3756773,
            27.5840771
          ],
          [
            -8.3782396,
            27.5816052
          ],
          [
            -8.3797191,
            27.5802335
          ],
          [
            -8.3829313,
            27.5771624
          ],
          [
            -8.3840661,
            27.5761316
          ],
          [
            -8.3851184,
            27.5751144
          ],
          [
            -8.3858145,
            27.5742642
          ],
          [
            -8.3863813,
            27.5734776
          ],
          [
            -8.3868681,
            27.572584
          ],
          [
            -8.3871717,
            27.5719052
          ],
          [
            -8.3874122,
            27.5713023
          ],
          [
            -8.3876586,
            27.5704775
          ],
          [
            -8.3878069,
            27.5697439
          ],
          [
            -8.3878815,
            27.5691274
          ],
          [
            -8.3879329,
            27.568225
          ],
          [
            -8.3879422,
            27.5658239
          ],
          [
            -8.3879889,
            27.5608601
          ],
          [
            -8.3881534,
            27.5369799
          ],
          [
            -8.388368,
            27.5185795
          ],
          [
            -8.3884109,
            27.5125849
          ],
          [
            -8.3884753,
            27.5041348
          ],
          [
            -8.3890761,
            27.4964263
          ],
          [
            -8.3893979,
            27.4916297
          ],
          [
            -8.3902133,
            27.4811031
          ],
          [
            -8.3908356,
            27.4727267
          ],
          [
            -8.391887,
            27.4581046
          ],
          [
            -8.3923162,
            27.4560673
          ],
          [
            -8.3936466,
            27.4521639
          ],
          [
            -8.3947194,
            27.4495171
          ],
          [
            -8.3956636,
            27.4473082
          ],
          [
            -8.3959985,
            27.4463095
          ],
          [
            -8.3962,
            27.4457086
          ],
          [
            -8.3966292,
            27.4440329
          ],
          [
            -8.3968223,
            27.4422619
          ],
          [
            -8.3969296,
            27.4412145
          ],
          [
            -8.3969725,
            27.4399576
          ],
          [
            -8.3968867,
            27.439272
          ],
          [
            -8.3968223,
            27.4380532
          ],
          [
            -8.3966292,
            27.4369868
          ],
          [
            -8.3964146,
            27.4359203
          ],
          [
            -8.3961142,
            27.4348538
          ],
          [
            -8.395728,
            27.4336159
          ],
          [
            -8.3952773,
            27.4323971
          ],
          [
            -8.3946122,
            27.431121
          ],
          [
            -8.3928097,
            27.4273881
          ],
          [
            -8.3913506,
            27.4243408
          ],
          [
            -8.3899773,
            27.4216743
          ],
          [
            -8.3882392,
            27.4188363
          ],
          [
            -8.3862437,
            27.4157696
          ],
          [
            -8.3837975,
            27.4120362
          ],
          [
            -8.3830894,
            27.4109124
          ],
          [
            -8.3820165,
            27.4093123
          ],
          [
            -8.3815874,
            27.4085884
          ],
          [
            -8.3814406,
            27.4082167
          ],
          [
            -8.381354,
            27.4078427
          ],
          [
            -8.3813084,
            27.4074264
          ],
          [
            -8.3813212,
            27.4070759
          ],
          [
            -8.3813774,
            27.4067019
          ],
          [
            -8.3815249,
            27.406251
          ],
          [
            -8.3818596,
            27.4055965
          ],
          [
            -8.3821194,
            27.4051289
          ],
          [
            -8.3823534,
            27.4048131
          ],
          [
            -8.3825992,
            27.4045824
          ],
          [
            -8.3829199,
            27.4044224
          ],
          [
            -8.3836689,
            27.4042146
          ],
          [
            -8.3840574,
            27.4040733
          ],
          [
            -8.3843406,
            27.4039237
          ],
          [
            -8.3846168,
            27.403745
          ],
          [
            -8.384879,
            27.403504
          ],
          [
            -8.3850779,
            27.4032691
          ],
          [
            -8.3852418,
            27.4029865
          ],
          [
            -8.3854068,
            27.4025878
          ],
          [
            -8.3857052,
            27.4018187
          ],
          [
            -8.3859135,
            27.4012535
          ],
          [
            -8.386054,
            27.4006696
          ],
          [
            -8.3861031,
            27.4001895
          ],
          [
            -8.3861031,
            27.3998259
          ],
          [
            -8.3860703,
            27.399429
          ],
          [
            -8.385972,
            27.3989302
          ],
          [
            -8.3858199,
            27.398471
          ],
          [
            -8.3855461,
            27.3979369
          ],
          [
            -8.385319,
            27.397592
          ],
          [
            -8.3849632,
            27.3971265
          ],
          [
            -8.3846004,
            27.3966755
          ],
          [
            -8.38435,
            27.3963596
          ],
          [
            -8.3839146,
            27.3957258
          ],
          [
            -8.3836361,
            27.3952562
          ],
          [
            -8.3833529,
            27.3947096
          ],
          [
            -8.3830486,
            27.3940114
          ],
          [
            -8.3829129,
            27.3935957
          ],
          [
            -8.3828052,
            27.3932196
          ],
          [
            -8.3826156,
            27.3924735
          ],
          [
            -8.3825384,
            27.391902
          ],
          [
            -8.3824962,
            27.391424
          ],
          [
            -8.3824798,
            27.3907507
          ],
          [
            -8.3824939,
            27.3902623
          ],
          [
            -8.382536,
            27.3898051
          ],
          [
            -8.382632,
            27.3891816
          ],
          [
            -8.3828028,
            27.3884542
          ],
          [
            -8.3831048,
            27.3874712
          ],
          [
            -8.3834559,
            27.3862346
          ],
          [
            -8.3838421,
            27.3850438
          ],
          [
            -8.3843757,
            27.3837469
          ],
          [
            -8.3848345,
            27.3827867
          ],
          [
            -8.3855624,
            27.381442
          ],
          [
            -8.3862693,
            27.3803363
          ],
          [
            -8.3869598,
            27.3794031
          ],
          [
            -8.3877369,
            27.3784096
          ],
          [
            -8.3891869,
            27.3768518
          ],
          [
            -8.3901711,
            27.3759507
          ],
          [
            -8.391651,
            27.3747523
          ],
          [
            -8.3925527,
            27.3740312
          ],
          [
            -8.3930641,
            27.3736353
          ],
          [
            -8.3935978,
            27.3731863
          ],
          [
            -8.3941829,
            27.3726002
          ],
          [
            -8.3947681,
            27.3719433
          ],
          [
            -8.39518,
            27.3714008
          ],
          [
            -8.3958996,
            27.3702552
          ],
          [
            -8.3961186,
            27.369846
          ],
          [
            -8.3963717,
            27.3692834
          ],
          [
            -8.3968867,
            27.3677399
          ],
          [
            -8.3972351,
            27.3665545
          ],
          [
            -8.397399,
            27.3659465
          ],
          [
            -8.3981527,
            27.3635665
          ],
          [
            -8.3991612,
            27.3604031
          ],
          [
            -8.4061349,
            27.3387519
          ],
          [
            -8.4121142,
            27.32011
          ],
          [
            -8.4129156,
            27.3176112
          ],
          [
            -8.413324,
            27.3163706
          ],
          [
            -8.4202043,
            27.2954574
          ],
          [
            -8.4222541,
            27.2891042
          ],
          [
            -8.4246335,
            27.2811874
          ],
          [
            -8.4273334,
            27.272177
          ],
          [
            -8.4318969,
            27.2570755
          ],
          [
            -8.4324941,
            27.2550437
          ],
          [
            -8.4330607,
            27.2529483
          ],
          [
            -8.4421515,
            27.2140248
          ],
          [
            -8.4423663,
            27.2130281
          ],
          [
            -8.4425251,
            27.2122058
          ],
          [
            -8.4426508,
            27.2113651
          ],
          [
            -8.4427264,
            27.2104924
          ],
          [
            -8.4427399,
            27.2090992
          ],
          [
            -8.4426745,
            27.208119
          ],
          [
            -8.4425718,
            27.2075708
          ],
          [
            -8.4425064,
            27.2070973
          ],
          [
            -8.442357,
            27.206383
          ],
          [
            -8.4420487,
            27.2051702
          ],
          [
            -8.4336725,
            27.185567
          ],
          [
            -8.4333882,
            27.1849109
          ],
          [
            -8.4332353,
            27.1844838
          ],
          [
            -8.4331012,
            27.184009
          ],
          [
            -8.4330197,
            27.1835518
          ],
          [
            -8.4329805,
            27.1833314
          ],
          [
            -8.4329494,
            27.1827769
          ],
          [
            -8.4329386,
            27.1826281
          ],
          [
            -8.4329323,
            27.1824533
          ]
        ]
      },
      "properties": {
        "highway": "primary"
      }
    },
    {
      "type": "Feature",
      "geometry": {
        "type": "LineString",
        "coordinates": [
          [
            -8.1195941,
            27.6357853
          ],
          [
            -8.1194555,
            27.635875
          ],
          [
            -8.1194028,
            27.635917
          ],
          [
            -8.1175487,
            27.6370439
          ],
          [
            -8.1174895,
            27.6370857
          ],
          [
            -8.1174327,
            27.63713
          ],
          [
            -8.1173606,
            27.6371928
          ],
          [
            -8.1172771,
            27.6372761
          ],
          [
            -8.1171846,
            27.6373593
          ],
          [
            -8.1168693,
            27.6376563
          ],
          [
            -8.1167708,
            27.637749
          ],
          [
            -8.1165844,
            27.6379052
          ],
          [
            -8.1164744,
            27.6379925
          ],
          [
            -8.1163641,
            27.6380793
          ],
          [
            -8.1159554,
            27.6383934
          ],
          [
            -8.1155443,
            27.6387116
          ],
          [
            -8.1153547,
            27.6388602
          ],
          [
            -8.1149677,
            27.6391613
          ],
          [
            -8.1145929,
            27.6395097
          ],
          [
            -8.1144011,
            27.6396923
          ],
          [
            -8.1142171,
            27.6398719
          ],
          [
            -8.1139002,
            27.6401893
          ],
          [
            -8.1137962,
            27.6402907
          ],
          [
            -8.1136836,
            27.6403913
          ],
          [
            -8.1135236,
            27.6405346
          ],
          [
            -8.1134535,
            27.640594
          ],
          [
            -8.1133591,
            27.640674
          ],
          [
            -8.1131075,
            27.6408927
          ],
          [
            -8.1125718,
            27.6413583
          ],
          [
            -8.1123723,
            27.6415368
          ],
          [
            -8.1121454,
            27.6417397
          ],
          [
            -8.111636,
            27.6422329
          ],
          [
            -8.1115712,
            27.642304
          ],
          [
            -8.111507,
            27.6423771
          ],
          [
            -8.1114703,
            27.6424263
          ],
          [
            -8.1113568,
            27.6425838
          ],
          [
            -8.1112059,
            27.6428065
          ],
          [
            -8.1110235,
            27.6430845
          ],
          [
            -8.1106912,
            27.6435868
          ],
          [
            -8.1105071,
            27.6438844
          ],
          [
            -8.1104415,
            27.6439904
          ],
          [
            -8.110178,
            27.6444632
          ],
          [
            -8.1101642,
            27.6444926
          ],
          [
            -8.1101552,
            27.6445234
          ],
          [
            -8.1101508,
            27.6445542
          ]
        ]
      },
      "properties": {
        "highway": "tertiary"
      }
    },
    {
      "type": "Feature",
      "geometry": {
        "type": "LineString",
        "coordinates": [
          [
            -8.0925086,
            27.5672785
          ],
          [
            -8.0925975,
            27.567353
          ],
          [
            -8.0926806,
            27.5674331
          ],
          [
            -8.0927576,
            27.5675179
          ],
          [
            -8.0928281,
            27.567607
          ],
          [
            -8.0928858,
            27.5677018
          ],
          [
            -8.0938043,
            27.5693088
          ],
          [
            -8.0958576,
            27.5729259
          ],
          [
            -8.0966614,
            27.5743578
          ],
          [
            -8.0968526,
            27.5746787
          ],
          [
            -8.0970203,
            27.5749414
          ],
          [
            -8.0972097,
            27.5752203
          ],
          [
            -8.0974151,
            27.5755041
          ],
          [
            -8.0976276,
            27.5757796
          ],
          [
            -8.0978519,
            27.5760532
          ],
          [
            -8.0980721,
            27.5763063
          ],
          [
            -8.0982987,
            27.5765523
          ],
          [
            -8.0996465,
            27.5780291
          ],
          [
            -8.1015706,
            27.5801818
          ],
          [
            -8.1038796,
            27.5827808
          ],
          [
            -8.10408,
            27.5830093
          ],
          [
            -8.1042744,
            27.5832512
          ],
          [
            -8.1044689,
            27.5835008
          ],
          [
            -8.1046565,
            27.5837705
          ],
          [
            -8.1048203,
            27.5840309
          ],
          [
            -8.1049724,
            27.5843018
          ],
          [
            -8.1051186,
            27.5845926
          ],
          [
            -8.1052448,
            27.5848744
          ],
          [
            -8.105352,
            27.5851532
          ],
          [
            -8.1054473,
            27.5854395
          ],
          [
            -8.1055333,
            27.5857449
          ],
          [
            -8.1056015,
            27.5860392
          ],
          [
            -8.1056563,
            27.5863384
          ],
          [
            -8.1056969,
            27.5866371
          ],
          [
            -8.1057225,
            27.5869207
          ],
          [
            -8.1057361,
            27.587232
          ],
          [
            -8.1057346,
            27.5875493
          ],
          [
            -8.1057181,
            27.5878586
          ],
          [
            -8.1056787,
            27.5883759
          ],
          [
            -8.1056297,
            27.5889469
          ],
          [
            -8.105582,
            27.5895034
          ],
          [
            -8.1054627,
            27.5906379
          ],
          [
            -8.1054592,
            27.5906739
          ],
          [
            -8.1054533,
            27.5907103
          ],
          [
            -8.1054472,
            27.5907377
          ],
          [
            -8.1054352,
            27.5907773
          ]
        ]
      },
      "properties": {
        "highway": "primary",
        "ref": "RN 50"
      }
    },
    {
      "type": "Feature",
      "geometry": {
        "type": "LineString",
        "coordinates": [
          [
            -8.0880141,
            27.4951153
          ],
          [
            -8.0879951,
            27.4950819
          ],
          [
            -8.087968,
            27.4950532
          ],
          [
            -8.0879343,
            27.4950308
          ],
          [
            -8.0878957,
            27.4950158
          ],
          [
            -8.0878524,
            27.4950088
          ],
          [
            -8.0878086,
            27.4950112
          ],
          [
            -8.0877666,
            27.4950228
          ],
          [
            -8.0877289,
            27.4950429
          ],
          [
            -8.0876977,
            27.4950703
          ],
          [
            -8.0876748,
            27.4951033
          ],
          [
            -8.0876614,
            27.4951403
          ],
          [
            -8.0876582,
            27.4951791
          ],
          [
            -8.0876655,
            27.4952174
          ],
          [
            -8.0876827,
            27.4952531
          ],
          [
            -8.087709,
            27.4952842
          ],
          [
            -8.0877429,
            27.4953088
          ],
          [
            -8.0877795,
            27.4953248
          ],
          [
            -8.0878192,
            27.4953332
          ],
          [
            -8.08786,
            27.4953336
          ],
          [
            -8.0879006,
            27.4953258
          ],
          [
            -8.0879382,
            27.4953101
          ],
          [
            -8.0879708,
            27.4952873
          ],
          [
            -8.0879969,
            27.4952587
          ],
          [
            -8.088015,
            27.4952255
          ],
          [
            -8.0880243,
            27.495189
          ],
          [
            -8.088024,
            27.4951516
          ],
          [
            -8.0880141,
            27.4951153
          ]
        ]
      },
      "properties": {
        "highway": "primary"
      }
    },
    {
      "type": "Feature",
      "geometry": {
        "type": "LineString",
        "coordinates": [
          [
            -8.0876368,
            27.4946172
          ],
          [
            -8.0875737,
            27.4944731
          ],
          [
            -8.0873293,
            27.4937577
          ],
          [
            -8.0871563,
            27.493115
          ],
          [
            -8.0870454,
            27.4925786
          ],
          [
            -8.0869598,
            27.4918983
          ],
          [
            -8.0868942,
            27.4911854
          ],
          [
            -8.0869272,
            27.4898852
          ],
          [
            -8.0869406,
            27.4895783
          ],
          [
            -8.0869675,
            27.489188
          ],
          [
            -8.087064,
            27.4885194
          ],
          [
            -8.0871499,
            27.4879912
          ],
          [
            -8.0872947,
            27.4873464
          ],
          [
            -8.0874985,
            27.4865493
          ],
          [
            -8.0876541,
            27.4857712
          ],
          [
            -8.0879036,
            27.4845648
          ],
          [
            -8.0880806,
            27.4836106
          ],
          [
            -8.0881771,
            27.4830229
          ],
          [
            -8.0882254,
            27.4826446
          ],
          [
            -8.0882361,
            27.4823852
          ],
          [
            -8.0882093,
            27.4817475
          ],
          [
            -8.0880538,
            27.4807147
          ],
          [
            -8.0879948,
            27.4803221
          ],
          [
            -8.0879143,
            27.4798129
          ],
          [
            -8.0877463,
            27.4788959
          ],
          [
            -8.0877321,
            27.4788081
          ],
          [
            -8.0874497,
            27.4770572
          ],
          [
            -8.0872198,
            27.4757924
          ]
        ]
      },
      "properties": {
        "name": "طريق تندوف - شناشن",
        "highway": "primary",
        "ref": "RN 50"
      }
    },
    {
      "type": "Feature",
      "geometry": {
        "type": "LineString",
        "coordinates": [
          [
            -8.0881109,
            27.4956891
          ],
          [
            -8.088015,
            27.4952255
          ]
        ]
      },
      "properties": {
        "name": "طريق تندوف - شناشن",
        "highway": "primary",
        "ref": "RN 50"
      }
    },
    {
      "type": "Feature",
      "geometry": {
        "type": "LineString",
        "coordinates": [
          [
            -8.08786,
            27.4953336
          ],
          [
            -8.0881109,
            27.4956891
          ]
        ]
      },
      "properties": {
        "name": "طريق تندوف - شناشن",
        "highway": "primary",
        "ref": "RN 50"
      }
    },
    {
      "type": "Feature",
      "geometry": {
        "type": "LineString",
        "coordinates": [
          [
            -8.0878957,
            27.4950158
          ],
          [
            -8.0876368,
            27.4946172
          ]
        ]
      },
      "properties": {
        "name": "طريق تندوف - شناشن",
        "highway": "primary",
        "ref": "RN 50"
      }
    },
    {
      "type": "Feature",
      "geometry": {
        "type": "LineString",
        "coordinates": [
          [
            -8.0876368,
            27.4946172
          ],
          [
            -8.0876977,
            27.4950703
          ]
        ]
      },
      "properties": {
        "name": "طريق تندوف - شناشن",
        "highway": "primary",
        "ref": "RN 50"
      }
    },
    {
      "type": "Feature",
      "geometry": {
        "type": "LineString",
        "coordinates": [
          [
            -8.0876748,
            27.4951033
          ],
          [
            -8.0874851,
            27.4951625
          ],
          [
            -8.08741,
            27.4951982
          ],
          [
            -8.0872868,
            27.4952489
          ]
        ]
      },
      "properties": {
        "highway": "secondary",
        "ref": "CW 2"
      }
    },
    {
      "type": "Feature",
      "geometry": {
        "type": "LineString",
        "coordinates": [
          [
            -8.0872868,
            27.4952489
          ],
          [
            -8.0874208,
            27.4952839
          ],
          [
            -8.087512,
            27.4953005
          ],
          [
            -8.0877429,
            27.4953088
          ]
        ]
      },
      "properties": {
        "highway": "secondary",
        "ref": "CW 2"
      }
    },
    {
      "type": "Feature",
      "geometry": {
        "type": "LineString",
        "coordinates": [
          [
            -8.1031179,
            27.6109292
          ],
          [
            -8.1027246,
            27.6110827
          ],
          [
            -8.1021981,
            27.6112739
          ],
          [
            -8.1016777,
            27.611463
          ],
          [
            -8.1012097,
            27.611633
          ],
          [
            -8.1006965,
            27.6118194
          ],
          [
            -8.1001573,
            27.6120153
          ]
        ]
      },
      "properties": {
        "highway": "tertiary"
      }
    },
    {
      "type": "Feature",
      "geometry": {
        "type": "LineString",
        "coordinates": [
          [
            -8.1073615,
            27.6095228
          ],
          [
            -8.10746,
            27.6095172
          ],
          [
            -8.1075588,
            27.6095153
          ],
          [
            -8.1076575,
            27.6095171
          ]
        ]
      },
      "properties": {
        "highway": "tertiary"
      }
    },
    {
      "type": "Feature",
      "geometry": {
        "type": "LineString",
        "coordinates": [
          [
            -8.1076183,
            27.6093862
          ],
          [
            -8.1075568,
            27.6094242
          ],
          [
            -8.1074934,
            27.6094597
          ],
          [
            -8.1074283,
            27.6094926
          ],
          [
            -8.1073615,
            27.6095228
          ]
        ]
      },
      "properties": {
        "highway": "tertiary"
      }
    },
    {
      "type": "Feature",
      "geometry": {
        "type": "LineString",
        "coordinates": [
          [
            -8.107741,
            27.6092961
          ],
          [
            -8.1076976,
            27.6093066
          ],
          [
            -8.10766,
            27.6093284
          ],
          [
            -8.1076317,
            27.6093594
          ],
          [
            -8.1076251,
            27.6093726
          ],
          [
            -8.1076183,
            27.6093862
          ],
          [
            -8.1076122,
            27.6094214
          ],
          [
            -8.107617,
            27.6094566
          ],
          [
            -8.1076325,
            27.6094893
          ],
          [
            -8.1076575,
            27.6095171
          ],
          [
            -8.1076804,
            27.6095327
          ],
          [
            -8.1077063,
            27.6095441
          ],
          [
            -8.1077548,
            27.6095522
          ],
          [
            -8.1078036,
            27.6095455
          ],
          [
            -8.107847,
            27.6095246
          ],
          [
            -8.107881,
            27.6094919
          ],
          [
            -8.1078983,
            27.6094535
          ],
          [
            -8.1079016,
            27.6094117
          ],
          [
            -8.1078895,
            27.6093712
          ],
          [
            -8.1078634,
            27.6093362
          ],
          [
            -8.1078281,
            27.6093116
          ],
          [
            -8.1077859,
            27.6092978
          ],
          [
            -8.107741,
            27.6092961
          ]
        ]
      },
      "properties": {
        "highway": "primary"
      }
    },
    {
      "type": "Feature",
      "geometry": {
        "type": "LineString",
        "coordinates": [
          [
            -8.1102291,
            27.644558
          ],
          [
            -8.1101902,
            27.6445517
          ],
          [
            -8.1101508,
            27.6445542
          ],
          [
            -8.1101133,
            27.6445654
          ],
          [
            -8.11008,
            27.6445845
          ],
          [
            -8.1100532,
            27.6446103
          ],
          [
            -8.1100345,
            27.6446412
          ],
          [
            -8.1100251,
            27.6446753
          ],
          [
            -8.1100254,
            27.6447097
          ],
          [
            -8.1100352,
            27.6447429
          ],
          [
            -8.1100539,
            27.6447731
          ],
          [
            -8.1100727,
            27.6447922
          ],
          [
            -8.1101086,
            27.644815
          ],
          [
            -8.1101501,
            27.6448281
          ],
          [
            -8.1101941,
            27.6448306
          ],
          [
            -8.1102181,
            27.6448272
          ],
          [
            -8.1102594,
            27.6448129
          ],
          [
            -8.1102945,
            27.644789
          ],
          [
            -8.1103208,
            27.6447573
          ],
          [
            -8.110336,
            27.6447204
          ],
          [
            -8.1103391,
            27.6446812
          ],
          [
            -8.1103297,
            27.6446428
          ],
          [
            -8.1103086,
            27.6446082
          ],
          [
            -8.1102957,
            27.6445946
          ],
          [
            -8.110265,
            27.6445726
          ],
          [
            -8.1102291,
            27.644558
          ]
        ]
      },
      "properties": {
        "highway": "tertiary"
      }
    },
    {
      "type": "Feature",
      "geometry": {
        "type": "LineString",
        "coordinates": [
          [
            -8.1162728,
            27.6518502
          ],
          [
            -8.1161976,
            27.6518031
          ],
          [
            -8.1161072,
            27.6517286
          ],
          [
            -8.1157655,
            27.6514503
          ],
          [
            -8.1152446,
            27.6510981
          ],
          [
            -8.1150144,
            27.6509676
          ],
          [
            -8.1148703,
            27.6508865
          ],
          [
            -8.1147049,
            27.6508028
          ],
          [
            -8.1145382,
            27.6507219
          ],
          [
            -8.1143676,
            27.6506475
          ],
          [
            -8.1141936,
            27.6505798
          ],
          [
            -8.1140163,
            27.6505188
          ],
          [
            -8.113839,
            27.6504551
          ],
          [
            -8.112872,
            27.6501761
          ],
          [
            -8.1127902,
            27.6501506
          ],
          [
            -8.1127157,
            27.6501221
          ],
          [
            -8.1125568,
            27.6500572
          ],
          [
            -8.112465,
            27.6500247
          ],
          [
            -8.1123772,
            27.6500098
          ],
          [
            -8.1121994,
            27.649973
          ],
          [
            -8.1121351,
            27.6499599
          ],
          [
            -8.1120758,
            27.649944
          ],
          [
            -8.1104098,
            27.6494664
          ],
          [
            -8.1096565,
            27.6492505
          ],
          [
            -8.1095271,
            27.6492151
          ],
          [
            -8.1093963,
            27.6491839
          ],
          [
            -8.109268,
            27.6491576
          ],
          [
            -8.1091388,
            27.6491352
          ],
          [
            -8.1086731,
            27.649072
          ]
        ]
      },
      "properties": {
        "highway": "tertiary"
      }
    },
    {
      "type": "Feature",
      "geometry": {
        "type": "LineString",
        "coordinates": [
          [
            -8.1086677,
            27.6491838
          ],
          [
            -8.1091092,
            27.6492412
          ],
          [
            -8.1092384,
            27.6492636
          ],
          [
            -8.1093666,
            27.6492899
          ],
          [
            -8.1094974,
            27.6493211
          ],
          [
            -8.1096268,
            27.6493564
          ],
          [
            -8.1121461,
            27.650071
          ],
          [
            -8.112187,
            27.6500867
          ],
          [
            -8.1122205,
            27.6501025
          ],
          [
            -8.1123178,
            27.6501542
          ],
          [
            -8.1123503,
            27.6501727
          ],
          [
            -8.112393,
            27.6501908
          ],
          [
            -8.1124384,
            27.6502005
          ],
          [
            -8.112485,
            27.6502049
          ],
          [
            -8.1125429,
            27.6502024
          ],
          [
            -8.1125944,
            27.6502055
          ],
          [
            -8.1126448,
            27.6502117
          ],
          [
            -8.1126772,
            27.6502195
          ],
          [
            -8.1138218,
            27.650561
          ],
          [
            -8.1140322,
            27.6506355
          ],
          [
            -8.1142323,
            27.6507099
          ],
          [
            -8.1144283,
            27.6507925
          ],
          [
            -8.1146592,
            27.6508927
          ],
          [
            -8.1149545,
            27.6510441
          ],
          [
            -8.1151928,
            27.6511927
          ],
          [
            -8.1155062,
            27.6514136
          ],
          [
            -8.1160238,
            27.6517786
          ],
          [
            -8.1161246,
            27.651869
          ],
          [
            -8.1162145,
            27.6519922
          ]
        ]
      },
      "properties": {
        "highway": "tertiary"
      }
    },
    {
      "type": "Feature",
      "geometry": {
        "type": "LineString",
        "coordinates": [
          [
            -8.1175135,
            27.6876708
          ],
          [
            -8.1176296,
            27.6877049
          ],
          [
            -8.1177438,
            27.6877434
          ],
          [
            -8.1178561,
            27.6877863
          ],
          [
            -8.1179663,
            27.6878334
          ]
        ]
      },
      "properties": {
        "highway": "secondary"
      }
    },
    {
      "type": "Feature",
      "geometry": {
        "type": "LineString",
        "coordinates": [
          [
            -8.1172713,
            27.6875386
          ],
          [
            -8.1172113,
            27.6876296
          ],
          [
            -8.1171457,
            27.6877176
          ],
          [
            -8.1170747,
            27.6878021
          ],
          [
            -8.1169984,
            27.687883
          ]
        ]
      },
      "properties": {
        "highway": "secondary"
      }
    },
    {
      "type": "Feature",
      "geometry": {
        "type": "LineString",
        "coordinates": [
          [
            -8.1174502,
            27.6872924
          ],
          [
            -8.1172866,
            27.687269
          ],
          [
            -8.1171679,
            27.6872485
          ],
          [
            -8.1170535,
            27.6872226
          ],
          [
            -8.1168761,
            27.6871694
          ]
        ]
      },
      "properties": {
        "highway": "secondary"
      }
    },
    {
      "type": "Feature",
      "geometry": {
        "type": "LineString",
        "coordinates": [
          [
            -8.1666163,
            27.705074
          ],
          [
            -8.1639952,
            27.7056705
          ],
          [
            -8.1634799,
            27.7057878
          ]
        ]
      },
      "properties": {
        "name": "طريق المطار",
        "highway": "tertiary"
      }
    },
    {
      "type": "Feature",
      "geometry": {
        "type": "LineString",
        "coordinates": [
          [
            -8.1271365,
            27.675303
          ],
          [
            -8.1271215,
            27.6753786
          ]
        ]
      },
      "properties": {
        "highway": "tertiary"
      }
    },
    {
      "type": "Feature",
      "geometry": {
        "type": "LineString",
        "coordinates": [
          [
            -8.1271215,
            27.6753786
          ],
          [
            -8.1271588,
            27.6754472
          ]
        ]
      },
      "properties": {
        "highway": "tertiary"
      }
    },
    {
      "type": "Feature",
      "geometry": {
        "type": "LineString",
        "coordinates": [
          [
            -8.1306113,
            27.6691388
          ],
          [
            -8.1303144,
            27.6693511
          ],
          [
            -8.1302261,
            27.6694151
          ],
          [
            -8.1299834,
            27.6695968
          ],
          [
            -8.1296857,
            27.669832
          ],
          [
            -8.1290728,
            27.6702631
          ],
          [
            -8.1285484,
            27.6707026
          ],
          [
            -8.1275854,
            27.671452
          ],
          [
            -8.1275228,
            27.6715084
          ],
          [
            -8.1271782,
            27.6717914
          ],
          [
            -8.1268617,
            27.6720383
          ],
          [
            -8.1266588,
            27.6722241
          ],
          [
            -8.1265971,
            27.6723191
          ],
          [
            -8.1265803,
            27.6723625
          ],
          [
            -8.1265622,
            27.6724094
          ],
          [
            -8.1265506,
            27.6724987
          ],
          [
            -8.1265478,
            27.6726071
          ],
          [
            -8.126701,
            27.6732948
          ],
          [
            -8.1267281,
            27.6734122
          ],
          [
            -8.126824,
            27.673828
          ],
          [
            -8.1269144,
            27.674185
          ],
          [
            -8.1269764,
            27.6744862
          ],
          [
            -8.1271365,
            27.675303
          ]
        ]
      },
      "properties": {
        "highway": "tertiary"
      }
    },
    {
      "type": "Feature",
      "geometry": {
        "type": "LineString",
        "coordinates": [
          [
            -8.1272,
            27.6753594
          ],
          [
            -8.1271365,
            27.675303
          ]
        ]
      },
      "properties": {
        "highway": "tertiary"
      }
    },
    {
      "type": "Feature",
      "geometry": {
        "type": "LineString",
        "coordinates": [
          [
            -8.1272,
            27.6753594
          ],
          [
            -8.1271215,
            27.6753786
          ]
        ]
      },
      "properties": {
        "highway": "tertiary"
      }
    },
    {
      "type": "Feature",
      "geometry": {
        "type": "LineString",
        "coordinates": [
          [
            -8.1360019,
            27.6782695
          ],
          [
            -8.1358051,
            27.6779654
          ]
        ]
      },
      "properties": {
        "name": "شارع الطيب بولحروف",
        "highway": "secondary"
      }
    },
    {
      "type": "Feature",
      "geometry": {
        "type": "LineString",
        "coordinates": [
          [
            -8.1357953,
            27.6701411
          ],
          [
            -8.1356169,
            27.670426
          ]
        ]
      },
      "properties": {
        "name": "شارع 1 مايو",
        "highway": "secondary"
      }
    },
    {
      "type": "Feature",
      "geometry": {
        "type": "LineString",
        "coordinates": [
          [
            -8.1359398,
            27.6700273
          ],
          [
            -8.1357697,
            27.669899
          ]
        ]
      },
      "properties": {
        "highway": "secondary"
      }
    },
    {
      "type": "Feature",
      "geometry": {
        "type": "LineString",
        "coordinates": [
          [
            -8.1382574,
            27.6702066
          ],
          [
            -8.1380367,
            27.6703213
          ]
        ]
      },
      "properties": {
        "highway": "secondary"
      }
    },
    {
      "type": "Feature",
      "geometry": {
        "type": "LineString",
        "coordinates": [
          [
            -8.1384285,
            27.6704713
          ],
          [
            -8.1386383,
            27.6706104
          ],
          [
            -8.1388421,
            27.6707173
          ]
        ]
      },
      "properties": {
        "highway": "secondary"
      }
    },
    {
      "type": "Feature",
      "geometry": {
        "type": "LineString",
        "coordinates": [
          [
            -8.138596,
            27.670272
          ],
          [
            -8.1386563,
            27.6701598
          ],
          [
            -8.1387086,
            27.6700767
          ],
          [
            -8.1387408,
            27.670028
          ],
          [
            -8.1387805,
            27.6699738
          ],
          [
            -8.1389434,
            27.6697986
          ]
        ]
      },
      "properties": {
        "highway": "secondary"
      }
    },
    {
      "type": "Feature",
      "geometry": {
        "type": "LineString",
        "coordinates": [
          [
            -8.1295531,
            27.6790353
          ],
          [
            -8.1296247,
            27.6790034
          ]
        ]
      },
      "properties": {
        "highway": "tertiary_link"
      }
    },
    {
      "type": "Feature",
      "geometry": {
        "type": "LineString",
        "coordinates": [
          [
            -8.1306028,
            27.6804798
          ],
          [
            -8.1305061,
            27.6803362
          ],
          [
            -8.1303315,
            27.6800836
          ],
          [
            -8.1301443,
            27.679797
          ],
          [
            -8.1299893,
            27.679563
          ],
          [
            -8.1297833,
            27.6792441
          ],
          [
            -8.1296247,
            27.6790034
          ],
          [
            -8.1294526,
            27.6787471
          ],
          [
            -8.1292807,
            27.6784736
          ],
          [
            -8.1292438,
            27.6784136
          ],
          [
            -8.1291774,
            27.6783159
          ],
          [
            -8.1289672,
            27.677995
          ],
          [
            -8.1286519,
            27.6775098
          ],
          [
            -8.1283916,
            27.6771091
          ],
          [
            -8.1283466,
            27.6770319
          ],
          [
            -8.1280659,
            27.6766277
          ],
          [
            -8.1279779,
            27.6765009
          ],
          [
            -8.1278277,
            27.6762798
          ],
          [
            -8.1276864,
            27.6760755
          ],
          [
            -8.1274651,
            27.6757503
          ],
          [
            -8.1272292,
            27.6754139
          ],
          [
            -8.1272,
            27.6753594
          ]
        ]
      },
      "properties": {
        "highway": "tertiary"
      }
    },
    {
      "type": "Feature",
      "geometry": {
        "type": "LineString",
        "coordinates": [
          [
            -8.1360351,
            27.6702677
          ],
          [
            -8.1361733,
            27.6702791
          ],
          [
            -8.1363758,
            27.6702956
          ]
        ]
      },
      "properties": {
        "highway": "secondary"
      }
    },
    {
      "type": "Feature",
      "geometry": {
        "type": "LineString",
        "coordinates": [
          [
            -8.1395359,
            27.6733373
          ],
          [
            -8.1390576,
            27.6733711
          ],
          [
            -8.1378722,
            27.6734522
          ],
          [
            -8.1372367,
            27.6735164
          ],
          [
            -8.1364478,
            27.6735766
          ],
          [
            -8.1363501,
            27.6735787
          ],
          [
            -8.1355214,
            27.6736216
          ],
          [
            -8.1353738,
            27.6736446
          ]
        ]
      },
      "properties": {
        "highway": "tertiary"
      }
    },
    {
      "type": "Feature",
      "geometry": {
        "type": "LineString",
        "coordinates": [
          [
            -8.1291048,
            27.6767223
          ],
          [
            -8.1290563,
            27.6766487
          ]
        ]
      },
      "properties": {
        "highway": "tertiary_link"
      }
    },
    {
      "type": "Feature",
      "geometry": {
        "type": "LineString",
        "coordinates": [
          [
            -8.1355214,
            27.6736216
          ],
          [
            -8.1351897,
            27.6734438
          ]
        ]
      },
      "properties": {
        "highway": "secondary_link"
      }
    },
    {
      "type": "Feature",
      "geometry": {
        "type": "LineString",
        "coordinates": [
          [
            -8.1268602,
            27.6593552
          ],
          [
            -8.1269666,
            27.6594186
          ]
        ]
      },
      "properties": {
        "highway": "tertiary"
      }
    },
    {
      "type": "Feature",
      "geometry": {
        "type": "LineString",
        "coordinates": [
          [
            -8.1278618,
            27.6598796
          ],
          [
            -8.1278203,
            27.6597911
          ],
          [
            -8.1277545,
            27.6597417
          ],
          [
            -8.1274943,
            27.6595909
          ],
          [
            -8.1271879,
            27.6594448
          ],
          [
            -8.1270994,
            27.6593931
          ],
          [
            -8.1270375,
            27.6593537
          ]
        ]
      },
      "properties": {
        "highway": "tertiary"
      }
    },
    {
      "type": "Feature",
      "geometry": {
        "type": "LineString",
        "coordinates": [
          [
            -8.1354638,
            27.6644437
          ],
          [
            -8.1351909,
            27.6641402
          ],
          [
            -8.1350595,
            27.6639977
          ],
          [
            -8.13492,
            27.6638077
          ],
          [
            -8.1348744,
            27.6637221
          ],
          [
            -8.1348422,
            27.6636057
          ],
          [
            -8.1348342,
            27.663506
          ],
          [
            -8.13492,
            27.6629406
          ],
          [
            -8.1350152,
            27.6622944
          ],
          [
            -8.1350549,
            27.6620142
          ],
          [
            -8.1351171,
            27.6615758
          ],
          [
            -8.1351373,
            27.6614748
          ],
          [
            -8.1351976,
            27.6612752
          ],
          [
            -8.1352245,
            27.6612121
          ]
        ]
      },
      "properties": {
        "highway": "tertiary"
      }
    },
    {
      "type": "Feature",
      "geometry": {
        "type": "LineString",
        "coordinates": [
          [
            -8.135589,
            27.6649113
          ],
          [
            -8.1356476,
            27.6648773
          ],
          [
            -8.1356938,
            27.6648559
          ],
          [
            -8.1357569,
            27.6648316
          ],
          [
            -8.1358315,
            27.6648147
          ]
        ]
      },
      "properties": {
        "highway": "tertiary_link"
      }
    },
    {
      "type": "Feature",
      "geometry": {
        "type": "LineString",
        "coordinates": [
          [
            -8.1356383,
            27.6646162
          ],
          [
            -8.1355678,
            27.6645316
          ],
          [
            -8.1355141,
            27.6644811
          ],
          [
            -8.1354638,
            27.6644437
          ]
        ]
      },
      "properties": {
        "highway": "tertiary"
      }
    },
    {
      "type": "Feature",
      "geometry": {
        "type": "LineString",
        "coordinates": [
          [
            -8.1356917,
            27.6647552
          ],
          [
            -8.1358315,
            27.6648147
          ],
          [
            -8.1359224,
            27.664841
          ]
        ]
      },
      "properties": {
        "highway": "tertiary"
      }
    },
    {
      "type": "Feature",
      "geometry": {
        "type": "LineString",
        "coordinates": [
          [
            -8.1355907,
            27.6647063
          ],
          [
            -8.1355998,
            27.6647237
          ],
          [
            -8.1356137,
            27.6647384
          ],
          [
            -8.1356315,
            27.6647494
          ],
          [
            -8.1356518,
            27.664756
          ],
          [
            -8.1356734,
            27.6647577
          ],
          [
            -8.1356917,
            27.6647552
          ]
        ]
      },
      "properties": {
        "highway": "tertiary"
      }
    },
    {
      "type": "Feature",
      "geometry": {
        "type": "LineString",
        "coordinates": [
          [
            -8.1354638,
            27.6644437
          ],
          [
            -8.1354913,
            27.6645025
          ],
          [
            -8.1355389,
            27.6645839
          ],
          [
            -8.1355886,
            27.6646689
          ]
        ]
      },
      "properties": {
        "highway": "tertiary"
      }
    },
    {
      "type": "Feature",
      "geometry": {
        "type": "LineString",
        "coordinates": [
          [
            -8.1359224,
            27.664841
          ],
          [
            -8.1357523,
            27.6646746
          ]
        ]
      },
      "properties": {
        "highway": "tertiary"
      }
    },
    {
      "type": "Feature",
      "geometry": {
        "type": "LineString",
        "coordinates": [
          [
            -8.1357362,
            27.6646398
          ],
          [
            -8.1357417,
            27.6646082
          ],
          [
            -8.1357723,
            27.6644526
          ]
        ]
      },
      "properties": {
        "highway": "tertiary"
      }
    },
    {
      "type": "Feature",
      "geometry": {
        "type": "LineString",
        "coordinates": [
          [
            -8.1356917,
            27.6647552
          ],
          [
            -8.1357135,
            27.6647468
          ],
          [
            -8.1357318,
            27.6647333
          ],
          [
            -8.135745,
            27.6647158
          ],
          [
            -8.135752,
            27.6646956
          ],
          [
            -8.1357523,
            27.6646746
          ]
        ]
      },
      "properties": {
        "highway": "tertiary"
      }
    },
    {
      "type": "Feature",
      "geometry": {
        "type": "LineString",
        "coordinates": [
          [
            -8.1355907,
            27.6647063
          ],
          [
            -8.1355793,
            27.6647686
          ],
          [
            -8.1355489,
            27.6649563
          ]
        ]
      },
      "properties": {
        "highway": "tertiary"
      }
    },
    {
      "type": "Feature",
      "geometry": {
        "type": "LineString",
        "coordinates": [
          [
            -8.1357723,
            27.6644526
          ],
          [
            -8.135722,
            27.6645073
          ],
          [
            -8.1356811,
            27.6645675
          ],
          [
            -8.1356508,
            27.6646126
          ]
        ]
      },
      "properties": {
        "highway": "tertiary"
      }
    },
    {
      "type": "Feature",
      "geometry": {
        "type": "LineString",
        "coordinates": [
          [
            -8.1357523,
            27.6646746
          ],
          [
            -8.1357468,
            27.6646563
          ],
          [
            -8.1357362,
            27.6646398
          ],
          [
            -8.1357192,
            27.6646249
          ],
          [
            -8.1356981,
            27.664615
          ],
          [
            -8.1356746,
            27.6646107
          ],
          [
            -8.1356508,
            27.6646126
          ]
        ]
      },
      "properties": {
        "highway": "tertiary"
      }
    },
    {
      "type": "Feature",
      "geometry": {
        "type": "LineString",
        "coordinates": [
          [
            -8.1388843,
            27.6660667
          ],
          [
            -8.1387831,
            27.6659478
          ],
          [
            -8.1387146,
            27.665885
          ],
          [
            -8.1386442,
            27.6658303
          ],
          [
            -8.138545,
            27.6657472
          ],
          [
            -8.1385025,
            27.6657219
          ]
        ]
      },
      "properties": {
        "highway": "tertiary"
      }
    },
    {
      "type": "Feature",
      "geometry": {
        "type": "LineString",
        "coordinates": [
          [
            -8.1359224,
            27.664841
          ],
          [
            -8.13687,
            27.6651
          ],
          [
            -8.137503,
            27.6653114
          ],
          [
            -8.1376237,
            27.66535
          ],
          [
            -8.1378891,
            27.6654348
          ],
          [
            -8.138399,
            27.6656343
          ],
          [
            -8.1385025,
            27.6657219
          ]
        ]
      },
      "properties": {
        "highway": "tertiary"
      }
    },
    {
      "type": "Feature",
      "geometry": {
        "type": "LineString",
        "coordinates": [
          [
            -8.1385025,
            27.6657219
          ],
          [
            -8.1385162,
            27.665774
          ],
          [
            -8.1385343,
            27.6658114
          ],
          [
            -8.1385913,
            27.6659219
          ],
          [
            -8.1386194,
            27.6659599
          ],
          [
            -8.1386751,
            27.6659991
          ],
          [
            -8.1387804,
            27.6660377
          ],
          [
            -8.1388843,
            27.6660667
          ]
        ]
      },
      "properties": {
        "highway": "tertiary"
      }
    },
    {
      "type": "Feature",
      "geometry": {
        "type": "LineString",
        "coordinates": [
          [
            -8.1356508,
            27.6646126
          ],
          [
            -8.1356383,
            27.6646162
          ],
          [
            -8.1356207,
            27.6646249
          ],
          [
            -8.1356061,
            27.6646371
          ],
          [
            -8.1355952,
            27.6646521
          ],
          [
            -8.1355886,
            27.6646689
          ],
          [
            -8.1355869,
            27.6646877
          ],
          [
            -8.1355907,
            27.6647063
          ]
        ]
      },
      "properties": {
        "highway": "tertiary"
      }
    },
    {
      "type": "Feature",
      "geometry": {
        "type": "LineString",
        "coordinates": [
          [
            -8.1355489,
            27.6649563
          ],
          [
            -8.135589,
            27.6649113
          ],
          [
            -8.1356479,
            27.6648114
          ],
          [
            -8.1356734,
            27.6647577
          ]
        ]
      },
      "properties": {
        "highway": "tertiary"
      }
    },
    {
      "type": "Feature",
      "geometry": {
        "type": "LineString",
        "coordinates": [
          [
            -8.1357723,
            27.6644526
          ],
          [
            -8.136009,
            27.6642139
          ],
          [
            -8.1362135,
            27.664004
          ],
          [
            -8.1366017,
            27.6636034
          ],
          [
            -8.136638,
            27.6635511
          ],
          [
            -8.1366577,
            27.6635035
          ],
          [
            -8.1366715,
            27.6634703
          ],
          [
            -8.1366849,
            27.6633753
          ],
          [
            -8.1367224,
            27.6631401
          ],
          [
            -8.1367435,
            27.6630666
          ]
        ]
      },
      "properties": {
        "highway": "tertiary"
      }
    },
    {
      "type": "Feature",
      "geometry": {
        "type": "LineString",
        "coordinates": [
          [
            -8.1314277,
            27.6684317
          ],
          [
            -8.1317389,
            27.6682761
          ],
          [
            -8.1321278,
            27.6680979
          ],
          [
            -8.1327072,
            27.6678532
          ],
          [
            -8.1331363,
            27.6676632
          ],
          [
            -8.1333885,
            27.667542
          ],
          [
            -8.1334907,
            27.6674736
          ],
          [
            -8.1335199,
            27.6674541
          ],
          [
            -8.1336057,
            27.6673734
          ],
          [
            -8.1337908,
            27.6671596
          ],
          [
            -8.1340697,
            27.6668412
          ],
          [
            -8.1344882,
            27.6664707
          ],
          [
            -8.1346994,
            27.6662836
          ],
          [
            -8.1355489,
            27.6649563
          ]
        ]
      },
      "properties": {
        "highway": "tertiary"
      }
    },
    {
      "type": "Feature",
      "geometry": {
        "type": "LineString",
        "coordinates": [
          [
            -8.1313271,
            27.6684769
          ],
          [
            -8.1311153,
            27.6685409
          ],
          [
            -8.1309665,
            27.6685775
          ],
          [
            -8.1308498,
            27.6685956
          ],
          [
            -8.1307087,
            27.6686223
          ]
        ]
      },
      "properties": {
        "highway": "secondary_link"
      }
    },
    {
      "type": "Feature",
      "geometry": {
        "type": "LineString",
        "coordinates": [
          [
            -8.1314187,
            27.6687748
          ],
          [
            -8.1313802,
            27.6686894
          ],
          [
            -8.1313708,
            27.6686645
          ],
          [
            -8.1313661,
            27.6686169
          ],
          [
            -8.1313667,
            27.6685872
          ],
          [
            -8.1313661,
            27.6685551
          ],
          [
            -8.1313715,
            27.6684928
          ]
        ]
      },
      "properties": {
        "highway": "secondary_link"
      }
    },
    {
      "type": "Feature",
      "geometry": {
        "type": "LineString",
        "coordinates": [
          [
            -8.1310973,
            27.668726
          ],
          [
            -8.1313715,
            27.6684928
          ],
          [
            -8.1314277,
            27.6684317
          ]
        ]
      },
      "properties": {
        "highway": "tertiary"
      }
    },
    {
      "type": "Feature",
      "geometry": {
        "type": "LineString",
        "coordinates": [
          [
            -8.131084,
            27.6688305
          ],
          [
            -8.1310963,
            27.6688145
          ],
          [
            -8.1311046,
            27.6687966
          ],
          [
            -8.1311087,
            27.6687776
          ],
          [
            -8.1311083,
            27.6687582
          ],
          [
            -8.1311036,
            27.6687393
          ]
        ]
      },
      "properties": {
        "highway": "secondary"
      }
    },
    {
      "type": "Feature",
      "geometry": {
        "type": "LineString",
        "coordinates": [
          [
            -8.1308989,
            27.6687999
          ],
          [
            -8.1308223,
            27.6688907
          ],
          [
            -8.1307928,
            27.6689222
          ],
          [
            -8.130778,
            27.6689394
          ],
          [
            -8.1307586,
            27.6689578
          ]
        ]
      },
      "properties": {
        "highway": "tertiary"
      }
    },
    {
      "type": "Feature",
      "geometry": {
        "type": "LineString",
        "coordinates": [
          [
            -8.1314277,
            27.6684317
          ],
          [
            -8.1313271,
            27.6684769
          ],
          [
            -8.1312417,
            27.6685222
          ],
          [
            -8.1311418,
            27.6685816
          ],
          [
            -8.1310918,
            27.6686125
          ],
          [
            -8.1310077,
            27.6686749
          ]
        ]
      },
      "properties": {
        "highway": "tertiary"
      }
    },
    {
      "type": "Feature",
      "geometry": {
        "type": "LineString",
        "coordinates": [
          [
            -8.1307586,
            27.6689578
          ],
          [
            -8.1306916,
            27.669047
          ],
          [
            -8.1306113,
            27.6691388
          ]
        ]
      },
      "properties": {
        "highway": "tertiary"
      }
    },
    {
      "type": "Feature",
      "geometry": {
        "type": "LineString",
        "coordinates": [
          [
            -8.1306113,
            27.6691388
          ],
          [
            -8.1308446,
            27.6689791
          ]
        ]
      },
      "properties": {
        "highway": "tertiary"
      }
    },
    {
      "type": "Feature",
      "geometry": {
        "type": "LineString",
        "coordinates": [
          [
            -8.1309712,
            27.6686775
          ],
          [
            -8.1308107,
            27.6686432
          ],
          [
            -8.1307087,
            27.6686223
          ],
          [
            -8.1303455,
            27.6685516
          ],
          [
            -8.1297303,
            27.6684321
          ],
          [
            -8.129392,
            27.6683746
          ],
          [
            -8.1286114,
            27.6682262
          ],
          [
            -8.1282091,
            27.6681217
          ],
          [
            -8.1281059,
            27.6680789
          ],
          [
            -8.1279919,
            27.6680148
          ],
          [
            -8.1278671,
            27.6679328
          ],
          [
            -8.1278068,
            27.6678782
          ],
          [
            -8.1277839,
            27.667858
          ],
          [
            -8.1275117,
            27.667618
          ],
          [
            -8.1271848,
            27.6673441
          ],
          [
            -8.1268626,
            27.6670491
          ],
          [
            -8.1262793,
            27.6665455
          ],
          [
            -8.1259386,
            27.6662224
          ],
          [
            -8.1258836,
            27.6661654
          ],
          [
            -8.1258139,
            27.6660668
          ],
          [
            -8.1257405,
            27.665777
          ]
        ]
      },
      "properties": {
        "highway": "secondary"
      }
    },
    {
      "type": "Feature",
      "geometry": {
        "type": "LineString",
        "coordinates": [
          [
            -8.1311036,
            27.6687393
          ],
          [
            -8.1310973,
            27.668726
          ],
          [
            -8.1310774,
            27.6687017
          ],
          [
            -8.13105,
            27.6686841
          ],
          [
            -8.1310077,
            27.6686749
          ],
          [
            -8.1309712,
            27.6686775
          ]
        ]
      },
      "properties": {
        "highway": "secondary"
      }
    },
    {
      "type": "Feature",
      "geometry": {
        "type": "LineString",
        "coordinates": [
          [
            -8.131084,
            27.6688305
          ],
          [
            -8.1313034,
            27.6688744
          ],
          [
            -8.1322341,
            27.6690118
          ],
          [
            -8.1327463,
            27.6691009
          ],
          [
            -8.1331355,
            27.6691807
          ],
          [
            -8.1332225,
            27.6691946
          ],
          [
            -8.1334191,
            27.6692272
          ],
          [
            -8.1337379,
            27.6692801
          ],
          [
            -8.134409,
            27.6693795
          ],
          [
            -8.1347001,
            27.6694389
          ],
          [
            -8.1348352,
            27.6694847
          ],
          [
            -8.1349736,
            27.6695315
          ],
          [
            -8.1350984,
            27.6696004
          ],
          [
            -8.1353813,
            27.6697595
          ],
          [
            -8.1355922,
            27.6699073
          ],
          [
            -8.1356973,
            27.6699899
          ]
        ]
      },
      "properties": {
        "highway": "secondary"
      }
    },
    {
      "type": "Feature",
      "geometry": {
        "type": "LineString",
        "coordinates": [
          [
            -8.125529,
            27.6659308
          ],
          [
            -8.1255993,
            27.6660217
          ],
          [
            -8.1256463,
            27.6660858
          ],
          [
            -8.1257254,
            27.6661583
          ],
          [
            -8.1261447,
            27.6665551
          ],
          [
            -8.1264383,
            27.6668074
          ],
          [
            -8.126585,
            27.6669262
          ],
          [
            -8.1266067,
            27.6669476
          ],
          [
            -8.1268197,
            27.6671447
          ],
          [
            -8.1268797,
            27.6671988
          ],
          [
            -8.1271481,
            27.6674237
          ],
          [
            -8.127363,
            27.6676038
          ],
          [
            -8.1274968,
            27.6677159
          ],
          [
            -8.1276631,
            27.6678774
          ],
          [
            -8.1277174,
            27.6679198
          ],
          [
            -8.1278275,
            27.6680059
          ],
          [
            -8.1278804,
            27.6680484
          ],
          [
            -8.1279674,
            27.6680932
          ],
          [
            -8.1281796,
            27.6682024
          ],
          [
            -8.1282909,
            27.668244
          ],
          [
            -8.1286477,
            27.6683402
          ],
          [
            -8.1288394,
            27.6683806
          ],
          [
            -8.1294309,
            27.6684744
          ],
          [
            -8.1300411,
            27.6685979
          ],
          [
            -8.1306537,
            27.6687488
          ],
          [
            -8.1307678,
            27.6687718
          ],
          [
            -8.1308947,
            27.668785
          ]
        ]
      },
      "properties": {
        "highway": "secondary"
      }
    },
    {
      "type": "Feature",
      "geometry": {
        "type": "LineString",
        "coordinates": [
          [
            -8.1305094,
            27.6805257
          ],
          [
            -8.1305926,
            27.6805703
          ]
        ]
      },
      "properties": {
        "highway": "tertiary"
      }
    },
    {
      "type": "Feature",
      "geometry": {
        "type": "LineString",
        "coordinates": [
          [
            -8.1305926,
            27.6805703
          ],
          [
            -8.1306028,
            27.6804798
          ]
        ]
      },
      "properties": {
        "highway": "tertiary"
      }
    },
    {
      "type": "Feature",
      "geometry": {
        "type": "LineString",
        "coordinates": [
          [
            -8.1490517,
            27.7192312
          ],
          [
            -8.1489317,
            27.7192486
          ]
        ]
      },
      "properties": {
        "highway": "primary_link"
      }
    },
    {
      "type": "Feature",
      "geometry": {
        "type": "LineString",
        "coordinates": [
          [
            -8.1098108,
            27.6447286
          ],
          [
            -8.1091674,
            27.6445545
          ],
          [
            -8.1088309,
            27.6444585
          ],
          [
            -8.1078876,
            27.6441894
          ],
          [
            -8.1075547,
            27.6440952
          ],
          [
            -8.1067494,
            27.6438675
          ],
          [
            -8.1063641,
            27.6437585
          ],
          [
            -8.1049697,
            27.6433641
          ]
        ]
      },
      "properties": {
        "highway": "tertiary"
      }
    },
    {
      "type": "Feature",
      "geometry": {
        "type": "LineString",
        "coordinates": [
          [
            -8.13202,
            27.6514764
          ],
          [
            -8.131924,
            27.6513998
          ],
          [
            -8.1317128,
            27.6512216
          ],
          [
            -8.1315471,
            27.6510767
          ],
          [
            -8.131295,
            27.650851
          ],
          [
            -8.1308685,
            27.6504809
          ],
          [
            -8.1307447,
            27.6503788
          ],
          [
            -8.130653,
            27.6503031
          ],
          [
            -8.1301155,
            27.6498596
          ],
          [
            -8.1296897,
            27.64953
          ],
          [
            -8.1293772,
            27.6492858
          ],
          [
            -8.1289642,
            27.6489669
          ],
          [
            -8.1287707,
            27.6488338
          ]
        ]
      },
      "properties": {
        "highway": "primary",
        "ref": "RN 50"
      }
    },
    {
      "type": "Feature",
      "geometry": {
        "type": "LineString",
        "coordinates": [
          [
            -8.1496575,
            27.6677595
          ],
          [
            -8.1493101,
            27.6676027
          ]
        ]
      },
      "properties": {
        "highway": "primary",
        "ref": "RN 50"
      }
    },
    {
      "type": "Feature",
      "geometry": {
        "type": "LineString",
        "coordinates": [
          [
            -8.1493101,
            27.6676027
          ],
          [
            -8.1495261,
            27.6678378
          ]
        ]
      },
      "properties": {
        "highway": "primary",
        "ref": "RN 50"
      }
    },
    {
      "type": "Feature",
      "geometry": {
        "type": "LineString",
        "coordinates": [
          [
            -8.1086366,
            27.6490402
          ],
          [
            -8.108702,
            27.6487879
          ],
          [
            -8.1087257,
            27.6486979
          ],
          [
            -8.1087505,
            27.648615
          ],
          [
            -8.108778,
            27.6485327
          ],
          [
            -8.1097695,
            27.645906
          ],
          [
            -8.1099665,
            27.64538
          ],
          [
            -8.1101357,
            27.6449402
          ],
          [
            -8.1101532,
            27.6449028
          ],
          [
            -8.1101692,
            27.6448737
          ],
          [
            -8.1101941,
            27.6448306
          ]
        ]
      },
      "properties": {
        "highway": "tertiary"
      }
    },
    {
      "type": "Feature",
      "geometry": {
        "type": "LineString",
        "coordinates": [
          [
            -8.1253417,
            27.6657284
          ],
          [
            -8.1251273,
            27.6659267
          ],
          [
            -8.1250575,
            27.6659932
          ],
          [
            -8.1246768,
            27.6663067
          ],
          [
            -8.1245801,
            27.6663863
          ],
          [
            -8.1244768,
            27.6664588
          ],
          [
            -8.1243387,
            27.666555
          ],
          [
            -8.1240785,
            27.6667201
          ],
          [
            -8.1232363,
            27.6671869
          ],
          [
            -8.1227535,
            27.6674565
          ],
          [
            -8.1217624,
            27.6680278
          ],
          [
            -8.1213483,
            27.6682563
          ],
          [
            -8.1209111,
            27.6685319
          ],
          [
            -8.1207418,
            27.6686692
          ],
          [
            -8.1205732,
            27.6688502
          ],
          [
            -8.1204401,
            27.6690148
          ],
          [
            -8.1203502,
            27.6691752
          ],
          [
            -8.1203087,
            27.6692845
          ],
          [
            -8.1202336,
            27.6695517
          ],
          [
            -8.1202161,
            27.6696503
          ],
          [
            -8.1201953,
            27.6698385
          ],
          [
            -8.1201907,
            27.6699365
          ],
          [
            -8.1201893,
            27.6699923
          ],
          [
            -8.1201907,
            27.6704698
          ],
          [
            -8.120203,
            27.6713017
          ],
          [
            -8.120251,
            27.6721338
          ],
          [
            -8.1202523,
            27.6727514
          ],
          [
            -8.120251,
            27.6729017
          ],
          [
            -8.1202637,
            27.6730525
          ],
          [
            -8.1202926,
            27.6736351
          ],
          [
            -8.1202993,
            27.6737265
          ],
          [
            -8.120302,
            27.6740104
          ],
          [
            -8.1203261,
            27.6744902
          ],
          [
            -8.1203318,
            27.6747745
          ],
          [
            -8.1204069,
            27.6760809
          ],
          [
            -8.1204082,
            27.6761204
          ],
          [
            -8.1204152,
            27.676325
          ],
          [
            -8.1204414,
            27.6768608
          ],
          [
            -8.1204513,
            27.6771677
          ],
          [
            -8.1204668,
            27.6773211
          ],
          [
            -8.1204904,
            27.6774772
          ],
          [
            -8.1205018,
            27.6776339
          ],
          [
            -8.1205287,
            27.6782478
          ],
          [
            -8.1205447,
            27.678612
          ],
          [
            -8.1205581,
            27.6789012
          ],
          [
            -8.1205608,
            27.6790223
          ],
          [
            -8.1205678,
            27.6794776
          ],
          [
            -8.1205561,
            27.6797566
          ],
          [
            -8.1205356,
            27.6802424
          ],
          [
            -8.120477,
            27.6806208
          ],
          [
            -8.120423,
            27.6809693
          ],
          [
            -8.1203693,
            27.6813873
          ],
          [
            -8.1203958,
            27.6817229
          ],
          [
            -8.120426,
            27.6818649
          ],
          [
            -8.1204622,
            27.6819919
          ],
          [
            -8.1205487,
            27.6822051
          ],
          [
            -8.1206386,
            27.682353
          ],
          [
            -8.1208337,
            27.6825964
          ],
          [
            -8.1209899,
            27.6827407
          ],
          [
            -8.121171,
            27.6828963
          ],
          [
            -8.1213453,
            27.6830109
          ],
          [
            -8.1215076,
            27.6830905
          ],
          [
            -8.1216652,
            27.6831558
          ],
          [
            -8.12181,
            27.6832003
          ],
          [
            -8.1220005,
            27.6832443
          ],
          [
            -8.1221782,
            27.6832828
          ]
        ]
      },
      "properties": {
        "highway": "secondary"
      }
    },
    {
      "type": "Feature",
      "geometry": {
        "type": "LineString",
        "coordinates": [
          [
            -8.1254062,
            27.6642887
          ],
          [
            -8.1254077,
            27.6641636
          ]
        ]
      },
      "properties": {
        "highway": "secondary"
      }
    },
    {
      "type": "Feature",
      "geometry": {
        "type": "LineString",
        "coordinates": [
          [
            -8.1254077,
            27.6641636
          ],
          [
            -8.1254062,
            27.6632138
          ],
          [
            -8.1254062,
            27.6628954
          ],
          [
            -8.1253982,
            27.6624714
          ],
          [
            -8.1254049,
            27.662387
          ],
          [
            -8.1254196,
            27.6623003
          ],
          [
            -8.1254987,
            27.6618109
          ],
          [
            -8.1255443,
            27.6616482
          ],
          [
            -8.1257066,
            27.6611814
          ],
          [
            -8.1257898,
            27.660989
          ],
          [
            -8.1259708,
            27.6606291
          ],
          [
            -8.1260365,
            27.6605233
          ],
          [
            -8.1263369,
            27.6600708
          ],
          [
            -8.1266373,
            27.6596206
          ],
          [
            -8.1268455,
            27.6593603
          ]
        ]
      },
      "properties": {
        "highway": "secondary"
      }
    },
    {
      "type": "Feature",
      "geometry": {
        "type": "LineString",
        "coordinates": [
          [
            -8.1253083,
            27.6642982
          ],
          [
            -8.1253056,
            27.6644693
          ],
          [
            -8.1253204,
            27.6649693
          ],
          [
            -8.1253271,
            27.6651914
          ],
          [
            -8.1253405,
            27.6654314
          ],
          [
            -8.1253499,
            27.6655371
          ],
          [
            -8.1253759,
            27.665651
          ]
        ]
      },
      "properties": {
        "highway": "secondary"
      }
    },
    {
      "type": "Feature",
      "geometry": {
        "type": "LineString",
        "coordinates": [
          [
            -8.1253072,
            27.6641635
          ],
          [
            -8.1253083,
            27.6642982
          ]
        ]
      },
      "properties": {
        "highway": "secondary"
      }
    },
    {
      "type": "Feature",
      "geometry": {
        "type": "LineString",
        "coordinates": [
          [
            -8.1269666,
            27.6594186
          ],
          [
            -8.1274192,
            27.6596764
          ],
          [
            -8.1276847,
            27.6598178
          ],
          [
            -8.1277653,
            27.6598627
          ],
          [
            -8.1278618,
            27.6598796
          ]
        ]
      },
      "properties": {
        "highway": "tertiary"
      }
    },
    {
      "type": "Feature",
      "geometry": {
        "type": "LineString",
        "coordinates": [
          [
            -8.1270375,
            27.6593537
          ],
          [
            -8.1269227,
            27.6592585
          ]
        ]
      },
      "properties": {
        "highway": "tertiary"
      }
    },
    {
      "type": "Feature",
      "geometry": {
        "type": "LineString",
        "coordinates": [
          [
            -8.1228768,
            27.6832884
          ],
          [
            -8.122958,
            27.6832603
          ],
          [
            -8.1230086,
            27.6832399
          ],
          [
            -8.1231079,
            27.6831948
          ]
        ]
      },
      "properties": {
        "highway": "tertiary"
      }
    },
    {
      "type": "Feature",
      "geometry": {
        "type": "LineString",
        "coordinates": [
          [
            -8.120078,
            27.6854347
          ],
          [
            -8.1200162,
            27.6853866
          ]
        ]
      },
      "properties": {
        "highway": "secondary_link"
      }
    },
    {
      "type": "Feature",
      "geometry": {
        "type": "LineString",
        "coordinates": [
          [
            -8.1299178,
            27.6795967
          ],
          [
            -8.1299893,
            27.679563
          ]
        ]
      },
      "properties": {
        "highway": "tertiary"
      }
    },
    {
      "type": "Feature",
      "geometry": {
        "type": "LineString",
        "coordinates": [
          [
            -8.1253449,
            27.6537706
          ],
          [
            -8.1257014,
            27.6541247
          ],
          [
            -8.126349,
            27.6546969
          ],
          [
            -8.1265005,
            27.6548192
          ],
          [
            -8.1266655,
            27.6549226
          ],
          [
            -8.1269203,
            27.6550805
          ],
          [
            -8.1271644,
            27.6552017
          ],
          [
            -8.1274978,
            27.6553375
          ],
          [
            -8.1279249,
            27.6554881
          ],
          [
            -8.128825,
            27.6557334
          ],
          [
            -8.1290565,
            27.6557811
          ]
        ]
      },
      "properties": {
        "highway": "tertiary"
      }
    },
    {
      "type": "Feature",
      "geometry": {
        "type": "LineString",
        "coordinates": [
          [
            -8.1290768,
            27.6557339
          ],
          [
            -8.1288756,
            27.655668
          ],
          [
            -8.1279945,
            27.6554072
          ],
          [
            -8.1277692,
            27.6553395
          ],
          [
            -8.1275345,
            27.6552635
          ],
          [
            -8.1272784,
            27.6551542
          ],
          [
            -8.1267259,
            27.6548513
          ],
          [
            -8.1265743,
            27.6547527
          ],
          [
            -8.1264576,
            27.65466
          ],
          [
            -8.1257804,
            27.6540423
          ],
          [
            -8.1254444,
            27.6536923
          ]
        ]
      },
      "properties": {
        "highway": "tertiary"
      }
    },
    {
      "type": "Feature",
      "geometry": {
        "type": "LineString",
        "coordinates": [
          [
            -8.1265646,
            27.6591997
          ],
          [
            -8.1265951,
            27.6592624
          ],
          [
            -8.1266112,
            27.6592969
          ],
          [
            -8.1266226,
            27.6593474
          ],
          [
            -8.1266243,
            27.6594104
          ]
        ]
      },
      "properties": {
        "highway": "secondary_link"
      }
    },
    {
      "type": "Feature",
      "geometry": {
        "type": "LineString",
        "coordinates": [
          [
            -8.1268455,
            27.6593603
          ],
          [
            -8.1268602,
            27.6593552
          ],
          [
            -8.1268879,
            27.6593387
          ],
          [
            -8.1269087,
            27.6593156
          ],
          [
            -8.1269207,
            27.659288
          ],
          [
            -8.1269227,
            27.6592585
          ],
          [
            -8.1269152,
            27.659231
          ],
          [
            -8.1268886,
            27.6591966
          ],
          [
            -8.1268482,
            27.6591753
          ],
          [
            -8.1268015,
            27.6591709
          ],
          [
            -8.1267629,
            27.6591813
          ],
          [
            -8.1267313,
            27.6592034
          ],
          [
            -8.1267107,
            27.659234
          ],
          [
            -8.1267041,
            27.6592692
          ],
          [
            -8.1267107,
            27.6593007
          ],
          [
            -8.1267319,
            27.6593321
          ],
          [
            -8.1267647,
            27.6593543
          ],
          [
            -8.1268045,
            27.6593641
          ],
          [
            -8.1268455,
            27.6593603
          ]
        ]
      },
      "properties": {
        "highway": "secondary"
      }
    },
    {
      "type": "Feature",
      "geometry": {
        "type": "LineString",
        "coordinates": [
          [
            -8.1480467,
            27.7146253
          ],
          [
            -8.1480197,
            27.7146558
          ],
          [
            -8.1479848,
            27.7146792
          ],
          [
            -8.1479444,
            27.7146939
          ],
          [
            -8.147901,
            27.7146989
          ],
          [
            -8.1478576,
            27.714694
          ]
        ]
      },
      "properties": {
        "highway": "primary_link"
      }
    },
    {
      "type": "Feature",
      "geometry": {
        "type": "LineString",
        "coordinates": [
          [
            -8.1527341,
            27.6682486
          ],
          [
            -8.1527071,
            27.6682715
          ],
          [
            -8.1526763,
            27.6682901
          ],
          [
            -8.1526425,
            27.668304
          ],
          [
            -8.1526065,
            27.6683129
          ],
          [
            -8.1525694,
            27.6683163
          ]
        ]
      },
      "properties": {
        "highway": "primary_link"
      }
    },
    {
      "type": "Feature",
      "geometry": {
        "type": "LineString",
        "coordinates": [
          [
            -8.1529112,
            27.6683538
          ],
          [
            -8.152852,
            27.6682549
          ],
          [
            -8.1528,
            27.6681544
          ],
          [
            -8.1527583,
            27.6680501
          ],
          [
            -8.1527273,
            27.667943
          ]
        ]
      },
      "properties": {
        "highway": "primary"
      }
    },
    {
      "type": "Feature",
      "geometry": {
        "type": "LineString",
        "coordinates": [
          [
            -8.1527273,
            27.667943
          ],
          [
            -8.1527342,
            27.6680526
          ],
          [
            -8.1527358,
            27.6681188
          ],
          [
            -8.1527349,
            27.6681594
          ],
          [
            -8.1527337,
            27.6681943
          ],
          [
            -8.1527341,
            27.6682486
          ],
          [
            -8.1527464,
            27.6683438
          ]
        ]
      },
      "properties": {
        "highway": "primary"
      }
    },
    {
      "type": "Feature",
      "geometry": {
        "type": "LineString",
        "coordinates": [
          [
            -8.2124761,
            27.4558907
          ],
          [
            -8.2115185,
            27.4550696
          ],
          [
            -8.2110089,
            27.4545769
          ],
          [
            -8.2102981,
            27.453839
          ],
          [
            -8.2095015,
            27.4528846
          ],
          [
            -8.2091421,
            27.4523681
          ],
          [
            -8.2086861,
            27.4517373
          ],
          [
            -8.2080746,
            27.4506901
          ],
          [
            -8.2076991,
            27.4499998
          ],
          [
            -8.2073075,
            27.4491477
          ],
          [
            -8.2065511,
            27.4472197
          ],
          [
            -8.2059664,
            27.4457819
          ],
          [
            -8.2054031,
            27.4442443
          ],
          [
            -8.2045287,
            27.4420448
          ],
          [
            -8.2038474,
            27.4402738
          ],
          [
            -8.2032466,
            27.4387693
          ],
          [
            -8.2030106,
            27.4381313
          ],
          [
            -8.2026511,
            27.437241
          ],
          [
            -8.202399,
            27.4364079
          ],
          [
            -8.2020932,
            27.4353795
          ],
          [
            -8.2017285,
            27.4335083
          ],
          [
            -8.2013851,
            27.4315324
          ],
          [
            -8.2009453,
            27.4288851
          ],
          [
            -8.2007361,
            27.4279424
          ],
          [
            -8.200441,
            27.4268996
          ],
          [
            -8.2001835,
            27.4261426
          ],
          [
            -8.1999099,
            27.4254379
          ],
          [
            -8.1996203,
            27.4247046
          ],
          [
            -8.1991643,
            27.4235713
          ],
          [
            -8.1984562,
            27.4218143
          ],
          [
            -8.1979144,
            27.4205572
          ],
          [
            -8.1971633,
            27.4192858
          ],
          [
            -8.1969005,
            27.4188906
          ],
          [
            -8.1963909,
            27.4182799
          ],
          [
            -8.1956264,
            27.4174977
          ]
        ]
      },
      "properties": {
        "highway": "tertiary"
      }
    },
    {
      "type": "Feature",
      "geometry": {
        "type": "LineString",
        "coordinates": [
          [
            -8.2113495,
            27.4831823
          ],
          [
            -8.2122079,
            27.482083
          ],
          [
            -8.2144958,
            27.4790205
          ],
          [
            -8.2174301,
            27.4752035
          ],
          [
            -8.2192487,
            27.4730666
          ],
          [
            -8.2201016,
            27.4720195
          ],
          [
            -8.2205576,
            27.4711961
          ],
          [
            -8.2210243,
            27.4700776
          ],
          [
            -8.2212496,
            27.4688877
          ],
          [
            -8.221271,
            27.4677073
          ],
          [
            -8.2212067,
            27.4672646
          ],
          [
            -8.2204503,
            27.4645658
          ],
          [
            -8.2199997,
            27.4631284
          ],
          [
            -8.219372,
            27.4618717
          ],
          [
            -8.2186961,
            27.4607769
          ],
          [
            -8.2177466,
            27.459725
          ],
          [
            -8.2167864,
            27.4588301
          ],
          [
            -8.2152361,
            27.457721
          ],
          [
            -8.2134926,
            27.45665
          ],
          [
            -8.2126665,
            27.4560597
          ],
          [
            -8.2124761,
            27.4558907
          ]
        ]
      },
      "properties": {
        "highway": "tertiary"
      }
    },
    {
      "type": "Feature",
      "geometry": {
        "type": "LineString",
        "coordinates": [
          [
            -8.1058908,
            27.5907118
          ],
          [
            -8.1061487,
            27.5905898
          ],
          [
            -8.1062901,
            27.590509
          ],
          [
            -8.1064028,
            27.5904222
          ],
          [
            -8.1064993,
            27.5903343
          ],
          [
            -8.1066951,
            27.5901132
          ],
          [
            -8.10684,
            27.5899064
          ],
          [
            -8.1069472,
            27.5896972
          ],
          [
            -8.1070116,
            27.5894808
          ],
          [
            -8.1070626,
            27.5889412
          ],
          [
            -8.1071109,
            27.5875814
          ],
          [
            -8.107245,
            27.5864261
          ],
          [
            -8.1074622,
            27.5854038
          ],
          [
            -8.1079102,
            27.5837635
          ],
          [
            -8.1084707,
            27.5820898
          ],
          [
            -8.1092459,
            27.5799835
          ],
          [
            -8.1097904,
            27.5786093
          ],
          [
            -8.1104448,
            27.5769998
          ],
          [
            -8.1110242,
            27.5755447
          ],
          [
            -8.1118986,
            27.573355
          ],
          [
            -8.112435,
            27.5722423
          ],
          [
            -8.113001,
            27.5713127
          ],
          [
            -8.1134355,
            27.570647
          ],
          [
            -8.1147793,
            27.5685927
          ],
          [
            -8.1162062,
            27.5666501
          ],
          [
            -8.117035,
            27.5656895
          ],
          [
            -8.1180784,
            27.5646623
          ],
          [
            -8.1190065,
            27.5637849
          ],
          [
            -8.1202778,
            27.5627625
          ],
          [
            -8.1216967,
            27.5616497
          ],
          [
            -8.1235394,
            27.5602468
          ],
          [
            -8.1246203,
            27.5593788
          ],
          [
            -8.1252185,
            27.5588985
          ],
          [
            -8.1256342,
            27.5584705
          ],
          [
            -8.126066,
            27.5579521
          ],
          [
            -8.1267017,
            27.5570176
          ],
          [
            -8.1269485,
            27.5565491
          ],
          [
            -8.1273401,
            27.5555528
          ],
          [
            -8.1278095,
            27.5541617
          ],
          [
            -8.128354,
            27.5525042
          ],
          [
            -8.1286195,
            27.5517004
          ],
          [
            -8.1290916,
            27.5504924
          ],
          [
            -8.1300786,
            27.5480311
          ],
          [
            -8.1307304,
            27.5464924
          ],
          [
            -8.1311998,
            27.5455983
          ],
          [
            -8.1318596,
            27.5444972
          ],
          [
            -8.1327528,
            27.5432129
          ],
          [
            -8.1334206,
            27.5423591
          ],
          [
            -8.1344426,
            27.5411795
          ],
          [
            -8.1357488,
            27.5398976
          ],
          [
            -8.1374225,
            27.5383541
          ],
          [
            -8.1391177,
            27.5367797
          ],
          [
            -8.1396058,
            27.5363397
          ],
          [
            -8.1406385,
            27.5353645
          ],
          [
            -8.1417275,
            27.5343347
          ],
          [
            -8.1429291,
            27.5333262
          ],
          [
            -8.1451499,
            27.5315733
          ],
          [
            -8.1466439,
            27.5304864
          ],
          [
            -8.1486717,
            27.5291758
          ],
          [
            -8.1509301,
            27.5277297
          ],
          [
            -8.1538779,
            27.5258577
          ],
          [
            -8.1564367,
            27.5242331
          ],
          [
            -8.1591323,
            27.5225015
          ],
          [
            -8.1615222,
            27.5210005
          ],
          [
            -8.1639254,
            27.5194568
          ],
          [
            -8.1667551,
            27.5176561
          ],
          [
            -8.1684154,
            27.5165452
          ],
          [
            -8.1706202,
            27.5150061
          ],
          [
            -8.1723556,
            27.5137429
          ],
          [
            -8.173348,
            27.5130388
          ],
          [
            -8.1742331,
            27.5124036
          ],
          [
            -8.1754267,
            27.5115425
          ],
          [
            -8.1768,
            27.5105695
          ],
          [
            -8.1787071,
            27.5092301
          ],
          [
            -8.1804049,
            27.5081239
          ],
          [
            -8.1821376,
            27.5070225
          ],
          [
            -8.1850451,
            27.505124
          ],
          [
            -8.1874484,
            27.5035681
          ],
          [
            -8.1903344,
            27.5016886
          ],
          [
            -8.1934699,
            27.499664
          ],
          [
            -8.195833,
            27.4981175
          ],
          [
            -8.1967717,
            27.497399
          ],
          [
            -8.1978178,
            27.4964949
          ],
          [
            -8.198542,
            27.4958049
          ],
          [
            -8.2019109,
            27.4925786
          ],
          [
            -8.2058322,
            27.4888621
          ],
          [
            -8.2085627,
            27.4862875
          ],
          [
            -8.2095283,
            27.4852644
          ],
          [
            -8.2108265,
            27.4838224
          ],
          [
            -8.2113495,
            27.4831823
          ]
        ]
      },
      "properties": {
        "highway": "tertiary"
      }
    },
    {
      "type": "Feature",
      "geometry": {
        "type": "LineString",
        "coordinates": [
          [
            -8.1057147,
            27.5908809
          ],
          [
            -8.1057431,
            27.5908442
          ],
          [
            -8.1057744,
            27.5908094
          ],
          [
            -8.1058084,
            27.5907767
          ],
          [
            -8.105845,
            27.5907462
          ],
          [
            -8.1058908,
            27.5907118
          ]
        ]
      },
      "properties": {
        "highway": "tertiary"
      }
    },
    {
      "type": "Feature",
      "geometry": {
        "type": "LineString",
        "coordinates": [
          [
            -8.1054521,
            27.5909787
          ],
          [
            -8.1054876,
            27.5909989
          ],
          [
            -8.1055208,
            27.5910089
          ],
          [
            -8.1055557,
            27.5910122
          ],
          [
            -8.1055906,
            27.5910087
          ],
          [
            -8.1056238,
            27.5909986
          ],
          [
            -8.1056536,
            27.5909823
          ],
          [
            -8.1056788,
            27.5909605
          ],
          [
            -8.1056968,
            27.5909364
          ],
          [
            -8.105709,
            27.5909095
          ],
          [
            -8.1057147,
            27.5908809
          ],
          [
            -8.1057121,
            27.5908436
          ],
          [
            -8.1056987,
            27.5908082
          ],
          [
            -8.1056753,
            27.5907771
          ],
          [
            -8.1056435,
            27.5907526
          ],
          [
            -8.1056221,
            27.590742
          ],
          [
            -8.1055831,
            27.5907312
          ],
          [
            -8.1055423,
            27.5907295
          ],
          [
            -8.1055024,
            27.590737
          ],
          [
            -8.1054659,
            27.5907533
          ],
          [
            -8.1054352,
            27.5907773
          ],
          [
            -8.1054118,
            27.5908084
          ],
          [
            -8.1053984,
            27.5908438
          ],
          [
            -8.105396,
            27.5908811
          ],
          [
            -8.1054046,
            27.5909177
          ],
          [
            -8.1054238,
            27.590951
          ],
          [
            -8.1054521,
            27.5909787
          ]
        ]
      },
      "properties": {
        "highway": "primary"
      }
    },
    {
      "type": "Feature",
      "geometry": {
        "type": "LineString",
        "coordinates": [
          [
            -8.1054876,
            27.5909989
          ],
          [
            -8.1054951,
            27.5910275
          ],
          [
            -8.1055022,
            27.5910635
          ],
          [
            -8.1055085,
            27.5911073
          ],
          [
            -8.1055122,
            27.5911514
          ],
          [
            -8.105513,
            27.5912126
          ],
          [
            -8.1055092,
            27.5912702
          ],
          [
            -8.1053996,
            27.5923453
          ],
          [
            -8.1052709,
            27.5934769
          ],
          [
            -8.1050843,
            27.5953804
          ],
          [
            -8.1050509,
            27.5958551
          ],
          [
            -8.1050328,
            27.5963258
          ],
          [
            -8.1050281,
            27.5967905
          ],
          [
            -8.1050456,
            27.5972636
          ],
          [
            -8.1050795,
            27.5977284
          ],
          [
            -8.1053186,
            27.600558
          ],
          [
            -8.1054171,
            27.6017465
          ],
          [
            -8.1054801,
            27.602531
          ],
          [
            -8.1055372,
            27.6031631
          ],
          [
            -8.1055384,
            27.6032254
          ],
          [
            -8.1055371,
            27.6032803
          ],
          [
            -8.1055328,
            27.6033417
          ],
          [
            -8.1055257,
            27.6034021
          ],
          [
            -8.105514,
            27.6034796
          ]
        ]
      },
      "properties": {
        "highway": "primary",
        "ref": "RN 50"
      }
    },
    {
      "type": "Feature",
      "geometry": {
        "type": "LineString",
        "coordinates": [
          [
            -8.1057403,
            27.5889568
          ],
          [
            -8.1056297,
            27.5889469
          ]
        ]
      },
      "properties": {
        "highway": "primary_link"
      }
    },
    {
      "type": "Feature",
      "geometry": {
        "type": "LineString",
        "coordinates": [
          [
            -8.1057494,
            27.6034732
          ],
          [
            -8.1057172,
            27.6033961
          ],
          [
            -8.1056908,
            27.6033174
          ],
          [
            -8.1056703,
            27.6032372
          ],
          [
            -8.1056558,
            27.6031561
          ],
          [
            -8.1056035,
            27.6025298
          ],
          [
            -8.105531,
            27.6017477
          ],
          [
            -8.1054379,
            27.6005477
          ],
          [
            -8.1051968,
            27.5977377
          ],
          [
            -8.1051652,
            27.5972687
          ],
          [
            -8.1051493,
            27.596799
          ],
          [
            -8.105149,
            27.5963291
          ],
          [
            -8.1051643,
            27.5958595
          ],
          [
            -8.1051953,
            27.5953904
          ],
          [
            -8.1053875,
            27.5934709
          ],
          [
            -8.1055163,
            27.592356
          ],
          [
            -8.1056291,
            27.5912157
          ],
          [
            -8.105635,
            27.5911627
          ],
          [
            -8.1056433,
            27.5911101
          ],
          [
            -8.1056542,
            27.5910577
          ],
          [
            -8.1056649,
            27.5910118
          ],
          [
            -8.1056788,
            27.5909605
          ]
        ]
      },
      "properties": {
        "highway": "primary",
        "ref": "RN 50"
      }
    },
    {
      "type": "Feature",
      "geometry": {
        "type": "LineString",
        "coordinates": [
          [
            -8.1058557,
            27.6036145
          ],
          [
            -8.1058432,
            27.603572
          ],
          [
            -8.1058205,
            27.6035331
          ],
          [
            -8.1057885,
            27.6034997
          ],
          [
            -8.1057494,
            27.6034732
          ],
          [
            -8.1057037,
            27.6034555
          ],
          [
            -8.1056552,
            27.6034471
          ],
          [
            -8.1056057,
            27.6034484
          ],
          [
            -8.1055579,
            27.6034594
          ],
          [
            -8.105514,
            27.6034796
          ],
          [
            -8.1054762,
            27.6035079
          ],
          [
            -8.1054465,
            27.603543
          ],
          [
            -8.1054264,
            27.603583
          ],
          [
            -8.1054168,
            27.603626
          ],
          [
            -8.1054183,
            27.6036698
          ],
          [
            -8.1054307,
            27.6037123
          ],
          [
            -8.1054535,
            27.6037512
          ],
          [
            -8.1054855,
            27.6037846
          ],
          [
            -8.1055251,
            27.6038109
          ],
          [
            -8.1055702,
            27.6038288
          ],
          [
            -8.1056188,
            27.6038373
          ],
          [
            -8.1056682,
            27.603836
          ],
          [
            -8.1057161,
            27.6038249
          ],
          [
            -8.10576,
            27.6038048
          ],
          [
            -8.1057978,
            27.6037764
          ],
          [
            -8.1058274,
            27.6037413
          ],
          [
            -8.1058476,
            27.6037013
          ],
          [
            -8.1058571,
            27.6036583
          ],
          [
            -8.1058557,
            27.6036145
          ]
        ]
      },
      "properties": {
        "highway": "primary"
      }
    },
    {
      "type": "Feature",
      "geometry": {
        "type": "LineString",
        "coordinates": [
          [
            -8.1058908,
            27.5907118
          ],
          [
            -8.1058289,
            27.5907278
          ],
          [
            -8.105784,
            27.5907398
          ],
          [
            -8.1057375,
            27.5907483
          ],
          [
            -8.1056903,
            27.5907529
          ],
          [
            -8.1056435,
            27.5907526
          ]
        ]
      },
      "properties": {
        "highway": "tertiary"
      }
    },
    {
      "type": "Feature",
      "geometry": {
        "type": "LineString",
        "coordinates": [
          [
            -8.1052448,
            27.5848744
          ],
          [
            -8.1053383,
            27.5848351
          ]
        ]
      },
      "properties": {
        "highway": "primary_link"
      }
    },
    {
      "type": "Feature",
      "geometry": {
        "type": "LineString",
        "coordinates": [
          [
            -8.0920425,
            27.5675144
          ],
          [
            -8.0921765,
            27.5674178
          ],
          [
            -8.0922211,
            27.567389
          ],
          [
            -8.0922679,
            27.5673631
          ],
          [
            -8.0923165,
            27.5673402
          ],
          [
            -8.0923669,
            27.5673203
          ],
          [
            -8.0924908,
            27.5672769
          ]
        ]
      },
      "properties": {
        "highway": "tertiary"
      }
    },
    {
      "type": "Feature",
      "geometry": {
        "type": "LineString",
        "coordinates": [
          [
            -8.0922975,
            27.5671112
          ],
          [
            -8.0922572,
            27.5672097
          ],
          [
            -8.0922348,
            27.567257
          ],
          [
            -8.0922086,
            27.5673029
          ],
          [
            -8.0921787,
            27.5673469
          ],
          [
            -8.0921452,
            27.5673888
          ],
          [
            -8.0920425,
            27.5675144
          ]
        ]
      },
      "properties": {
        "highway": "tertiary"
      }
    },
    {
      "type": "Feature",
      "geometry": {
        "type": "LineString",
        "coordinates": [
          [
            -8.0906078,
            27.5637584
          ],
          [
            -8.0906249,
            27.5638161
          ],
          [
            -8.0906376,
            27.5638483
          ],
          [
            -8.0906522,
            27.56388
          ],
          [
            -8.0906688,
            27.5639108
          ],
          [
            -8.0914307,
            27.5651712
          ],
          [
            -8.0921622,
            27.5664317
          ],
          [
            -8.0921969,
            27.566499
          ],
          [
            -8.0922262,
            27.5665684
          ],
          [
            -8.0922499,
            27.5666394
          ],
          [
            -8.0922679,
            27.5667117
          ],
          [
            -8.0922801,
            27.5667849
          ],
          [
            -8.0922864,
            27.5668588
          ],
          [
            -8.0922989,
            27.567034
          ]
        ]
      },
      "properties": {
        "name": "طريق تندوف - شناشن",
        "highway": "primary",
        "ref": "RN 50"
      }
    },
    {
      "type": "Feature",
      "geometry": {
        "type": "LineString",
        "coordinates": [
          [
            -8.0926013,
            27.566885
          ],
          [
            -8.0925234,
            27.5667888
          ],
          [
            -8.0924492,
            27.5666909
          ],
          [
            -8.0923793,
            27.5665906
          ],
          [
            -8.0923138,
            27.566488
          ],
          [
            -8.0922528,
            27.5663832
          ],
          [
            -8.0919061,
            27.5657626
          ],
          [
            -8.0915232,
            27.5651295
          ],
          [
            -8.090729,
            27.5638811
          ],
          [
            -8.0907134,
            27.5638585
          ],
          [
            -8.0906959,
            27.5638371
          ],
          [
            -8.0906767,
            27.5638169
          ],
          [
            -8.0906558,
            27.563798
          ],
          [
            -8.0906078,
            27.5637584
          ]
        ]
      },
      "properties": {
        "name": "طريق تندوف - شناشن",
        "highway": "primary",
        "ref": "RN 50"
      }
    },
    {
      "type": "Feature",
      "geometry": {
        "type": "LineString",
        "coordinates": [
          [
            -8.1162783,
            27.6523451
          ],
          [
            -8.1163293,
            27.6523083
          ],
          [
            -8.1163851,
            27.6522776
          ],
          [
            -8.1164449,
            27.6522534
          ],
          [
            -8.1165076,
            27.6522361
          ],
          [
            -8.1165724,
            27.652226
          ]
        ]
      },
      "properties": {
        "highway": "tertiary_link"
      }
    },
    {
      "type": "Feature",
      "geometry": {
        "type": "LineString",
        "coordinates": [
          [
            -8.1084695,
            27.6491073
          ],
          [
            -8.1084687,
            27.6491373
          ],
          [
            -8.1084782,
            27.649166
          ],
          [
            -8.1084969,
            27.649191
          ],
          [
            -8.1085233,
            27.6492097
          ],
          [
            -8.1085548,
            27.6492206
          ],
          [
            -8.1085864,
            27.6492227
          ],
          [
            -8.1086174,
            27.6492169
          ],
          [
            -8.1086452,
            27.6492036
          ],
          [
            -8.1086677,
            27.6491838
          ],
          [
            -8.1086836,
            27.6491578
          ],
          [
            -8.1086901,
            27.6491286
          ],
          [
            -8.1086865,
            27.6490992
          ],
          [
            -8.1086731,
            27.649072
          ],
          [
            -8.1086569,
            27.6490542
          ],
          [
            -8.1086366,
            27.6490402
          ],
          [
            -8.1086124,
            27.6490305
          ],
          [
            -8.1085863,
            27.6490262
          ],
          [
            -8.1085597,
            27.6490274
          ],
          [
            -8.1085277,
            27.6490371
          ],
          [
            -8.1085004,
            27.6490548
          ],
          [
            -8.1084804,
            27.6490789
          ],
          [
            -8.1084695,
            27.6491073
          ]
        ]
      },
      "properties": {
        "highway": "tertiary"
      }
    },
    {
      "type": "Feature",
      "geometry": {
        "type": "LineString",
        "coordinates": [
          [
            -8.1100727,
            27.6447922
          ],
          [
            -8.110063,
            27.6448575
          ],
          [
            -8.1100521,
            27.6449133
          ],
          [
            -8.110045,
            27.6449561
          ],
          [
            -8.1100347,
            27.6449984
          ],
          [
            -8.1100211,
            27.64504
          ],
          [
            -8.1099857,
            27.6451296
          ],
          [
            -8.1096957,
            27.6458638
          ],
          [
            -8.1096926,
            27.645872
          ],
          [
            -8.1086895,
            27.6485482
          ],
          [
            -8.108653,
            27.6486613
          ],
          [
            -8.1086212,
            27.6487756
          ],
          [
            -8.108594,
            27.6488908
          ],
          [
            -8.1085597,
            27.6490274
          ]
        ]
      },
      "properties": {
        "highway": "tertiary"
      }
    },
    {
      "type": "Feature",
      "geometry": {
        "type": "LineString",
        "coordinates": [
          [
            -8.1221667,
            27.6448584
          ],
          [
            -8.1220707,
            27.6447668
          ]
        ]
      },
      "properties": {
        "highway": "secondary_link"
      }
    },
    {
      "type": "Feature",
      "geometry": {
        "type": "LineString",
        "coordinates": [
          [
            -8.1636573,
            27.7068206
          ],
          [
            -8.163672,
            27.706876
          ],
          [
            -8.1636837,
            27.7069022
          ],
          [
            -8.1637043,
            27.7069237
          ],
          [
            -8.1637316,
            27.7069381
          ],
          [
            -8.1637627,
            27.706944
          ],
          [
            -8.1637943,
            27.7069408
          ],
          [
            -8.1638793,
            27.706928
          ]
        ]
      },
      "properties": {
        "highway": "tertiary_link"
      }
    },
    {
      "type": "Feature",
      "geometry": {
        "type": "LineString",
        "coordinates": [
          [
            -8.4326674,
            27.1697563
          ],
          [
            -8.43231,
            27.1700721
          ],
          [
            -8.4320068,
            27.170515
          ],
          [
            -8.4315409,
            27.1707387
          ],
          [
            -8.431393,
            27.1709931
          ],
          [
            -8.431398,
            27.1714667
          ],
          [
            -8.4311219,
            27.1719316
          ],
          [
            -8.4310318,
            27.1722628
          ],
          [
            -8.4281222,
            27.1767557
          ],
          [
            -8.4277409,
            27.177203
          ],
          [
            -8.4275282,
            27.1775363
          ],
          [
            -8.4270697,
            27.1777337
          ],
          [
            -8.4268922,
            27.1780077
          ],
          [
            -8.4269243,
            27.1784594
          ],
          [
            -8.4267142,
            27.1788041
          ],
          [
            -8.426101,
            27.1798103
          ],
          [
            -8.4260643,
            27.17987
          ]
        ]
      },
      "properties": {
        "highway": "tertiary"
      }
    },
    {
      "type": "Feature",
      "geometry": {
        "type": "LineString",
        "coordinates": [
          [
            -8.426171,
            27.1799195
          ],
          [
            -8.4262057,
            27.179862
          ],
          [
            -8.4268252,
            27.1788607
          ],
          [
            -8.4270352,
            27.1785208
          ],
          [
            -8.4275282,
            27.1783081
          ],
          [
            -8.4276835,
            27.1780648
          ],
          [
            -8.4276169,
            27.1775867
          ],
          [
            -8.4278387,
            27.1772529
          ],
          [
            -8.428169,
            27.1768829
          ],
          [
            -8.4311157,
            27.1723095
          ],
          [
            -8.4312106,
            27.1719835
          ],
          [
            -8.4314916,
            27.1715325
          ],
          [
            -8.4320092,
            27.1713286
          ],
          [
            -8.4321596,
            27.1710632
          ],
          [
            -8.4320881,
            27.1705918
          ],
          [
            -8.4324159,
            27.1701115
          ],
          [
            -8.4326674,
            27.1697563
          ]
        ]
      },
      "properties": {
        "highway": "tertiary"
      }
    },
    {
      "type": "Feature",
      "geometry": {
        "type": "LineString",
        "coordinates": [
          [
            -8.4260643,
            27.17987
          ],
          [
            -8.4261026,
            27.1798878
          ],
          [
            -8.426171,
            27.1799195
          ],
          [
            -8.4272968,
            27.1804418
          ],
          [
            -8.4281097,
            27.1807906
          ],
          [
            -8.4295421,
            27.1813535
          ],
          [
            -8.4303352,
            27.1816289
          ],
          [
            -8.4314562,
            27.1819974
          ],
          [
            -8.43256,
            27.1823595
          ],
          [
            -8.4326783,
            27.1824165
          ],
          [
            -8.432783,
            27.1824878
          ],
          [
            -8.4329386,
            27.1826281
          ]
        ]
      },
      "properties": {
        "highway": "primary"
      }
    },
    {
      "type": "Feature",
      "geometry": {
        "type": "LineString",
        "coordinates": [
          [
            -8.4191741,
            27.1766094
          ],
          [
            -8.4197513,
            27.1769785
          ],
          [
            -8.4260643,
            27.17987
          ]
        ]
      },
      "properties": {
        "highway": "tertiary"
      }
    },
    {
      "type": "Feature",
      "geometry": {
        "type": "LineString",
        "coordinates": [
          [
            -8.426101,
            27.1798103
          ],
          [
            -8.4198193,
            27.176898
          ],
          [
            -8.4191741,
            27.1766094
          ]
        ]
      },
      "properties": {
        "highway": "tertiary"
      }
    },
    {
      "type": "Feature",
      "geometry": {
        "type": "LineString",
        "coordinates": [
          [
            -8.4329323,
            27.1824533
          ],
          [
            -8.4328305,
            27.182392
          ],
          [
            -8.4327287,
            27.1823307
          ],
          [
            -8.4326078,
            27.1822871
          ],
          [
            -8.4314854,
            27.1819245
          ],
          [
            -8.4303728,
            27.1815578
          ],
          [
            -8.4295963,
            27.1812841
          ],
          [
            -8.4281449,
            27.1807235
          ],
          [
            -8.4273547,
            27.1803686
          ],
          [
            -8.4262057,
            27.179862
          ],
          [
            -8.426101,
            27.1798103
          ]
        ]
      },
      "properties": {
        "highway": "primary"
      }
    },
    {
      "type": "Feature",
      "geometry": {
        "type": "LineString",
        "coordinates": [
          [
            -8.1102181,
            27.6448272
          ],
          [
            -8.1102361,
            27.6448461
          ],
          [
            -8.1102573,
            27.6448624
          ],
          [
            -8.1102802,
            27.6448751
          ],
          [
            -8.110305,
            27.6448846
          ],
          [
            -8.1109581,
            27.6450714
          ],
          [
            -8.11192,
            27.6453354
          ],
          [
            -8.1128606,
            27.6456069
          ],
          [
            -8.1138373,
            27.6458893
          ],
          [
            -8.1140472,
            27.6459409
          ],
          [
            -8.1146343,
            27.6461002
          ],
          [
            -8.1154293,
            27.6463237
          ],
          [
            -8.1158874,
            27.6464605
          ],
          [
            -8.1160576,
            27.6465216
          ],
          [
            -8.1162242,
            27.6465898
          ],
          [
            -8.116387,
            27.6466649
          ],
          [
            -8.1165403,
            27.6467468
          ],
          [
            -8.1166985,
            27.6468404
          ],
          [
            -8.117247,
            27.6471869
          ],
          [
            -8.1177646,
            27.6475363
          ],
          [
            -8.1181026,
            27.647759
          ],
          [
            -8.1184315,
            27.6479478
          ],
          [
            -8.11847,
            27.6479685
          ],
          [
            -8.1185053,
            27.6479931
          ],
          [
            -8.1185578,
            27.6480201
          ]
        ]
      },
      "properties": {
        "highway": "tertiary"
      }
    },
    {
      "type": "Feature",
      "geometry": {
        "type": "LineString",
        "coordinates": [
          [
            -8.1185578,
            27.6480201
          ],
          [
            -8.1185721,
            27.6480471
          ],
          [
            -8.1185934,
            27.6480701
          ],
          [
            -8.1186205,
            27.6480878
          ],
          [
            -8.1186517,
            27.6480991
          ],
          [
            -8.118685,
            27.6481032
          ],
          [
            -8.1187256,
            27.6480983
          ],
          [
            -8.1187627,
            27.6480828
          ],
          [
            -8.1187929,
            27.6480583
          ],
          [
            -8.1188134,
            27.6480269
          ],
          [
            -8.1188225,
            27.6479915
          ],
          [
            -8.1188191,
            27.6479553
          ],
          [
            -8.118807,
            27.6479267
          ],
          [
            -8.1187871,
            27.6479017
          ],
          [
            -8.1187608,
            27.647882
          ],
          [
            -8.1187298,
            27.6478688
          ],
          [
            -8.1186959,
            27.647863
          ],
          [
            -8.1186615,
            27.6478648
          ],
          [
            -8.1186186,
            27.6478791
          ],
          [
            -8.1185835,
            27.6479051
          ],
          [
            -8.1185601,
            27.6479401
          ],
          [
            -8.1185513,
            27.6479799
          ],
          [
            -8.1185578,
            27.6480201
          ]
        ]
      },
      "properties": {
        "highway": "secondary"
      }
    },
    {
      "type": "Feature",
      "geometry": {
        "type": "LineString",
        "coordinates": [
          [
            -8.1164271,
            27.6519053
          ],
          [
            -8.1164718,
            27.6516974
          ],
          [
            -8.1164967,
            27.6515908
          ],
          [
            -8.116544,
            27.6514709
          ],
          [
            -8.1166948,
            27.6511437
          ],
          [
            -8.1168793,
            27.6508075
          ],
          [
            -8.117028,
            27.6505535
          ],
          [
            -8.1171841,
            27.650294
          ],
          [
            -8.1172667,
            27.6501553
          ],
          [
            -8.1173822,
            27.6499702
          ],
          [
            -8.1175046,
            27.6497707
          ],
          [
            -8.1176814,
            27.6495032
          ],
          [
            -8.1178907,
            27.6491659
          ],
          [
            -8.1181079,
            27.6488499
          ],
          [
            -8.1182581,
            27.6486289
          ],
          [
            -8.1184486,
            27.6483771
          ],
          [
            -8.1185917,
            27.6482066
          ],
          [
            -8.1186209,
            27.6481698
          ],
          [
            -8.1186514,
            27.6481415
          ],
          [
            -8.118685,
            27.6481032
          ]
        ]
      },
      "properties": {
        "highway": "secondary"
      }
    },
    {
      "type": "Feature",
      "geometry": {
        "type": "LineString",
        "coordinates": [
          [
            -8.1251473,
            27.6534937
          ],
          [
            -8.1245063,
            27.6531692
          ],
          [
            -8.1239873,
            27.6528995
          ],
          [
            -8.1229426,
            27.6523484
          ],
          [
            -8.1226851,
            27.6522165
          ],
          [
            -8.1225993,
            27.65215
          ],
          [
            -8.1225027,
            27.6520537
          ],
          [
            -8.1222828,
            27.6518019
          ],
          [
            -8.1219475,
            27.6514265
          ],
          [
            -8.1217316,
            27.6511783
          ],
          [
            -8.1211021,
            27.6504743
          ],
          [
            -8.1206265,
            27.6499511
          ],
          [
            -8.1204515,
            27.6497434
          ],
          [
            -8.1198596,
            27.6491331
          ],
          [
            -8.1194216,
            27.6486733
          ],
          [
            -8.1189164,
            27.6481255
          ],
          [
            -8.1188823,
            27.6480837
          ],
          [
            -8.118855,
            27.6480381
          ],
          [
            -8.1188351,
            27.6479896
          ],
          [
            -8.1188191,
            27.6479553
          ]
        ]
      },
      "properties": {
        "highway": "tertiary"
      }
    },
    {
      "type": "Feature",
      "geometry": {
        "type": "LineString",
        "coordinates": [
          [
            -8.1185578,
            27.6480201
          ],
          [
            -8.1185231,
            27.6480751
          ],
          [
            -8.1185045,
            27.6481086
          ],
          [
            -8.118481,
            27.6481464
          ],
          [
            -8.1182419,
            27.6484951
          ],
          [
            -8.1178719,
            27.6490043
          ],
          [
            -8.1176959,
            27.6492766
          ],
          [
            -8.1175715,
            27.6494652
          ],
          [
            -8.1173463,
            27.6498702
          ],
          [
            -8.1170749,
            27.6502882
          ],
          [
            -8.1169248,
            27.6505496
          ],
          [
            -8.1167928,
            27.6507735
          ],
          [
            -8.1166869,
            27.6509594
          ],
          [
            -8.1166039,
            27.6511242
          ],
          [
            -8.1163589,
            27.6516489
          ],
          [
            -8.1162728,
            27.6518502
          ]
        ]
      },
      "properties": {
        "highway": "secondary"
      }
    },
    {
      "type": "Feature",
      "geometry": {
        "type": "LineString",
        "coordinates": [
          [
            -8.1162297,
            27.6524706
          ],
          [
            -8.1162783,
            27.6523451
          ],
          [
            -8.1163523,
            27.652045
          ]
        ]
      },
      "properties": {
        "highway": "secondary"
      }
    },
    {
      "type": "Feature",
      "geometry": {
        "type": "LineString",
        "coordinates": [
          [
            -8.1162031,
            27.65196
          ],
          [
            -8.1162145,
            27.6519922
          ],
          [
            -8.1162387,
            27.652021
          ],
          [
            -8.1162726,
            27.6520408
          ],
          [
            -8.116312,
            27.6520491
          ],
          [
            -8.1163523,
            27.652045
          ],
          [
            -8.1163875,
            27.6520297
          ],
          [
            -8.1164151,
            27.652005
          ],
          [
            -8.1164319,
            27.6519737
          ],
          [
            -8.1164361,
            27.6519392
          ],
          [
            -8.1164271,
            27.6519053
          ],
          [
            -8.1164077,
            27.6518776
          ],
          [
            -8.1163795,
            27.6518566
          ],
          [
            -8.1163453,
            27.6518444
          ],
          [
            -8.1163086,
            27.6518421
          ],
          [
            -8.1162728,
            27.6518502
          ],
          [
            -8.1162408,
            27.6518683
          ],
          [
            -8.116217,
            27.6518946
          ],
          [
            -8.116204,
            27.6519263
          ],
          [
            -8.1162031,
            27.65196
          ]
        ]
      },
      "properties": {
        "highway": "secondary"
      }
    },
    {
      "type": "Feature",
      "geometry": {
        "type": "LineString",
        "coordinates": [
          [
            -8.1169011,
            27.6523751
          ],
          [
            -8.116618,
            27.6521156
          ],
          [
            -8.1165677,
            27.6520609
          ],
          [
            -8.1164271,
            27.6519053
          ]
        ]
      },
      "properties": {
        "highway": "tertiary"
      }
    },
    {
      "type": "Feature",
      "geometry": {
        "type": "LineString",
        "coordinates": [
          [
            -8.1162387,
            27.652021
          ],
          [
            -8.1162423,
            27.6521138
          ],
          [
            -8.1162484,
            27.6521666
          ],
          [
            -8.116251,
            27.6522266
          ],
          [
            -8.1162498,
            27.6522741
          ],
          [
            -8.1162297,
            27.6524706
          ]
        ]
      },
      "properties": {
        "highway": "secondary"
      }
    },
    {
      "type": "Feature",
      "geometry": {
        "type": "LineString",
        "coordinates": [
          [
            -8.1163523,
            27.652045
          ],
          [
            -8.1164633,
            27.6521389
          ],
          [
            -8.1165724,
            27.652226
          ],
          [
            -8.1168119,
            27.6524357
          ],
          [
            -8.1168967,
            27.6525192
          ],
          [
            -8.1171077,
            27.6527394
          ],
          [
            -8.1173026,
            27.6529501
          ],
          [
            -8.1175571,
            27.6532553
          ],
          [
            -8.1177836,
            27.653528
          ],
          [
            -8.1179647,
            27.6537272
          ],
          [
            -8.1182917,
            27.6540602
          ],
          [
            -8.1183743,
            27.6541373
          ],
          [
            -8.1185225,
            27.6543073
          ],
          [
            -8.1187763,
            27.6545786
          ],
          [
            -8.1190175,
            27.6548139
          ],
          [
            -8.1192291,
            27.655006
          ],
          [
            -8.1194792,
            27.6552252
          ],
          [
            -8.1196879,
            27.6554208
          ],
          [
            -8.119892,
            27.655604
          ],
          [
            -8.1200582,
            27.6557418
          ],
          [
            -8.1201356,
            27.6557973
          ],
          [
            -8.1202231,
            27.6558399
          ],
          [
            -8.1204321,
            27.6559556
          ],
          [
            -8.120653,
            27.6560747
          ],
          [
            -8.1210396,
            27.6562839
          ],
          [
            -8.1215817,
            27.6565598
          ]
        ]
      },
      "properties": {
        "highway": "tertiary"
      }
    },
    {
      "type": "Feature",
      "geometry": {
        "type": "LineString",
        "coordinates": [
          [
            -8.1196942,
            27.6359123
          ],
          [
            -8.1197211,
            27.6359715
          ],
          [
            -8.1197498,
            27.6360108
          ],
          [
            -8.1197743,
            27.6360524
          ],
          [
            -8.1200861,
            27.6367331
          ],
          [
            -8.12086,
            27.6384699
          ],
          [
            -8.1212848,
            27.6393422
          ],
          [
            -8.1216195,
            27.6401068
          ],
          [
            -8.1221347,
            27.6412827
          ],
          [
            -8.1223172,
            27.6416751
          ],
          [
            -8.1226334,
            27.6423267
          ],
          [
            -8.1227911,
            27.6426153
          ],
          [
            -8.1229086,
            27.6428185
          ],
          [
            -8.1230852,
            27.6430787
          ],
          [
            -8.1232172,
            27.6432864
          ],
          [
            -8.1232385,
            27.6433317
          ],
          [
            -8.1232551,
            27.6433821
          ],
          [
            -8.1233237,
            27.643624
          ]
        ]
      },
      "properties": {
        "highway": "primary",
        "ref": "RN 50"
      }
    },
    {
      "type": "Feature",
      "geometry": {
        "type": "LineString",
        "coordinates": [
          [
            -8.1196586,
            27.6359
          ],
          [
            -8.1196942,
            27.6359123
          ],
          [
            -8.1197368,
            27.6359146
          ],
          [
            -8.119778,
            27.6359046
          ],
          [
            -8.1198133,
            27.6358834
          ],
          [
            -8.1198389,
            27.6358531
          ],
          [
            -8.1198516,
            27.6358203
          ],
          [
            -8.1198526,
            27.6357857
          ],
          [
            -8.1198421,
            27.6357523
          ],
          [
            -8.1198208,
            27.6357232
          ],
          [
            -8.1197907,
            27.635701
          ],
          [
            -8.1197545,
            27.6356878
          ],
          [
            -8.1197095,
            27.6356851
          ],
          [
            -8.1196662,
            27.6356961
          ],
          [
            -8.1196297,
            27.6357196
          ],
          [
            -8.1196044,
            27.6357527
          ],
          [
            -8.1195941,
            27.6357853
          ],
          [
            -8.1195949,
            27.6358191
          ],
          [
            -8.1196068,
            27.6358513
          ],
          [
            -8.1196286,
            27.6358791
          ],
          [
            -8.1196586,
            27.6359
          ]
        ]
      },
      "properties": {
        "highway": "primary"
      }
    },
    {
      "type": "Feature",
      "geometry": {
        "type": "LineString",
        "coordinates": [
          [
            -8.1237049,
            27.6435191
          ],
          [
            -8.123601,
            27.6434481
          ],
          [
            -8.123486,
            27.6433484
          ],
          [
            -8.1233905,
            27.6432543
          ],
          [
            -8.1231926,
            27.6430106
          ],
          [
            -8.1230132,
            27.642758
          ],
          [
            -8.1228883,
            27.6425614
          ],
          [
            -8.1227345,
            27.6422716
          ],
          [
            -8.1225908,
            27.6419763
          ],
          [
            -8.1213935,
            27.639318
          ],
          [
            -8.1210779,
            27.6386784
          ],
          [
            -8.1209135,
            27.6383145
          ],
          [
            -8.1201893,
            27.6366738
          ],
          [
            -8.1200818,
            27.6364457
          ],
          [
            -8.1198862,
            27.6360096
          ],
          [
            -8.1198691,
            27.6359645
          ],
          [
            -8.1198574,
            27.6359181
          ],
          [
            -8.1198389,
            27.6358531
          ]
        ]
      },
      "properties": {
        "highway": "primary",
        "ref": "RN 50"
      }
    },
    {
      "type": "Feature",
      "geometry": {
        "type": "LineString",
        "coordinates": [
          [
            -8.1055251,
            27.6038109
          ],
          [
            -8.1055619,
            27.6038751
          ],
          [
            -8.1055887,
            27.6039351
          ],
          [
            -8.1056062,
            27.6039981
          ],
          [
            -8.1056155,
            27.6040629
          ],
          [
            -8.1056491,
            27.6045394
          ],
          [
            -8.1056766,
            27.6047272
          ],
          [
            -8.1057195,
            27.6049103
          ],
          [
            -8.1057711,
            27.6051064
          ],
          [
            -8.1058529,
            27.60535
          ],
          [
            -8.1059441,
            27.60559
          ],
          [
            -8.106203,
            27.6061973
          ],
          [
            -8.1065892,
            27.6070054
          ],
          [
            -8.1068346,
            27.6075105
          ],
          [
            -8.1070713,
            27.6080298
          ],
          [
            -8.1070841,
            27.6080573
          ],
          [
            -8.1071544,
            27.6082087
          ],
          [
            -8.1075427,
            27.6091124
          ],
          [
            -8.1075693,
            27.6091729
          ],
          [
            -8.107593,
            27.6092342
          ],
          [
            -8.1076138,
            27.6092965
          ],
          [
            -8.1076317,
            27.6093594
          ]
        ]
      },
      "properties": {
        "highway": "primary",
        "ref": "RN 50"
      }
    },
    {
      "type": "Feature",
      "geometry": {
        "type": "LineString",
        "coordinates": [
          [
            -8.1077859,
            27.6092978
          ],
          [
            -8.1077385,
            27.6092062
          ],
          [
            -8.1076941,
            27.6091138
          ],
          [
            -8.107653,
            27.6090203
          ],
          [
            -8.1073201,
            27.6082592
          ],
          [
            -8.1066602,
            27.6068426
          ],
          [
            -8.1063075,
            27.6061652
          ],
          [
            -8.1060367,
            27.6055507
          ],
          [
            -8.1059468,
            27.6053238
          ],
          [
            -8.1058624,
            27.6050766
          ],
          [
            -8.1058141,
            27.6048948
          ],
          [
            -8.1057698,
            27.604707
          ],
          [
            -8.105743,
            27.6045169
          ],
          [
            -8.1057213,
            27.604102
          ],
          [
            -8.1057193,
            27.6040164
          ],
          [
            -8.1057281,
            27.6039383
          ],
          [
            -8.1057384,
            27.6038796
          ],
          [
            -8.10576,
            27.6038048
          ]
        ]
      },
      "properties": {
        "highway": "primary",
        "ref": "RN 50"
      }
    },
    {
      "type": "Feature",
      "geometry": {
        "type": "LineString",
        "coordinates": [
          [
            -8.1073615,
            27.6095228
          ],
          [
            -8.1072488,
            27.6095625
          ],
          [
            -8.1068961,
            27.6096869
          ],
          [
            -8.10628,
            27.6099041
          ],
          [
            -8.1059685,
            27.6100116
          ],
          [
            -8.1056722,
            27.6101016
          ],
          [
            -8.1055813,
            27.6101262
          ],
          [
            -8.1054901,
            27.6101446
          ],
          [
            -8.1054043,
            27.6101618
          ],
          [
            -8.1053238,
            27.6101785
          ],
          [
            -8.1052568,
            27.6101963
          ],
          [
            -8.1051763,
            27.6102212
          ],
          [
            -8.1050072,
            27.6102837
          ],
          [
            -8.104642,
            27.6104117
          ],
          [
            -8.1041642,
            27.6105792
          ],
          [
            -8.1036989,
            27.6107423
          ],
          [
            -8.1036463,
            27.610761
          ]
        ]
      },
      "properties": {
        "highway": "tertiary"
      }
    },
    {
      "type": "Feature",
      "geometry": {
        "type": "LineString",
        "coordinates": [
          [
            -8.1098194,
            27.6244102
          ],
          [
            -8.1098278,
            27.6243772
          ],
          [
            -8.1098247,
            27.6243442
          ],
          [
            -8.1098099,
            27.6243138
          ],
          [
            -8.1097848,
            27.6242892
          ],
          [
            -8.1097521,
            27.6242725
          ],
          [
            -8.1097156,
            27.6242669
          ],
          [
            -8.1096835,
            27.6242703
          ],
          [
            -8.1096537,
            27.6242815
          ],
          [
            -8.1096286,
            27.6242996
          ],
          [
            -8.1096101,
            27.6243232
          ],
          [
            -8.1096029,
            27.6243392
          ],
          [
            -8.109598,
            27.6243674
          ],
          [
            -8.109602,
            27.6243957
          ],
          [
            -8.1096147,
            27.6244218
          ],
          [
            -8.1096351,
            27.6244439
          ],
          [
            -8.1096616,
            27.6244601
          ],
          [
            -8.109676,
            27.6244641
          ],
          [
            -8.1096971,
            27.6244699
          ],
          [
            -8.1097343,
            27.6244691
          ],
          [
            -8.1097693,
            27.6244578
          ],
          [
            -8.1097814,
            27.6244493
          ],
          [
            -8.1098194,
            27.6244102
          ]
        ]
      },
      "properties": {
        "highway": "tertiary"
      }
    },
    {
      "type": "Feature",
      "geometry": {
        "type": "LineString",
        "coordinates": [
          [
            -8.1096029,
            27.6243392
          ],
          [
            -8.1095525,
            27.624364
          ],
          [
            -8.1095011,
            27.624387
          ],
          [
            -8.1094487,
            27.6244084
          ],
          [
            -8.1091163,
            27.6245289
          ],
          [
            -8.1090676,
            27.6245473
          ],
          [
            -8.1090214,
            27.6245703
          ],
          [
            -8.1089784,
            27.6245977
          ],
          [
            -8.108939,
            27.624629
          ]
        ]
      },
      "properties": {
        "highway": "tertiary"
      }
    },
    {
      "type": "Feature",
      "geometry": {
        "type": "LineString",
        "coordinates": [
          [
            -8.108939,
            27.624629
          ],
          [
            -8.1085942,
            27.6247427
          ],
          [
            -8.1080474,
            27.6249521
          ],
          [
            -8.1080076,
            27.6249673
          ],
          [
            -8.1075339,
            27.6251487
          ],
          [
            -8.1070501,
            27.625334
          ],
          [
            -8.1065508,
            27.6255252
          ],
          [
            -8.1063641,
            27.6255967
          ],
          [
            -8.1060347,
            27.6257228
          ],
          [
            -8.1055379,
            27.6259131
          ],
          [
            -8.1054277,
            27.6259553
          ],
          [
            -8.1050239,
            27.6261099
          ],
          [
            -8.1045244,
            27.6263012
          ],
          [
            -8.1027102,
            27.6269959
          ],
          [
            -8.1021606,
            27.6272064
          ]
        ]
      },
      "properties": {
        "highway": "tertiary"
      }
    },
    {
      "type": "Feature",
      "geometry": {
        "type": "LineString",
        "coordinates": [
          [
            -8.1137547,
            27.6228756
          ],
          [
            -8.1137884,
            27.6229112
          ],
          [
            -8.113809,
            27.6229344
          ],
          [
            -8.1138428,
            27.6229781
          ],
          [
            -8.1138808,
            27.6230324
          ],
          [
            -8.1139148,
            27.6230955
          ],
          [
            -8.1140465,
            27.6234084
          ],
          [
            -8.1142284,
            27.6238138
          ],
          [
            -8.114939,
            27.6253974
          ],
          [
            -8.115464,
            27.6265325
          ],
          [
            -8.115938,
            27.6275571
          ],
          [
            -8.1168645,
            27.629606
          ],
          [
            -8.1177968,
            27.6315922
          ],
          [
            -8.1185706,
            27.6332817
          ],
          [
            -8.118977,
            27.6342203
          ],
          [
            -8.1192479,
            27.6348619
          ],
          [
            -8.1195651,
            27.6356107
          ],
          [
            -8.1195761,
            27.6356439
          ],
          [
            -8.1195839,
            27.6356779
          ],
          [
            -8.1195886,
            27.6357124
          ],
          [
            -8.1196044,
            27.6357527
          ]
        ]
      },
      "properties": {
        "highway": "primary",
        "ref": "RN 50"
      }
    },
    {
      "type": "Feature",
      "geometry": {
        "type": "LineString",
        "coordinates": [
          [
            -8.1197545,
            27.6356878
          ],
          [
            -8.1197353,
            27.6356478
          ],
          [
            -8.1197152,
            27.6356208
          ],
          [
            -8.1196951,
            27.6355896
          ],
          [
            -8.1196568,
            27.6355157
          ],
          [
            -8.1194249,
            27.6349451
          ],
          [
            -8.119213,
            27.6344841
          ],
          [
            -8.1189394,
            27.6338496
          ],
          [
            -8.1186926,
            27.6333007
          ],
          [
            -8.1186404,
            27.6331857
          ],
          [
            -8.1180999,
            27.6319938
          ],
          [
            -8.1177587,
            27.631239
          ],
          [
            -8.1176949,
            27.6310979
          ],
          [
            -8.1174548,
            27.630549
          ],
          [
            -8.1170281,
            27.6296327
          ],
          [
            -8.1160625,
            27.6275195
          ],
          [
            -8.1150724,
            27.625363
          ],
          [
            -8.1141703,
            27.6233635
          ],
          [
            -8.1140316,
            27.6230311
          ],
          [
            -8.1139947,
            27.62291
          ],
          [
            -8.1139813,
            27.622795
          ]
        ]
      },
      "properties": {
        "highway": "primary",
        "ref": "RN 50"
      }
    },
    {
      "type": "Feature",
      "geometry": {
        "type": "LineString",
        "coordinates": [
          [
            -8.1136888,
            27.6226589
          ],
          [
            -8.1136665,
            27.6227004
          ],
          [
            -8.1136596,
            27.6227416
          ],
          [
            -8.113666,
            27.6227828
          ],
          [
            -8.1136851,
            27.6228209
          ],
          [
            -8.1137155,
            27.6228526
          ],
          [
            -8.1137397,
            27.6228668
          ],
          [
            -8.1137547,
            27.6228756
          ],
          [
            -8.1137919,
            27.6228866
          ],
          [
            -8.1138309,
            27.6228897
          ],
          [
            -8.1138789,
            27.6228821
          ],
          [
            -8.1139223,
            27.6228625
          ],
          [
            -8.1139574,
            27.6228326
          ],
          [
            -8.1139813,
            27.622795
          ],
          [
            -8.1139903,
            27.622765
          ],
          [
            -8.1139889,
            27.6227126
          ],
          [
            -8.1139669,
            27.6226641
          ],
          [
            -8.1139271,
            27.6226254
          ],
          [
            -8.1138746,
            27.6226014
          ],
          [
            -8.1138402,
            27.6225955
          ],
          [
            -8.1138052,
            27.6225961
          ],
          [
            -8.1137711,
            27.6226032
          ],
          [
            -8.1137394,
            27.6226165
          ],
          [
            -8.1137116,
            27.6226353
          ],
          [
            -8.1136888,
            27.6226589
          ]
        ]
      },
      "properties": {
        "highway": "primary"
      }
    },
    {
      "type": "Feature",
      "geometry": {
        "type": "LineString",
        "coordinates": [
          [
            -8.1136665,
            27.6227004
          ],
          [
            -8.1136038,
            27.622752
          ],
          [
            -8.1135334,
            27.6227969
          ],
          [
            -8.1134677,
            27.6228316
          ],
          [
            -8.1133856,
            27.6228707
          ],
          [
            -8.1109251,
            27.6238218
          ],
          [
            -8.1102896,
            27.6240726
          ],
          [
            -8.1099052,
            27.6242314
          ],
          [
            -8.1098556,
            27.6242491
          ],
          [
            -8.1098045,
            27.6242628
          ],
          [
            -8.1097521,
            27.6242725
          ]
        ]
      },
      "properties": {
        "highway": "tertiary"
      }
    },
    {
      "type": "Feature",
      "geometry": {
        "type": "LineString",
        "coordinates": [
          [
            -8.1098194,
            27.6244102
          ],
          [
            -8.1098991,
            27.6243611
          ],
          [
            -8.1099816,
            27.6243159
          ],
          [
            -8.1100667,
            27.6242746
          ],
          [
            -8.1101541,
            27.6242373
          ],
          [
            -8.1109464,
            27.6239224
          ],
          [
            -8.1117142,
            27.6236301
          ],
          [
            -8.1133349,
            27.623005
          ],
          [
            -8.1134164,
            27.6229787
          ],
          [
            -8.1135002,
            27.6229587
          ],
          [
            -8.11361,
            27.6229402
          ],
          [
            -8.1136762,
            27.6229173
          ],
          [
            -8.1137397,
            27.6228668
          ]
        ]
      },
      "properties": {
        "highway": "tertiary"
      }
    },
    {
      "type": "Feature",
      "geometry": {
        "type": "LineString",
        "coordinates": [
          [
            -8.1097156,
            27.6242669
          ],
          [
            -8.109688,
            27.6242302
          ],
          [
            -8.109664,
            27.6241917
          ],
          [
            -8.1096437,
            27.6241514
          ],
          [
            -8.1094829,
            27.6237904
          ],
          [
            -8.1091983,
            27.6231854
          ],
          [
            -8.1086787,
            27.6220804
          ],
          [
            -8.1081524,
            27.6209613
          ],
          [
            -8.1070795,
            27.6186797
          ],
          [
            -8.1066214,
            27.6177056
          ],
          [
            -8.1065831,
            27.6175948
          ]
        ]
      },
      "properties": {
        "highway": "tertiary"
      }
    },
    {
      "type": "Feature",
      "geometry": {
        "type": "LineString",
        "coordinates": [
          [
            -8.1064061,
            27.6175069
          ],
          [
            -8.1063942,
            27.6175324
          ],
          [
            -8.1063916,
            27.6175598
          ],
          [
            -8.1063997,
            27.6175892
          ],
          [
            -8.1064184,
            27.6176146
          ],
          [
            -8.1064455,
            27.6176331
          ],
          [
            -8.1064647,
            27.6176399
          ],
          [
            -8.1064923,
            27.6176435
          ],
          [
            -8.1065199,
            27.6176402
          ],
          [
            -8.1065454,
            27.6176305
          ],
          [
            -8.106567,
            27.6176149
          ],
          [
            -8.1065831,
            27.6175948
          ],
          [
            -8.106594,
            27.6175613
          ],
          [
            -8.1065895,
            27.6175261
          ],
          [
            -8.1065701,
            27.6174951
          ],
          [
            -8.1065387,
            27.6174733
          ],
          [
            -8.1065101,
            27.6174649
          ],
          [
            -8.1064798,
            27.6174643
          ],
          [
            -8.1064508,
            27.6174717
          ],
          [
            -8.1064254,
            27.6174863
          ],
          [
            -8.1064061,
            27.6175069
          ]
        ]
      },
      "properties": {
        "highway": "tertiary"
      }
    },
    {
      "type": "Feature",
      "geometry": {
        "type": "LineString",
        "coordinates": [
          [
            -8.1064647,
            27.6176399
          ],
          [
            -8.1064875,
            27.6176712
          ],
          [
            -8.1065079,
            27.6177036
          ],
          [
            -8.1065257,
            27.6177372
          ],
          [
            -8.1067432,
            27.6181942
          ],
          [
            -8.1069954,
            27.6187327
          ],
          [
            -8.1072917,
            27.6193653
          ],
          [
            -8.1075243,
            27.619862
          ],
          [
            -8.1078049,
            27.6204612
          ],
          [
            -8.1080556,
            27.6209964
          ],
          [
            -8.1083511,
            27.6216271
          ],
          [
            -8.1085815,
            27.6221192
          ],
          [
            -8.1088724,
            27.6227402
          ],
          [
            -8.1091072,
            27.6232416
          ],
          [
            -8.109563,
            27.6241996
          ],
          [
            -8.1095808,
            27.6242402
          ],
          [
            -8.1095965,
            27.6242814
          ],
          [
            -8.1096101,
            27.6243232
          ]
        ]
      },
      "properties": {
        "highway": "tertiary"
      }
    },
    {
      "type": "Feature",
      "geometry": {
        "type": "LineString",
        "coordinates": [
          [
            -8.105497,
            27.6152741
          ],
          [
            -8.1054714,
            27.6152412
          ],
          [
            -8.1054475,
            27.6152074
          ],
          [
            -8.1054254,
            27.6151727
          ],
          [
            -8.1054051,
            27.6151371
          ],
          [
            -8.1039338,
            27.6120151
          ],
          [
            -8.1035022,
            27.6111052
          ],
          [
            -8.1034833,
            27.6110601
          ],
          [
            -8.1034688,
            27.6110137
          ],
          [
            -8.103459,
            27.6109665
          ]
        ]
      },
      "properties": {
        "highway": "tertiary"
      }
    },
    {
      "type": "Feature",
      "geometry": {
        "type": "LineString",
        "coordinates": [
          [
            -8.103459,
            27.6109665
          ],
          [
            -8.1034776,
            27.6109337
          ],
          [
            -8.1034822,
            27.6108972
          ],
          [
            -8.1034739,
            27.6108651
          ],
          [
            -8.1034547,
            27.6108369
          ],
          [
            -8.1034266,
            27.6108154
          ],
          [
            -8.1033923,
            27.6108028
          ],
          [
            -8.1033534,
            27.6108004
          ],
          [
            -8.1033158,
            27.6108094
          ],
          [
            -8.1032835,
            27.6108289
          ],
          [
            -8.1032602,
            27.6108566
          ],
          [
            -8.1032503,
            27.610881
          ],
          [
            -8.1032474,
            27.6109068
          ],
          [
            -8.1032518,
            27.6109325
          ],
          [
            -8.1032678,
            27.6109628
          ],
          [
            -8.1032939,
            27.6109871
          ],
          [
            -8.1033274,
            27.6110028
          ],
          [
            -8.1033635,
            27.6110082
          ],
          [
            -8.1033998,
            27.6110035
          ],
          [
            -8.1034327,
            27.6109891
          ],
          [
            -8.103459,
            27.6109665
          ]
        ]
      },
      "properties": {
        "highway": "tertiary"
      }
    },
    {
      "type": "Feature",
      "geometry": {
        "type": "LineString",
        "coordinates": [
          [
            -8.1033274,
            27.6110028
          ],
          [
            -8.1033487,
            27.6110409
          ],
          [
            -8.1033689,
            27.6110794
          ],
          [
            -8.1033881,
            27.6111184
          ],
          [
            -8.1035684,
            27.6114945
          ],
          [
            -8.1038096,
            27.6120043
          ],
          [
            -8.1041115,
            27.6126423
          ],
          [
            -8.1043456,
            27.6131372
          ],
          [
            -8.1046338,
            27.6137464
          ],
          [
            -8.1048744,
            27.6142548
          ],
          [
            -8.1053131,
            27.615181
          ],
          [
            -8.1053359,
            27.6152313
          ],
          [
            -8.1053563,
            27.6152823
          ],
          [
            -8.1053745,
            27.6153342
          ]
        ]
      },
      "properties": {
        "highway": "tertiary"
      }
    },
    {
      "type": "Feature",
      "geometry": {
        "type": "LineString",
        "coordinates": [
          [
            -8.1053745,
            27.6153342
          ],
          [
            -8.1053669,
            27.6153712
          ],
          [
            -8.1053756,
            27.615408
          ],
          [
            -8.1053897,
            27.6154294
          ],
          [
            -8.1054095,
            27.615447
          ],
          [
            -8.1054336,
            27.6154595
          ],
          [
            -8.1054704,
            27.6154672
          ],
          [
            -8.1055081,
            27.6154634
          ],
          [
            -8.105542,
            27.6154485
          ],
          [
            -8.1055682,
            27.6154243
          ],
          [
            -8.1055869,
            27.6153681
          ],
          [
            -8.1055825,
            27.6153428
          ],
          [
            -8.1055702,
            27.6153183
          ],
          [
            -8.1055507,
            27.6152977
          ],
          [
            -8.1055257,
            27.6152826
          ],
          [
            -8.105497,
            27.6152741
          ],
          [
            -8.1054668,
            27.6152729
          ],
          [
            -8.1054373,
            27.615279
          ],
          [
            -8.1054109,
            27.6152919
          ],
          [
            -8.1053894,
            27.6153108
          ],
          [
            -8.1053745,
            27.6153342
          ]
        ]
      },
      "properties": {
        "highway": "tertiary"
      }
    },
    {
      "type": "Feature",
      "geometry": {
        "type": "LineString",
        "coordinates": [
          [
            -8.1065101,
            27.6174649
          ],
          [
            -8.1064833,
            27.6174168
          ],
          [
            -8.1064587,
            27.6173678
          ],
          [
            -8.1064363,
            27.617318
          ],
          [
            -8.1056101,
            27.6155667
          ],
          [
            -8.1055927,
            27.6155201
          ],
          [
            -8.1055787,
            27.6154725
          ],
          [
            -8.1055682,
            27.6154243
          ]
        ]
      },
      "properties": {
        "highway": "tertiary"
      }
    },
    {
      "type": "Feature",
      "geometry": {
        "type": "LineString",
        "coordinates": [
          [
            -8.1054336,
            27.6154595
          ],
          [
            -8.1054961,
            27.6155689
          ],
          [
            -8.1056999,
            27.6159996
          ],
          [
            -8.1059394,
            27.6165059
          ],
          [
            -8.1062115,
            27.6170811
          ],
          [
            -8.1063559,
            27.6173801
          ],
          [
            -8.1063754,
            27.6174214
          ],
          [
            -8.1063922,
            27.6174638
          ],
          [
            -8.1064061,
            27.6175069
          ]
        ]
      },
      "properties": {
        "highway": "tertiary"
      }
    },
    {
      "type": "Feature",
      "geometry": {
        "type": "LineString",
        "coordinates": [
          [
            -8.1034822,
            27.6108972
          ],
          [
            -8.1035281,
            27.6108438
          ],
          [
            -8.1035833,
            27.610798
          ],
          [
            -8.1036463,
            27.610761
          ]
        ]
      },
      "properties": {
        "highway": "tertiary"
      }
    },
    {
      "type": "Feature",
      "geometry": {
        "type": "LineString",
        "coordinates": [
          [
            -8.1031179,
            27.6109292
          ],
          [
            -8.1031516,
            27.6109275
          ],
          [
            -8.1031851,
            27.6109272
          ],
          [
            -8.1032185,
            27.6109288
          ],
          [
            -8.1032518,
            27.6109325
          ]
        ]
      },
      "properties": {
        "highway": "tertiary"
      }
    },
    {
      "type": "Feature",
      "geometry": {
        "type": "LineString",
        "coordinates": [
          [
            -8.1100251,
            27.6446753
          ],
          [
            -8.1100038,
            27.6446957
          ],
          [
            -8.109978,
            27.6447113
          ],
          [
            -8.1099489,
            27.6447212
          ],
          [
            -8.109918,
            27.6447249
          ],
          [
            -8.1098108,
            27.6447286
          ]
        ]
      },
      "properties": {
        "highway": "tertiary"
      }
    },
    {
      "type": "Feature",
      "geometry": {
        "type": "LineString",
        "coordinates": [
          [
            -8.0990139,
            27.6105391
          ],
          [
            -8.0994007,
            27.6121434
          ],
          [
            -8.0994366,
            27.6122922
          ],
          [
            -8.0996851,
            27.6133226
          ],
          [
            -8.0997347,
            27.6135383
          ],
          [
            -8.0998988,
            27.6144598
          ],
          [
            -8.0999591,
            27.6148016
          ],
          [
            -8.1000442,
            27.6152442
          ],
          [
            -8.1002022,
            27.6160656
          ],
          [
            -8.1004035,
            27.6172748
          ],
          [
            -8.1005027,
            27.6179106
          ],
          [
            -8.100591,
            27.6184767
          ],
          [
            -8.1006252,
            27.6187403
          ],
          [
            -8.1007836,
            27.6197965
          ],
          [
            -8.1008734,
            27.6203954
          ],
          [
            -8.1009986,
            27.6210824
          ],
          [
            -8.1012139,
            27.6222641
          ],
          [
            -8.1014305,
            27.6234529
          ],
          [
            -8.1014389,
            27.6234964
          ],
          [
            -8.101675,
            27.6247124
          ],
          [
            -8.1019087,
            27.6259163
          ],
          [
            -8.1021606,
            27.6272064
          ],
          [
            -8.1027309,
            27.6298963
          ],
          [
            -8.10292,
            27.630958
          ],
          [
            -8.103006,
            27.6323274
          ],
          [
            -8.1030661,
            27.6333554
          ],
          [
            -8.1030789,
            27.6336176
          ],
          [
            -8.1031216,
            27.6344931
          ],
          [
            -8.1032202,
            27.6352311
          ],
          [
            -8.1033829,
            27.6376419
          ],
          [
            -8.1035523,
            27.6383801
          ],
          [
            -8.1036344,
            27.6387379
          ],
          [
            -8.1043154,
            27.6417051
          ],
          [
            -8.1046449,
            27.6431405
          ],
          [
            -8.1047177,
            27.6432365
          ],
          [
            -8.1048126,
            27.6433055
          ],
          [
            -8.1049697,
            27.6433641
          ]
        ]
      },
      "properties": {
        "highway": "tertiary"
      }
    },
    {
      "type": "Feature",
      "geometry": {
        "type": "LineString",
        "coordinates": [
          [
            -8.0994366,
            27.6122922
          ],
          [
            -8.1001573,
            27.6120153
          ]
        ]
      },
      "properties": {
        "highway": "tertiary"
      }
    },
    {
      "type": "Feature",
      "geometry": {
        "type": "LineString",
        "coordinates": [
          [
            -8.108939,
            27.624629
          ],
          [
            -8.1089937,
            27.6246345
          ],
          [
            -8.1090487,
            27.624633
          ],
          [
            -8.109103,
            27.6246247
          ],
          [
            -8.1091554,
            27.6246098
          ],
          [
            -8.1094785,
            27.6244965
          ],
          [
            -8.1095231,
            27.6244832
          ],
          [
            -8.1095686,
            27.6244726
          ],
          [
            -8.1096148,
            27.6244649
          ],
          [
            -8.1096616,
            27.6244601
          ]
        ]
      },
      "properties": {
        "highway": "tertiary"
      }
    },
    {
      "type": "Feature",
      "geometry": {
        "type": "LineString",
        "coordinates": [
          [
            -8.1032602,
            27.6108566
          ],
          [
            -8.1032274,
            27.6108788
          ],
          [
            -8.1031926,
            27.6108984
          ],
          [
            -8.103156,
            27.6109153
          ],
          [
            -8.1031179,
            27.6109292
          ]
        ]
      },
      "properties": {
        "highway": "tertiary"
      }
    },
    {
      "type": "Feature",
      "geometry": {
        "type": "LineString",
        "coordinates": [
          [
            -8.1036463,
            27.610761
          ],
          [
            -8.1035623,
            27.6107782
          ],
          [
            -8.1034775,
            27.6107923
          ],
          [
            -8.1033923,
            27.6108028
          ]
        ]
      },
      "properties": {
        "highway": "tertiary"
      }
    },
    {
      "type": "Feature",
      "geometry": {
        "type": "LineString",
        "coordinates": [
          [
            -8.1098108,
            27.6447286
          ],
          [
            -8.1100539,
            27.6447731
          ]
        ]
      },
      "properties": {
        "highway": "tertiary"
      }
    },
    {
      "type": "Feature",
      "geometry": {
        "type": "LineString",
        "coordinates": [
          [
            -7.8279971,
            27.4920155
          ],
          [
            -7.8283506,
            27.4929117
          ],
          [
            -7.8284131,
            27.4930699
          ],
          [
            -7.8289063,
            27.4944269
          ],
          [
            -7.8290949,
            27.4948468
          ],
          [
            -7.8294507,
            27.4957626
          ],
          [
            -7.8297595,
            27.4966203
          ],
          [
            -7.8300434,
            27.497378
          ],
          [
            -7.8301892,
            27.497847
          ],
          [
            -7.8307094,
            27.4994969
          ],
          [
            -7.8308408,
            27.4999475
          ],
          [
            -7.8309663,
            27.5002847
          ],
          [
            -7.8310636,
            27.5005535
          ],
          [
            -7.8311196,
            27.5007081
          ],
          [
            -7.8311878,
            27.5008905
          ],
          [
            -7.8312933,
            27.501187
          ],
          [
            -7.8313658,
            27.5014635
          ],
          [
            -7.8315773,
            27.5019951
          ],
          [
            -7.8317319,
            27.5024569
          ],
          [
            -7.8318235,
            27.5028321
          ],
          [
            -7.832153,
            27.5038179
          ],
          [
            -7.8322165,
            27.504008
          ],
          [
            -7.8323704,
            27.5045453
          ],
          [
            -7.8324849,
            27.5049278
          ],
          [
            -7.8329951,
            27.5067097
          ],
          [
            -7.833174,
            27.5071482
          ]
        ]
      },
      "properties": {
        "highway": "tertiary"
      }
    },
    {
      "type": "Feature",
      "geometry": {
        "type": "LineString",
        "coordinates": [
          [
            -8.0872198,
            27.4757924
          ],
          [
            -8.0871057,
            27.4749076
          ],
          [
            -8.0870895,
            27.4747817
          ],
          [
            -8.0869195,
            27.4744196
          ],
          [
            -8.0867573,
            27.4742086
          ],
          [
            -8.0865828,
            27.4740522
          ],
          [
            -8.0861773,
            27.4737214
          ],
          [
            -8.0858146,
            27.4734192
          ],
          [
            -8.0843663,
            27.4722123
          ],
          [
            -8.0829288,
            27.4710143
          ],
          [
            -8.0828456,
            27.4709411
          ],
          [
            -8.0820221,
            27.4702163
          ],
          [
            -8.0812633,
            27.4694755
          ],
          [
            -8.0803158,
            27.4684078
          ],
          [
            -8.079427,
            27.4673546
          ],
          [
            -8.0788272,
            27.4666312
          ],
          [
            -8.0784049,
            27.4661812
          ],
          [
            -8.0778511,
            27.4657234
          ],
          [
            -8.0772944,
            27.4653585
          ],
          [
            -8.0747667,
            27.4638407
          ],
          [
            -8.0687259,
            27.4601756
          ],
          [
            -8.0632685,
            27.4570333
          ],
          [
            -8.0624873,
            27.4565136
          ],
          [
            -8.0616958,
            27.4558711
          ],
          [
            -8.0611362,
            27.4552849
          ],
          [
            -8.0606001,
            27.4546732
          ],
          [
            -8.0585885,
            27.452326
          ],
          [
            -8.0576829,
            27.4513355
          ],
          [
            -8.0564301,
            27.4501842
          ],
          [
            -8.0521373,
            27.4465462
          ],
          [
            -8.047795,
            27.4429461
          ],
          [
            -8.0386715,
            27.4352181
          ],
          [
            -8.0319283,
            27.4295671
          ],
          [
            -8.0318218,
            27.4294931
          ],
          [
            -8.0268567,
            27.4254679
          ],
          [
            -8.0245191,
            27.4233892
          ],
          [
            -8.0202584,
            27.4196556
          ],
          [
            -8.0180754,
            27.417773
          ],
          [
            -8.0158231,
            27.4160577
          ],
          [
            -8.0128822,
            27.4137818
          ],
          [
            -8.0071254,
            27.4094526
          ],
          [
            -7.9997348,
            27.4038201
          ],
          [
            -7.9973952,
            27.4020383
          ],
          [
            -7.9968163,
            27.4016354
          ],
          [
            -7.996324,
            27.4012929
          ],
          [
            -7.9952775,
            27.4006684
          ],
          [
            -7.9930622,
            27.3993047
          ],
          [
            -7.9910939,
            27.397969
          ],
          [
            -7.9882356,
            27.3958462
          ],
          [
            -7.9832822,
            27.3922707
          ],
          [
            -7.981918,
            27.3913956
          ],
          [
            -7.9747181,
            27.3874523
          ],
          [
            -7.9599828,
            27.3793255
          ],
          [
            -7.9521681,
            27.3750135
          ],
          [
            -7.95102,
            27.3743508
          ],
          [
            -7.9499352,
            27.3737874
          ],
          [
            -7.9493197,
            27.3735296
          ],
          [
            -7.948535,
            27.3732671
          ],
          [
            -7.9480087,
            27.3731173
          ],
          [
            -7.9470561,
            27.3729131
          ],
          [
            -7.9463684,
            27.3728262
          ],
          [
            -7.945596,
            27.3727613
          ],
          [
            -7.9323471,
            27.3718555
          ],
          [
            -7.9256244,
            27.3713997
          ],
          [
            -7.9190693,
            27.3709783
          ],
          [
            -7.9121555,
            27.3705377
          ],
          [
            -7.9111708,
            27.3704097
          ],
          [
            -7.9101738,
            27.3701938
          ],
          [
            -7.9092072,
            27.369874
          ],
          [
            -7.9082087,
            27.3694503
          ],
          [
            -7.9074718,
            27.3690407
          ],
          [
            -7.9066823,
            27.3684986
          ],
          [
            -7.9048748,
            27.3670749
          ],
          [
            -7.8985448,
            27.3620788
          ],
          [
            -7.8912786,
            27.3563464
          ],
          [
            -7.8883628,
            27.3540977
          ],
          [
            -7.882908,
            27.3498101
          ],
          [
            -7.8795945,
            27.3470584
          ],
          [
            -7.8716993,
            27.34035
          ],
          [
            -7.8618176,
            27.3319456
          ],
          [
            -7.8520311,
            27.3230393
          ],
          [
            -7.8491828,
            27.3211001
          ],
          [
            -7.8482356,
            27.3203067
          ],
          [
            -7.8469088,
            27.3191725
          ],
          [
            -7.8457555,
            27.3183076
          ],
          [
            -7.844312,
            27.3172938
          ],
          [
            -7.8422999,
            27.3159129
          ],
          [
            -7.8305858,
            27.3078083
          ],
          [
            -7.8032071,
            27.289341
          ],
          [
            -7.7902422,
            27.2813493
          ],
          [
            -7.7862868,
            27.2791731
          ],
          [
            -7.7788491,
            27.2761616
          ],
          [
            -7.7658274,
            27.2712798
          ],
          [
            -7.7576519,
            27.267811
          ],
          [
            -7.7519662,
            27.2648278
          ],
          [
            -7.746309,
            27.2605117
          ],
          [
            -7.7344621,
            27.2490516
          ],
          [
            -7.7185371,
            27.2338921
          ],
          [
            -7.7143665,
            27.2302661
          ],
          [
            -7.7100572,
            27.2273044
          ],
          [
            -7.7050038,
            27.2241077
          ],
          [
            -7.6979456,
            27.2212099
          ],
          [
            -7.6907654,
            27.2181985
          ],
          [
            -7.6744214,
            27.2075996
          ],
          [
            -7.6508818,
            27.1927428
          ],
          [
            -7.6428618,
            27.1882695
          ],
          [
            -7.6280043,
            27.1824539
          ],
          [
            -7.6187261,
            27.1785131
          ],
          [
            -7.6124442,
            27.1746249
          ],
          [
            -7.5967863,
            27.1623458
          ],
          [
            -7.5799759,
            27.1492672
          ],
          [
            -7.5759788,
            27.1461237
          ],
          [
            -7.5703335,
            27.1425468
          ],
          [
            -7.5647136,
            27.1388954
          ],
          [
            -7.5620335,
            27.1369142
          ],
          [
            -7.5603361,
            27.1354717
          ],
          [
            -7.5586604,
            27.1339201
          ],
          [
            -7.5377979,
            27.1136497
          ],
          [
            -7.5361611,
            27.1119249
          ],
          [
            -7.5345805,
            27.1101239
          ],
          [
            -7.5285667,
            27.1029771
          ],
          [
            -7.5273102,
            27.1013512
          ],
          [
            -7.5262742,
            27.0998886
          ],
          [
            -7.5253334,
            27.0984443
          ],
          [
            -7.5243463,
            27.0967633
          ],
          [
            -7.5233732,
            27.0949915
          ],
          [
            -7.5225224,
            27.093172
          ],
          [
            -7.5218787,
            27.0916055
          ],
          [
            -7.5212183,
            27.0896564
          ],
          [
            -7.5208058,
            27.0881478
          ],
          [
            -7.520319,
            27.0863057
          ],
          [
            -7.5170209,
            27.0731395
          ],
          [
            -7.5142117,
            27.0619673
          ],
          [
            -7.5140328,
            27.0614286
          ],
          [
            -7.5138038,
            27.0608972
          ],
          [
            -7.5134749,
            27.0602358
          ],
          [
            -7.5129209,
            27.0593882
          ],
          [
            -7.5088311,
            27.0536738
          ],
          [
            -7.4961831,
            27.0359648
          ],
          [
            -7.4927547,
            27.0306027
          ],
          [
            -7.4916191,
            27.0284889
          ],
          [
            -7.4905076,
            27.02632
          ],
          [
            -7.4889204,
            27.0232036
          ],
          [
            -7.4882731,
            27.0222182
          ],
          [
            -7.4858193,
            27.0192523
          ],
          [
            -7.484973,
            27.0184086
          ],
          [
            -7.4808792,
            27.0148356
          ],
          [
            -7.4767634,
            27.0112172
          ],
          [
            -7.464901,
            27.0008396
          ],
          [
            -7.4630158,
            26.9990382
          ],
          [
            -7.4583878,
            26.9943382
          ],
          [
            -7.4537291,
            26.9897003
          ],
          [
            -7.4532356,
            26.9891841
          ],
          [
            -7.4526392,
            26.9884974
          ],
          [
            -7.4487169,
            26.9833778
          ],
          [
            -7.4478081,
            26.9821019
          ],
          [
            -7.4472729,
            26.9812329
          ],
          [
            -7.4470106,
            26.9805992
          ],
          [
            -7.4468085,
            26.9798481
          ],
          [
            -7.4466903,
            26.9790987
          ],
          [
            -7.446243,
            26.975419
          ],
          [
            -7.4458531,
            26.9721353
          ],
          [
            -7.4453858,
            26.9691612
          ],
          [
            -7.4449233,
            26.9667284
          ],
          [
            -7.4447472,
            26.9656877
          ],
          [
            -7.4446677,
            26.964898
          ],
          [
            -7.4445904,
            26.9638614
          ],
          [
            -7.4445734,
            26.9626221
          ],
          [
            -7.4445254,
            26.9619092
          ],
          [
            -7.4444399,
            26.9612421
          ],
          [
            -7.44443,
            26.9611898
          ],
          [
            -7.4439037,
            26.9586216
          ],
          [
            -7.4430659,
            26.9545887
          ],
          [
            -7.4428625,
            26.9535729
          ]
        ]
      },
      "properties": {
        "name": "طريق تندوف - شناشن",
        "highway": "primary",
        "ref": "RN 50"
      }
    },
    {
      "type": "Feature",
      "geometry": {
        "type": "LineString",
        "coordinates": [
          [
            -8.0744737,
            27.5811389
          ],
          [
            -8.0735886,
            27.581234
          ],
          [
            -8.0730254,
            27.5813481
          ],
          [
            -8.0724299,
            27.5815288
          ]
        ]
      },
      "properties": {
        "highway": "tertiary"
      }
    },
    {
      "type": "Feature",
      "geometry": {
        "type": "LineString",
        "coordinates": [
          [
            -8.0748493,
            27.5810961
          ],
          [
            -8.0744737,
            27.5811389
          ]
        ]
      },
      "properties": {
        "highway": "tertiary"
      }
    },
    {
      "type": "Feature",
      "geometry": {
        "type": "LineString",
        "coordinates": [
          [
            -8.0767322,
            27.5806824
          ],
          [
            -8.0759543,
            27.5809107
          ],
          [
            -8.0752999,
            27.581039
          ],
          [
            -8.0748493,
            27.5810961
          ]
        ]
      },
      "properties": {
        "highway": "tertiary"
      }
    },
    {
      "type": "Feature",
      "geometry": {
        "type": "LineString",
        "coordinates": [
          [
            -8.0920425,
            27.5675144
          ],
          [
            -8.0911743,
            27.5682646
          ],
          [
            -8.089875,
            27.569451
          ],
          [
            -8.0873966,
            27.5717056
          ],
          [
            -8.0821405,
            27.5764416
          ],
          [
            -8.0803918,
            27.5779633
          ],
          [
            -8.0781602,
            27.5799508
          ],
          [
            -8.0773223,
            27.5804542
          ],
          [
            -8.0767322,
            27.5806824
          ]
        ]
      },
      "properties": {
        "highway": "tertiary"
      }
    },
    {
      "type": "Feature",
      "geometry": {
        "type": "LineString",
        "coordinates": [
          [
            -8.1290941,
            27.6558404
          ],
          [
            -8.1291394,
            27.6558533
          ],
          [
            -8.1291852,
            27.655842
          ],
          [
            -8.1292164,
            27.6558102
          ],
          [
            -8.1292237,
            27.6557779
          ],
          [
            -8.1292142,
            27.6557459
          ],
          [
            -8.1291899,
            27.6557209
          ]
        ]
      },
      "properties": {
        "highway": "secondary"
      }
    },
    {
      "type": "Feature",
      "geometry": {
        "type": "LineString",
        "coordinates": [
          [
            -8.1290643,
            27.6558075
          ],
          [
            -8.1290424,
            27.6558382
          ],
          [
            -8.1285363,
            27.6565856
          ],
          [
            -8.1282628,
            27.6569954
          ],
          [
            -8.1277887,
            27.6577058
          ],
          [
            -8.1275748,
            27.6580199
          ],
          [
            -8.1272066,
            27.658564
          ],
          [
            -8.1269579,
            27.6589429
          ],
          [
            -8.1268928,
            27.6590397
          ],
          [
            -8.1268015,
            27.6591709
          ]
        ]
      },
      "properties": {
        "highway": "secondary"
      }
    },
    {
      "type": "Feature",
      "geometry": {
        "type": "LineString",
        "coordinates": [
          [
            -8.1269152,
            27.659231
          ],
          [
            -8.1270047,
            27.659096
          ],
          [
            -8.1274326,
            27.6584541
          ],
          [
            -8.1278189,
            27.6578661
          ],
          [
            -8.1279565,
            27.6576658
          ],
          [
            -8.1283821,
            27.6570465
          ],
          [
            -8.1291077,
            27.6559507
          ],
          [
            -8.1291852,
            27.655842
          ]
        ]
      },
      "properties": {
        "highway": "secondary"
      }
    },
    {
      "type": "Feature",
      "geometry": {
        "type": "LineString",
        "coordinates": [
          [
            -8.1291899,
            27.6557209
          ],
          [
            -8.1291388,
            27.6557061
          ],
          [
            -8.1291122,
            27.6557114
          ],
          [
            -8.1290768,
            27.6557339
          ],
          [
            -8.1290565,
            27.6557811
          ],
          [
            -8.1290643,
            27.6558075
          ],
          [
            -8.1290941,
            27.6558404
          ]
        ]
      },
      "properties": {
        "highway": "secondary"
      }
    }
  ]
}