{"type":"FeatureCollection","features":[{"type":"Feature","geometry":{"type":"LineString","coordinates":[[0.2919422,29.2559326],[0.2913979,29.255863],[0.2908266,29.2557648],[0.2897449,29.2555198],[0.2882065,29.2551549],[0.288069,29.2551222],[0.2837521,29.2540982],[0.2828259,29.2538785],[0.2783768,29.2528125]]},"properties":{"highway":"primary","ref":"RN 51"}},{"type":"Feature","geometry":{"type":"LineString","coordinates":[[0.2544478,29.2680636],[0.2555116,29.2676914],[0.2558617,29.2675183],[0.2561798,29.2673172],[0.2565736,29.2669991],[0.2571776,29.2664391],[0.2632087,29.2607706],[0.263515,29.2605517],[0.2639031,29.2603302],[0.2644574,29.2600731],[0.2687157,29.2582324],[0.2691366,29.2580381],[0.2695533,29.2578005],[0.2700154,29.2574837],[0.275431,29.2535131],[0.2758374,29.2531459],[0.2760965,29.2528859]]},"properties":{"highway":"primary","ref":"RN 118"}},{"type":"Feature","geometry":{"type":"LineString","coordinates":[[-0.2691639,28.9957901],[-0.2698291,28.9955086],[-0.2703258,28.9952564],[-0.2706333,28.9950363],[-0.2710169,28.9947418],[-0.2716147,28.9940719],[-0.2722591,28.9931569],[-0.2740618,28.9905998],[-0.2745474,28.9899217],[-0.2749771,28.9892927],[-0.2752479,28.9888351],[-0.2774768,28.9839402],[-0.2778378,28.9831538],[-0.2781804,28.9824402],[-0.2783191,28.9822126],[-0.2787651,28.9816925],[-0.2807187,28.9793086],[-0.2831324,28.9764168],[-0.2849162,28.9742928],[-0.2854046,28.9738593],[-0.2858583,28.9735744],[-0.2873126,28.9728628],[-0.2911819,28.9709998],[-0.2938433,28.9697427],[-0.2947423,28.9692597],[-0.2954997,28.9687457],[-0.2967455,28.9677548],[-0.2993362,28.9656864],[-0.3021817,28.9634259],[-0.3044892,28.9615866],[-0.306811,28.9597286],[-0.3079577,28.9588058],[-0.3083965,28.9585147],[-0.309076,28.9581803],[-0.3120065,28.9569973],[-0.3129267,28.9566319],[-0.3132948,28.9565328],[-0.3138398,28.9564213],[-0.3150219,28.9563098],[-0.3177258,28.9560497],[-0.3206209,28.9557772],[-0.3241247,28.9554427],[-0.3273312,28.9551578],[-0.3280815,28.955034],[-0.3286549,28.9548729],[-0.3293202,28.954619],[-0.330021,28.9542164],[-0.3322436,28.9528538],[-0.3349263,28.9512496],[-0.3406669,28.9477377],[-0.3421746,28.9468209],[-0.3428187,28.9465236],[-0.3432647,28.9463812],[-0.3437531,28.9462387],[-0.3447724,28.9461148],[-0.347087,28.9458485],[-0.3482337,28.9457184],[-0.3486796,28.9456564],[-0.3491397,28.9455573],[-0.3496706,28.9453715],[-0.3501944,28.9451361],[-0.3512845,28.9444176],[-0.3533868,28.9429805],[-0.3559421,28.9412027],[-0.3581788,28.9396727],[-0.3595167,28.9387559],[-0.3601979,28.9383141],[-0.360904,28.9379568],[-0.3637779,28.9365259],[-0.367579,28.9346427],[-0.3723144,28.932301],[-0.3764765,28.9302257],[-0.3810067,28.927983],[-0.3831089,28.9269422],[-0.3846166,28.9262112],[-0.3853245,28.9258518],[-0.3856926,28.9256164],[-0.3860182,28.9253996],[-0.3862517,28.9251827],[-0.3865774,28.9248606],[-0.3868746,28.9245074],[-0.3871861,28.924018],[-0.3878656,28.9228285],[-0.3889274,28.9209202],[-0.3894087,28.9200838],[-0.3902156,28.9186278],[-0.3914261,28.9164593],[-0.3929479,28.913764],[-0.3944273,28.9111307],[-0.3960341,28.9082742],[-0.3973153,28.9059753],[-0.3989362,28.9031063],[-0.4003377,28.9006152],[-0.4016402,28.8983161],[-0.4029638,28.895955],[-0.4034522,28.895106],[-0.4037354,28.8945173],[-0.4038628,28.8942012],[-0.4039548,28.8938914],[-0.4040185,28.8935815],[-0.4040681,28.8932716],[-0.4040926,28.8918112],[-0.4041409,28.8895004],[-0.4042451,28.8833858],[-0.4042666,28.8823195],[-0.4042237,28.8815821],[-0.4040735,28.8805768],[-0.4037248,28.878651],[-0.4032366,28.8759265],[-0.4028075,28.8734556],[-0.4023032,28.8706276],[-0.4017453,28.8674425],[-0.4009675,28.8630782],[-0.4004793,28.8602875],[-0.3998946,28.8569518],[-0.3990738,28.8523332],[-0.398355,28.8482877],[-0.3978829,28.8456423],[-0.3978454,28.8450832],[-0.3978507,28.8447308],[-0.398017,28.8436876],[-0.3983174,28.842245],[-0.3985803,28.8409528],[-0.3995314,28.8361882],[-0.3995834,28.8358636],[-0.3996049,28.835483],[-0.3995834,28.8351352],[-0.3995352,28.8347546],[-0.3991077,28.8327564],[-0.3987841,28.8312543]]},"properties":{"highway":"primary","ref":"RN 51A"}},{"type":"Feature","geometry":{"type":"LineString","coordinates":[[0.1894465,29.182938],[0.1885861,29.1819872],[0.1873205,29.1807314],[0.1863772,29.1798547],[0.1856673,29.1793532],[0.1851536,29.1790882],[0.1845232,29.1788517],[0.1839406,29.1786923],[0.1794082,29.177819],[0.1778288,29.1775445],[0.1776612,29.1775154],[0.1750311,29.1770583],[0.1741179,29.1770188],[0.1733606,29.1770982],[0.1729917,29.1771662],[0.1726243,29.177266],[0.1710022,29.1778588],[0.1582884,29.1826408],[0.1570903,29.1830735],[0.1568046,29.1831636],[0.1565541,29.1832285],[0.15624,29.1832936],[0.1558764,29.183344],[0.1552469,29.1833843],[0.1545674,29.1833287],[0.1540436,29.1832483],[0.1532366,29.1830135],[0.1514529,29.1823152],[0.1486003,29.1812337],[0.1440984,29.1795094],[0.1417413,29.1786257],[0.1408353,29.1782549],[0.1397877,29.1777419],[0.1372065,29.1763138],[0.1342665,29.1747321],[0.1317679,29.1733724],[0.1304088,29.1726184],[0.1286679,29.1716574],[0.1282445,29.1714402],[0.1278335,29.1712521],[0.1272872,29.1710485],[0.1268792,29.1709367],[0.1264661,29.1708631],[0.1260463,29.1708135],[0.1256946,29.1708074],[0.1253665,29.1708102],[0.1250434,29.1708383],[0.1246091,29.1708851],[0.1223465,29.1711288],[0.1190229,29.1714575],[0.1182835,29.1715306],[0.1179987,29.171559],[0.1163016,29.1717284],[0.1157353,29.1717469],[0.1151549,29.1717339],[0.1141629,29.1716885],[0.1116264,29.1715272],[0.1076706,29.1712919],[0.1039671,29.1710498],[0.1007818,29.170838],[0.100122,29.1708077],[0.0970779,29.1706301],[0.0961782,29.1705548],[0.0955178,29.1704659],[0.0948719,29.170318],[0.0942988,29.1701674],[0.0937812,29.1699952],[0.093091,29.1697262],[0.0916737,29.1691612],[0.0886221,29.1679176],[0.0858259,29.1667937],[0.0827572,29.1655453],[0.0799596,29.1643992],[0.0764287,29.1629948],[0.0728732,29.1615473],[0.0683933,29.1597446],[0.067133,29.159268],[0.0665016,29.1590666],[0.0660764,29.1589428],[0.0656327,29.1588514],[0.0652876,29.1587922],[0.0648193,29.1587168],[0.0629645,29.1584585],[0.0615596,29.1582271],[0.0589222,29.1578289],[0.0581026,29.157802],[0.057357,29.1578831],[0.0568641,29.1580065],[0.0561492,29.1582648],[0.0554036,29.1586361],[0.05496,29.1589213],[0.0546457,29.1591688],[0.0543191,29.1595348],[0.0540665,29.1599599],[0.0538446,29.1606487],[0.0534502,29.1621715],[0.0533024,29.1626612],[0.0531113,29.1629948],[0.0529083,29.1632817],[0.0527724,29.1634468],[0.0525074,29.1636889],[0.0521932,29.1638988],[0.0517618,29.1641409],[0.0512565,29.1642808],[0.0507389,29.1643669],[0.050246,29.1643723],[0.0492046,29.1642539],[0.0478232,29.1641207],[0.0469542,29.1639614],[0.0465465,29.1638209],[0.04601,29.1635773],[0.0452912,29.1631557],[0.0442183,29.1622563],[0.0428343,29.1611039],[0.0424373,29.1608228],[0.0419223,29.1605418],[0.0412357,29.1602513],[0.0389397,29.1594643],[0.0312883,29.1567281],[0.0295605,29.1561458],[0.0290523,29.156018],[0.0286824,29.155947],[0.0282352,29.1559044],[0.0276131,29.1558867],[0.0264579,29.1559343],[0.0256495,29.1559186],[0.0249869,29.1559115],[0.0242551,29.1558228],[0.0222833,29.1554677],[0.0200351,29.1550736],[0.0190187,29.1549742],[0.0174698,29.1549387],[0.015433,29.1548855],[0.0125074,29.1547804],[0.0112984,29.1547292],[0.0108106,29.1547115],[0.0076298,29.1546205],[0.0057775,29.1545365],[0.0053431,29.1545473],[0.0047267,29.1545371],[0.0042993,29.1545004],[0.0038484,29.1544253],[0.003438,29.1543316],[0.0031564,29.1542355],[0.0027983,29.1541009],[0.0025883,29.154013],[0.0023772,29.1539169],[0.002127,29.1537834],[0.001877,29.1536277],[0.0013056,29.1532482],[-0.0010292,29.1517561],[-0.003452,29.1502451],[-0.0058223,29.1487096],[-0.0084744,29.1470546],[-0.0110982,29.1453656],[-0.0140567,29.1434868],[-0.0149713,29.142934],[-0.015239,29.1427911],[-0.0155399,29.1426493],[-0.0156882,29.1425861],[-0.0158597,29.1425249],[-0.0161952,29.1424221],[-0.0165807,29.1423202],[-0.0168778,29.142264],[-0.0171774,29.142223],[-0.0173955,29.1422077],[-0.0176281,29.1422031],[-0.0189464,29.1423155],[-0.0218406,29.142567],[-0.022798,29.1426389],[-0.0260944,29.1429504],[-0.0293051,29.143249],[-0.0304739,29.1433474],[-0.0310855,29.1434107],[-0.0316587,29.1434833],[-0.0320846,29.1435501],[-0.0324996,29.1436321],[-0.0345454,29.1441126],[-0.0347982,29.144151],[-0.03498,29.1441662],[-0.0351523,29.1441569],[-0.0354688,29.14411],[-0.0358228,29.1440163],[-0.0360945,29.1439214],[-0.0363244,29.1438125],[-0.0365263,29.1436977],[-0.036724,29.1435759],[-0.0369152,29.1434201],[-0.0370942,29.1432385],[-0.0388363,29.1414358],[-0.0392729,29.1409919],[-0.0397174,29.1405819],[-0.0410075,29.139516],[-0.0428234,29.1381197],[-0.0437138,29.1374637],[-0.0441116,29.1372435],[-0.0447224,29.1369788],[-0.0462191,29.1364352],[-0.0466589,29.1363134],[-0.0469942,29.1362643],[-0.0474823,29.1362525],[-0.0477527,29.1362654],[-0.0480121,29.1363017],[-0.0482382,29.136352],[-0.048456,29.1364165],[-0.0487223,29.1365149],[-0.0489657,29.1366274],[-0.0498722,29.1371756],[-0.0511999,29.1379065],[-0.0518786,29.1382907],[-0.0521207,29.1383938],[-0.0524578,29.1384992],[-0.0526759,29.1385554],[-0.0528656,29.1385906],[-0.0532089,29.138614],[-0.0536166,29.1385906],[-0.0538935,29.1385584],[-0.0541101,29.1385203],[-0.0545722,29.1384219],[-0.0556658,29.1381408],[-0.057351,29.1377378],[-0.0582916,29.137534],[-0.059537,29.1372036],[-0.0608639,29.1369038],[-0.0625618,29.1365032],[-0.0641384,29.1361119]]},"properties":{"highway":"primary","ref":"RN 51A"}},{"type":"Feature","geometry":{"type":"LineString","coordinates":[[-0.1134987,28.6822164],[-0.1134958,28.6817621],[-0.1134747,28.6816695],[-0.1134361,28.681578],[-0.1133546,28.6815195],[-0.1132272,28.6814713],[-0.1129581,28.6814037],[-0.1118588,28.6811312],[-0.11139,28.6810104],[-0.110934,28.6809056],[-0.1099462,28.6806994],[-0.1081451,28.6801973],[-0.1041936,28.6789822],[-0.1010778,28.677892],[-0.0990708,28.6771509],[-0.0986044,28.6770115],[-0.0981118,28.6768806],[-0.0976011,28.676805],[-0.0965157,28.6766996],[-0.0958043,28.6766768],[-0.095158,28.6766689],[-0.0945312,28.6767388],[-0.0940312,28.6768496],[-0.0935181,28.6769911],[-0.0929683,28.6772023],[-0.0923471,28.6775306],[-0.0919713,28.6777248],[-0.0916199,28.6779062],[-0.0911918,28.6781273],[-0.0907855,28.6783372],[-0.0906047,28.6784284],[-0.0892726,28.6791007],[-0.0887448,28.679367]]},"properties":{"name":"طريق أولاد علي","highway":"tertiary"}},{"type":"Feature","geometry":{"type":"LineString","coordinates":[[0.2318178,29.2545397],[0.2317843,29.2545094],[0.2317641,29.2544712],[0.2317593,29.2544331],[0.2317679,29.2543955],[0.2317891,29.254362],[0.2318209,29.2543356],[0.2318627,29.2543182],[0.2319086,29.2543133],[0.2319539,29.2543214],[0.2319939,29.2543416],[0.2320245,29.2543718],[0.232041,29.2544041],[0.2320465,29.2544392],[0.2320406,29.2544743],[0.2320237,29.2545064],[0.2319971,29.2545332],[0.2319559,29.2545551],[0.2319088,29.2545638],[0.231861,29.2545585],[0.2318178,29.2545397]]},"properties":{"highway":"primary"}},{"type":"Feature","geometry":{"type":"LineString","coordinates":[[0.3542698,29.3706931],[0.3475988,29.3724202],[0.3458141,29.3729086],[0.3452293,29.3731249],[0.3446378,29.3734345],[0.3397448,29.3762383],[0.3336131,29.3797368],[0.3330646,29.3799956],[0.3326677,29.3801698],[0.3322423,29.3803152],[0.3317246,29.3804313],[0.3311907,29.3804938],[0.3306469,29.3805093],[0.3301813,29.3804677],[0.3295857,29.3803778],[0.328986,29.3802583],[0.3279438,29.3799592],[0.3277002,29.3799162],[0.3274322,29.3799074],[0.3270632,29.3799395],[0.3265728,29.380011],[0.3259171,29.3800845],[0.3255429,29.380112],[0.3251361,29.3801078],[0.3241852,29.3800225],[0.3230557,29.3800002],[0.3218459,29.3799865],[0.3211058,29.3799847],[0.3206461,29.3799976],[0.3206119,29.3799985],[0.3203659,29.38003],[0.3201038,29.3800862],[0.3197483,29.3802085],[0.319425,29.3803751],[0.3190849,29.3805868],[0.3187612,29.38082],[0.3182747,29.3811782],[0.3180302,29.3813594],[0.3177488,29.381554],[0.3177345,29.3815639],[0.3154261,29.3832417],[0.3148655,29.3835958],[0.3131723,29.3846272],[0.3122574,29.385218],[0.3113605,29.38578],[0.3109525,29.3859753],[0.3102875,29.3862268],[0.3096624,29.3864666],[0.3037259,29.3887361],[0.2952119,29.3917547],[0.2787285,29.3974628],[0.2774618,29.3979269],[0.2759119,29.3984854],[0.2730463,29.3994705],[0.2718499,29.3998692],[0.2709086,29.4001353],[0.2700227,29.4003351],[0.2682995,29.4006704],[0.2678937,29.4007353],[0.2670085,29.4008358],[0.2666096,29.4008647],[0.2661228,29.4008666],[0.263346,29.4007634],[0.2605727,29.4006543],[0.259033,29.4005939],[0.2583045,29.4005846],[0.2578005,29.4006033],[0.2571827,29.4006545],[0.2567746,29.4007003],[0.2563448,29.400766],[0.2550863,29.4010528],[0.2504746,29.4020152],[0.2499597,29.4021176],[0.2497217,29.4021806],[0.2494896,29.4022546],[0.2493462,29.4023126],[0.2492083,29.4023866],[0.2490284,29.4024926],[0.2488722,29.4026123],[0.2487279,29.4027414],[0.2486132,29.4028717],[0.2482358,29.4033793],[0.2479009,29.4038888],[0.246907,29.4053464],[0.2468044,29.4055208],[0.2467413,29.4056499],[0.2464957,29.4061522]]},"properties":{"name":"طريق أولاد السعيد","highway":"secondary","ref":"CW 37"}},{"type":"Feature","geometry":{"type":"LineString","coordinates":[[-0.0665388,29.135864],[-0.066492,29.1360276],[-0.066323,29.1365055],[-0.0659797,29.1374965],[-0.0653996,29.1391282],[-0.0653037,29.1395113],[-0.0652581,29.1398369],[-0.0652407,29.1402459],[-0.0652966,29.1407147],[-0.0655361,29.1417983],[-0.0662706,29.1445589],[-0.0668609,29.1462836],[-0.0681026,29.1499061],[-0.06823,29.1503459],[-0.0683053,29.150768],[-0.0684725,29.1527354],[-0.0690763,29.1596868],[-0.0690669,29.1599871],[-0.0690197,29.1602792],[-0.0689247,29.1605539],[-0.0687704,29.160811],[-0.0680192,29.1615618],[-0.0662317,29.1633266],[-0.0659367,29.163641],[-0.0657089,29.1639541],[-0.0655103,29.164264],[-0.0653451,29.1645882],[-0.0649239,29.1656123],[-0.0643659,29.1670304],[-0.0639313,29.1681554],[-0.0638232,29.1684916],[-0.0637487,29.1688119],[-0.0636419,29.1696432],[-0.0632436,29.1735731],[-0.0626947,29.1787786],[-0.0624079,29.1842244],[-0.0623556,29.1852179],[-0.0623408,29.1854985],[-0.0623411,29.185672],[-0.0623412,29.1857348],[-0.0623839,29.186142],[-0.0624459,29.1864233],[-0.0625921,29.1869367],[-0.0626139,29.1870134],[-0.0627973,29.1876087],[-0.0631886,29.1888788],[-0.0632281,29.1891601],[-0.0632443,29.18942],[-0.063226,29.1898639],[-0.0630676,29.1914186],[-0.06252,29.1962852],[-0.0616013,29.2045629],[-0.0615406,29.2049583],[-0.0614645,29.2053413],[-0.0613435,29.2057648],[-0.0611971,29.2061806],[-0.0605455,29.2078906],[-0.0598667,29.2095969],[-0.0594896,29.2105773],[-0.0594136,29.2108405],[-0.05936,29.2110968],[-0.059321,29.2114242],[-0.0593328,29.2124024],[-0.0595524,29.2174773],[-0.0596468,29.2181601],[-0.0600417,29.2197608],[-0.0610243,29.2236046],[-0.0619912,29.2274508],[-0.0624526,29.229254],[-0.0625974,29.2298193],[-0.0627018,29.2303655],[-0.0627463,29.2307181],[-0.0627678,29.2310531],[-0.0628661,29.233991],[-0.062989,29.2377504],[-0.0631117,29.2415053],[-0.0630406,29.2459396],[-0.0629577,29.250911],[-0.0629354,29.2513594],[-0.0628861,29.2517464],[-0.0628012,29.2522534],[-0.0626916,29.2527607],[-0.0604656,29.2595116],[-0.0563456,29.271896],[-0.0559489,29.2730672],[-0.0557524,29.2735642],[-0.0556076,29.2738637],[-0.0554427,29.2741526],[-0.0553273,29.2743106],[-0.0551918,29.274472],[-0.0548673,29.2748135],[-0.0538118,29.2759249],[-0.0526895,29.2770634],[-0.0519946,29.2777861],[-0.051475,29.2782988],[-0.0512449,29.2785605],[-0.051015,29.2788712],[-0.0508281,29.2791222],[-0.0506826,29.2793638],[-0.0505464,29.2796432],[-0.0504313,29.2799249],[-0.0502788,29.2803294],[-0.0492355,29.2831228],[-0.0491373,29.2834395],[-0.0490692,29.2837933],[-0.0489989,29.2842372],[-0.0489013,29.284962],[-0.0487577,29.2860125],[-0.048479,29.2880818],[-0.0481881,29.2901291],[-0.0481124,29.2904447],[-0.0480195,29.2907298],[-0.047867,29.2910947],[-0.0476773,29.2914552],[-0.0474506,29.2917938],[-0.0472159,29.2920798],[-0.0468214,29.2925129],[-0.0452437,29.2941036],[-0.0402212,29.2991362],[-0.0396471,29.2996877],[-0.0392992,29.2999622],[-0.0389531,29.3002013],[-0.038557,29.3003979],[-0.0381766,29.3005654],[-0.0378368,29.3006972],[-0.037461,29.3008018],[-0.0370206,29.3009049],[-0.0357228,29.3011235]]},"properties":{"highway":"secondary","ref":"CW 6"}},{"type":"Feature","geometry":{"type":"LineString","coordinates":[[0.2319971,29.2545332],[0.2319187,29.2546435],[0.2318682,29.2547269],[0.2317604,29.2550037]]},"properties":{"name":"Rue de Palestine; شارع فلسطين","highway":"primary","ref":"CW 151"}},{"type":"Feature","geometry":{"type":"LineString","coordinates":[[0.2164262,29.2320986],[0.2153176,29.2296613],[0.2151678,29.22934],[0.2150296,29.2290892],[0.2148566,29.2288348],[0.2146503,29.2285859],[0.2144416,29.2283757],[0.2142386,29.2282011],[0.2140199,29.2280394],[0.2137605,29.2278781],[0.2135117,29.2277445],[0.211609,29.2267806],[0.2113077,29.2266164],[0.2110174,29.2264346],[0.2107557,29.2262397],[0.210455,29.2259827],[0.2102208,29.2257441],[0.210015,29.2255189],[0.2090352,29.2243737],[0.2089112,29.224232],[0.2084731,29.223731],[0.2082116,29.223432],[0.2067262,29.2217036],[0.2066193,29.2215821],[0.2065141,29.2214597],[0.2059308,29.220723],[0.2045254,29.2189378],[0.2037181,29.2178838],[0.20358,29.2177163],[0.2034283,29.2175363],[0.2025084,29.2164243],[0.2023045,29.2161855],[0.2020723,29.2159381],[0.2018021,29.215661],[0.1997314,29.2137082],[0.1995559,29.2135334],[0.1993768,29.2133357],[0.1991883,29.2131019],[0.199026,29.2128734],[0.1976683,29.2108503],[0.1975073,29.2106269],[0.1973149,29.2103957],[0.1971073,29.2101793],[0.1954441,29.2087895],[0.1938087,29.2074234],[0.1936474,29.2072761],[0.1935026,29.2071028],[0.1933917,29.2069425],[0.1926731,29.2057741],[0.1925476,29.2055517],[0.1924317,29.2053041],[0.1923408,29.2050624],[0.1917608,29.2033955],[0.1916184,29.202842],[0.1914068,29.2018502],[0.1909155,29.1984412],[0.1904994,29.1955533],[0.1904794,29.1952042],[0.1904824,29.1949911],[0.1905182,29.1947684],[0.1905867,29.1945181],[0.19067,29.194303],[0.1911002,29.1934216],[0.1911691,29.193228],[0.1912331,29.1930196],[0.1912922,29.1927941],[0.1919005,29.1901557],[0.1924058,29.1878359],[0.1924555,29.1875698],[0.1924734,29.1873006],[0.1924596,29.1870313],[0.192414,29.1867646],[0.1923372,29.1865034],[0.19223,29.1862506],[0.1920935,29.1860087],[0.1919292,29.1857804],[0.1913249,29.1850818],[0.1908894,29.1845764]]},"properties":{"highway":"primary","ref":"RN 51"}},{"type":"Feature","geometry":{"type":"LineString","coordinates":[[0.2317604,29.2550037],[0.2317896,29.2547094],[0.2317827,29.254604],[0.2317641,29.2544712]]},"properties":{"name":"Rue de Palestine; شارع فلسطين","highway":"primary","ref":"CW 151"}},{"type":"Feature","geometry":{"type":"LineString","coordinates":[[0.2628136,29.2919688],[0.2659678,29.2936367],[0.2673344,29.2943501],[0.2681257,29.2947513],[0.2711225,29.2963523],[0.271845,29.2967378],[0.2734024,29.2975689],[0.2758775,29.2988897],[0.2778654,29.2999525],[0.2795314,29.3008432],[0.2801406,29.3011092],[0.2805796,29.3012605],[0.2809765,29.3013612],[0.2843087,29.3019513],[0.2886084,29.3027148],[0.2888525,29.3027592],[0.2890751,29.3028043],[0.2911873,29.3031668],[0.2917734,29.3032867],[0.2922709,29.3034177],[0.2926545,29.303551],[0.2930447,29.3037077],[0.293553,29.3039884],[0.2956681,29.3052191],[0.2996217,29.3074798],[0.3011044,29.3083116],[0.3019,29.3087579],[0.3019665,29.3087906],[0.3024922,29.309034],[0.3026055,29.3090825],[0.3030787,29.3092653],[0.3035723,29.3093795],[0.3045542,29.3094925],[0.3060104,29.3095753],[0.306699,29.3096145],[0.307304,29.3097021],[0.307814,29.3098027],[0.3082245,29.3099423],[0.3090768,29.3103303],[0.3123698,29.3119685],[0.3143066,29.3129451],[0.3150764,29.3133731],[0.3155217,29.3136748],[0.3160286,29.3141285],[0.3180744,29.3159914],[0.3190571,29.316879],[0.3195329,29.3172437],[0.3200831,29.317616],[0.3209567,29.3181369],[0.3220743,29.3188118],[0.3256738,29.3209428],[0.3265723,29.3214945],[0.3267429,29.3215804],[0.326964,29.3216777],[0.3272081,29.3217752],[0.3277156,29.321938],[0.328161,29.3219979],[0.3285667,29.3220212],[0.3289959,29.3219922],[0.3321575,29.3216539],[0.334266,29.3214183],[0.3345171,29.3214111],[0.3347579,29.3214158],[0.3350119,29.3214345],[0.3352531,29.321466],[0.3354867,29.3215129],[0.3357088,29.3215714],[0.3359319,29.3216508],[0.3361523,29.3217415],[0.3364871,29.3219139],[0.3368052,29.3220926],[0.338453,29.3232227],[0.343982,29.3269253],[0.3442267,29.3271042],[0.344444,29.3272787],[0.3447255,29.3275439],[0.3449737,29.3278225],[0.3451896,29.3280934],[0.3453692,29.3283763],[0.3456669,29.3289688],[0.3458356,29.3295414],[0.346141,29.3309282],[0.3467963,29.3341126],[0.3472026,29.3361817],[0.3475012,29.3376465],[0.3475404,29.3378389],[0.3476533,29.3383927],[0.347751,29.338872],[0.347877,29.33949],[0.3480957,29.3405631],[0.3481995,29.3410719],[0.3483093,29.3416105],[0.3483991,29.3420512],[0.3486041,29.3430468],[0.3486414,29.3432279],[0.3489842,29.3448922],[0.3499126,29.3494574],[0.3503383,29.3515507],[0.3514543,29.3570384],[0.3526219,29.3625899],[0.3540945,29.3698293],[0.3542698,29.3706931],[0.3548428,29.3734056],[0.3553958,29.3760947],[0.3555117,29.3766702],[0.3557517,29.3773915],[0.3568653,29.3803193],[0.3581564,29.3837697],[0.3613382,29.3923387],[0.3615611,29.393108],[0.3630449,29.3991183],[0.3632,29.4000519],[0.3632489,29.4004572],[0.3632697,29.4008664],[0.3632328,29.4015509],[0.3630799,29.4025089],[0.3626356,29.4052262],[0.3617288,29.4108672],[0.3613391,29.4132619],[0.3609365,29.415636],[0.3602322,29.4202145],[0.3601536,29.4208342],[0.3601115,29.4214506],[0.3600973,29.421806],[0.3601029,29.4221636],[0.3601995,29.4228172],[0.3603283,29.4235856],[0.3611024,29.4264344],[0.3644169,29.4388059],[0.3716013,29.4656203],[0.3746478,29.4770984],[0.3766814,29.4845367],[0.3769013,29.4853212],[0.3771535,29.4860403],[0.3777945,29.4875649],[0.3789684,29.4901617],[0.3808093,29.4943635],[0.3849139,29.503694],[0.3907051,29.5168848],[0.3982068,29.5338983],[0.3990682,29.5358219],[0.3993809,29.5363474],[0.3997311,29.5368616],[0.4002446,29.5374979],[0.4008251,29.5380995],[0.4013941,29.5386046],[0.4017949,29.5389097],[0.4021816,29.5391815],[0.4060342,29.5415779],[0.4070777,29.5422266],[0.4192061,29.5497106],[0.430599,29.5567349],[0.4470817,29.5669343],[0.4497449,29.5685817],[0.4580677,29.5737253],[0.4663906,29.5788713],[0.4674983,29.5795455],[0.4680079,29.579823],[0.4685229,29.5800679],[0.4695212,29.5804546],[0.4704541,29.5807818],[0.47639,29.5828471],[0.5011001,29.5914776],[0.525855,29.6000627],[0.5572724,29.61098],[0.583517,29.6200837],[0.6083391,29.6286371],[0.6109018,29.6295558],[0.6115296,29.6298107],[0.6122342,29.6301706],[0.623573,29.6368662],[0.6347282,29.6434934],[0.6433868,29.6485959],[0.656363,29.6562592],[0.6568172,29.656535],[0.6595197,29.6581462],[0.6599703,29.658473],[0.6603004,29.6587249],[0.660909,29.6592213],[0.6614715,29.6597825],[0.6635066,29.6619787],[0.6642257,29.6627394],[0.6654671,29.6640975],[0.6700882,29.6690907],[0.673378,29.6726165],[0.6772011,29.6766961],[0.6780722,29.6776202],[0.6790795,29.6787151],[0.6793147,29.678983],[0.6802231,29.6799814],[0.6806422,29.6804522],[0.6808748,29.6806861],[0.6812234,29.6810365],[0.6816604,29.6815441],[0.6823083,29.6822504],[0.6824442,29.6824032],[0.6833652,29.6833971],[0.6840679,29.684138],[0.6860004,29.6862144],[0.6873344,29.6876315],[0.6874553,29.6877605],[0.68808,29.6884291],[0.6923548,29.6930575],[0.6928683,29.6935726],[0.6933134,29.6939502],[0.6938553,29.6943533],[0.6953287,29.6953543],[0.6969251,29.6964592],[0.6974059,29.6967898],[0.6978008,29.6970676],[0.6982166,29.6973402],[0.6986912,29.6976086],[0.6996153,29.6980823],[0.7004629,29.6985392],[0.7022424,29.6994984],[0.7027503,29.6997886],[0.7044168,29.700725],[0.7053032,29.7011987],[0.7073495,29.7022982],[0.7079222,29.7026442],[0.7079982,29.7026808],[0.7081052,29.7026983],[0.708188,29.7026829],[0.7082641,29.7026424],[0.7083278,29.7025926],[0.7085772,29.7023563],[0.7095864,29.7014862],[0.7101066,29.7010043],[0.710188,29.7009522],[0.7102757,29.7009312],[0.7103524,29.7009345],[0.7104417,29.7009653],[0.7105002,29.7010086],[0.7111642,29.701593]]},"properties":{"highway":"primary","ref":"RN 118"}},{"type":"Feature","geometry":{"type":"LineString","coordinates":[[-0.2169859,29.022238],[-0.2170505,29.0223299],[-0.2175054,29.0229769],[-0.2181472,29.0238896],[-0.2184441,29.0243119],[-0.2188326,29.0248643],[-0.2269975,29.0364753],[-0.2285488,29.0386693],[-0.2294317,29.0399923]]},"properties":{"highway":"tertiary"}},{"type":"Feature","geometry":{"type":"LineString","coordinates":[[0.1760105,32.154058],[0.1764346,32.1538069],[0.1772879,32.1531561],[0.1780879,32.1525911],[0.1787913,32.1521442],[0.1800272,32.1514283],[0.1812957,32.1508019],[0.1825507,32.1502762],[0.184944,32.1494408],[0.1893699,32.1479486],[0.1916115,32.1471623],[0.1928611,32.1466651],[0.1941333,32.1460553],[0.1955924,32.1452252],[0.1976941,32.1437947],[0.2016392,32.1412451],[0.2046511,32.139349],[0.2059222,32.1383788],[0.2067949,32.1375669],[0.2075139,32.1368146],[0.208542,32.1355253],[0.2122441,32.1308358],[0.217417,32.1242824],[0.2202692,32.1206798],[0.2246378,32.1152025],[0.2283664,32.1105307],[0.2304979,32.1078094],[0.2378345,32.098602],[0.2389413,32.0972333],[0.2433423,32.0917682],[0.2502914,32.0831203],[0.252795,32.0800657],[0.2563249,32.0757087],[0.2650424,32.0645987],[0.2745353,32.0524125],[0.2794284,32.0463687],[0.2842231,32.0404287],[0.2916733,32.0313199],[0.2961484,32.0256083],[0.3116505,32.0060991],[0.3128192,32.0046347],[0.3146145,32.0023548],[0.3153599,32.0015028],[0.3165119,32.0003613],[0.3195405,31.9975451],[0.3276457,31.9900314],[0.3297406,31.9881012],[0.3320225,31.9859503],[0.3384401,31.9800273],[0.3440222,31.9747923],[0.3477836,31.9712462],[0.3535126,31.9658646],[0.3577664,31.9618803],[0.3599577,31.9598182],[0.3665444,31.9535983],[0.36979,31.950594],[0.3728635,31.9484868],[0.3866699,31.9393814],[0.3926054,31.9354386],[0.3985735,31.9312473],[0.4024815,31.928487],[0.4067247,31.9254629],[0.414758,31.9197681],[0.415957,31.9189253],[0.4171072,31.9181652],[0.4184076,31.9174319],[0.420179,31.9165864],[0.424147,31.9150342],[0.4251473,31.9146898],[0.4493427,31.9053486],[0.4550557,31.903135],[0.4562154,31.9026195],[0.4572222,31.9021323],[0.4584242,31.9014243],[0.4595761,31.9006433],[0.4636113,31.897679],[0.4674758,31.8948321],[0.4700497,31.8929512],[0.4725911,31.8910288],[0.4741714,31.8897558],[0.4758574,31.8883287],[0.4780394,31.8864666],[0.4821432,31.8829219],[0.4870044,31.8787672],[0.4878823,31.8781237],[0.4891819,31.8772956],[0.4986265,31.8720156],[0.5099078,31.8657417],[0.5132135,31.8637276],[0.515023,31.8625491],[0.5162841,31.8616561],[0.5217009,31.8580056],[0.5252354,31.8556285],[0.5287455,31.8532376],[0.5304504,31.8521033],[0.531433,31.8515499],[0.5323017,31.8511071],[0.5333827,31.8505983],[0.5351873,31.8499168],[0.5399968,31.8481906],[0.5450664,31.8463885],[0.5549377,31.8428459],[0.5588441,31.8414659],[0.5631326,31.8399201],[0.5670913,31.8384587],[0.579009,31.8341129],[0.5988099,31.8267792],[0.604461,31.8246725],[0.6067458,31.8237988],[0.6090469,31.8227454],[0.6103441,31.8220863],[0.6123892,31.8209297],[0.6169837,31.8179809],[0.6227033,31.8143025],[0.6346753,31.8066826],[0.6465985,31.7991457],[0.6635575,31.7885776],[0.6745066,31.7817464],[0.6851756,31.7750259],[0.6956169,31.7683884],[0.7014007,31.7647168],[0.7045438,31.7624997],[0.7076533,31.760139],[0.7109336,31.7575225],[0.7152012,31.7541285],[0.7225182,31.7480893],[0.7286527,31.7430625],[0.7345507,31.7382875],[0.7381931,31.735378],[0.7418517,31.7327314],[0.7459847,31.7298132],[0.7488982,31.7277373],[0.7523077,31.7253432],[0.759143,31.7205135],[0.764241,31.7168798],[0.7751036,31.7089965],[0.7907962,31.6975943],[0.7957027,31.6939553],[0.798885,31.6914958],[0.8028465,31.6883513],[0.815334,31.6781247],[0.8215662,31.673018],[0.8252083,31.670087],[0.8303523,31.6663895],[0.8357158,31.6626851],[0.840925,31.6590431],[0.8427437,31.657692],[0.8452884,31.6556735],[0.8531995,31.6490177],[0.8580176,31.6449817],[0.8630958,31.6407103],[0.8684071,31.6363502],[0.8725066,31.6329955],[0.8770777,31.6292393],[0.8821416,31.6250917],[0.8855874,31.6222695],[0.8865695,31.6213374],[0.8872978,31.6205257],[0.887886,31.6197316],[0.8887425,31.6183283],[0.9022226,31.5954128],[0.9034697,31.5933119],[0.9037558,31.5927844],[0.9039932,31.5921738],[0.9052068,31.5888692],[0.9064204,31.5856062],[0.9084249,31.5801827],[0.9098836,31.5764214],[0.9103059,31.575365],[0.9108177,31.5744749],[0.9119063,31.5727917],[0.9138483,31.5697504],[0.9157984,31.5665567],[0.9170847,31.5642007],[0.9183027,31.5619496],[0.923626,31.5520833],[0.923937,31.5514047],[0.9244232,31.5499775],[0.9246493,31.5489522],[0.9251427,31.5452997],[0.9255753,31.5420497],[0.9260293,31.538551],[0.9264497,31.535993],[0.9269676,31.5334211],[0.9275543,31.5309462],[0.928507,31.5267942],[0.9336751,31.5048024],[0.9340704,31.5034228],[0.9343226,31.5026295],[0.9360192,31.4975804],[0.9378297,31.4925728],[0.939287,31.4885016],[0.9406674,31.4846639],[0.941309,31.4829073],[0.9416978,31.4817613],[0.9421085,31.4802707],[0.9423379,31.4790548],[0.9430083,31.473682],[0.9434643,31.4686258],[0.9437379,31.4659031],[0.9414579,31.4600686],[0.9328848,31.4476981],[0.9303311,31.4437299],[0.9296927,31.4405396],[0.9296015,31.4372714],[0.9265918,31.4302678],[0.9249501,31.4283222],[0.9141882,31.418049],[0.9115433,31.4144687],[0.9093544,31.4104212],[0.9076215,31.4054395],[0.9057975,31.397655],[0.9044294,31.3939182],[0.9012268,31.390102],[0.8975483,31.3855566],[0.8973041,31.3851973],[0.8970957,31.3848312],[0.8920698,31.3757697],[0.8916471,31.3750605],[0.8912706,31.3745327],[0.8908863,31.3741062],[0.8861085,31.3699724],[0.8855434,31.3694437],[0.8848658,31.3687541],[0.8829254,31.3667079],[0.8806057,31.3643232],[0.8774321,31.3610189],[0.8768801,31.3605168],[0.8763093,31.360074],[0.8735955,31.3580112],[0.8730125,31.3575166],[0.872371,31.3569177],[0.8711897,31.3557885],[0.8709074,31.3554727],[0.8706702,31.3551443],[0.8705318,31.3548202],[0.8704353,31.3543907],[0.8702801,31.353434],[0.8702221,31.3529346],[0.8702184,31.3523889],[0.8706153,31.3476714],[0.8707218,31.3470397],[0.8708739,31.3464228],[0.8736256,31.3372167],[0.8738563,31.3365079],[0.8751721,31.3329427],[0.8753155,31.3325375],[0.8754096,31.3321933],[0.8754651,31.3317928],[0.8757005,31.3293571],[0.8760653,31.3218001],[0.8782542,31.3122165],[0.879075,31.3090997],[0.8787102,31.3069178],[0.8714139,31.294761],[0.8681306,31.2903187],[0.8674922,31.287435],[0.8657594,31.2790171],[0.8656682,31.2751197],[0.8661349,31.2735515],[0.8681304,31.27122],[0.8713709,31.268448],[0.8719987,31.2678334],[0.8725996,31.266233],[0.8752177,31.259024],[0.8753972,31.2581123],[0.8753924,31.2577374],[0.8753572,31.2572688],[0.8752575,31.2568534],[0.8750493,31.2563607],[0.8746329,31.2555496],[0.8726748,31.2518972],[0.8724722,31.2514938],[0.8721543,31.2508608],[0.8719769,31.2505077],[0.8714515,31.2494616],[0.8704,31.2477095],[0.8654481,31.2431778],[0.8537206,31.2325495],[0.8513493,31.2292741],[0.8471539,31.2235808],[0.8433234,31.2184332],[0.8394929,31.2139093],[0.8344767,31.2094631],[0.8316226,31.2066164],[0.83132,31.2062052],[0.8311,31.20575],[0.8310158,31.2053609],[0.8310338,31.2049058],[0.8311071,31.2045644],[0.8312363,31.2041716],[0.8324535,31.200636],[0.8326527,31.1998682],[0.8326676,31.1993091],[0.8326153,31.1986589],[0.8324211,31.1980726],[0.8293296,31.190322],[0.8291439,31.1896692],[0.8290585,31.1891127],[0.8291076,31.1884923],[0.8297489,31.1849688],[0.8301858,31.1826449],[0.8304486,31.1809386],[0.8307374,31.1780223],[0.830555,31.1720918],[0.8314094,31.1659132],[0.8314633,31.1653062],[0.8314755,31.1648171],[0.8314125,31.164175],[0.8310934,31.1610602],[0.8310522,31.1605996],[0.8311096,31.1599365],[0.8317776,31.155142],[0.8320019,31.1543193],[0.8325615,31.1533616],[0.8362096,31.1500054],[0.8395151,31.1468368],[0.8397784,31.146522],[0.8399778,31.1461482],[0.8401209,31.1457648],[0.8402125,31.1453338],[0.8402442,31.1449728],[0.8402305,31.1446095],[0.8401685,31.1442711],[0.8400545,31.1439117],[0.8398337,31.1434973],[0.8396045,31.143152],[0.8391628,31.1426467],[0.8362127,31.1395455],[0.8255296,31.1282376],[0.8203225,31.1227597],[0.8194201,31.1217114],[0.8186074,31.1204968],[0.8180146,31.1191995],[0.817636,31.1179879],[0.8174218,31.1167635],[0.8173306,31.1141723],[0.8170377,31.1062524],[0.8169492,31.105648],[0.816216,31.1038158],[0.8160138,31.103226],[0.8158638,31.1024826],[0.8143328,31.0921874],[0.8141621,31.0907537],[0.8141137,31.0892611],[0.8143194,31.0845946],[0.8142895,31.0831902],[0.8141278,31.0814344],[0.8123662,31.0711835],[0.8122577,31.0705416],[0.8120507,31.0699673],[0.8117302,31.069488],[0.807207,31.0637958],[0.8034677,31.0591082],[0.8025557,31.05778],[0.8020997,31.0544986],[0.8006404,31.0463725],[0.7999108,31.0434032],[0.7981779,31.0414497],[0.7949858,31.0382458],[0.7938914,31.0366829],[0.794165,31.0326974],[0.7939826,31.0207398],[0.7939826,31.0119074],[0.7939826,31.0087807],[0.7951682,31.0059665],[0.7991812,30.9981491],[0.8003668,30.9957255],[0.8003668,30.9936928],[0.7993636,30.9819649],[0.79909,30.9761004],[0.7992456,30.9654882],[0.7991846,30.9650334],[0.7986943,30.9613781],[0.7986285,30.9610856],[0.7978936,30.9558961],[0.7976407,30.9538554],[0.7975395,30.9518566],[0.7976353,30.9499036],[0.7978936,30.9478629],[0.8001985,30.9343422],[0.8047445,30.9071068],[0.8049602,30.9058422],[0.8050856,30.9051244],[0.8051239,30.9044146],[0.8050836,30.9039581],[0.8049762,30.9034451],[0.8048104,30.9029595],[0.8042885,30.901942],[0.8039278,30.9013502],[0.8035819,30.900769],[0.8033005,30.9001746],[0.8030712,30.899535],[0.8029048,30.8988576],[0.8028105,30.8981521],[0.8027954,30.8974123],[0.8029795,30.8959114],[0.8032814,30.893557],[0.8034289,30.8923901],[0.8034772,30.8917939],[0.803524,30.8912179],[0.8035147,30.8901068],[0.8034396,30.889018],[0.8031029,30.8868373],[0.802651,30.8843568],[0.8020997,30.8819062],[0.8017896,30.8782514],[0.8017474,30.8769388],[0.8019333,30.8733326],[0.8022379,30.871388],[0.8028293,30.8693034],[0.8047445,30.8660155],[0.8080279,30.8621794],[0.8110375,30.8598307],[0.8132264,30.8574037],[0.8204315,30.8478515],[0.8243532,30.8426052],[0.8282749,30.8384549],[0.8326527,30.8348527],[0.8367568,30.8325816],[0.8404961,30.8301539],[0.8427762,30.8289791],[0.8441442,30.8270995],[0.8455123,30.8243584],[0.8495252,30.8147245],[0.8514405,30.8109647],[0.8533557,30.8084581],[0.8555446,30.8052464],[0.856183,30.802818],[0.8570039,30.7990577],[0.8573687,30.7938088],[0.8566391,30.7907533],[0.854815,30.7870709],[0.8523525,30.7829182],[0.8505285,30.7797057],[0.8458771,30.775396],[0.8376688,30.7674813],[0.8341119,30.7646601],[0.8292782,30.7609767],[0.8254476,30.7579985],[0.8231676,30.7549419],[0.8217995,30.7513365],[0.8209787,30.7474175],[0.8198842,30.7429496],[0.8201579,30.7373056],[0.8206139,30.732994],[0.8228939,30.7297014],[0.8246268,30.7269574],[0.8254476,30.724527],[0.82563,30.7187252],[0.8262685,30.7158241],[0.8269069,30.71159],[0.8273629,30.7080614],[0.8298254,30.6998275],[0.8320142,30.6955927],[0.8324703,30.692534],[0.831923,30.6890048],[0.8325615,30.6861812],[0.8351151,30.6821027],[0.8490692,30.6616288],[0.8560918,30.6519002],[0.8601048,30.646094],[0.8613816,30.6431123],[0.8616552,30.6404444],[0.8616552,30.6377764],[0.8603784,30.6347944],[0.8590103,30.6323617],[0.8596488,30.6301643],[0.8644825,30.6193338],[0.8686779,30.6096009],[0.8738898,30.6004143],[0.8743277,30.5998953],[0.8745852,30.5995375],[0.8751377,30.5986671],[0.8763625,30.5968954],[0.8788014,30.5933512],[0.8796895,30.5920039],[0.8802205,30.5910018],[0.8806979,30.5900007],[0.8808616,30.5896072],[0.8810091,30.5891732],[0.8817199,30.5869134],[0.8840912,30.5752928],[0.8866449,30.5627284],[0.8879217,30.5582519],[0.8897458,30.553147],[0.8906578,30.5482773],[0.891205,30.5432504],[0.892117,30.5386945],[0.8931203,30.5359451],[0.8954003,30.5294249],[0.89613,30.5261254],[0.8968596,30.5168546],[0.8975892,30.5100974],[0.8982276,30.5031825],[0.8985924,30.5006679],[0.8998693,30.4955599],[0.9117257,30.4546862],[0.9171979,30.4355011],[0.9175627,30.4330634],[0.9176539,30.4301538],[0.9177451,30.4270868],[0.9180187,30.4242556],[0.9193867,30.4198514],[0.9200252,30.4165482],[0.9213932,30.413874],[0.9228524,30.4109638],[0.9227612,30.407031],[0.9240381,30.3813064],[0.9243117,30.3761134],[0.9242205,30.3728874],[0.9244941,30.370212],[0.9254973,30.3668284],[0.9275038,30.3565981],[0.9279598,30.3538436],[0.9272302,30.3504594],[0.9254973,30.3444777],[0.92267,30.3379447],[0.9059799,30.3156662],[0.8995957,30.3066116],[0.8968596,30.3033832],[0.8958564,30.3003123],[0.8952179,30.2967687],[0.8953091,30.2927526],[0.8958913,30.2881873],[0.8961802,30.2868105],[0.8964923,30.2858606],[0.8968991,30.2848203],[0.8974734,30.2838183],[0.8981291,30.2828445],[0.8991742,30.2816716],[0.9074391,30.2731418],[0.92039,30.2620352],[0.9227612,30.2588054],[0.9242205,30.2544725],[0.9244029,30.2476972],[0.9244941,30.2452548],[0.9223052,30.2331994],[0.9209372,30.227841],[0.9187483,30.2240584],[0.9152826,30.2198817],[0.9133673,30.217281],[0.9126377,30.2146802],[0.9137321,30.2115276],[0.9161946,30.2080597],[0.9183835,30.2056951],[0.9194779,30.2033305],[0.9197515,30.2008082],[0.9193867,30.1986799],[0.9183835,30.1921372],[0.9170155,30.1894569],[0.9151002,30.1874072],[0.9113609,30.1836231],[0.9051591,30.1771582],[0.902423,30.1746352],[0.9002341,30.1721121],[0.8908402,30.1631232],[0.8874657,30.1601267],[0.885824,30.1585495],[0.8834527,30.1548432],[0.8791662,30.1482975],[0.8742412,30.1415148],[0.8722348,30.1383599],[0.8699547,30.1341795],[0.8653033,30.1287368],[0.8609256,30.1234516],[0.8566391,30.1145372],[0.8547238,30.1112236],[0.8481572,30.1032548],[0.8438706,30.0978894],[0.8411345,30.0918923],[0.8398577,30.0880256],[0.8401313,30.0844744],[0.8428674,30.0787133],[0.8433234,30.0756353],[0.842229,30.0708209],[0.8411345,30.0629278],[0.8380336,30.0576391],[0.8335647,30.0499028],[0.8292782,30.0422449],[0.8273629,30.0389289],[0.8201579,30.0219526],[0.8143209,30.0086063],[0.8135912,30.0046574],[0.812132,30.0014981],[0.8100343,29.9958902],[0.8077542,29.9913878],[0.8061126,29.9885441],[0.8036501,29.9849893],[0.801826,29.9826984],[0.800002,29.9780374],[0.7978131,29.9732182],[0.7957154,29.9683987],[0.794165,29.9650013],[0.7923409,29.9479332],[0.7910641,29.9370271],[0.7914289,29.9342609],[0.7917025,29.9301509],[0.7914289,29.926515],[0.7906993,29.9178199],[0.7903345,29.9128397],[0.7903303,29.9113458],[0.7905878,29.9098578],[0.7911081,29.9076569],[0.7927969,29.900981],[0.7940738,29.8974231],[0.7957403,29.8950105],[0.7980867,29.8907814],[0.8106648,29.8613189],[0.8114902,29.8593803],[0.8120052,29.8574636],[0.8121769,29.8561423],[0.8121769,29.8550629],[0.8119837,29.8539649],[0.8112756,29.8521969],[0.8105032,29.8510059],[0.809559,29.8500381],[0.8056966,29.8461111],[0.7934354,29.8339132],[0.7878224,29.8281679],[0.7829944,29.8226205],[0.7775013,29.8162722],[0.7764713,29.8150621],[0.7752697,29.8132934],[0.7738535,29.8112827],[0.7698194,29.8054923],[0.7692186,29.8046358],[0.7685749,29.8036489],[0.7672547,29.8010655],[0.7660579,29.7982716],[0.7624412,29.787207],[0.761749,29.7851312],[0.7587782,29.776221],[0.7567764,29.7700914],[0.7558821,29.7659243],[0.7547653,29.7605457],[0.7542884,29.7585363],[0.7531822,29.7554282],[0.7508326,29.7496754],[0.7483167,29.7433548],[0.7473093,29.741371],[0.7461597,29.7395079],[0.7456506,29.7387748],[0.7450729,29.7379885],[0.7440809,29.7367587],[0.7425043,29.7349784],[0.7414296,29.7337531],[0.7413083,29.733633],[0.7409401,29.733303],[0.7405585,29.7330199],[0.7404192,29.7329252],[0.7402556,29.7328256],[0.7400938,29.7327383],[0.7393545,29.7323731],[0.7391472,29.7322587],[0.738946,29.7321363],[0.7387513,29.7320061],[0.7385636,29.7318686],[0.738121,29.7315016],[0.7379374,29.7313305],[0.7378074,29.7311954],[0.7376866,29.7310565],[0.7375807,29.7309156],[0.7375002,29.7307936],[0.737417,29.7306408]]},"properties":{"name":"طريق لبنود - تيميمون","highway":"primary","ref":"RN 118"}},{"type":"Feature","geometry":{"type":"LineString","coordinates":[[0.687272,29.6877665],[0.6862754,29.6885689],[0.6852505,29.6893577],[0.683589,29.6906863],[0.683345,29.6908733],[0.6830954,29.6910317],[0.6827658,29.6911997],[0.6824132,29.6913362],[0.6803638,29.6920023],[0.6792064,29.692311],[0.678194,29.6926113],[0.6775086,29.6928155],[0.6766954,29.693083],[0.6764888,29.6931649],[0.6762862,29.6932706],[0.6761025,29.6933932],[0.6759067,29.693561],[0.6757234,29.6937697],[0.675574,29.6940061],[0.6754838,29.6942111],[0.6743442,29.6968965],[0.6739466,29.6979122],[0.6735416,29.6990213],[0.6731474,29.6999174],[0.6722051,29.7020607],[0.6710367,29.7047675],[0.6709242,29.7049924],[0.6707955,29.7052079],[0.6706404,29.705413],[0.6704703,29.705607],[0.6702912,29.7057948],[0.6700985,29.7059722],[0.6697317,29.7062751],[0.6686882,29.7071394],[0.6684989,29.7073269],[0.6683314,29.7075295],[0.6681874,29.7077452],[0.6680682,29.7079721],[0.6674905,29.7090964],[0.6669836,29.7100473],[0.6664558,29.7109896],[0.6663359,29.7112026],[0.6662045,29.7114103],[0.666062,29.7116125],[0.6659088,29.7118087],[0.6655104,29.7122916],[0.6653947,29.7124516],[0.6652683,29.7126715],[0.6651891,29.712852],[0.6651259,29.7130463],[0.6648974,29.7138251],[0.6646581,29.7147816],[0.6643953,29.7157227],[0.6642585,29.7162772],[0.6640386,29.7171763],[0.6635253,29.7191782],[0.6623988,29.7234645],[0.6616648,29.7262445],[0.6609915,29.728985],[0.6608722,29.7294297],[0.6608093,29.7296233],[0.6607447,29.7297669],[0.6606496,29.7299409],[0.6605369,29.7301296],[0.6604283,29.730281],[0.6598092,29.7310943],[0.6592642,29.7317483],[0.6586327,29.7324249],[0.6585366,29.7325552],[0.6584639,29.7326964],[0.6584163,29.7328455],[0.6583948,29.7329991],[0.6583873,29.7333901],[0.6583915,29.7335367],[0.6584072,29.7336978],[0.6586186,29.7350742],[0.6586366,29.7353153],[0.6586446,29.7355538],[0.6586143,29.7360943],[0.6585925,29.7362106],[0.6585583,29.7363247],[0.6585119,29.7364354],[0.6584537,29.7365419],[0.6584012,29.7366204],[0.6583424,29.7366955],[0.6578217,29.7374021],[0.6575553,29.7377322],[0.6572891,29.73813],[0.6572459,29.7382112],[0.6572054,29.7382969],[0.6570569,29.7386138],[0.6569999,29.7387351],[0.6569354,29.7388535],[0.6568635,29.7389687],[0.6567844,29.7390802],[0.6567328,29.7391398],[0.6566665,29.7391873],[0.6565893,29.7392198],[0.656503,29.7392359],[0.6564148,29.7392333],[0.6561068,29.7391614],[0.6560228,29.7391507],[0.6559384,29.7391584],[0.6558587,29.7391838],[0.6557887,29.7392255],[0.6557327,29.7392808],[0.6554961,29.7396016],[0.6554191,29.7397001],[0.6553403,29.7397883],[0.6551363,29.7400098],[0.6550171,29.7401751],[0.6549797,29.7402492],[0.6549563,29.7403294],[0.6549489,29.7404207],[0.6549588,29.7405025],[0.6550355,29.7408064],[0.6551685,29.7411319],[0.6551985,29.7411834],[0.6552368,29.7412297],[0.6552835,29.7412673],[0.6557759,29.741523],[0.6558417,29.7415528],[0.6559137,29.7415788],[0.6562063,29.7416682],[0.6563401,29.7417298],[0.6564789,29.7418076],[0.6565794,29.7418747],[0.657005,29.7422066],[0.6570556,29.7422382],[0.6571131,29.7422593],[0.6571744,29.7422687],[0.6572292,29.7422628],[0.6574129,29.7421884],[0.6574884,29.7421679],[0.6575669,29.7421597],[0.6576458,29.7421642],[0.6579227,29.7422214],[0.6580046,29.7422466],[0.6580832,29.7422788],[0.6581578,29.7423176],[0.6588081,29.7427594],[0.6589597,29.7428611],[0.6589877,29.7428984],[0.6590042,29.7429405],[0.6590083,29.7429849],[0.6589737,29.7431377],[0.6589745,29.7431764],[0.6589839,29.7432143],[0.6590017,29.7432499],[0.6590271,29.7432818],[0.6593939,29.7436004],[0.6594644,29.7436592],[0.6595393,29.7437137],[0.6596181,29.7437638],[0.6600313,29.7440012],[0.6600528,29.7440154],[0.6601507,29.7440814],[0.6602434,29.7441479],[0.6605361,29.7443711],[0.6605625,29.7444004],[0.6605841,29.744439],[0.6605959,29.7444869],[0.6605931,29.7445366],[0.6605779,29.7445796],[0.6604301,29.7448421],[0.6604106,29.7449218],[0.6604136,29.7450048],[0.6604411,29.7450784],[0.6604929,29.7451553],[0.6605518,29.7452135],[0.6609586,29.7455332],[0.6612078,29.745716],[0.6615427,29.7459852],[0.6618762,29.7462842],[0.6621288,29.7465092],[0.662346,29.7467525],[0.6625536,29.7469862],[0.6642343,29.7492655],[0.6657323,29.751378],[0.667967,29.7544572],[0.6685467,29.7552559],[0.6705434,29.7581212],[0.6723404,29.7611134],[0.6713907,29.761643],[0.6710572,29.761851],[0.6708592,29.7620486],[0.6706669,29.7622769],[0.6699403,29.7632285],[0.669423,29.7639636],[0.6689401,29.7646951],[0.6686364,29.7652889],[0.668516,29.7656349],[0.6684723,29.7658192],[0.6684233,29.7663998],[0.6683706,29.7672456],[0.6682525,29.7683298],[0.6682208,29.7690819],[0.668193,29.7695301],[0.6681257,29.7697796],[0.6679903,29.7701087],[0.6676996,29.7707198],[0.6675513,29.7711429],[0.6675396,29.7712414],[0.6675448,29.7713236],[0.6676009,29.7714203],[0.6677102,29.7714683],[0.6679035,29.7715252],[0.6682585,29.7715809],[0.6689268,29.7718769],[0.6692209,29.7719665],[0.6696589,29.7720408],[0.669852,29.7720923],[0.6699431,29.7721344],[0.6701487,29.772245],[0.6702374,29.7723192],[0.670298,29.7723916],[0.6703296,29.7724743],[0.6703457,29.7725804],[0.6702797,29.7728036],[0.6701389,29.7731052],[0.6697967,29.7737042],[0.6697621,29.7737933],[0.6697536,29.7738589],[0.6697647,29.7739144],[0.6697991,29.7739698],[0.6698535,29.7740226],[0.6700068,29.7741225],[0.6705832,29.7744673],[0.6706363,29.7745275],[0.670661,29.7745717],[0.6706647,29.7746072],[0.6706596,29.7746642],[0.6706213,29.7747324],[0.6704312,29.7749506],[0.6701952,29.7752886],[0.6701054,29.7754404],[0.6699619,29.7758344],[0.6697105,29.7769408],[0.6696079,29.7771238],[0.6695109,29.7772265],[0.6693386,29.7773728],[0.6687019,29.7778058],[0.668201,29.7781762],[0.6681292,29.7782736],[0.6680028,29.778445],[0.6678604,29.7787478],[0.6677922,29.7790333],[0.6677591,29.7792765],[0.6677545,29.7794929],[0.6677923,29.7796502],[0.6678889,29.7798232],[0.6680032,29.7799731],[0.6681851,29.780133],[0.6686803,29.7804822],[0.6693468,29.7808889],[0.6700136,29.7813748],[0.6746711,29.7844195],[0.6749269,29.7845762],[0.6751652,29.7847246],[0.6753561,29.7847717],[0.6756723,29.78479],[0.6764588,29.784807],[0.6816691,29.784889],[0.6820594,29.7848581],[0.683915,29.7847112],[0.6853336,29.7845586],[0.6868727,29.7844053],[0.6908096,29.7840133],[0.6914646,29.78396],[0.6928596,29.7837568],[0.6936526,29.7835852],[0.6940555,29.7834731],[0.6943495,29.7833577],[0.6946346,29.7832007],[0.6948517,29.7830381],[0.6973008,29.7809463],[0.6978959,29.7803779],[0.6989711,29.7794348],[0.7060234,29.7733821],[0.7081533,29.771554],[0.7146308,29.7659334],[0.717283,29.7636359],[0.7192007,29.7619868],[0.7197413,29.7614995],[0.7202449,29.7609779],[0.7205594,29.7606077],[0.7209369,29.7600903],[0.7217744,29.7589452],[0.722859,29.7574153],[0.7234589,29.7564933],[0.7247999,29.7539831],[0.725787,29.7522226],[0.7281067,29.7479222],[0.7284893,29.7472567],[0.728716,29.746813],[0.7289728,29.7463626],[0.7290838,29.7461445],[0.7291809,29.7459361],[0.7303658,29.7432264],[0.730648,29.7424271],[0.7307371,29.7422031],[0.7308456,29.7420273],[0.7309663,29.741862],[0.7311246,29.7417024],[0.7312982,29.7415498],[0.7319167,29.7411152],[0.7327032,29.7406194],[0.7338734,29.7398846],[0.7340402,29.7397601],[0.7341848,29.739639],[0.734327,29.739506],[0.7344641,29.7393621],[0.735762,29.7378969],[0.7363488,29.7371688],[0.7365561,29.7368641],[0.7368082,29.7364844],[0.7370407,29.736055],[0.7371107,29.7358529],[0.7371684,29.7356479],[0.7372137,29.7354406],[0.7372465,29.7352315],[0.7372667,29.7350211],[0.7373382,29.7341031],[0.7374372,29.7325821],[0.73746,29.7318578],[0.7374606,29.7312656],[0.737417,29.7306408]]},"properties":{"name":"طريق فاتيس","highway":"tertiary","ref":"CC 52"}},{"type":"Feature","geometry":{"type":"LineString","coordinates":[[0.717283,29.7636359],[0.7200892,29.7667035],[0.7219097,29.7687183],[0.7221472,29.7690386],[0.7227078,29.7701367],[0.724523,29.7738436],[0.7258111,29.7763397],[0.726023,29.7767192],[0.7263073,29.7771197],[0.7269001,29.7775992],[0.7276404,29.7781068],[0.7284906,29.7786096],[0.7299873,29.7794919],[0.7343939,29.7820677],[0.737474,29.7838491],[0.739186,29.7848392],[0.7396207,29.7850874],[0.7400868,29.7853536],[0.7410125,29.7858821],[0.7411443,29.7859606],[0.7412826,29.786043],[0.742752,29.7869389],[0.7428142,29.7869718],[0.7432818,29.7872183],[0.7447422,29.7873242],[0.7450439,29.7873684],[0.745288,29.7874255],[0.7453697,29.7874502],[0.7454838,29.7874848],[0.7457874,29.7876431],[0.7467142,29.7881263],[0.7477006,29.7886406],[0.74828,29.7889385],[0.748413,29.7889963],[0.7484543,29.7890142],[0.7487148,29.7891192],[0.750501,29.789794],[0.7518714,29.7903776],[0.7521409,29.7904692],[0.7524329,29.790519],[0.7526605,29.7905465],[0.7535478,29.7906844],[0.7537182,29.7907181],[0.7546891,29.7910341],[0.754785,29.7910434],[0.7548776,29.7910382],[0.7549641,29.7910021],[0.7561948,29.7901356]]},"properties":{"name":"طريق تبلقوزة","highway":"tertiary","ref":"CC 53"}},{"type":"Feature","geometry":{"type":"LineString","coordinates":[[0.2439971,29.4112622],[0.2435724,29.4113023],[0.2431133,29.4113399],[0.2426727,29.4113667],[0.2423207,29.4113636],[0.2421236,29.4113189],[0.2418653,29.4112363],[0.2414232,29.4110195],[0.2408748,29.4107506],[0.2401157,29.4104986],[0.2397887,29.4104872],[0.2394379,29.410475],[0.2391557,29.4104916],[0.2387691,29.4105144],[0.2380284,29.4107317],[0.2379106,29.4107663],[0.2377336,29.4108204],[0.2367365,29.4111251],[0.2361844,29.4112938],[0.23585,29.4113725],[0.2357075,29.4113707],[0.2354174,29.411367],[0.2352264,29.4113646],[0.2343408,29.4112229],[0.2328587,29.4111285],[0.2322531,29.4112229],[0.2308704,29.4117425],[0.230361,29.4119234],[0.2302333,29.4119688],[0.2295983,29.4121943],[0.2285207,29.412577],[0.227951,29.4127852],[0.2276937,29.412864],[0.2275189,29.4129043],[0.227369,29.4129254],[0.2272235,29.4129254],[0.2270588,29.4129188],[0.2268311,29.4129101],[0.2266045,29.4128834],[0.2263484,29.4128275],[0.2260993,29.412766],[0.2256099,29.412622],[0.2248494,29.4124204],[0.2243093,29.4122725],[0.2237851,29.4121457],[0.2235541,29.4120941],[0.2233989,29.4120594],[0.2230131,29.4119576],[0.2222526,29.4117598],[0.221653,29.4116039],[0.2212302,29.411494],[0.2208597,29.4113977],[0.2207283,29.4113635],[0.2205717,29.411323],[0.220531,29.4113124],[0.220337,29.4112567],[0.2201452,29.411178],[0.2199742,29.4110941],[0.219841,29.4109917],[0.2197103,29.4108572],[0.2196117,29.4107075],[0.2195059,29.4105001],[0.2193737,29.4102389],[0.2191747,29.4098507],[0.2190342,29.4095688],[0.2189626,29.4093892],[0.2189349,29.4093196],[0.2188931,29.409152],[0.2188626,29.4089453],[0.2188468,29.408743],[0.2188182,29.4085894],[0.2187983,29.4085179],[0.2187863,29.4084747],[0.2187366,29.4083513],[0.2186705,29.4082149],[0.2186161,29.408113],[0.2185228,29.4079384],[0.2183347,29.40759],[0.2182428,29.4074199],[0.2177034,29.4063671],[0.2173571,29.4056994],[0.2173192,29.4056263],[0.2172442,29.4054925],[0.2168895,29.4048595],[0.2168145,29.4047257],[0.2167481,29.4046184],[0.2165587,29.4042993],[0.2164668,29.4041666],[0.2163477,29.4039947],[0.2162833,29.4039062],[0.2161729,29.4037674],[0.2160926,29.4036238],[0.2155649,29.4029478],[0.2151674,29.4024359],[0.2149789,29.4021986],[0.2146588,29.4018289],[0.2143858,29.4015144],[0.2139741,29.4010203],[0.2131267,29.3999007],[0.2125851,29.3991451],[0.2121959,29.3985897],[0.2118629,29.3981502],[0.2113274,29.3974073],[0.2110158,29.3970144],[0.2106802,29.3965721],[0.2104359,29.3963244],[0.2094996,29.3954448],[0.2089534,29.3949166],[0.2084588,29.3944493],[0.2078702,29.393903],[0.2074757,29.3934878],[0.2069938,29.3929437],[0.2065028,29.3924096],[0.2061868,29.3920831],[0.2058635,29.3917528],[0.2053898,29.3913515],[0.2051391,29.3911349],[0.2049195,29.390942],[0.2046001,29.3906112],[0.2042236,29.3902367],[0.203612,29.3896042],[0.2027584,29.3887285],[0.2024945,29.388466],[0.2023356,29.3882795],[0.2022394,29.3881478],[0.2021697,29.3880097],[0.2020872,29.3877734],[0.2020112,29.3874649],[0.2019479,29.3871148],[0.2018867,29.3868124],[0.2018193,29.3865698],[0.201768,29.386393],[0.2017064,29.3862469],[0.201632,29.386095],[0.201475,29.3859018],[0.2011334,29.3855813],[0.2008076,29.3852825],[0.200537,29.3850238],[0.199695,29.3842651],[0.1992056,29.3838244],[0.1986539,29.3833165],[0.1983274,29.3830198],[0.1979069,29.3826324],[0.1975359,29.3823072],[0.1969706,29.3818154],[0.1966664,29.3815623],[0.196386,29.3813546],[0.1960734,29.3811564],[0.1958178,29.3810202],[0.1955729,29.3808985],[0.1947022,29.3805045],[0.1943147,29.3803352],[0.1939592,29.380133],[0.1937071,29.3799704],[0.1935357,29.3798448],[0.1933932,29.3797145],[0.1930346,29.3793494],[0.1926318,29.3789373],[0.1922405,29.3785073],[0.1917197,29.3778853],[0.191329,29.3774483],[0.1909447,29.3770719],[0.1898489,29.3761453],[0.1894722,29.3758212],[0.1891878,29.3756008],[0.1873007,29.3741937],[0.18656,29.37365],[0.1861196,29.3732985],[0.1857642,29.3729929],[0.1852293,29.3725074],[0.1842105,29.3715497],[0.1836267,29.3710062],[0.1828791,29.3703065],[0.1825548,29.3700294],[0.1822279,29.3697921],[0.1816352,29.3693793],[0.1809275,29.3689025],[0.1806127,29.3686872],[0.1803686,29.3685207],[0.180202,29.368411],[0.1799578,29.3682691],[0.1796274,29.3681238],[0.1793693,29.3680494],[0.1791254,29.3680009],[0.1788678,29.3679828],[0.1786178,29.3679815],[0.1783528,29.3679978],[0.1780909,29.3680358],[0.177942,29.3680641],[0.1778225,29.3680922],[0.1776202,29.3681563],[0.1774051,29.3682423],[0.1772124,29.3683081],[0.1770537,29.3683888],[0.1769216,29.3684582],[0.1768448,29.3685079],[0.1767727,29.368577],[0.1767192,29.3686797],[0.1766974,29.3687829],[0.1766935,29.3689597]]},"properties":{"name":"طريق أغلاد","highway":"tertiary"}},{"type":"Feature","geometry":{"type":"LineString","coordinates":[[0.2749735,29.4242004],[0.2749681,29.423602],[0.2749637,29.4231075],[0.2750237,29.4223881],[0.2750907,29.4215843],[0.2751546,29.4214284],[0.2753911,29.4213505],[0.276356,29.421473],[0.2765109,29.4214786],[0.2774232,29.4215119],[0.277813,29.4215008],[0.2780559,29.4213672],[0.2799858,29.4185785],[0.2803623,29.4179958],[0.2815898,29.4160958],[0.2820051,29.4153833],[0.2820946,29.4150827],[0.2820243,29.4147766],[0.2812,29.4118151],[0.2799392,29.4076829],[0.2789186,29.4036539],[0.2781585,29.4007026],[0.2774618,29.3979269],[0.276257,29.3918735],[0.2757109,29.3888546],[0.2754185,29.387329],[0.2751116,29.3858208],[0.2748223,29.3844139],[0.2744506,29.3829885],[0.2740641,29.3815856],[0.2736512,29.3801867],[0.2729443,29.377753],[0.272234,29.3753195],[0.270788,29.3704276],[0.269123,29.3648598],[0.2683274,29.3620299],[0.2679383,29.3606056],[0.2677524,29.3598896],[0.2671505,29.3577415],[0.2667018,29.3560722],[0.2663386,29.3543764],[0.2661916,29.3536642],[0.26601,29.3529557],[0.2650977,29.3495074],[0.2642546,29.3462701],[0.2638136,29.344642],[0.2636061,29.3438317],[0.263404,29.3430213],[0.2623954,29.3392524],[0.262162,29.3383026],[0.2618982,29.337349],[0.2616604,29.3363954],[0.2614143,29.3354304],[0.2607698,29.3324415],[0.2604325,29.3309337],[0.2601105,29.3294211],[0.25901,29.3244389],[0.2579171,29.3194467],[0.257604,29.3179662],[0.2574694,29.3171879],[0.257367,29.3163943],[0.2571033,29.3127188],[0.257017,29.3115151],[0.2567754,29.3090758],[0.256644,29.3078548],[0.2565416,29.3066923],[0.2564728,29.3053008],[0.2563915,29.3042073],[0.2563621,29.3037987],[0.2562343,29.3022135],[0.256167,29.3014164],[0.2561267,29.300616],[0.2561304,29.3003446],[0.2561426,29.3001233],[0.2561962,29.2998554],[0.2563719,29.2992461],[0.25654,29.2987182],[0.2567632,29.2981264],[0.2570078,29.2975211],[0.2572525,29.2969128],[0.2597036,29.2911814],[0.2598021,29.2908699]]},"properties":{"name":"طريق الحاج غلمان","highway":"tertiary"}},{"type":"Feature","geometry":{"type":"LineString","coordinates":[[0.4060342,29.5415779],[0.402357,29.5461468],[0.4006737,29.5482774],[0.3989538,29.550404],[0.3898027,29.5617885],[0.3806005,29.5730161],[0.379577,29.5742751],[0.3793781,29.5745198],[0.3786127,29.5754614],[0.3776351,29.5766639],[0.376792,29.5777009],[0.3765633,29.5779822],[0.3764217,29.5781564],[0.3757718,29.5790701],[0.3753632,29.5796774],[0.3749109,29.580345],[0.3740562,29.5816114],[0.3738027,29.5819371]]},"properties":{"name":"طريق قصر قدور","highway":"secondary","ref":"CW 5"}},{"type":"Feature","geometry":{"type":"LineString","coordinates":[[0.6083391,29.6286371],[0.6086165,29.6306173],[0.6090432,29.6334134],[0.609196,29.6343969],[0.609253,29.6348465],[0.6092611,29.6350727],[0.6092504,29.6352918],[0.6091586,29.6357589],[0.6087029,29.6375757],[0.6085315,29.6382199],[0.6084162,29.6385253],[0.608242,29.638897],[0.6074506,29.6401852],[0.6072789,29.6405162],[0.6068933,29.641362],[0.6067023,29.6418077],[0.6065869,29.6421737],[0.6062697,29.6432588],[0.60597,29.6443603],[0.6057948,29.6453966],[0.6057287,29.6459618],[0.6057318,29.6461884],[0.6057388,29.6467099],[0.6058453,29.648032],[0.6059573,29.6493443],[0.6059834,29.6496499],[0.6060093,29.6501036],[0.6060335,29.6501753],[0.6061029,29.6502348],[0.6066343,29.6505293],[0.6068295,29.6506374],[0.6068987,29.6507142],[0.6069517,29.6507966],[0.6069473,29.6509024],[0.6069088,29.6510075],[0.6066414,29.6515188],[0.6058794,29.6530643],[0.6051476,29.6543949],[0.6049401,29.6546238],[0.6046762,29.6548553],[0.6043714,29.6550597],[0.604037,29.6551871],[0.6033051,29.65536],[0.6023014,29.6555749],[0.6020084,29.6556727],[0.6017878,29.6558112],[0.6016329,29.6559408],[0.6014899,29.6561194],[0.6011663,29.6566995],[0.6005394,29.6579564],[0.6004339,29.6582367],[0.6004259,29.6584534],[0.6005087,29.658705],[0.6005485,29.6589107],[0.6005727,29.6591759],[0.6005983,29.6593145],[0.6006655,29.6594343],[0.6007452,29.6595246],[0.601767,29.6602165]]},"properties":{"name":"طريق حاسي نبا","highway":"tertiary"}},{"type":"Feature","geometry":{"type":"LineString","coordinates":[[0.3037259,29.3887361],[0.3056375,29.3944899],[0.305968,29.3957029],[0.306312,29.3971206],[0.3064174,29.3975122],[0.306605,29.39808],[0.3067569,29.3986297],[0.3068131,29.3989019],[0.3068359,29.3991676],[0.3068393,29.3993106],[0.3068405,29.3993607],[0.306808,29.3994687],[0.306786,29.3995043],[0.3067475,29.3995754]]},"properties":{"name":"طريق أومراد","highway":"tertiary"}},{"type":"Feature","geometry":{"type":"LineString","coordinates":[[0.3001177,29.4509258],[0.2998195,29.4507999],[0.2996554,29.450725],[0.2985091,29.4502018],[0.2970863,29.4497253],[0.2962107,29.4494321],[0.2949262,29.4490162],[0.293627,29.4485907],[0.2933926,29.4485111],[0.2931145,29.4484557],[0.2929874,29.4484246],[0.2929119,29.4483934],[0.2928683,29.4483595],[0.2928367,29.4483348],[0.2927907,29.4482775],[0.292745,29.4481824],[0.2924209,29.4474342],[0.2920882,29.4466913],[0.2917198,29.4459124],[0.2913319,29.445157],[0.2910493,29.4445674],[0.2906476,29.4438185],[0.2905732,29.4436703],[0.2904855,29.4435332],[0.290363,29.4433853],[0.2902697,29.4433021],[0.29017,29.4432324],[0.2888878,29.4424855],[0.287795,29.4418622],[0.2867406,29.4410497],[0.2853834,29.4396581],[0.2847377,29.4389675],[0.2842461,29.4383719],[0.2837826,29.4377567],[0.2829958,29.4368423],[0.2827849,29.4365084],[0.2826134,29.4361004],[0.2823887,29.4359129],[0.2808231,29.4347275],[0.2800818,29.4338982],[0.2796473,29.4334029],[0.2790018,29.4329353],[0.2785545,29.4326014],[0.2777046,29.4318612],[0.277302,29.4314605],[0.2764137,29.4302137],[0.2763498,29.4300022],[0.2767141,29.4287778],[0.2769697,29.428082],[0.276861,29.4279039],[0.2764866,29.4278725],[0.2763306,29.4278594],[0.2758577,29.4277592],[0.2757044,29.4274865],[0.2754942,29.4266413],[0.275321,29.4259447],[0.2751868,29.4252267],[0.2750653,29.4248148],[0.2750007,29.4243825],[0.2749735,29.4242004]]},"properties":{"name":"طريق صموتة","highway":"tertiary"}},{"type":"Feature","geometry":{"type":"LineString","coordinates":[[0.2557789,29.6021866],[0.2557178,29.6022395],[0.2556789,29.6023112],[0.2555131,29.602878],[0.2552872,29.6036716],[0.2550793,29.6040173],[0.2548624,29.6043788],[0.2540581,29.6049917],[0.2535249,29.6053374],[0.2528471,29.6055181],[0.2523139,29.6055496],[0.2519614,29.6055417],[0.2512023,29.6053453],[0.2494942,29.6047717],[0.2486085,29.6045909],[0.2479217,29.6044181],[0.2476325,29.6043002],[0.2471806,29.6041273],[0.2470701,29.6041108],[0.2469537,29.6040935],[0.2467288,29.6040959],[0.2463609,29.6041588],[0.2458505,29.6043335],[0.2451653,29.6046538],[0.2442519,29.6051663],[0.2433849,29.6056439],[0.2428156,29.6059424],[0.2423095,29.6060289],[0.2416046,29.6060682],[0.240502,29.6060917],[0.2397338,29.6061153],[0.2392548,29.606186],[0.2387035,29.6063589],[0.2383059,29.606461],[0.2374925,29.6065868],[0.2370678,29.6067911],[0.2364894,29.6071211],[0.2357754,29.6077025],[0.2347452,29.6087004],[0.2339228,29.6094547],[0.2331636,29.6100676],[0.2324858,29.6106018],[0.2317538,29.6112225],[0.2313687,29.6115011],[0.2307444,29.611994],[0.230344,29.612299],[0.2301027,29.6124828],[0.2298469,29.6127311],[0.2294319,29.6132555],[0.2292135,29.6134552],[0.2290064,29.6135954],[0.2284893,29.6138706],[0.2281972,29.6140332],[0.2278858,29.6143418],[0.2274158,29.6149075],[0.2271147,29.6152344],[0.226894,29.61541],[0.2266078,29.6155993],[0.226309,29.6157646],[0.2259962,29.6159001],[0.2257979,29.6160239],[0.2253726,29.6163163],[0.225209,29.6163979],[0.2250445,29.6164645],[0.2244421,29.6166537],[0.2234947,29.6169253],[0.223105,29.6170131],[0.2224091,29.6171938],[0.2221191,29.6173108],[0.2218185,29.6174784],[0.2212197,29.6178629],[0.2209429,29.618022],[0.2207753,29.6181211],[0.220639,29.618246],[0.2204132,29.6184872],[0.2201858,29.6186706],[0.2199639,29.6187915],[0.2197521,29.6188908],[0.2192551,29.6191108],[0.2186677,29.6193936],[0.2183513,29.6196136],[0.2174024,29.6203206],[0.2167427,29.6207135],[0.2159112,29.6212084],[0.2150708,29.6215855],[0.2141218,29.6220569],[0.2134169,29.6224968],[0.2127482,29.6228504],[0.2118715,29.6233217],[0.210778,29.623911],[0.2100731,29.6242723],[0.2092236,29.6247594],[0.2084644,29.6250815],[0.2074342,29.6254429],[0.20691,29.6256786],[0.2064401,29.6259457],[0.2056809,29.626307],[0.2051322,29.6265993],[0.2049489,29.6266818],[0.2047612,29.6267389],[0.2044013,29.6268144],[0.2042502,29.6268508],[0.204104,29.6269114],[0.2038323,29.6270539],[0.2035904,29.6271562],[0.203303,29.6272326],[0.2025178,29.627399],[0.2017768,29.6274697],[0.2011893,29.6274069],[0.2005658,29.6273519],[0.2000564,29.6273262],[0.1999422,29.6273204],[0.1993909,29.6271005],[0.1987402,29.6267627],[0.1982679,29.6264673],[0.1982251,29.6264406],[0.1980082,29.6261735],[0.1978817,29.6257728],[0.1978459,29.6256254],[0.1975677,29.6244808],[0.1974388,29.6239502],[0.1972039,29.6230625],[0.1970773,29.6226618],[0.1970321,29.6220883],[0.1971406,29.6213891],[0.1971948,29.6205406],[0.1970321,29.6200535],[0.1966616,29.6195586],[0.1962486,29.6192474],[0.1958384,29.6189732],[0.1952035,29.6184148],[0.194854,29.6179974],[0.1946643,29.6174137],[0.194583,29.6168795]]},"properties":{"name":"طريق تقانت","highway":"tertiary"}},{"type":"Feature","geometry":{"type":"LineString","coordinates":[[0.3836196,29.6512191],[0.3842342,29.6534639],[0.3846314,29.6547248],[0.3860027,29.6581814],[0.3867273,29.6599122],[0.3874225,29.6614337],[0.3877428,29.6619519],[0.3880566,29.6623365],[0.3889385,29.6633401],[0.3896961,29.6642411],[0.3905071,29.6652437],[0.3910413,29.6658981],[0.3912136,29.6661542],[0.3917791,29.6671023],[0.3926866,29.6679797],[0.3934395,29.6686879],[0.3936397,29.6689753],[0.3937829,29.6692819],[0.3940076,29.6699425],[0.3943331,29.6710121],[0.3945444,29.6720412],[0.3946576,29.6724933],[0.3948399,29.673013],[0.3950401,29.6734302],[0.3951042,29.6736426],[0.3951405,29.6737751],[0.39517,29.6740838],[0.3952013,29.6742827],[0.3952573,29.6744248],[0.3953166,29.6745323],[0.3958555,29.6750949],[0.396055,29.6753423],[0.39622,29.6755954],[0.3962763,29.6757163],[0.3962883,29.6758445],[0.3963245,29.6761452],[0.3963527,29.6762325],[0.3964037,29.6763175],[0.3966907,29.6767242],[0.3969999,29.6770445],[0.3974478,29.6774699],[0.3975235,29.6775666],[0.3975852,29.6776773],[0.3976601,29.6778744]]},"properties":{"name":"طريق تيلغمين","highway":"tertiary"}},{"type":"Feature","geometry":{"type":"LineString","coordinates":[[0.3734771,29.5829015],[0.3732352,29.5832771],[0.3730141,29.5836097],[0.3724102,29.5843358],[0.3718963,29.5848766],[0.3714144,29.5853546],[0.3712492,29.5855388],[0.3708851,29.5859448],[0.3700932,29.5868205],[0.3698191,29.5870862],[0.3690693,29.5878132],[0.368103,29.5888316],[0.3673111,29.5897467],[0.3670832,29.5900724],[0.3669637,29.590275],[0.3668618,29.5904756],[0.366699,29.5908468],[0.3665714,29.591204],[0.365974,29.5928616],[0.3657272,29.5935007],[0.3655134,29.5940164],[0.3653692,29.594282],[0.3650751,29.5947023],[0.3644737,29.5954577],[0.3642842,29.595749],[0.3636358,29.596847],[0.3633401,29.5973862],[0.3627628,29.5985281],[0.36181,29.6002392],[0.3616127,29.6006326],[0.3615323,29.6008775],[0.3614563,29.601249],[0.361438,29.6015611],[0.3614464,29.6018524],[0.361492,29.6021392],[0.3616449,29.6025963],[0.3618905,29.6033074],[0.3621022,29.6038908],[0.3623186,29.6044874],[0.3634569,29.6078374],[0.3647455,29.6113476],[0.3655791,29.6137273],[0.3659612,29.6148996],[0.3664415,29.6166734],[0.3668605,29.6190678],[0.3673803,29.6214768],[0.3687034,29.6280633],[0.3693473,29.6314458],[0.3696662,29.633226],[0.3696701,29.6334827],[0.3696322,29.6337348],[0.3694019,29.6347976],[0.3691229,29.635842],[0.3684634,29.6381365],[0.3682968,29.6387678],[0.3681514,29.6397243],[0.3680661,29.6405698],[0.3680447,29.641078],[0.3680919,29.6413671],[0.368226,29.6415673],[0.3684516,29.641751],[0.3703413,29.6427403],[0.3719667,29.6436461],[0.3732864,29.6444164],[0.3745238,29.6451049],[0.3759068,29.6458888],[0.3767595,29.6463721],[0.3775412,29.6467434],[0.3783444,29.647125],[0.3791447,29.6475398],[0.3810386,29.6485459],[0.381411,29.6487437],[0.3818147,29.6489582],[0.3820485,29.6491204],[0.3822608,29.6493059],[0.382453,29.649549],[0.3827412,29.6499136],[0.3828957,29.650109],[0.3829778,29.6502227],[0.3834494,29.6508761],[0.3834775,29.6509257],[0.3835411,29.6510377],[0.3836196,29.6512191]]},"properties":{"name":"طريق تيمزلان","highway":"tertiary"}},{"type":"Feature","geometry":{"type":"LineString","coordinates":[[0.3056375,29.3944899],[0.3055767,29.3946217],[0.3051228,29.3959288],[0.3025536,29.4029753],[0.3023474,29.403543],[0.3022351,29.4039542],[0.3021656,29.4042335],[0.3021283,29.4047276],[0.302115,29.4049857],[0.3021296,29.4051914],[0.3021676,29.4064163],[0.3022562,29.4104432],[0.3023097,29.4127697],[0.3023256,29.413936],[0.3023494,29.4145244],[0.3023724,29.4150924],[0.3024368,29.4170958],[0.3024567,29.4173727],[0.3024867,29.4176694],[0.3025666,29.4180068],[0.302679,29.4182809],[0.302797,29.4184889],[0.302921,29.4186666],[0.3034567,29.4193375],[0.3037149,29.4196783],[0.3039972,29.4200092],[0.3050569,29.421171],[0.3055219,29.4217297],[0.3064426,29.4239122]]},"properties":{"name":"طريق تينجلات","highway":"tertiary"}},{"type":"Feature","geometry":{"type":"LineString","coordinates":[[-0.0063564,29.3207917],[-0.0035968,29.3196595],[-0.0007101,29.3185065],[0.0005606,29.3179757],[0.0015074,29.3175571],[0.0024295,29.3171218],[0.0031784,29.3167526],[0.003989,29.3163921],[0.0047206,29.3160673],[0.0050023,29.3159691],[0.0052226,29.3159181],[0.0052816,29.3159045],[0.0055394,29.3158529],[0.0056763,29.3158254],[0.0066993,29.3156206],[0.0070926,29.3155418],[0.0077993,29.3154175],[0.0091392,29.3151759],[0.0100105,29.3150214]]},"properties":{"name":"طريق قنتور","highway":"tertiary"}},{"type":"Feature","geometry":{"type":"LineString","coordinates":[[0.0023235,29.3355228],[0.0034109,29.3357692],[0.0044066,29.335975],[0.0072604,29.3365448],[0.0076266,29.3366459],[0.0079457,29.336783],[0.008213,29.3370007],[0.0083996,29.3372019],[0.0085627,29.3374441],[0.0094451,29.3389369],[0.0099259,29.3395501],[0.0104099,29.3400846],[0.0108608,29.3404343],[0.0113172,29.3405139],[0.0121386,29.3405775],[0.0126264,29.3405912],[0.0129874,29.3406014],[0.013608,29.3407446],[0.0141191,29.3409833],[0.0145298,29.3413652],[0.0152234,29.3420733],[0.0156341,29.3423597],[0.0161908,29.3425259],[0.0162905,29.3425682],[0.0168397,29.342801],[0.0172769,29.3433541],[0.0178536,29.3441145],[0.017996,29.3443023],[0.0185398,29.3450358],[0.0186459,29.345176],[0.0191119,29.3457493],[0.0191662,29.3458204],[0.0193106,29.34605],[0.0197777,29.3467353],[0.0201154,29.3476343],[0.0204348,29.348923],[0.0209003,29.350355]]},"properties":{"name":"طريق الأحمر","highway":"tertiary"}},{"type":"Feature","geometry":{"type":"LineString","coordinates":[[-0.0063564,29.3207917],[-0.0055575,29.3216824],[-0.0047355,29.322634],[-0.0038905,29.3235944],[-0.0026225,29.3249997],[-0.0023935,29.3252611],[-0.0022776,29.3254234],[-0.002194,29.3256137],[-0.0021072,29.3258591],[-0.0019866,29.3263581],[-0.0018785,29.3267778],[-0.0017294,29.3270985],[-0.0015745,29.3274172],[-0.00097,29.3287273],[0.0006584,29.3321956],[0.0014859,29.3338984],[0.0023235,29.3355228],[0.0034909,29.3373781],[0.0037444,29.3379108],[0.0040694,29.3385634],[0.0047355,29.3400809],[0.0048184,29.3402948],[0.004905,29.3405438],[0.0049786,29.3407878],[0.0050678,29.3411627],[0.0051475,29.3414772],[0.0052324,29.3417485],[0.0053223,29.3420046],[0.0054441,29.3422663],[0.0056122,29.3426906],[0.0058243,29.3432861],[0.0059322,29.3437353],[0.0060824,29.3445294],[0.0062484,29.3452795],[0.0062571,29.34539],[0.0062565,29.3455088],[0.0062365,29.3456607],[0.0062013,29.345814],[0.0060771,29.3462264],[0.0059138,29.3467927],[0.0058936,29.3468764],[0.0058861,29.3469526],[0.0058871,29.3470289],[0.0059009,29.3471162],[0.0059412,29.3472557],[0.0059879,29.3473748],[0.0062923,29.3479739],[0.0065753,29.348495],[0.0066208,29.3485803],[0.0067756,29.3489379],[0.0073307,29.3504663],[0.0079526,29.3523021],[0.0082506,29.3531981],[0.008325,29.3533996],[0.0083827,29.353549],[0.0084479,29.3536997],[0.0085461,29.3538954],[0.0087076,29.3541791],[0.0088508,29.3544212],[0.0088984,29.3544905],[0.0090485,29.3547094],[0.0090891,29.3547672],[0.0092194,29.3549528],[0.0096267,29.3554583],[0.0099453,29.3558956],[0.0105062,29.3567129],[0.0111138,29.3575275],[0.0113903,29.3579428],[0.0114981,29.3581366],[0.0115808,29.3583516],[0.0116437,29.3585427],[0.011682,29.3587262],[0.0117818,29.3592091],[0.0121645,29.3610773],[0.0124109,29.3624041],[0.0125485,29.3628923],[0.0127122,29.3634762],[0.0127945,29.363904],[0.0129528,29.3652607],[0.0132588,29.3671453],[0.0134519,29.3682536],[0.0135747,29.3687704],[0.0137448,29.3691282],[0.0139931,29.369488],[0.0143028,29.3697861],[0.0152751,29.3704924],[0.01836,29.3727533],[0.0225032,29.3757227],[0.0253815,29.3779384],[0.0281823,29.3806153],[0.0300151,29.3823923],[0.0337711,29.3861037],[0.0389856,29.3911532],[0.0404434,29.3925981],[0.0411689,29.3933131],[0.0420197,29.3941106],[0.0428191,29.3947856],[0.0437152,29.395478],[0.0446519,29.396135],[0.047698,29.3981029],[0.0539295,29.4021638],[0.0564699,29.4037241],[0.0568167,29.4038926],[0.0571069,29.4040195],[0.0573901,29.40412],[0.0577162,29.4042226],[0.0580984,29.4043252],[0.0652864,29.4059981],[0.0688127,29.4066901],[0.0723184,29.4074223],[0.0729602,29.4075698],[0.074232,29.4078622],[0.075069,29.4080522],[0.0754978,29.408136],[0.0758139,29.4081908],[0.0761354,29.408215],[0.0764294,29.4082159],[0.0767592,29.4081855],[0.0770456,29.4081433],[0.0772399,29.4081055],[0.0773699,29.4080545],[0.0774845,29.4079633],[0.0776939,29.4077227],[0.0778239,29.4075557],[0.0779288,29.4073924],[0.0780351,29.4072015],[0.0781003,29.4070953],[0.0782211,29.4069466],[0.078489,29.4066803],[0.0789105,29.4062959],[0.080309,29.4050281],[0.0808931,29.4044556],[0.0820066,29.4037241],[0.0827381,29.4032263],[0.0835055,29.4026167],[0.086061,29.4001592],[0.0875822,29.3986603],[0.0885219,29.3977648],[0.0885874,29.3977254],[0.0886349,29.3976969],[0.088748,29.3976545],[0.0888429,29.3976388],[0.088942,29.3976343],[0.0890962,29.3976498],[0.0895428,29.3977303],[0.0902788,29.3978813],[0.0907085,29.3980007],[0.0909014,29.3980317],[0.0910786,29.398031],[0.0915331,29.3979756],[0.0917396,29.3979534],[0.0919365,29.3979515],[0.0926931,29.398013],[0.0930539,29.398062],[0.0934378,29.3981577],[0.094061,29.3983693],[0.0944244,29.3985628],[0.0947236,29.3987713],[0.0956094,29.3994402],[0.0959131,29.3996417],[0.09607,29.399713],[0.0962717,29.3997586],[0.096589,29.3997901],[0.0976,29.3998112],[0.0980227,29.3998462],[0.0984165,29.3998598],[0.0990229,29.3998541],[0.0991493,29.3998625],[0.0993381,29.3998949],[0.1004993,29.4002936],[0.1010925,29.4004923],[0.1012641,29.4005087],[0.1022115,29.4005126],[0.1026044,29.400524],[0.1030639,29.4006161],[0.1032835,29.4006846],[0.103611,29.4007867],[0.1040161,29.4009713],[0.1042601,29.4010999]]},"properties":{"name":"طريق صمجان","highway":"tertiary"}},{"type":"Feature","geometry":{"type":"LineString","coordinates":[[-0.0357228,29.3011235],[-0.0338978,29.3014658],[-0.0320674,29.3017832],[-0.0309769,29.3019731],[-0.0305002,29.3020701],[-0.0301331,29.3021766],[-0.0297878,29.3023148],[-0.0295075,29.3024407],[-0.0292516,29.3025659],[-0.0289973,29.302721],[-0.0286743,29.3029364],[-0.0283324,29.3031705],[-0.0270473,29.304085],[-0.0259557,29.3048316],[-0.0244894,29.3058351],[-0.023531,29.3064759],[-0.0221851,29.3074263],[-0.0211224,29.3081669],[-0.0205323,29.3085388],[-0.0199866,29.3089187],[-0.0184616,29.3099772],[-0.0169571,29.3110306],[-0.0147706,29.3125369],[-0.0139599,29.3130598],[-0.0137005,29.3132616],[-0.0134943,29.3134547],[-0.0132476,29.3137134],[-0.0120485,29.3149401],[-0.0107987,29.3161468],[-0.0083928,29.318614],[-0.0063564,29.3207917]]},"properties":{"highway":"tertiary"}},{"type":"Feature","geometry":{"type":"LineString","coordinates":[[0.2164262,29.2320986],[0.2165428,29.2322863],[0.2165951,29.2323764],[0.2166314,29.2324532],[0.2171376,29.2335634],[0.2171957,29.2336988],[0.2188568,29.2375483],[0.2198409,29.2398178],[0.2200792,29.2403365],[0.2203172,29.2408452],[0.2205748,29.2413382],[0.2217777,29.2434399],[0.2235852,29.2466741],[0.2236631,29.2468119],[0.2247922,29.2487769],[0.2249778,29.2490998],[0.2257402,29.2504925],[0.2263457,29.2515351],[0.2265164,29.2518002],[0.2266972,29.2520534],[0.2269629,29.2523699],[0.2272536,29.25267],[0.2275223,29.2529046],[0.2278223,29.2531284],[0.2281303,29.2533242],[0.2284205,29.2534818],[0.2287375,29.253628],[0.2291018,29.2537663],[0.2293553,29.2538482],[0.2296059,29.2539197],[0.229851,29.2539773],[0.2301574,29.2540419],[0.2303368,29.2540796],[0.2310135,29.2542076],[0.2312714,29.254258],[0.2314022,29.2542823],[0.2315235,29.2543009],[0.2318209,29.2543356]]},"properties":{"highway":"primary","ref":"RN 51"}},{"type":"Feature","geometry":{"type":"LineString","coordinates":[[0.2317604,29.2550037],[0.2317111,29.2552029],[0.2315857,29.2558151],[0.231285,29.2569397],[0.2312575,29.2570428],[0.23123,29.2571955]]},"properties":{"name":"Rue de Palestine; شارع فلسطين","highway":"primary","ref":"CW 151"}},{"type":"Feature","geometry":{"type":"LineString","coordinates":[[0.233298,29.2547181],[0.2330652,29.2546638],[0.2325086,29.2545502],[0.2323425,29.2545324],[0.2321797,29.2545264],[0.2319971,29.2545332]]},"properties":{"highway":"primary","ref":"RN 51"}},{"type":"Feature","geometry":{"type":"LineString","coordinates":[[0.2317641,29.2544712],[0.2315163,29.2543851],[0.2313931,29.2543515],[0.2312565,29.2543191],[0.2310044,29.2542716],[0.230284,29.2541383],[0.2301424,29.2541117],[0.2298308,29.2540469],[0.2295823,29.2539886],[0.2293281,29.2539161],[0.229071,29.253833],[0.2287018,29.2536928],[0.2283795,29.2535441],[0.2280842,29.2533838],[0.2277712,29.2531848],[0.2274663,29.2529573],[0.2271929,29.2527186],[0.2268981,29.2524144],[0.2266289,29.2520937],[0.2264455,29.2518368],[0.2262731,29.251569],[0.2256663,29.2505242],[0.224904,29.2491318],[0.2246309,29.2486703],[0.2241068,29.2477617],[0.2235747,29.2468466],[0.2235399,29.2467867],[0.2234999,29.2467146],[0.2217038,29.2434716],[0.2205004,29.2413692],[0.2202415,29.2408737],[0.2200028,29.2403635],[0.2197641,29.2398439],[0.2187797,29.2375737],[0.217082,29.2337273],[0.2170298,29.2336167],[0.2165464,29.2324834],[0.2165133,29.2323987],[0.2164865,29.2323179],[0.2164262,29.2320986]]},"properties":{"highway":"primary","ref":"RN 51"}},{"type":"Feature","geometry":{"type":"LineString","coordinates":[[0.2320245,29.2543718],[0.2321885,29.2544177],[0.2323353,29.254455],[0.2325113,29.2544964],[0.2330726,29.2546029],[0.2332692,29.254635]]},"properties":{"highway":"primary","ref":"RN 51"}},{"type":"Feature","geometry":{"type":"LineString","coordinates":[[2.9636994,30.0563567],[2.9589386,30.0566049],[2.9585104,30.0565787],[2.9581211,30.0565337],[2.9525856,30.0554516],[2.9517725,30.0552604],[2.9509333,30.0549534],[2.9498606,30.0544742],[2.9250274,30.0430181],[2.921173,30.0412479],[2.8920686,30.029754],[2.8903864,30.0290814],[2.8895477,30.0288099],[2.8816808,30.0265752],[2.857904,30.0198206],[2.8560628,30.0192803],[2.8551274,30.0189645],[2.8476769,30.0160779],[2.8296648,30.009082],[2.8273384,30.0081884],[2.82643,30.0078214],[2.8252708,30.0072483],[2.8107779,30.0000046],[2.7933218,29.991271],[2.7925265,29.9908736],[2.7918231,29.9905399],[2.7913918,29.9903677],[2.7715909,29.9832729],[2.7708447,29.9830265],[2.7693619,29.9826345],[2.7505522,29.9777732],[2.7488221,29.9773386],[2.7480046,29.9770725],[2.7471525,29.9767091],[2.7462398,29.9762258],[2.7252897,29.9644618],[2.7241608,29.9638398],[2.7236158,29.9635887],[2.7229324,29.9633377],[2.706234,29.9575911],[2.7029074,29.956464],[2.6962,29.9541653],[2.694792,29.9537291],[2.693657,29.9535184],[2.6925561,29.9534186],[2.6917924,29.9534075],[2.6911948,29.9534411],[2.6689139,29.9553132],[2.6684872,29.9553317],[2.6543,29.955247],[2.6512746,29.955229],[2.6415011,29.9551913],[2.6395946,29.955163],[2.6385023,29.9552369],[2.624246,29.9564481],[2.6223942,29.9565959],[2.6212759,29.9565794],[2.6200408,29.9565334],[2.6193428,29.9565175],[2.5939422,29.9553359],[2.592756,29.9552916],[2.5920819,29.9553359],[2.5913736,29.9554099],[2.5906311,29.9555134],[2.5747243,29.9583969],[2.573265,29.9586557],[2.5721471,29.9587592],[2.5520835,29.9605251],[2.5514874,29.9605776],[2.5446601,29.9611785],[2.5427273,29.9613375],[2.5412499,29.9614723],[2.5407037,29.9615254],[2.5400137,29.9616298],[2.5224648,29.9653958],[2.5214239,29.9656258],[2.5206907,29.9658218],[2.5200601,29.9660414],[2.5195479,29.9662695],[2.5187869,29.9665929],[2.5085254,29.9712585],[2.5079129,29.9715146],[2.5073517,29.9717054],[2.5065643,29.9719119],[2.5056712,29.9720922],[2.50492,29.9721814],[2.5044826,29.9722091],[2.5037274,29.9722313],[2.5025305,29.972246],[2.5019607,29.9722705],[2.5014056,29.9723228],[2.5010133,29.9723725],[2.5004461,29.9724718],[2.5000479,29.9725214],[2.4994293,29.9725816],[2.4989647,29.9726103],[2.4985121,29.9726155],[2.4947739,29.9725084],[2.4942972,29.9724953],[2.4938265,29.9724535],[2.4925533,29.9723019],[2.4915848,29.9722],[2.4908305,29.972166],[2.4901638,29.9721764],[2.489332,29.972226],[2.4813487,29.9728611],[2.4807483,29.9729029],[2.4800302,29.9729683],[2.4793303,29.9730833],[2.4786725,29.9732244],[2.4780691,29.9733891],[2.4774717,29.9735903],[2.4770161,29.973768],[2.4765605,29.9739745],[2.4757731,29.974377],[2.4694582,29.9776779],[2.4684173,29.9782006],[2.467832,29.9784541],[2.4671622,29.9786841],[2.4664471,29.9788905],[2.465723,29.9790395],[2.4649748,29.9791493],[2.4643774,29.9791911],[2.4637347,29.9792172],[2.463249,29.9792146],[2.460259,29.9790108],[2.4596707,29.9789611],[2.4592573,29.9789062],[2.4586841,29.9788069],[2.4508289,29.9771347],[2.4499798,29.9769499],[2.4494678,29.9768427],[2.4489131,29.9767688],[2.4480682,29.9766912],[2.4412309,29.9761883],[2.4405994,29.9761735],[2.4400831,29.9761772],[2.4395967,29.9762105],[2.4389865,29.9762696],[2.4332255,29.9769646],[2.432598,29.9770299],[2.4320519,29.977077],[2.4316144,29.97709],[2.4311615,29.9770923],[2.4201163,29.9768214],[2.4190736,29.9767951],[2.4182757,29.9768173],[2.4176229,29.9768653],[2.4168933,29.9769725],[2.4162063,29.9771093],[2.4155252,29.977299],[2.399248,29.9822039],[2.398433,29.9824368],[2.3976949,29.9826179],[2.3971231,29.9827287],[2.3965769,29.982799],[2.395698,29.9828618],[2.3716487,29.9842495],[2.3707356,29.9842939],[2.369878,29.9842976],[2.3693062,29.984268],[2.3673307,29.9840352],[2.3464361,29.9814618],[2.344627,29.9812474],[2.3436754,29.9811846],[2.3335947,29.9808586],[2.3327499,29.9807959],[2.331884,29.9806574],[2.3311737,29.9805006],[2.3303712,29.9802706],[2.3142977,29.9754697],[2.3134614,29.9752295],[2.3127019,29.9750668],[2.3011184,29.9727076],[2.2994543,29.9723787],[2.2987418,29.9722012],[2.2971837,29.971739],[2.2733735,29.9646055],[2.2725627,29.9643726],[2.2716838,29.9641915],[2.2475269,29.9592755],[2.2464943,29.9590611],[2.2457701,29.9588441],[2.2271365,29.9532623],[2.2260348,29.9529481],[2.2253137,29.9528002],[2.2238459,29.9525932],[2.2190713,29.9518944],[2.2161222,29.9514685],[2.2152347,29.9513059],[2.214633,29.951158],[2.213865,29.9508992],[2.2131738,29.9506256],[2.2064121,29.9475307],[2.2054691,29.9470834],[2.2046413,29.9466545],[2.2041549,29.9463476],[2.2036734,29.9460405],[2.2032215,29.9457256],[2.2027581,29.9453933],[2.2013976,29.9444241],[2.1986738,29.9424819],[2.1961887,29.9406996],[2.1934427,29.9387523],[2.1888167,29.9354396],[2.1839947,29.9320012],[2.1828487,29.9311836],[2.1822935,29.9308024],[2.1819904,29.9305932],[2.181692,29.9303701],[2.1813816,29.9301632],[2.1810088,29.9299261],[2.1805528,29.9296495],[2.1800888,29.9293914],[2.1796623,29.9291404],[2.1768486,29.9275132],[2.1732712,29.925453],[2.1632448,29.9197056],[2.157548,29.9164029],[2.155965,29.9154899],[2.1555197,29.9152342],[2.1552595,29.9150691],[2.1550342,29.914918],[2.1547942,29.9147494],[2.1545769,29.9145844],[2.1543463,29.9144158],[2.154133,29.9142496],[2.1534263,29.9136823],[2.1530414,29.9133859],[2.152586,29.9130365],[2.1493748,29.9105018],[2.1461052,29.9079339],[2.1454883,29.9074596],[2.1448445,29.906962],[2.1444462,29.9066493],[2.1440506,29.9063436],[2.143093,29.9055856],[2.1424802,29.9051031],[2.1418834,29.904637],[2.140671,29.9036697],[2.1387157,29.9021328],[2.1381269,29.9016713],[2.1375462,29.9012237],[2.1364123,29.9003232],[2.1338126,29.8982811],[2.1326834,29.8974103],[2.1315595,29.8965128],[2.131243,29.8962709],[2.1309158,29.8960245],[2.1304759,29.8957338],[2.1271902,29.8936294],[2.1239185,29.8915521],[2.1180814,29.8878344],[2.1151739,29.885974],[2.1120471,29.8839897],[2.1072507,29.8809415],[2.1065775,29.8805112],[2.1062207,29.8802624],[2.1059069,29.8800298],[2.1053705,29.8796089],[2.1049225,29.8792298],[2.10437,29.878774],[2.1038631,29.8783437],[2.1028296,29.8774791],[2.096259,29.871999],[2.0897023,29.8665331],[2.0890425,29.865976],[2.0883559,29.8653933],[2.0880434,29.8651549],[2.0877081,29.8648688],[2.0872508,29.8644722],[2.086882,29.864185],[2.086363,29.8637488],[2.0860183,29.8634558],[2.0850956,29.8626719],[2.0831537,29.8610634],[2.0824255,29.8605726],[2.0818609,29.860212],[2.0809825,29.8596514],[2.0802221,29.8591536],[2.0795046,29.8586919],[2.0786449,29.8581394],[2.0779341,29.857687],[2.077163,29.8571787],[2.0761505,29.8565367],[2.0758581,29.8563494],[2.0745237,29.8554945],[2.073589,29.8548885],[2.0720655,29.8539069],[2.0685786,29.8516853],[2.0680127,29.8513095],[2.0667453,29.8504942],[2.0663309,29.850222],[2.0658213,29.849894],[2.0655195,29.8496916],[2.0649603,29.8493496],[2.0630224,29.8480864],[2.0628152,29.8479561],[2.0623767,29.8476787],[2.0612542,29.8469621],[2.0602128,29.8462799],[2.0592418,29.8456704],[2.0588315,29.8454075],[2.0585565,29.845219],[2.0582212,29.8449759],[2.0579503,29.8447607],[2.0549413,29.842385],[2.0540223,29.8416594],[2.0526315,29.8405636],[2.0489877,29.8376716],[2.0475098,29.8365013],[2.0459019,29.8352228],[2.0450261,29.8345178],[2.0445205,29.8341211],[2.044204,29.8338733],[2.0438795,29.8336023],[2.0433994,29.833223],[2.0426859,29.8326774],[2.0423305,29.8323795],[2.0418517,29.8319991],[2.0414869,29.8317187],[2.0409438,29.8312848],[2.0403014,29.8307752],[2.0381194,29.8290475],[2.0369098,29.8280796],[2.0360206,29.827371],[2.035688,29.8271069],[2.0353715,29.8268824],[2.0351677,29.8267463],[2.0348136,29.8265078],[2.0342919,29.8261762],[2.0339151,29.8259283],[2.0334323,29.8256154],[2.0248271,29.8199724],[2.0097001,29.8080327],[2.0025964,29.8039063],[1.9975581,29.8009858],[1.9820706,29.7886108],[1.9741015,29.782251],[1.9723932,29.7809753],[1.9707195,29.7798579],[1.9662778,29.7769898],[1.9480817,29.7652556],[1.9472019,29.7646037],[1.9449489,29.7628155],[1.9328624,29.7531982],[1.9260442,29.747749],[1.9181612,29.7426401],[1.9144813,29.7402235],[1.9073829,29.735617],[1.9030491,29.7330542],[1.8914407,29.7270801],[1.8888337,29.7257384],[1.8819594,29.7221695],[1.8783921,29.7203826],[1.868323,29.7161995],[1.8522582,29.7097261],[1.8488024,29.7089473],[1.8321212,29.7054914],[1.8218285,29.7032361],[1.817831,29.7017596],[1.8047177,29.6968755],[1.7941074,29.6928999],[1.7821522,29.6896545],[1.7707002,29.6865474],[1.7637898,29.6846724],[1.7510687,29.6799336],[1.742065,29.6765903],[1.7337337,29.6735878],[1.7141944,29.6682641],[1.7047237,29.6656508],[1.6927389,29.6611361],[1.6912367,29.6605702],[1.6767411,29.6550511],[1.6675505,29.6531193],[1.6593313,29.651431],[1.6562865,29.6507978],[1.6480054,29.6490676],[1.6455642,29.6485575],[1.6441258,29.6481354],[1.6419029,29.6472588],[1.6366538,29.6450996],[1.6301905,29.6409758],[1.6292192,29.6402127],[1.6283973,29.639336],[1.6273138,29.6376962],[1.6263238,29.6354718],[1.6259986,29.6349741],[1.6252777,29.6338806],[1.6218219,29.6297239],[1.6207288,29.628361],[1.6201682,29.6276855],[1.6196526,29.6269837],[1.6186233,29.6255661],[1.618115,29.6248655],[1.6175992,29.6241592],[1.6168396,29.6231202],[1.6164534,29.622612],[1.6160193,29.6221213],[1.6155817,29.6216921],[1.6150855,29.6212491],[1.6141118,29.6203969],[1.6111323,29.6177494],[1.6106075,29.6172269],[1.6103554,29.6169471],[1.6101225,29.6166663],[1.6097841,29.6162056],[1.6094748,29.6157242],[1.6087997,29.6145966],[1.6081404,29.6134693],[1.6048714,29.607953],[1.6016076,29.6024334],[1.6002976,29.6002217],[1.5989976,29.5980078],[1.5967806,29.5933992],[1.5914933,29.5823641],[1.5902428,29.5797956],[1.5894841,29.5785456],[1.5887122,29.5773056],[1.5873819,29.5751743],[1.5860613,29.5730433],[1.5858661,29.5726791],[1.585679,29.5723035],[1.5843968,29.5695009],[1.5837351,29.5680793],[1.5834014,29.5673672],[1.5830299,29.5666724],[1.5822174,29.5653437],[1.5795167,29.5609273],[1.5765123,29.5560133],[1.5735532,29.5511591],[1.570503,29.5461605],[1.5692364,29.5440951],[1.5679676,29.5420337],[1.5677026,29.5416641],[1.5674314,29.5413224],[1.5660495,29.5398345],[1.5623819,29.5359603],[1.5589193,29.5323193],[1.5580208,29.5313724],[1.5525715,29.5256619],[1.5495243,29.5224412],[1.5485367,29.5214029],[1.5467828,29.5199064],[1.546256,29.5194569],[1.5439668,29.5175313],[1.5404496,29.5145517],[1.5398727,29.5141075],[1.5347994,29.5106152],[1.530165,29.5074511],[1.5256245,29.5043322],[1.5235861,29.5029316],[1.5224927,29.5022937],[1.5215632,29.5019019],[1.5204145,29.5015096],[1.5176815,29.5008814],[1.5122241,29.499591],[1.5110855,29.4993884],[1.5109751,29.4993688],[1.5102461,29.4992959],[1.5093987,29.4992777],[1.5068753,29.4992301],[1.500469,29.499141],[1.4939151,29.4990416],[1.4930586,29.4990134],[1.4923593,29.498936],[1.4919424,29.4988585],[1.4914754,29.498772],[1.4896553,29.4983756],[1.4873785,29.4978528],[1.4798143,29.4961614],[1.4785569,29.4958424],[1.4775363,29.4954871],[1.4757411,29.4946441],[1.4728197,29.4932935],[1.4699369,29.4919607],[1.4665746,29.4903752],[1.4601202,29.4866646],[1.4562507,29.4844707],[1.4510958,29.4814945],[1.4493575,29.4804978],[1.4488791,29.4802199],[1.4475988,29.4795912],[1.444986,29.478352],[1.4364413,29.4742048],[1.4332087,29.4726706],[1.4328397,29.4724519],[1.4324934,29.4722332],[1.4315982,29.4716091],[1.4280746,29.4690584],[1.4251446,29.4669528],[1.4221946,29.4648662],[1.4146781,29.4611401],[1.4060663,29.456957],[1.3951605,29.451559],[1.3892274,29.4474623],[1.3772077,29.4390021],[1.3727346,29.43589],[1.3693267,29.4335756],[1.3527201,29.4241746],[1.3481322,29.4216388],[1.3441594,29.418723],[1.3338868,29.4112173],[1.3280311,29.4069138],[1.3247224,29.4050136],[1.3161673,29.400171],[1.3050518,29.3938831],[1.3011689,29.3916421],[1.2982167,29.3896739],[1.285346,29.3809838],[1.2835186,29.3798684],[1.2811317,29.3784115],[1.2755733,29.3750765],[1.2678641,29.3704874],[1.2658053,29.3692995],[1.2620876,29.3670944],[1.2574592,29.3643931],[1.2544335,29.3625566],[1.2522102,29.3608618],[1.2415794,29.3520458],[1.2393569,29.3502757],[1.2388047,29.3498306],[1.2382304,29.3494057],[1.2369743,29.3486378],[1.2276322,29.3431884],[1.2198004,29.3386144],[1.2176075,29.3373733],[1.2172035,29.3371825],[1.2167774,29.3370083],[1.2158326,29.3366698],[1.2153615,29.3365],[1.2148897,29.3363411],[1.2027351,29.3321012],[1.1987173,29.3306944],[1.1983868,29.3305762],[1.198065,29.3304353],[1.1971775,29.3300052],[1.1949273,29.3286847],[1.1863092,29.3236122],[1.1837172,29.3220928],[1.1811269,29.3205817],[1.1759945,29.3175552],[1.1747055,29.3167724],[1.174367,29.3165725],[1.1740331,29.3163562],[1.1733954,29.3159019],[1.1721441,29.314974],[1.1708795,29.3140794],[1.1696295,29.3131404],[1.1671183,29.3113118],[1.1658416,29.3103917],[1.1645937,29.3094428],[1.1540104,29.3017152],[1.1515453,29.2999663],[1.1494678,29.2988182],[1.1475587,29.2977369],[1.1427431,29.2950093],[1.1315791,29.2886983],[1.130697,29.2882163],[1.1300706,29.2879475],[1.1279247,29.2872186],[1.1201613,29.2845214],[1.1083869,29.2803592],[1.1054272,29.2793549],[1.1045524,29.2791089],[1.103541,29.2789267],[1.1026571,29.2788629],[1.1017869,29.2788629],[1.0988265,29.2789077],[1.0947531,29.2789967],[1.0921191,29.2790542],[1.087921,29.2791112],[1.0842987,29.2791603],[1.0797233,29.2792547],[1.077508,29.2793435],[1.0753632,29.2794643],[1.0676727,29.2798105],[1.0652854,29.2801021],[1.0549658,29.2811159],[1.0492482,29.2817058],[1.0448346,29.2817161],[1.0425874,29.2817423],[1.0417855,29.2817423],[1.0404916,29.2815965],[1.0338682,29.280828],[1.0322179,29.2806124],[1.0309787,29.2804119],[1.0259653,29.2789414],[1.0199714,29.2772136],[1.0139837,29.2754832],[1.0123446,29.2750085],[1.0108503,29.2746167],[1.0080802,29.2740791],[1.0041074,29.2732632],[1.0024581,29.2729036],[1.000089,29.2722931],[0.997544,29.2716311],[0.9931594,29.2704907],[0.9915055,29.2700698],[0.9890726,29.2692497],[0.9860711,29.2682366],[0.9816372,29.2667804],[0.981218,29.2666528],[0.9804253,29.2664979],[0.9774001,29.2660514],[0.9717643,29.2652769],[0.9668666,29.2645662],[0.9622225,29.2639163],[0.9588526,29.2634363],[0.9579232,29.2633178],[0.9571578,29.2632631],[0.9563012,29.2632449],[0.9550985,29.2633634],[0.9512417,29.2637698],[0.9480913,29.264393],[0.9451482,29.2650035],[0.9438165,29.2651864],[0.9405144,29.2655334],[0.937121,29.2659039],[0.9364557,29.2659577],[0.9358084,29.2659785],[0.9351867,29.2659634],[0.9313252,29.2657416],[0.9285005,29.2655685],[0.9266143,29.2654865],[0.924306,29.2655703],[0.9233321,29.2656024],[0.9215982,29.2656596],[0.9183479,29.2657385],[0.9151651,29.2658509],[0.9127374,29.2659021],[0.9062589,29.2661074],[0.9051704,29.2661612],[0.904525,29.266208],[0.9021511,29.2665081],[0.9003542,29.2667448],[0.8998769,29.2668352],[0.8993876,29.2669661],[0.8990095,29.2671046],[0.8985121,29.2673667],[0.895355,29.2690306],[0.894765,29.2693047],[0.8943424,29.269451],[0.8940585,29.2695307],[0.8937088,29.2696029],[0.8881486,29.2703351],[0.8829958,29.2710197],[0.8816507,29.2711307],[0.8793823,29.2711906],[0.8784476,29.2711988],[0.8775208,29.2712539],[0.8769321,29.2713181],[0.8763844,29.2714093],[0.8752236,29.2716457],[0.8740547,29.2719248],[0.8699042,29.2728842],[0.8644461,29.2741693],[0.8634869,29.2744107],[0.8624829,29.2747366],[0.8618849,29.2749821],[0.8604924,29.2756061],[0.856652,29.2773495],[0.8535304,29.2787892],[0.8530015,29.2790155],[0.852372,29.2792461],[0.8515248,29.2794814],[0.841239,29.2818631],[0.8375726,29.2827303],[0.8369887,29.2828476],[0.8365311,29.282917],[0.8360615,29.2829542],[0.8356717,29.2829506],[0.8353053,29.2829177],[0.8347732,29.2828313],[0.8342118,29.2827082],[0.8318518,29.2821888],[0.8306238,29.2820298],[0.826339,29.281879],[0.8240864,29.281793],[0.8189401,29.2815965],[0.8149308,29.2814416],[0.8141144,29.2814674],[0.812097,29.2816922],[0.8102153,29.2819017],[0.8045799,29.2825403],[0.8017594,29.2828585],[0.79752,29.2833414],[0.7955268,29.2835556],[0.7939573,29.2837788],[0.7858361,29.2849867],[0.7842006,29.2852276],[0.7833167,29.2852732],[0.7824237,29.285255],[0.7771479,29.2850545],[0.7688584,29.2847425],[0.7679675,29.284731],[0.7672522,29.2847629],[0.7651064,29.2849588],[0.7617053,29.285255],[0.7587849,29.2855192],[0.754828,29.2858655],[0.7516373,29.2861337],[0.7495453,29.2862208],[0.7465292,29.2863211],[0.7391827,29.2865646],[0.7343465,29.2867038],[0.7306288,29.2868313],[0.7298361,29.286886],[0.7272574,29.2871411],[0.7194244,29.2879589],[0.7161668,29.2883237],[0.7144963,29.2884981],[0.713702,29.2885735],[0.7130542,29.2885995],[0.7118928,29.2886008],[0.7086461,29.2885991],[0.7054296,29.2886218],[0.7046733,29.2886993],[0.7038807,29.2888088],[0.7014556,29.2892164],[0.6979748,29.2897996],[0.6919231,29.2907741],[0.6853305,29.2918582],[0.6822011,29.2923723],[0.6786012,29.2928613],[0.6767755,29.2931084],[0.6750165,29.2933405],[0.673379,29.293537],[0.6728724,29.2935876],[0.6723584,29.2936125],[0.6716812,29.2936165],[0.6685001,29.2934944],[0.6658101,29.2934051],[0.6641053,29.2933314],[0.6614963,29.293102],[0.6569701,29.2927121],[0.6495774,29.2920682],[0.645884,29.2917442],[0.6421858,29.2914369],[0.6406213,29.2912756],[0.6402728,29.2912238],[0.6399098,29.2911384],[0.6395432,29.2910202],[0.6391733,29.2908783],[0.6389303,29.2907641],[0.6386272,29.2906043],[0.6381232,29.2902803],[0.6339362,29.2875057],[0.6335934,29.2873234],[0.6332403,29.2871753],[0.63283,29.2870294],[0.6326111,29.286972],[0.6323846,29.2869319],[0.6314629,29.2868148],[0.6279255,29.2864276],[0.6229555,29.2858902],[0.6217808,29.2857243],[0.6209972,29.2855557],[0.6204459,29.2853552],[0.6181451,29.284485],[0.6171018,29.2842071],[0.612935,29.2833962],[0.6100149,29.2828358],[0.6074271,29.28233],[0.6034241,29.2819387],[0.6017799,29.2817651],[0.5990919,29.2814826],[0.5979734,29.2813596],[0.5955223,29.2810908],[0.5934425,29.2807992],[0.591121,29.2804603],[0.5868294,29.2798304],[0.5856759,29.2796547],[0.5840119,29.2793312],[0.5800111,29.2785341],[0.5765194,29.2778247],[0.5758327,29.2777077],[0.5747759,29.2776024],[0.5719307,29.2773515],[0.55614,29.2759739],[0.5554968,29.275931],[0.5325156,29.2747264],[0.5317908,29.2747013],[0.527966,29.2746615],[0.5158703,29.2745314],[0.5056318,29.2744083],[0.4955408,29.2739563],[0.4845357,29.2734654],[0.47378,29.2724037],[0.4631005,29.2713578],[0.4552406,29.270611],[0.4430874,29.2699193],[0.4386452,29.2697202],[0.4348364,29.2695015],[0.4311369,29.2692919],[0.4287587,29.2691552],[0.4255376,29.2688773],[0.4215101,29.2685265],[0.4182128,29.2682482],[0.4147626,29.2679525],[0.410972,29.2676153],[0.4078056,29.2673328],[0.4043248,29.2670504],[0.4019193,29.2668271],[0.3997779,29.266613],[0.3972494,29.2662986],[0.395632,29.2661073],[0.393206,29.2658152],[0.3915817,29.2655925],[0.3885018,29.2652234],[0.3836907,29.2646448],[0.3794946,29.2641345],[0.3763191,29.2637336],[0.3747427,29.2635559],[0.3732073,29.2634375],[0.3707753,29.2632244],[0.3671251,29.2629272],[0.3588969,29.2622893],[0.3514615,29.2616879],[0.3504319,29.2615786],[0.3489648,29.261451],[0.3459375,29.2610829],[0.3431742,29.2607631],[0.3408415,29.2604578],[0.3401626,29.2603895],[0.3390829,29.2602346],[0.3368869,29.2599885],[0.3336384,29.2595739],[0.3308319,29.2592596],[0.330062,29.2591183],[0.3298524,29.2590956],[0.3278842,29.2588905],[0.325572,29.258697],[0.3209557,29.25828],[0.315743,29.2578112],[0.3076975,29.2566374],[0.3033847,29.255973],[0.3027865,29.2558935],[0.3021946,29.2558418],[0.3013623,29.2558139],[0.3001266,29.2558343],[0.2960032,29.2559098],[0.2928811,29.2559566],[0.2924037,29.2559566],[0.2919422,29.2559326]]},"properties":{"highway":"primary","ref":"RN 51"}},{"type":"Feature","geometry":{"type":"LineString","coordinates":[[0.0365638,28.7488244],[0.0357269,28.7502618],[0.0353781,28.750861],[0.0353679,28.7531787],[0.0353094,28.754962],[0.0353293,28.7558052],[0.0353588,28.7562845],[0.0355047,28.7566776],[0.0356318,28.7570369],[0.0356409,28.7575415],[0.0355921,28.758119],[0.035495,28.7586406],[0.035325,28.7590897],[0.0345782,28.7605353],[0.0342528,28.7616313],[0.0340924,28.7621191],[0.0340181,28.7625468],[0.0338337,28.7635952],[0.0338402,28.7636361],[0.033859,28.7636586],[0.0339173,28.7636834],[0.0344329,28.7638003],[0.0345128,28.7638304],[0.0345509,28.7638595],[0.0345754,28.7638935],[0.0345828,28.7639444],[0.0345236,28.7640688],[0.0342639,28.7645098],[0.0342528,28.7645674],[0.0342614,28.7646186],[0.0342929,28.7646539],[0.0344428,28.7647605],[0.0346374,28.7648216],[0.0347111,28.764827],[0.0347823,28.7648206],[0.0348867,28.7648017],[0.0349733,28.7648042],[0.0351448,28.7648675],[0.0356207,28.765054],[0.0361965,28.7653407],[0.0363624,28.7654481],[0.0364739,28.765536],[0.0370763,28.7661201],[0.0372358,28.7662647],[0.0374065,28.7663681],[0.0375619,28.7664191],[0.0383247,28.7666194],[0.03836,28.7666325],[0.0386042,28.7667233],[0.0389615,28.7669199],[0.0391492,28.767014],[0.0394722,28.7671325],[0.0397522,28.7672049],[0.0400569,28.7672557],[0.0406534,28.7673281],[0.040854,28.7673281],[0.0410547,28.7673055],[0.041222,28.7672745],[0.0422713,28.7670506],[0.0425288,28.7670121],[0.0427348,28.7670121],[0.042899,28.7670328],[0.0430781,28.7670676],[0.0432509,28.7671249],[0.0442502,28.7675427],[0.0445062,28.7676327],[0.0447509,28.767708],[0.0448497,28.7677331],[0.0449638,28.7677621],[0.0455616,28.7678456],[0.045995,28.7679356],[0.0469962,28.7681665]]},"properties":{"highway":"tertiary"}},{"type":"Feature","geometry":{"type":"LineString","coordinates":[[0.0438851,28.7800106],[0.0426247,28.7793734],[0.0417662,28.7790261],[0.0412013,28.77883],[0.0407611,28.778621],[0.0400714,28.7782094],[0.0397083,28.7780487],[0.039114,28.7778879],[0.0373238,28.7774828],[0.0369459,28.7774249],[0.0364266,28.7774],[0.0350677,28.7773349],[0.0334609,28.7773638],[0.0333659,28.7773708],[0.0330684,28.7773928],[0.0325842,28.7774699],[0.032265,28.7774699],[0.0313186,28.7773702],[0.0308338,28.7773183],[0.0308087,28.7773156],[0.0298879,28.7770326],[0.0296274,28.7769137],[0.0294844,28.7767658],[0.0294257,28.7766178],[0.0294257,28.776396],[0.0296679,28.7733537],[0.0296777,28.7732319],[0.0296973,28.7729304],[0.0297508,28.7721072],[0.0298131,28.7711487]]},"properties":{"highway":"tertiary"}},{"type":"Feature","geometry":{"type":"LineString","coordinates":[[0.1196953,28.913089],[0.1195437,28.9126699],[0.1195082,28.912535],[0.1194758,28.9119534],[0.1194302,28.9112789],[0.1194006,28.911185],[0.1193587,28.9111332],[0.1192404,28.9110879],[0.1182569,28.9110102],[0.118167,28.9109897],[0.1180635,28.9109477],[0.1180147,28.9108873],[0.1174848,28.9087427],[0.1173343,28.9082249],[0.1081985,28.8811947],[0.1076019,28.8793822],[0.107441,28.8789007],[0.105755,28.8756616],[0.1054592,28.8750665],[0.1051376,28.8746758],[0.1036487,28.8729813],[0.1034567,28.8726314],[0.1033737,28.8719772],[0.1031506,28.8709778],[0.1029742,28.8706098],[0.102554,28.8698056],[0.1022842,28.8694195],[0.1014801,28.8686335],[0.101091,28.8682564],[0.1006137,28.868002],[0.1001572,28.867843],[0.0997473,28.8676794],[0.0991922,28.8673387],[0.0972001,28.8656395],[0.0969251,28.865535],[0.09499,28.8650488],[0.0932624,28.8647944],[0.0910764,28.8645549],[0.0898474,28.8645131],[0.0886846,28.8644489],[0.0880802,28.8643679],[0.087057,28.8643314],[0.0861392,28.8643463],[0.0857258,28.8643265],[0.0853464,28.8642967],[0.0842422,28.8642794],[0.0834607,28.8642868],[0.0795761,28.8641603],[0.0771383,28.8641554],[0.0752724,28.8642174],[0.0745929,28.864205],[0.0739247,28.8641752],[0.0717474,28.8640141],[0.0706007,28.8639149],[0.0703119,28.8638405],[0.070108,28.8637463],[0.06974,28.8635256],[0.0693606,28.8632503],[0.0679736,28.8620671],[0.067757,28.8618823]]},"properties":{"highway":"tertiary"}},{"type":"Feature","geometry":{"type":"LineString","coordinates":[[0.0345972,28.8663807],[0.0347024,28.8668311],[0.0347319,28.8669157],[0.0347727,28.8669965],[0.0350383,28.8673487],[0.0351132,28.8674177],[0.0352181,28.8674786],[0.0353456,28.8675012],[0.0354816,28.8675163],[0.035915,28.8675057],[0.0361828,28.8674607],[0.0370155,28.8672198],[0.0375585,28.8670591],[0.0380867,28.8669563],[0.0385079,28.8668831],[0.0390441,28.8667899],[0.0462619,28.8655353],[0.046651,28.8654808],[0.0469493,28.8654513],[0.047232,28.8654535],[0.0477716,28.8655103],[0.0480258,28.8655171],[0.0482073,28.8655081],[0.0507053,28.8651469],[0.0524148,28.8649356],[0.0533797,28.8647857],[0.0538103,28.8646744],[0.0544199,28.864429],[0.05525,28.8641723],[0.0562772,28.8638202],[0.0568219,28.8636612],[0.059792,28.8630024],[0.0611927,28.8627707],[0.0625468,28.8626139],[0.0647984,28.8623776],[0.0658427,28.8622072],[0.067757,28.8618823]]},"properties":{"highway":"tertiary"}},{"type":"Feature","geometry":{"type":"LineString","coordinates":[[0.2139001,29.1495069],[0.2118678,29.1481885],[0.21165,29.1480273],[0.2114756,29.1478262],[0.2113759,29.1476192],[0.2110738,29.1462698],[0.2107237,29.1449219],[0.2105828,29.144435],[0.2104828,29.1440894],[0.2103881,29.1437621],[0.2103029,29.1434677],[0.2101537,29.142958],[0.210097,29.1427343],[0.2100628,29.1425453],[0.2100444,29.1423307],[0.2100486,29.1420129],[0.2100683,29.1413356],[0.210089,29.1409722],[0.2101518,29.1403621],[0.210154,29.1401999],[0.210133,29.1400451],[0.2100795,29.1398057],[0.2099742,29.1393952],[0.209837,29.1391156],[0.2097763,29.1389949],[0.2097423,29.1388597],[0.2096969,29.1384999],[0.2096853,29.1380472],[0.2096823,29.1379216],[0.2096939,29.1378273],[0.2097206,29.1377176],[0.2097973,29.1375833],[0.2098927,29.1374491],[0.2101277,29.1372022],[0.2107856,29.136523],[0.2109505,29.1363738],[0.2111239,29.1361776],[0.2112528,29.1359724],[0.211686,29.1353939],[0.2118802,29.1351985],[0.2120613,29.1350884],[0.2122834,29.1350297],[0.2125157,29.1350284],[0.2128557,29.1350619],[0.2129369,29.135077],[0.2132154,29.1351288],[0.2137549,29.1352677],[0.2140814,29.1353517],[0.2146318,29.1355205],[0.2151147,29.1356583],[0.2151546,29.1356617],[0.2152933,29.1356734],[0.2154143,29.135652],[0.2155007,29.1355951],[0.2155814,29.1355691],[0.2161292,29.1355457],[0.2167601,29.1354382],[0.2182071,29.1351917],[0.2185508,29.1351493],[0.2187787,29.1351689],[0.2192681,29.1353745],[0.219425,29.1354789],[0.2195296,29.1356061],[0.2197426,29.1359651],[0.2199518,29.1362621],[0.2202918,29.1365949],[0.2205159,29.1366993],[0.22077,29.1367157],[0.2209867,29.1367157],[0.221902,29.136608],[0.2222072,29.136603],[0.2224512,29.136646],[0.2225966,29.1367042],[0.2234988,29.1371972],[0.2253671,29.1380648],[0.2266488,29.1386978],[0.228039,29.1392015],[0.2284605,29.1393986],[0.2286589,29.1395037],[0.2289082,29.1397029]]},"properties":{"highway":"tertiary"}},{"type":"Feature","geometry":{"type":"LineString","coordinates":[[0.3325731,28.7207968],[0.331252,28.7204587],[0.3300482,28.7201403],[0.3289563,28.7198358],[0.3252313,28.7188745],[0.3171753,28.7171439],[0.3166057,28.717044],[0.3161097,28.7169999],[0.3157632,28.7169825],[0.3153524,28.7169618],[0.3046109,28.7171615],[0.3039153,28.7172134],[0.2979878,28.7177715],[0.297509,28.7178461],[0.2967357,28.7179954],[0.2958403,28.718229],[0.2913709,28.7195077],[0.2801659,28.7227266],[0.2602184,28.7284764],[0.2562159,28.729631],[0.2460789,28.7325914],[0.2357998,28.7356264],[0.2293752,28.7375136],[0.2203485,28.7401945],[0.1646046,28.7569702],[0.1582591,28.7589001],[0.1578925,28.7589898],[0.1571969,28.7591033],[0.0856049,28.7709172],[0.0842192,28.7711197],[0.0833705,28.7711941],[0.0823414,28.7711988],[0.081498,28.7711383],[0.0806228,28.7710453],[0.0703802,28.7700113],[0.0689586,28.7698904],[0.0682956,28.7698486],[0.0675423,28.7698486],[0.0669801,28.7698579],[0.0663913,28.7698858],[0.0619572,28.7702831],[0.0607936,28.7703873],[0.0602191,28.7704388],[0.0594562,28.7705169],[0.0577136,28.7706952],[0.0569542,28.7707692],[0.0568359,28.7707807],[0.0564345,28.770784],[0.0559657,28.7707248],[0.0551653,28.7705771]]},"properties":{"highway":"secondary","ref":"CW 731"}},{"type":"Feature","geometry":{"type":"LineString","coordinates":[[0.0487362,28.7708178],[0.0485476,28.7714873],[0.0484274,28.771946],[0.0482206,28.772569],[0.0479819,28.7730944],[0.0478307,28.7733385],[0.0470721,28.7744428],[0.0466345,28.7750867],[0.0465046,28.7753192],[0.0463905,28.7755726],[0.0461386,28.7761979],[0.0457964,28.776893],[0.0450671,28.7784343],[0.0448284,28.7788667],[0.0445631,28.7792339],[0.0438851,28.7800106],[0.0432079,28.7807635],[0.0430193,28.7810473],[0.0428918,28.7813333],[0.0427343,28.7817377],[0.0425542,28.7820204],[0.0419503,28.7826483],[0.0416353,28.7829113],[0.041324,28.7831381],[0.0390531,28.7846558],[0.0386712,28.7849766],[0.0385015,28.7851718],[0.0382681,28.7854786],[0.037722,28.7863312],[0.0365217,28.7886125],[0.0363717,28.7888525],[0.035837,28.7894437],[0.0354073,28.7898528],[0.0352387,28.7899864],[0.0347681,28.7903595],[0.0336012,28.7912404],[0.0332219,28.7915984],[0.0324813,28.7923682]]},"properties":{"highway":"tertiary"}},{"type":"Feature","geometry":{"type":"LineString","coordinates":[[0.0324813,28.7923682],[0.0339679,28.7926448],[0.0346576,28.7927731],[0.0348108,28.7928016],[0.0352127,28.7928764],[0.0376587,28.7933315],[0.0380291,28.7934552],[0.0395148,28.794066],[0.0399917,28.7942268],[0.0410226,28.7945418],[0.0421121,28.7948344],[0.0423285,28.7949179],[0.0426623,28.7951237],[0.0430739,28.7954133],[0.0437794,28.7959725],[0.0441296,28.7963203],[0.0446821,28.7968954],[0.0459855,28.7982702],[0.0462008,28.7986225],[0.0463409,28.7989476],[0.0464187,28.7992067],[0.0464343,28.7994317],[0.046385,28.7997022],[0.0462475,28.8001432],[0.0459336,28.800807],[0.0456716,28.8012366],[0.04542,28.8015639],[0.0451736,28.801823],[0.0448312,28.8021572],[0.0427402,28.8040986],[0.0417387,28.8049922],[0.040297,28.806143],[0.0374787,28.8083668],[0.037297,28.8085101],[0.0369669,28.8088186],[0.0367908,28.8090276],[0.036622,28.8092622],[0.0363028,28.8098361],[0.0361965,28.8100272],[0.0357828,28.8108385],[0.035686,28.8110277],[0.0356206,28.811194],[0.0355841,28.811317],[0.0354741,28.8116869],[0.0353934,28.8119583],[0.035365,28.812054],[0.0351403,28.8128101],[0.0349742,28.8133178],[0.034905,28.8135218],[0.0348308,28.8137407],[0.0347402,28.814008],[0.0347185,28.8140749],[0.0346998,28.8141705],[0.0347082,28.8142469],[0.0347601,28.8143111],[0.0352795,28.814599],[0.0357669,28.8148692],[0.0363404,28.8151871],[0.0373143,28.8157269],[0.0394712,28.8169225],[0.0396696,28.8170634],[0.0398672,28.8172319],[0.0401772,28.8175918],[0.0404413,28.8179293],[0.0518131,28.8331683],[0.0521506,28.8335989],[0.0524551,28.8338946],[0.0529173,28.8342674],[0.0534492,28.8345727],[0.0570747,28.836472],[0.0575183,28.8367288],[0.0604621,28.8387634],[0.0658054,28.8423981],[0.0661319,28.8426905],[0.0668839,28.8433846],[0.0672502,28.8436584],[0.0677534,28.8439288],[0.0682359,28.8441014],[0.068612,28.8441742],[0.0695095,28.8442196],[0.0712734,28.8443241],[0.0715769,28.8443809],[0.0718026,28.8444673],[0.0720776,28.8446331],[0.0724018,28.8449035],[0.0726405,28.8451353],[0.072822,28.845392],[0.0729024,28.8456306],[0.0729284,28.8458714],[0.0728895,28.8463599],[0.0726664,28.8476596],[0.0725782,28.8480504],[0.0723084,28.8489705],[0.0718471,28.8505378],[0.0717174,28.8511921],[0.0716137,28.8521077],[0.0715203,28.8525848],[0.0713309,28.8533277],[0.0709885,28.8547522],[0.0709367,28.8550409],[0.0708883,28.8556304],[0.0708259,28.8562697],[0.0707177,28.8569107],[0.0705887,28.8574056],[0.0703604,28.8579713],[0.0696574,28.8590664],[0.067757,28.8618823]]},"properties":{"highway":"tertiary"}},{"type":"Feature","geometry":{"type":"LineString","coordinates":[[0.2538665,29.2679922],[0.2539174,29.2680227],[0.2539694,29.2680517],[0.2540225,29.2680793],[0.2540765,29.2681054]]},"properties":{"highway":"tertiary"}},{"type":"Feature","geometry":{"type":"LineString","coordinates":[[0.2539349,29.268183],[0.2539304,29.2681429],[0.253921,29.2681033],[0.2539071,29.2680648],[0.2538888,29.2680277],[0.2538665,29.2679922]]},"properties":{"highway":"tertiary"}},{"type":"Feature","geometry":{"type":"LineString","coordinates":[[0.2538665,29.2679922],[0.251904,29.2661421],[0.2503149,29.2645983],[0.2503043,29.2645881],[0.2494964,29.2637034],[0.2488876,29.2630061]]},"properties":{"highway":"tertiary"}},{"type":"Feature","geometry":{"type":"LineString","coordinates":[[0.236256,29.2555842],[0.2363443,29.2554729],[0.2363717,29.2554134],[0.2365095,29.2549185],[0.2365373,29.2548185],[0.2365425,29.2547717],[0.2365336,29.2547221],[0.2365274,29.2546489]]},"properties":{"highway":"tertiary"}},{"type":"Feature","geometry":{"type":"LineString","coordinates":[[0.2366277,29.2546197],[0.2366275,29.2546548],[0.2366396,29.2547085],[0.2366331,29.2547566],[0.2364201,29.2554595],[0.2363792,29.2556328]]},"properties":{"highway":"tertiary"}},{"type":"Feature","geometry":{"type":"LineString","coordinates":[[0.2362804,29.2555744],[0.2363072,29.2555723],[0.2363333,29.2555782],[0.2363556,29.2555914],[0.2363715,29.2556103],[0.2363792,29.2556328],[0.2363783,29.2556545],[0.2363697,29.2556747],[0.2363543,29.2556917],[0.2363337,29.2557037],[0.2363098,29.2557095],[0.236285,29.2557086],[0.2362599,29.2557],[0.2362437,29.2556887],[0.2362315,29.2556741],[0.236224,29.2556572],[0.2362218,29.2556392],[0.2362263,29.255618],[0.2362381,29.2555991],[0.236256,29.2555842],[0.2362804,29.2555744]]},"properties":{"highway":"tertiary"}},{"type":"Feature","geometry":{"type":"LineString","coordinates":[[0.2415087,29.2615955],[0.2407654,29.2605804],[0.2407324,29.2605353],[0.2402315,29.2598512],[0.2400229,29.2596006],[0.239848,29.2593989],[0.239498,29.2590253],[0.2390143,29.258505],[0.2382558,29.2577216],[0.2378451,29.257296],[0.2375702,29.2570108],[0.2372236,29.2566518],[0.236861,29.2562777],[0.2363417,29.2557406],[0.236285,29.2557086]]},"properties":{"highway":"tertiary"}},{"type":"Feature","geometry":{"type":"LineString","coordinates":[[0.2362218,29.2556392],[0.2360284,29.2557995],[0.2354772,29.2562334],[0.2353509,29.2563351],[0.2348679,29.2567239],[0.2345631,29.2569693],[0.2340011,29.2574218],[0.2336786,29.25768]]},"properties":{"highway":"tertiary"}},{"type":"Feature","geometry":{"type":"LineString","coordinates":[[0.2313888,29.2574607],[0.231605,29.2576753],[0.2319656,29.2580511],[0.2322481,29.2583455],[0.2324955,29.2586184],[0.2328304,29.2589642],[0.2330609,29.2592047],[0.2333251,29.2594806],[0.2336323,29.2598042]]},"properties":{"name":"Rue Mohamed El Atchane; شارع محمد العطشان","highway":"tertiary"}},{"type":"Feature","geometry":{"type":"LineString","coordinates":[[0.2336786,29.25768],[0.2341018,29.2580989],[0.2345762,29.2585686],[0.2348985,29.2588876],[0.2351391,29.2591257],[0.2354954,29.2594785],[0.2356544,29.2596358]]},"properties":{"highway":"tertiary"}},{"type":"Feature","geometry":{"type":"LineString","coordinates":[[0.2341135,29.266879],[0.2348926,29.266298],[0.2357118,29.2656924],[0.2367706,29.2649096],[0.2376841,29.2642524]]},"properties":{"highway":"tertiary"}},{"type":"Feature","geometry":{"type":"LineString","coordinates":[[0.2377861,29.2643576],[0.2368658,29.2650235],[0.2360762,29.2655996],[0.2358122,29.2657941],[0.235304,29.2661686],[0.2349828,29.2664044],[0.2342058,29.2670117]]},"properties":{"highway":"tertiary"}},{"type":"Feature","geometry":{"type":"LineString","coordinates":[[0.2377172,29.2642079],[0.2370148,29.2634402],[0.2365597,29.2629311],[0.2357435,29.262018]]},"properties":{"name":"Rue Mohamed El Atchane; شارع محمد العطشان","highway":"tertiary"}},{"type":"Feature","geometry":{"type":"LineString","coordinates":[[0.2336323,29.2598042],[0.2338528,29.2600239],[0.2342257,29.2603954],[0.234355,29.2605328],[0.2348119,29.2610177],[0.2349247,29.2611375],[0.2350417,29.261261],[0.2355978,29.2618476],[0.2357435,29.262018]]},"properties":{"name":"Rue Mohamed El Atchane; شارع محمد العطشان","highway":"tertiary"}},{"type":"Feature","geometry":{"type":"LineString","coordinates":[[0.231361,29.2625441],[0.2314144,29.2624837],[0.2318751,29.2621178],[0.2321541,29.2619159],[0.2324816,29.261678],[0.2329805,29.2613046],[0.2334566,29.2609484],[0.2342257,29.2603954],[0.2344186,29.260259],[0.2347343,29.2600301],[0.2354954,29.2594785]]},"properties":{"name":"Rue de l'Émir Abdelkader; شارع الأمير عبد القادر","highway":"tertiary"}},{"type":"Feature","geometry":{"type":"LineString","coordinates":[[0.2356544,29.2596358],[0.2348746,29.2601834],[0.234355,29.2605328],[0.2335636,29.2610534],[0.2330707,29.2614016],[0.2325512,29.2617685],[0.2324619,29.2618294],[0.2319371,29.2621795],[0.231442,29.2625183],[0.231361,29.2625441]]},"properties":{"name":"Rue de l'Émir Abdelkader; شارع الأمير عبد القادر","highway":"tertiary"}},{"type":"Feature","geometry":{"type":"LineString","coordinates":[[0.231361,29.2625441],[0.2308431,29.2628857]]},"properties":{"highway":"tertiary"}},{"type":"Feature","geometry":{"type":"LineString","coordinates":[[0.2308431,29.2628857],[0.2307903,29.2630417]]},"properties":{"highway":"tertiary"}},{"type":"Feature","geometry":{"type":"LineString","coordinates":[[0.2306886,29.2629034],[0.2308431,29.2628857]]},"properties":{"highway":"tertiary"}},{"type":"Feature","geometry":{"type":"LineString","coordinates":[[0.2313888,29.2574607],[0.2312635,29.2573786],[0.2312173,29.2573512]]},"properties":{"highway":"tertiary"}},{"type":"Feature","geometry":{"type":"LineString","coordinates":[[0.225703,29.2563735],[0.2254009,29.2560558],[0.2250209,29.2556331],[0.2247878,29.255358],[0.2245231,29.2550543],[0.2243129,29.2547691],[0.2241514,29.2545787],[0.2240305,29.2544269],[0.2237313,29.2540852],[0.2235159,29.2538082],[0.2234313,29.2536832],[0.223217,29.2534067],[0.2229761,29.2531122],[0.2229311,29.2530548],[0.2228969,29.2529976],[0.2228664,29.2529315],[0.2228032,29.2527394],[0.2227333,29.2525693],[0.2226622,29.2524055],[0.2225986,29.2522956],[0.2224061,29.2520088],[0.2222744,29.2518266],[0.2220744,29.2515709],[0.2215968,29.2509604],[0.2211466,29.2503849],[0.220222,29.2491861],[0.2199482,29.2488295],[0.2197044,29.248496],[0.219622,29.2483796],[0.2195585,29.2482798],[0.2194962,29.2481741],[0.2192876,29.2477992],[0.2190694,29.2474454],[0.218836,29.2470545],[0.2186105,29.2467281],[0.2185259,29.2466056],[0.2182473,29.2461471],[0.2177532,29.2453753],[0.2174917,29.2449441],[0.2171423,29.2444334],[0.2162648,29.243169],[0.2159205,29.2426735],[0.215623,29.2422146],[0.2153016,29.2417341],[0.2149146,29.2411471],[0.2146103,29.2407122],[0.2143641,29.2403697],[0.2141805,29.2401076],[0.2134822,29.2392283],[0.2128633,29.2384258],[0.2124336,29.2377884],[0.2120668,29.2373698]]},"properties":{"highway":"tertiary"}},{"type":"Feature","geometry":{"type":"LineString","coordinates":[[0.2168114,29.2337317],[0.2157398,29.2340026],[0.2154987,29.234064],[0.2154084,29.2340871],[0.215319,29.2341099],[0.2147355,29.2342585],[0.2146004,29.234293],[0.2137206,29.2345171]]},"properties":{"highway":"tertiary"}},{"type":"Feature","geometry":{"type":"LineString","coordinates":[[0.2137206,29.2345171],[0.2135678,29.2345823],[0.2135105,29.2346339],[0.213473,29.2346734],[0.2133532,29.2348516],[0.2122053,29.2368329],[0.2120789,29.2370393],[0.212015,29.2371437],[0.2120175,29.2372891],[0.2120668,29.2373698]]},"properties":{"highway":"tertiary"}},{"type":"Feature","geometry":{"type":"LineString","coordinates":[[0.1904749,29.1830876],[0.1908411,29.1825767],[0.1968343,29.1738561],[0.1978527,29.1724305],[0.1981643,29.171985],[0.1987432,29.1712201],[0.1994892,29.1701139],[0.2000967,29.1692601],[0.2008248,29.1682631],[0.2016151,29.1671254],[0.2037688,29.1640253],[0.2101937,29.1548183],[0.2122887,29.1518092],[0.2139001,29.1495069],[0.2145828,29.1485284],[0.2155796,29.1470855],[0.2157556,29.146852],[0.2159322,29.1466393],[0.2161546,29.1464092],[0.2163792,29.1461843],[0.2165814,29.1460089],[0.2168754,29.1457978],[0.217164,29.145619],[0.2174554,29.1454626],[0.2240728,29.1421296],[0.2289082,29.1397029],[0.2451236,29.1315647],[0.2478537,29.1301795],[0.2489167,29.12976],[0.2495707,29.1295319],[0.259669,29.1264328],[0.2606807,29.1260791],[0.261486,29.125706],[0.262304,29.12522],[0.267959,29.1216493],[0.2777763,29.1153955],[0.2785555,29.1149103],[0.2790724,29.1145345],[0.2794007,29.1141574],[0.2798262,29.1136104],[0.2801792,29.1128582],[0.2802862,29.1124489],[0.2872639,29.0667617],[0.2931963,29.0436181],[0.2991085,29.020477],[0.299246,29.0199129],[0.2993383,29.0193858],[0.2993533,29.019099],[0.2993426,29.0188223],[0.299305,29.018522],[0.2992512,29.0182653],[0.2962247,29.0052364],[0.2920708,28.9877404],[0.2917233,28.9861398],[0.2916264,28.9849263],[0.3002476,28.9251707],[0.3005156,28.9234422],[0.3076244,28.8932609],[0.3087022,28.8875969],[0.3112775,28.8775426],[0.3174302,28.8511842],[0.3177924,28.84965],[0.3180466,28.848531],[0.3182397,28.8466041],[0.318611,28.8411048],[0.3193791,28.8298081],[0.3199056,28.8223977],[0.3201318,28.8190995],[0.320365,28.8174218],[0.320939,28.8131536],[0.3215762,28.8083214],[0.3220302,28.8048383],[0.3223803,28.8022844],[0.3226745,28.8010444],[0.3230482,28.8001139],[0.3231723,28.799805],[0.3253642,28.7947948],[0.3279982,28.7887874],[0.3289252,28.7866732],[0.3321853,28.7792404],[0.3348183,28.7731539],[0.3367864,28.7687106],[0.340034,28.7612109],[0.3408565,28.7593307],[0.3411098,28.7585791],[0.3413079,28.7577759],[0.3413938,28.7572044],[0.3414435,28.7565184],[0.3413918,28.7557199],[0.3413205,28.755206],[0.3411389,28.7542819],[0.3408698,28.7534827],[0.3404498,28.7525407],[0.3370638,28.7458513],[0.3340893,28.7399799],[0.3315996,28.735122],[0.3312072,28.7343564],[0.3311425,28.7342301],[0.3309638,28.7338814],[0.3307277,28.7334207],[0.3301583,28.7322867],[0.3296814,28.7313216],[0.3294993,28.7308506],[0.3293559,28.7303721],[0.3292762,28.7299253],[0.329262,28.7294785],[0.3293802,28.7288716],[0.3294477,28.7286082],[0.3295127,28.7283542],[0.3295684,28.7281368],[0.3298318,28.7274628],[0.3303589,28.7262061],[0.3311132,28.724355],[0.3313375,28.7238046],[0.3316306,28.7230647],[0.3319785,28.7222015],[0.3325731,28.7207968],[0.3326149,28.7206978]]},"properties":{"highway":"primary","ref":"RN 51"}},{"type":"Feature","geometry":{"type":"LineString","coordinates":[[0.3286423,28.7275005],[0.3285547,28.7276332],[0.3285044,28.7277432],[0.328401,28.7282003],[0.3283276,28.7283865],[0.32812,28.7286478],[0.3276037,28.7291594],[0.3273033,28.7295141],[0.3271595,28.7296838],[0.3270968,28.7297579],[0.3267717,28.7301261],[0.3265993,28.7302957],[0.3262652,28.73062],[0.3259061,28.7309778],[0.3255597,28.7313228],[0.3248643,28.7320155],[0.3244813,28.7324281],[0.3239626,28.7329868],[0.3235026,28.7334531],[0.3230606,28.7339011],[0.3228683,28.7340827],[0.3224644,28.7344642],[0.3221134,28.7347929],[0.3227045,28.7352267],[0.3228127,28.7352752],[0.3229646,28.7353044],[0.3231472,28.7353127],[0.3233642,28.735304],[0.3235922,28.7352972],[0.3239583,28.7352852],[0.3250744,28.7352371],[0.3255684,28.7352159],[0.3257059,28.7352112],[0.326095,28.7351366],[0.326836,28.7348206],[0.3278993,28.7344019],[0.3285787,28.7341613],[0.3289622,28.7340255],[0.3294021,28.7338746],[0.3297562,28.7337532],[0.3302765,28.7335747],[0.3307277,28.7334207]]},"properties":{"highway":"tertiary"}},{"type":"Feature","geometry":{"type":"LineString","coordinates":[[0.3294638,28.760515],[0.3298725,28.7605089],[0.3304664,28.7604888],[0.3307437,28.7604794],[0.3317329,28.7603965],[0.333669,28.7602396],[0.3340798,28.7602143],[0.3342617,28.7602206],[0.3344347,28.7602266],[0.3346871,28.7602675],[0.340034,28.7612109]]},"properties":{"highway":"tertiary"}},{"type":"Feature","geometry":{"type":"LineString","coordinates":[[0.3369756,28.7052798],[0.3372328,28.7053416],[0.3375871,28.7054267],[0.3378454,28.7054888],[0.338019,28.7055305],[0.3389813,28.7057617]]},"properties":{"highway":"tertiary"}},{"type":"Feature","geometry":{"type":"LineString","coordinates":[[0.3355457,28.7084374],[0.3364197,28.706538],[0.3365529,28.7062398],[0.3366677,28.7059827],[0.3367833,28.7057238],[0.3368232,28.7056344],[0.3369756,28.7052798],[0.3370204,28.7051936],[0.3371776,28.7048166],[0.3372048,28.7047468],[0.3373795,28.7043517],[0.337562,28.7039549],[0.3379172,28.7030608],[0.3381365,28.7031234],[0.3381776,28.7031202],[0.3382056,28.7031071],[0.3382186,28.7030759],[0.3382408,28.70298],[0.3382653,28.7028736],[0.3384059,28.7025138],[0.3384699,28.7023499],[0.3385872,28.7020499],[0.3386103,28.7019907]]},"properties":{"highway":"tertiary"}},{"type":"Feature","geometry":{"type":"LineString","coordinates":[[0.2339975,29.2671155],[0.2339682,29.2671],[0.2339438,29.2670789],[0.2339215,29.267045],[0.2339118,29.2670067],[0.2339184,29.2669598],[0.233944,29.2669181],[0.2339851,29.2668872],[0.2340362,29.2668714],[0.2340904,29.2668728],[0.2341135,29.266879],[0.2341468,29.2668951],[0.2341743,29.2669182],[0.234194,29.2669466],[0.2342048,29.2669785],[0.2342058,29.2670117],[0.2341942,29.2670503],[0.2341689,29.2670845],[0.2341326,29.2671102],[0.234089,29.2671246],[0.2340424,29.2671265],[0.2339975,29.2671155]]},"properties":{"highway":"primary"}},{"type":"Feature","geometry":{"type":"LineString","coordinates":[[0.2286764,29.260509],[0.2287117,29.2605678],[0.2287545,29.2606238],[0.2289971,29.260897],[0.2291895,29.2611191],[0.2292371,29.2611741],[0.2293054,29.261253],[0.2296539,29.2616608],[0.2298942,29.2619494],[0.2300489,29.2621351],[0.2301447,29.2622501],[0.2301858,29.2622995],[0.2306886,29.2629034],[0.2307903,29.2630417],[0.2311561,29.2634669],[0.2314024,29.2637532],[0.232075,29.2645349],[0.2324085,29.2649296],[0.2328395,29.2654396],[0.232953,29.265574],[0.2340904,29.2668728]]},"properties":{"name":"Avenue du 1er Novembre; شارع أول نوفمبر","highway":"primary","ref":"CW 151"}},{"type":"Feature","geometry":{"type":"LineString","coordinates":[[0.2339118,29.2670067],[0.2330857,29.2660624],[0.2329075,29.2658587],[0.2327804,29.26571],[0.2326415,29.2655461],[0.2326073,29.2655058],[0.2322177,29.2650461],[0.2318931,29.2646572],[0.2318732,29.2646323],[0.2310187,29.2635619],[0.2310036,29.2635433],[0.2306594,29.2631453],[0.2301765,29.262587],[0.2300212,29.2624075],[0.2298897,29.2622537],[0.2297459,29.2620854],[0.2294695,29.2617729],[0.2291133,29.2613708],[0.2290136,29.2612576],[0.228815,29.2610324],[0.2286161,29.260784],[0.2285731,29.260723],[0.2285336,29.2606527],[0.2284962,29.2605614]]},"properties":{"name":"Avenue du 1er Novembre; شارع أول نوفمبر","highway":"primary","ref":"CW 151"}},{"type":"Feature","geometry":{"type":"LineString","coordinates":[[0.225703,29.2563735],[0.2259659,29.2566652],[0.2263159,29.257096],[0.2268519,29.2577869],[0.2281328,29.2594218]]},"properties":{"highway":"tertiary"}},{"type":"Feature","geometry":{"type":"LineString","coordinates":[[0.2281328,29.2594218],[0.2282201,29.2594407],[0.2283099,29.2594388],[0.228396,29.2594162]]},"properties":{"highway":"tertiary"}},{"type":"Feature","geometry":{"type":"LineString","coordinates":[[0.2284604,29.2596758],[0.2283316,29.2596677]]},"properties":{"highway":"primary_link"}},{"type":"Feature","geometry":{"type":"LineString","coordinates":[[0.1454353,29.3074871],[0.1453757,29.307222],[0.1453288,29.3070957],[0.1452443,29.3069483],[0.1450592,29.3066443],[0.1448393,29.3063402],[0.1446649,29.3061531],[0.144437,29.3059379],[0.1436323,29.3052245],[0.1428223,29.3046094],[0.1411861,29.3034586],[0.1407623,29.3032153],[0.1402527,29.3029534],[0.1389331,29.3022727],[0.1384208,29.3019757],[0.138292,29.3018611],[0.1381579,29.3017394],[0.1380131,29.3015687],[0.1379085,29.3013722],[0.1378119,29.3011547],[0.1375759,29.3006471],[0.1373988,29.3001956],[0.1373157,29.2999337],[0.1367122,29.2979875],[0.1366129,29.2977256],[0.136452,29.2974004],[0.1359853,29.296432],[0.1350573,29.2946426],[0.1340649,29.2925466],[0.1332092,29.2906799],[0.1323,29.2887219],[0.1319995,29.2879686],[0.1318923,29.2876388],[0.1316455,29.2870095],[0.1315892,29.2868176],[0.131557,29.2866586],[0.1315409,29.2864738],[0.1315221,29.2862679],[0.1314899,29.2855029],[0.1314524,29.283353],[0.131498,29.2816545],[0.1315811,29.2797268],[0.1317447,29.2780774],[0.1319754,29.2768889],[0.1321068,29.2758594],[0.1321337,29.2754406],[0.132131,29.2748089],[0.1321149,29.2742451],[0.1320076,29.2723078],[0.1319513,29.2714842],[0.1319405,29.2709016],[0.1319459,29.2704992],[0.1319647,29.2700991],[0.1320827,29.2685315],[0.1321444,29.2668796],[0.1322678,29.264886],[0.1323831,29.262993],[0.1323804,29.2625391],[0.1323482,29.2621928],[0.1322624,29.261107],[0.1322651,29.2608473],[0.1323161,29.2605127],[0.1324126,29.260288],[0.1325333,29.2600306],[0.1328123,29.259558],[0.1337135,29.2579878],[0.1344645,29.2567944],[0.1346979,29.2565393],[0.1349607,29.2563732],[0.1352745,29.256207],[0.1355696,29.25609],[0.136975,29.2555986],[0.1380908,29.255257],[0.1386756,29.2551236],[0.1394507,29.2549691],[0.1406014,29.2547117],[0.1424307,29.2542671],[0.1435116,29.2540073],[0.1439434,29.2538833],[0.144335,29.2537335],[0.1456735,29.2532819],[0.1460892,29.2531789],[0.1464379,29.2531087],[0.1469019,29.2530479],[0.1496458,29.2527343],[0.1525399,29.2523833],[0.1535591,29.2522686],[0.1539025,29.2521984],[0.1542056,29.2520954],[0.1549512,29.2517912],[0.1552168,29.2516461],[0.1553922,29.2515287],[0.1555698,29.2514114],[0.1558065,29.2513034],[0.1561186,29.2512189],[0.1569135,29.251091],[0.159351,29.2508046],[0.1598328,29.2507592],[0.1601392,29.2507107],[0.1604864,29.2506309],[0.1607126,29.2505579],[0.1617293,29.2501896],[0.1639354,29.2493868],[0.1665478,29.2484547],[0.1685468,29.247692],[0.1715924,29.2465558],[0.1756173,29.2451097],[0.1771384,29.2445528],[0.1782274,29.2441596],[0.1785894,29.2440567],[0.1789382,29.2439794],[0.1792941,29.2439255],[0.1794907,29.2439186],[0.1796798,29.2439255],[0.179944,29.24397],[0.180565,29.2441045],[0.1825538,29.2445013],[0.1844743,29.2449203],[0.1868588,29.2454281],[0.1892782,29.2459169],[0.1912335,29.2463291],[0.1933875,29.2467482],[0.1940679,29.2468903],[0.1945487,29.2470148],[0.1948277,29.247103],[0.1950932,29.2472184],[0.1952981,29.2473402],[0.1967543,29.2483186],[0.1979175,29.2490064],[0.1989642,29.2497102],[0.2003456,29.2505789],[0.2013879,29.2513564],[0.2022609,29.2519955],[0.2026639,29.2523208],[0.2028528,29.2524535],[0.2031371,29.2526384],[0.2041544,29.2532736],[0.2050647,29.2538401],[0.2053311,29.2539699],[0.2055671,29.2540551],[0.205821,29.2541514],[0.2063343,29.2542858],[0.2067985,29.2544011],[0.2069377,29.2544633],[0.2071041,29.2545643],[0.2071954,29.2546783],[0.2072414,29.2548011],[0.2073821,29.255198],[0.2074734,29.2554324],[0.2075279,29.2555541],[0.2076298,29.2557156],[0.2078283,29.2560339],[0.2079226,29.2561817],[0.2079704,29.2562667],[0.2080455,29.2564188],[0.2081192,29.2566011],[0.2082936,29.2570986],[0.2083476,29.2572222],[0.2084224,29.2573665],[0.2085117,29.2574939],[0.2086732,29.2577023],[0.2088725,29.2579211],[0.209038,29.258127],[0.2090918,29.2581111],[0.2091412,29.2581072],[0.209219,29.2581306],[0.2103854,29.2584012],[0.2108981,29.2585319],[0.2110281,29.2585763],[0.2111623,29.2586454],[0.211251,29.2587084],[0.2113608,29.258815],[0.2114424,29.2589024],[0.2115834,29.2591087],[0.2117158,29.2592897],[0.2118382,29.2594363],[0.2119328,29.2595258],[0.2120487,29.2596083],[0.2121922,29.2596832],[0.2123331,29.2597567],[0.2125664,29.2598739],[0.2126952,29.2599522],[0.2127486,29.2600027],[0.2127917,29.2600552],[0.2128279,29.2601328],[0.2128682,29.260233],[0.2129245,29.2604436],[0.2129685,29.2606612],[0.2130318,29.261038],[0.2130553,29.2612572],[0.2130666,29.2616031],[0.2130956,29.2619242],[0.2131216,29.2621144],[0.2131364,29.2622045],[0.2131806,29.2623133],[0.2132297,29.2624126],[0.2134369,29.262708],[0.2137399,29.2631217],[0.2139569,29.2633914],[0.2140416,29.263475],[0.214102,29.2635277],[0.214161,29.2635569],[0.2142065,29.2635673],[0.2142642,29.2635663],[0.2142937,29.2635546],[0.2148425,29.2632282],[0.2154431,29.2629053],[0.2155973,29.2628292],[0.2157488,29.2627614],[0.2159728,29.2626783],[0.2161682,29.2626062],[0.2173946,29.2621951],[0.2183761,29.2618804],[0.2192553,29.261646],[0.2200323,29.2614241],[0.2203448,29.2613363],[0.2204239,29.2613223],[0.2204883,29.2613155],[0.2205701,29.2613141],[0.2210489,29.2613352],[0.2213587,29.261348],[0.2215081,29.2613471],[0.2216403,29.2613328],[0.221757,29.2613106],[0.2218388,29.2612907],[0.2219474,29.2612494],[0.2223142,29.2611008],[0.222385,29.2610355],[0.2224638,29.2609339],[0.2225576,29.2608017],[0.2226001,29.2607569],[0.2226381,29.2607326],[0.2231719,29.260508],[0.2236433,29.2602938],[0.224349,29.2600229],[0.224591,29.2599407],[0.2246967,29.259916],[0.22483,29.2599051],[0.224918,29.2599172],[0.224985,29.2599324],[0.2250547,29.2599689],[0.2251956,29.2600447],[0.2253313,29.26011],[0.2266445,29.260899],[0.2267204,29.2609409],[0.2267986,29.2609635],[0.2268693,29.2609818],[0.2269588,29.2609796],[0.2270731,29.2609596],[0.2273342,29.2608892],[0.2276007,29.2608176],[0.2284962,29.2605614]]},"properties":{"highway":"secondary"}},{"type":"Feature","geometry":{"type":"LineString","coordinates":[[0.2286764,29.260509],[0.2284962,29.2605614]]},"properties":{"name":"Rue de Palestine; شارع فلسطين","highway":"primary_link"}},{"type":"Feature","geometry":{"type":"LineString","coordinates":[[0.2290136,29.2612576],[0.2291895,29.2611191]]},"properties":{"highway":"primary_link"}},{"type":"Feature","geometry":{"type":"LineString","coordinates":[[0.2293054,29.261253],[0.2291133,29.2613708]]},"properties":{"highway":"primary_link"}},{"type":"Feature","geometry":{"type":"LineString","coordinates":[[0.2298897,29.2622537],[0.2300489,29.2621351]]},"properties":{"highway":"primary_link"}},{"type":"Feature","geometry":{"type":"LineString","coordinates":[[0.2301858,29.2622995],[0.2300212,29.2624075]]},"properties":{"highway":"primary_link"}},{"type":"Feature","geometry":{"type":"LineString","coordinates":[[-0.397423,28.8309953],[-0.3959034,28.8316973],[-0.3954418,28.8319207],[-0.3938485,28.8326882],[-0.3934662,28.8328246],[-0.3930911,28.8329548],[-0.3926522,28.8330665],[-0.39218,28.8331224],[-0.3918016,28.8331479],[-0.3914701,28.8331533],[-0.3911728,28.8331471],[-0.3907269,28.8331037],[-0.3901606,28.8329858],[-0.3797257,28.8294007],[-0.3786404,28.829022],[-0.3781729,28.8287745],[-0.3777662,28.8285046],[-0.3774581,28.8282778],[-0.3754492,28.8266259],[-0.3749563,28.826194],[-0.3746482,28.8258053],[-0.3743524,28.8253195],[-0.3738717,28.8246069],[-0.3733911,28.8239158],[-0.372553,28.8229009],[-0.3714306,28.8217281],[-0.3695829,28.8201907],[-0.3692255,28.8197696],[-0.3690653,28.8194349],[-0.3689174,28.8190029],[-0.3687202,28.8183443],[-0.3665267,28.8102915],[-0.3663686,28.8097529],[-0.3662184,28.8093681],[-0.366036,28.8090201],[-0.3658367,28.8087114],[-0.3655578,28.8083492],[-0.3652247,28.808006],[-0.3647573,28.8076086],[-0.3630924,28.8063189],[-0.3528097,28.7981827],[-0.3513677,28.7970271],[-0.3503448,28.7960983],[-0.3426299,28.7891427],[-0.3328568,28.7802856],[-0.3324008,28.7798103],[-0.3319448,28.7792594],[-0.3297018,28.7760512],[-0.3290979,28.7752951],[-0.3284324,28.7746469],[-0.3226647,28.7691592],[-0.321765,28.7680464],[-0.3097733,28.7534588],[-0.3061749,28.7490205],[-0.3054601,28.7481453],[-0.3048562,28.7474537],[-0.3042154,28.7469459],[-0.2872522,28.7376412],[-0.2821023,28.7348002],[-0.2807501,28.7340868],[-0.2794314,28.7335789],[-0.2777307,28.7329953],[-0.2743785,28.7318498],[-0.271889,28.7309637],[-0.2692763,28.7300559],[-0.2660227,28.7288995],[-0.2654065,28.7286077],[-0.2647903,28.7281863],[-0.264248,28.7276891],[-0.2637775,28.7271421],[-0.2634839,28.7266732],[-0.2633154,28.726203],[-0.2627734,28.7241749],[-0.2624733,28.7229446],[-0.2620874,28.721824],[-0.2590336,28.7138741],[-0.2587501,28.7126802],[-0.2586925,28.7116811],[-0.2589667,28.7075727],[-0.2592343,28.7037436],[-0.2596793,28.7012178],[-0.2613821,28.6910701],[-0.2623747,28.6851215],[-0.262498,28.6843863],[-0.2625158,28.6836123],[-0.2633391,28.6611416],[-0.2635085,28.6566505],[-0.2635209,28.6544876],[-0.2634593,28.6520326],[-0.2632977,28.6447928],[-0.2632251,28.6440399],[-0.2630649,28.6433153],[-0.2606617,28.6348244],[-0.260271,28.6332247],[-0.2602057,28.6311574],[-0.2601163,28.625958],[-0.2600947,28.624721],[-0.2601865,28.6232932],[-0.2608595,28.6125314],[-0.2609648,28.6107803],[-0.2607962,28.609872],[-0.2558255,28.5950175],[-0.2555503,28.5940175],[-0.2554754,28.5929128],[-0.2558909,28.5800173],[-0.2561013,28.5734889],[-0.2561264,28.5728255],[-0.2560894,28.5721545],[-0.2550172,28.5635172],[-0.2548323,28.5627703],[-0.2544872,28.5621208],[-0.2539177,28.5612899],[-0.2529353,28.5596098],[-0.2526756,28.5591657],[-0.246658,28.5491948],[-0.2465566,28.5490261],[-0.2464464,28.5488462],[-0.2450469,28.5465326],[-0.2443243,28.5451329],[-0.2413315,28.5383149],[-0.2389821,28.532997],[-0.2373707,28.5294344],[-0.2370689,28.5285648],[-0.2368818,28.5278981],[-0.2364744,28.5255114],[-0.2362308,28.5244051],[-0.2360813,28.5236883],[-0.2358868,28.5230139],[-0.2353491,28.5218167],[-0.2333633,28.5176825],[-0.2314696,28.513738],[-0.229746,28.5101602],[-0.2292595,28.509175],[-0.2290535,28.5086812],[-0.2288444,28.5081056],[-0.2282711,28.5061174],[-0.2279455,28.5050606],[-0.2277862,28.5046229],[-0.2274642,28.503986],[-0.2265987,28.5023329],[-0.2253827,28.5000092],[-0.2241254,28.4975851],[-0.2238777,28.4971954],[-0.2235647,28.4967851],[-0.2231738,28.4963658],[-0.222681,28.4959836],[-0.2205122,28.4947086],[-0.2115582,28.489569],[-0.2109757,28.4892008],[-0.2105747,28.4888499],[-0.2102657,28.4885415],[-0.2099393,28.4881202],[-0.2073909,28.4845931],[-0.2068036,28.4837712],[-0.2065405,28.4833139],[-0.2063458,28.4829567],[-0.2061893,28.482587],[-0.2060293,28.4821266],[-0.2058484,28.4814626],[-0.205341,28.479064],[-0.2045505,28.4753548],[-0.2044083,28.4746897],[-0.2042759,28.4742738],[-0.2040727,28.4737346],[-0.2038029,28.4731074],[-0.2035246,28.4725938],[-0.2031673,28.4720373],[-0.2001607,28.4680692],[-0.1969215,28.4638066],[-0.1929962,28.4586656],[-0.1912409,28.456347],[-0.1904797,28.4553601],[-0.1895229,28.453802],[-0.1868445,28.4493562],[-0.1842429,28.4450499],[-0.181247,28.4400557],[-0.1780908,28.4348309],[-0.1752387,28.4300826],[-0.172546,28.4256124],[-0.1719092,28.4244969],[-0.1715895,28.4239051],[-0.1702089,28.4206417],[-0.1681473,28.4158028],[-0.1659715,28.4106911],[-0.1640915,28.4063391],[-0.1630703,28.4038842]]},"properties":{"name":"طريق الساورة","highway":"primary","maxspeed":"80","ref":"RN 6"}},{"type":"Feature","geometry":{"type":"LineString","coordinates":[[0.2311289,29.2572823],[0.2311298,29.2572586],[0.2311388,29.2572363],[0.2311551,29.2572173],[0.2311771,29.2572034],[0.2312028,29.2571959],[0.23123,29.2571955],[0.2312545,29.2572016],[0.2312761,29.2572135],[0.231293,29.2572302],[0.2313023,29.2572464],[0.231307,29.257264],[0.2313064,29.257286],[0.2312987,29.257307],[0.2312847,29.2573253],[0.2312654,29.2573394],[0.2312423,29.2573483],[0.2312173,29.2573512],[0.2311927,29.2573481],[0.23117,29.2573391],[0.231151,29.257325],[0.2311362,29.2573051],[0.2311289,29.2572823]]},"properties":{"highway":"primary"}},{"type":"Feature","geometry":{"type":"LineString","coordinates":[[0.231151,29.257325],[0.2305113,29.2577884],[0.2299917,29.2581619],[0.2292244,29.2587598],[0.2286157,29.2592363],[0.2285433,29.2592976]]},"properties":{"name":"Rue de Palestine; شارع فلسطين","highway":"primary","ref":"CW 151"}},{"type":"Feature","geometry":{"type":"LineString","coordinates":[[0.231307,29.257264],[0.2313326,29.2573408],[0.2313888,29.2574607]]},"properties":{"highway":"tertiary"}},{"type":"Feature","geometry":{"type":"LineString","coordinates":[[0.3976601,29.6778744],[0.3976576,29.6779721],[0.3976363,29.6780686],[0.3975047,29.6783287],[0.3974088,29.6784627],[0.3972447,29.678692],[0.3970864,29.6788877],[0.3970131,29.6789793],[0.3964012,29.6797639],[0.3958475,29.6804886],[0.3957869,29.6805678],[0.3952747,29.6812389],[0.39458,29.6821571],[0.3941991,29.6826395],[0.3938638,29.6830938],[0.3935124,29.6835809],[0.3925428,29.685007],[0.392406,29.6852109],[0.3922424,29.6854683],[0.392127,29.6856524],[0.3918937,29.6860428],[0.3917381,29.6862792],[0.3916067,29.68644],[0.391478,29.6865717],[0.3913304,29.6866999],[0.3910851,29.6868991],[0.3909308,29.6870202],[0.3907927,29.6871531],[0.3904735,29.6874991],[0.3903259,29.6876645],[0.3898297,29.6882785],[0.3892719,29.6890591],[0.3887107,29.6897707],[0.3882315,29.6903745],[0.3879037,29.6907487],[0.3875785,29.6910795],[0.3863537,29.6922624],[0.3855077,29.6931189],[0.3849669,29.6937154],[0.3838651,29.6950421],[0.3836759,29.6952331],[0.3834385,29.6954452],[0.3823332,29.6964144],[0.3818717,29.6968914],[0.3808623,29.6980134],[0.3806232,29.6982912],[0.3804061,29.6985687],[0.3802943,29.6987556],[0.3801844,29.6989948],[0.3801214,29.6992424],[0.3800428,29.6996912],[0.3799877,29.7000803],[0.379961,29.700341],[0.379887,29.7012527],[0.3798161,29.7024904],[0.3797668,29.7033459],[0.3797172,29.7037294],[0.3796412,29.7041631],[0.3795246,29.7047757],[0.3793783,29.7054922],[0.379206,29.7061943],[0.3790099,29.7070542],[0.3788079,29.707921],[0.3786117,29.7087742],[0.3784823,29.7094405],[0.3784637,29.7097008],[0.3784659,29.7099619],[0.3784959,29.7102343],[0.3785693,29.7105088],[0.3787118,29.7109064],[0.3788764,29.711255],[0.3789599,29.7114142],[0.3790714,29.7115703],[0.379502,29.7120256],[0.3801654,29.7127375],[0.3804901,29.7130985],[0.380959,29.7136503],[0.3812962,29.714093],[0.3816006,29.714523],[0.3818766,29.7149621],[0.3823853,29.7158219],[0.3833551,29.7175075],[0.3839233,29.7185311],[0.384317,29.7192383],[0.38454,29.7196868],[0.3848459,29.7203168],[0.384939,29.7204672],[0.3851157,29.7206335],[0.3852282,29.7206972],[0.3853714,29.7207429],[0.3855273,29.7207519],[0.3857191,29.7207403],[0.3859821,29.7206786],[0.3866243,29.7205411],[0.3869596,29.720498],[0.3872879,29.7204747],[0.3884637,29.7203692],[0.3904457,29.7201171],[0.3909412,29.7200495],[0.3917056,29.7199942],[0.3919675,29.7200065],[0.3923568,29.7201294],[0.3925671,29.7202343],[0.3927854,29.7203886],[0.3931367,29.720696],[0.3935379,29.7210573],[0.394043,29.7215253],[0.3949195,29.7222985],[0.3958858,29.7231407],[0.3969083,29.7240636],[0.3979019,29.7249428],[0.398705,29.7256563],[0.3994699,29.7263787],[0.4007408,29.7275739],[0.4020097,29.728803],[0.403661,29.7304871],[0.4040645,29.7309358],[0.404219,29.731101],[0.4048547,29.7317808],[0.4055748,29.7326218],[0.4060646,29.7331938],[0.4064352,29.7336035],[0.4067417,29.7340799],[0.4068463,29.7342426],[0.4072961,29.7348797],[0.4079821,29.7357962],[0.4082349,29.7362156],[0.4084449,29.7365395],[0.4090527,29.7373973],[0.4093436,29.7378078],[0.4096581,29.7382397],[0.4096861,29.7382782],[0.4101488,29.7389137]]},"properties":{"name":"طريق سيدي منصور","highway":"tertiary"}},{"type":"Feature","geometry":{"type":"LineString","coordinates":[[0.3621022,29.6038908],[0.3615948,29.6040729],[0.3611416,29.6042123],[0.360816,29.604297],[0.360303,29.6044011],[0.3595524,29.604439],[0.358471,29.6044602],[0.3573326,29.604446],[0.3550155,29.6044291],[0.3527061,29.6043965],[0.3511043,29.6043965],[0.3505626,29.6043985],[0.3498816,29.6043338],[0.3475246,29.6041088],[0.3458814,29.6039533],[0.3443909,29.6038285],[0.3430904,29.6037151],[0.3409976,29.6036118],[0.3395177,29.6035411],[0.3374037,29.6034775],[0.3363873,29.6034634],[0.3343709,29.603428],[0.3325007,29.6034704],[0.3296224,29.6035694],[0.3269717,29.6036613],[0.323638,29.6037673],[0.320906,29.6038098],[0.3190498,29.6038527],[0.3176412,29.6038957],[0.3163812,29.6039511],[0.3158433,29.6039881],[0.3144877,29.6040496],[0.3140489,29.6040896],[0.3138401,29.6040896],[0.3125837,29.6041511],[0.3121413,29.6041788],[0.3110689,29.6042558],[0.310315,29.6043019],[0.3100991,29.6043112],[0.3094373,29.6043512],[0.3090091,29.6043758],[0.3082092,29.6044373],[0.3076925,29.6044619],[0.3071014,29.6044989],[0.3065104,29.604545],[0.3061069,29.6045973],[0.3052929,29.6046804],[0.3047868,29.6047358],[0.3044881,29.604771],[0.3040241,29.6048246],[0.3034099,29.6048923],[0.3029968,29.6049389],[0.3026213,29.6049715],[0.3023826,29.6049879],[0.3020849,29.6049972],[0.3016584,29.6049995],[0.3012534,29.6049902],[0.3006606,29.6049902],[0.2999364,29.6050158],[0.2994295,29.6050602],[0.2989547,29.6051138],[0.298378,29.6052071],[0.2979784,29.605284],[0.2974419,29.6054053],[0.2970798,29.6055009],[0.2965166,29.6056688],[0.2959721,29.6058554],[0.2956341,29.6059533],[0.2952559,29.6060116],[0.2949475,29.6060326],[0.2942608,29.6060419],[0.2933811,29.6060513],[0.2921419,29.6060233],[0.2915384,29.605986],[0.291069,29.605979],[0.2901195,29.6059533],[0.2900149,29.605951],[0.2896984,29.6059487],[0.2889233,29.6059487],[0.2883573,29.605958],[0.2871154,29.6059766],[0.2863215,29.6059906],[0.285769,29.6059906],[0.2848222,29.605993],[0.2842857,29.6060116],[0.2837975,29.6060256],[0.2834757,29.6060163],[0.2831485,29.6060326],[0.2826844,29.6060629],[0.282325,29.6060559],[0.2820675,29.6060419],[0.2817269,29.605993],[0.2813943,29.605909],[0.2807345,29.6057108],[0.2803107,29.6055802],[0.2799754,29.6055032],[0.2794685,29.6053936],[0.2789696,29.6053213],[0.2786665,29.605298],[0.2783768,29.6053097],[0.2783102,29.6053241],[0.2778549,29.6054196],[0.2773914,29.6055044],[0.2771475,29.6054938],[0.2767979,29.6054478],[0.2762246,29.6053701],[0.2758425,29.6053701],[0.2755701,29.6054125],[0.2752855,29.605469],[0.2749318,29.6055539],[0.2743992,29.6056917],[0.2734886,29.6059462],[0.273017,29.6060876],[0.2722527,29.6063209],[0.2716429,29.6064694],[0.2713298,29.6065188],[0.2710899,29.6065188],[0.2707444,29.6065118],[0.2703744,29.60648],[0.2700167,29.6064588],[0.2692442,29.6063598],[0.2686507,29.6062467],[0.2682279,29.606176],[0.2675489,29.606077],[0.2668293,29.6059992],[0.2657479,29.6058543],[0.264947,29.6057589],[0.2638737,29.6056175],[0.26302,29.6054938],[0.2623776,29.6054054],[0.2620036,29.6053241],[0.2616784,29.6052287],[0.2607149,29.6048328],[0.259605,29.6043839],[0.2589952,29.6041117],[0.2582797,29.6037653],[0.2576495,29.6033482],[0.2570438,29.6029488],[0.256503,29.6025953],[0.2560274,29.602309],[0.2557789,29.6021866],[0.25549,29.6021351],[0.2550184,29.6021383],[0.2548362,29.6021075],[0.2545923,29.6020297],[0.2543947,29.6019431],[0.2541483,29.6017745],[0.2539485,29.6016082],[0.2534417,29.6011354],[0.2529254,29.6005274],[0.2525275,29.6000454]]},"properties":{"name":"طريق بني عيسي","highway":"tertiary"}},{"type":"Feature","geometry":{"type":"LineString","coordinates":[[0.3767595,29.6463721],[0.3758115,29.6473445],[0.3748757,29.6482901],[0.3747644,29.6484025],[0.374416,29.6487545],[0.3743215,29.6488514],[0.3737689,29.6494182],[0.3733499,29.649848],[0.372781,29.650439],[0.3716357,29.6516288],[0.3703916,29.6529223],[0.3692439,29.6541185],[0.3686653,29.6547137],[0.3674537,29.6559775],[0.3668517,29.6566014],[0.3666955,29.6567449],[0.3665301,29.6568657],[0.3663763,29.6569664],[0.3661955,29.6570605],[0.3659686,29.6571435],[0.3657433,29.6572004],[0.3648555,29.6573311],[0.3642635,29.6574314],[0.3638054,29.6575374],[0.3635654,29.6576027],[0.3633381,29.6576763],[0.3629337,29.6578579],[0.362562,29.6580598],[0.3622337,29.6582448],[0.3620835,29.6583381],[0.3619536,29.6584342],[0.361712,29.6586434],[0.3614572,29.6589149],[0.3612505,29.6591764],[0.3605352,29.660097],[0.3602083,29.6605434],[0.3600383,29.6607236],[0.3598534,29.6608924],[0.3596453,29.6610126],[0.359425,29.6611081],[0.3578591,29.6615737],[0.356932,29.6618532],[0.3555122,29.6623106],[0.3545827,29.6625742],[0.3536407,29.6628254],[0.3529894,29.6630054],[0.3524283,29.6632031],[0.3514782,29.6636741],[0.3499288,29.6644208],[0.3475993,29.665559],[0.3465145,29.6660921],[0.346245,29.6662245],[0.3445745,29.6671277],[0.3440738,29.66745],[0.343359,29.6680262],[0.3417978,29.6693167],[0.3407118,29.6702176],[0.3404355,29.6704527],[0.3400849,29.6706725],[0.3389598,29.6713779]]},"properties":{"name":"طريق اولاد عياش","highway":"tertiary"}},{"type":"Feature","geometry":{"type":"LineString","coordinates":[[0.7135346,29.7035224],[0.714134,29.7031972],[0.7149672,29.7027342],[0.7158454,29.7023012],[0.7163268,29.702043],[0.7168056,29.7017583],[0.7168858,29.7017105],[0.7173733,29.7014352],[0.7179615,29.7011029],[0.7194075,29.7002175],[0.7195425,29.7001537],[0.7196959,29.7001007],[0.719842,29.7000671],[0.7205811,29.6999323],[0.7207486,29.6998981],[0.7209127,29.6998559],[0.7210665,29.699808],[0.723046,29.6991079],[0.7255079,29.6982658],[0.7270639,29.6977335],[0.7295658,29.6968816],[0.7315804,29.6961458],[0.7331869,29.6954793],[0.7352868,29.6946261],[0.7357195,29.6944546],[0.737591,29.6936556],[0.7378569,29.693554],[0.7391646,29.6930916]]},"properties":{"name":"طريق الزوية","highway":"tertiary"}},{"type":"Feature","geometry":{"type":"LineString","coordinates":[[-0.0892726,28.6791007],[-0.0892502,28.6789994],[-0.0892334,28.6787898],[-0.0892144,28.6784723],[-0.0892532,28.6773903],[-0.0892558,28.6771995],[-0.0892809,28.6770399],[-0.0893314,28.6768276],[-0.0897133,28.6754579],[-0.089914,28.674719],[-0.0900204,28.6743909],[-0.0901533,28.6740806],[-0.0903323,28.6737664],[-0.0905864,28.6734257],[-0.0907541,28.6731475],[-0.0908557,28.672962],[-0.0910255,28.6725803],[-0.0911281,28.6722959],[-0.0912297,28.671949],[-0.0913273,28.6715566],[-0.0914879,28.6708834],[-0.0916218,28.6702654],[-0.0918098,28.6695244],[-0.091947,28.6689118],[-0.0920608,28.6683945],[-0.092194,28.6678015],[-0.0923434,28.6671897],[-0.0925019,28.6665262],[-0.0926676,28.665869],[-0.0928241,28.6651395],[-0.0931138,28.6638758],[-0.0931992,28.6634576],[-0.0932236,28.6633006],[-0.0932337,28.6631062],[-0.0932236,28.6629474],[-0.0931707,28.6625791],[-0.0931351,28.6624534],[-0.0929603,28.6620449],[-0.0928211,28.6618095],[-0.0923972,28.6611977],[-0.0923088,28.6610291],[-0.0921899,28.6607741],[-0.0921025,28.6605012],[-0.0919409,28.6598787],[-0.0914216,28.657851],[-0.0911135,28.6567182],[-0.0910981,28.6566019],[-0.0911004,28.6563951],[-0.0911474,28.6558984],[-0.0912429,28.6547782],[-0.091249,28.6544767],[-0.0912023,28.6539755],[-0.0908398,28.6499404],[-0.0906691,28.64826],[-0.0906711,28.6478104],[-0.0907138,28.6464778],[-0.0909074,28.6391281],[-0.0909611,28.6378514],[-0.0909425,28.6374272],[-0.0908537,28.636673],[-0.0906226,28.6339422],[-0.0906319,28.6337045],[-0.0907533,28.6330118],[-0.0909308,28.6323108],[-0.0911736,28.6313968],[-0.0912343,28.6311242],[-0.09126,28.6307102],[-0.0913254,28.6299355],[-0.0918125,28.6240666],[-0.0921628,28.6199589],[-0.0922644,28.6187067],[-0.0924868,28.616696],[-0.0924828,28.6165214]]},"properties":{"name":"طريق المطارفة - أولاد راشد","highway":"tertiary"}},{"type":"Feature","geometry":{"type":"LineString","coordinates":[[-0.2591727,29.0143398],[-0.2599541,29.0145066],[-0.2600825,29.01453],[-0.2603003,29.0145698],[-0.2606676,29.0145864],[-0.2614678,29.0145809],[-0.2616021,29.0145886],[-0.261761,29.01461],[-0.2618619,29.0146487],[-0.2619482,29.0146986],[-0.2620246,29.0147926],[-0.2622609,29.0151769],[-0.2624804,29.0154167],[-0.2626469,29.0156313],[-0.2626844,29.0156986],[-0.2626955,29.0157718],[-0.2626796,29.015949],[-0.2626854,29.0160249],[-0.2627249,29.0160886],[-0.2631889,29.0165942],[-0.2635054,29.0167396],[-0.2639721,29.0171806],[-0.2642242,29.0174105],[-0.2645536,29.0176291],[-0.2646158,29.0176619],[-0.2646973,29.0176778],[-0.2647676,29.0176694],[-0.2649227,29.0175671],[-0.2649527,29.0175202],[-0.2649881,29.0173931],[-0.2650139,29.0173504],[-0.2651467,29.0172428],[-0.2652007,29.0172271],[-0.2652703,29.0172275],[-0.2653503,29.017234],[-0.2654302,29.0172491],[-0.2661104,29.0176047],[-0.2662091,29.0176863],[-0.2662767,29.0177566],[-0.2663142,29.0178213],[-0.2663323,29.01792],[-0.266315,29.0180402],[-0.2662753,29.0181322],[-0.2662002,29.0182119],[-0.2659255,29.0183986],[-0.2658026,29.0185325],[-0.2657654,29.0186053],[-0.2657703,29.0186666],[-0.2658,29.0187382],[-0.2658335,29.0188018],[-0.2660213,29.0190992],[-0.2661232,29.0194463],[-0.2664349,29.0204075],[-0.2664607,29.0205287],[-0.2664383,29.020685],[-0.2662119,29.0213323],[-0.2661576,29.0215323],[-0.2661219,29.0216743],[-0.2661101,29.0218622],[-0.2661209,29.0220415],[-0.2661554,29.0224579],[-0.2662203,29.0231643],[-0.2662367,29.0233428],[-0.2662435,29.023641],[-0.2662348,29.0237868],[-0.266151,29.0239618],[-0.2660475,29.0241193],[-0.2659202,29.0242429],[-0.2657916,29.0243367],[-0.2656647,29.024392],[-0.265562,29.024421],[-0.2646791,29.0245963],[-0.2635911,29.0247694],[-0.2631044,29.0248019],[-0.2627386,29.0247978],[-0.262582,29.024796],[-0.2618674,29.0247657],[-0.2615048,29.0247524],[-0.2597656,29.0246888],[-0.2593104,29.0246616],[-0.2588633,29.0246139],[-0.2585149,29.0245447],[-0.2581141,29.0244411],[-0.2577799,29.0243346],[-0.2574747,29.0242084],[-0.2573492,29.0241388],[-0.2565722,29.0237074],[-0.2551913,29.0229186],[-0.254163,29.0223306],[-0.2534171,29.021904],[-0.2533278,29.02185],[-0.253283,29.021823],[-0.2530378,29.0216751]]},"properties":{"highway":"tertiary"}},{"type":"Feature","geometry":{"type":"LineString","coordinates":[[-0.1719313,29.1039779],[-0.1729916,29.1050018],[-0.1908012,29.1217616],[-0.1914319,29.122368],[-0.1920913,29.1229472],[-0.1925558,29.1232865],[-0.1929152,29.1234997],[-0.1934082,29.1237368],[-0.1952386,29.1243465],[-0.2147222,29.1308882],[-0.2224593,29.1334719],[-0.2229023,29.1336027],[-0.2232134,29.1336636],[-0.2234849,29.1336996],[-0.2384191,29.1350648],[-0.238582,29.1350662],[-0.2387801,29.1350518],[-0.2543668,29.1333314],[-0.2546181,29.1333157],[-0.254834,29.1333192],[-0.2550629,29.1333348],[-0.255294,29.1333661],[-0.255475,29.1334047],[-0.2556462,29.1334579],[-0.2558211,29.1335277],[-0.2559726,29.1336191],[-0.2561395,29.1337336],[-0.2563521,29.133912],[-0.2565448,29.1340893],[-0.259324,29.136755],[-0.2606799,29.1380283],[-0.2620594,29.1392774],[-0.2625145,29.1396717],[-0.2627935,29.139899],[-0.2629329,29.1400185],[-0.2630622,29.1401517],[-0.2631877,29.1402926],[-0.2633004,29.1404425],[-0.2635263,29.1407655],[-0.2641144,29.1416033],[-0.2644511,29.1420496],[-0.2645704,29.1422335],[-0.2648207,29.142665],[-0.2655132,29.1438558],[-0.266102,29.1448409],[-0.2661543,29.1449357],[-0.2661967,29.1450264],[-0.2663541,29.1454605],[-0.2664547,29.145799],[-0.2665156,29.1460951],[-0.2665687,29.1463858],[-0.2666149,29.1466974],[-0.2668939,29.1499348],[-0.2672132,29.1531706],[-0.2675284,29.1568781],[-0.2675383,29.1570335],[-0.267541,29.1571892],[-0.2675369,29.1573391],[-0.2675195,29.1574832],[-0.2674779,29.1576671],[-0.2674203,29.1578404],[-0.2673163,29.1580814],[-0.2671869,29.1583171],[-0.2670488,29.1585138],[-0.2668523,29.1587794],[-0.2659772,29.1599309],[-0.2655695,29.1604731],[-0.2654421,29.1606921],[-0.2653456,29.1608901],[-0.2652847,29.161079],[-0.2652423,29.1613374],[-0.2652311,29.1616517],[-0.2653214,29.1623938],[-0.2654133,29.1631664],[-0.2655883,29.1644889],[-0.2657412,29.165811],[-0.2659088,29.1671472],[-0.2660295,29.1679177],[-0.2660617,29.1681918],[-0.2660731,29.1684597],[-0.2660617,29.1687316],[-0.2660175,29.1689951],[-0.2658987,29.16953],[-0.2656359,29.1707116],[-0.2636097,29.179612],[-0.2626653,29.1837602],[-0.261972,29.1868222],[-0.2619082,29.1871007],[-0.2608958,29.1914747],[-0.2607214,29.1922785],[-0.2606812,29.1925407],[-0.2606732,29.1927983],[-0.2606785,29.1929505],[-0.2609205,29.1955329],[-0.2611405,29.1979422],[-0.2611426,29.198227],[-0.2611003,29.1985088],[-0.26048,29.2004208],[-0.2598949,29.2023144],[-0.2584958,29.2067338],[-0.2568865,29.2118843],[-0.2554102,29.2153875],[-0.2515049,29.2241893],[-0.2451733,29.2385034],[-0.2390019,29.2524091],[-0.2377188,29.255388],[-0.2363987,29.2583593],[-0.2337715,29.2642504],[-0.2292024,29.2746259],[-0.2290928,29.2749914],[-0.2290311,29.2753447],[-0.2289717,29.2759305],[-0.22891,29.2977381],[-0.2287839,29.3296551],[-0.2287549,29.3298741],[-0.2285296,29.3309123],[-0.2282023,29.3320628],[-0.2275796,29.3344464],[-0.2250932,29.3441755],[-0.224973,29.3445979],[-0.2247858,29.3449588],[-0.2245009,29.3453671],[-0.2242709,29.3457842],[-0.2241039,29.3462392],[-0.2235943,29.3478781],[-0.222685,29.3508005],[-0.221284,29.3559541],[-0.2211691,29.3565221],[-0.2209067,29.3587514],[-0.2206197,29.3609535],[-0.2203167,29.3632328],[-0.2201751,29.3654637],[-0.2201369,29.367389],[-0.2200967,29.3680318],[-0.2200936,29.3685282],[-0.2201369,29.3690322],[-0.220204,29.3695208],[-0.2203596,29.3703552],[-0.2206171,29.3717904],[-0.221132,29.3746724],[-0.2213439,29.3761309],[-0.2215934,29.3775777],[-0.2217221,29.3789076],[-0.2219963,29.3804908],[-0.2224255,29.383632],[-0.2264638,29.3917089],[-0.2267414,29.393487],[-0.2269432,29.3960857],[-0.2270728,29.3969903],[-0.2273195,29.3978923],[-0.2273329,29.3979708],[-0.2273614,29.3982496],[-0.2273601,29.3983693],[-0.2273456,29.3984953],[-0.227273,29.3986544],[-0.2271756,29.3988072],[-0.2264853,29.3995996],[-0.226353,29.3997637],[-0.2262893,29.3998713],[-0.2262458,29.3999796],[-0.226227,29.4001246],[-0.2262316,29.4002101],[-0.2262519,29.4002889],[-0.2267398,29.4012818],[-0.2270543,29.4019431],[-0.2271375,29.4021467],[-0.2271934,29.4023289],[-0.2271961,29.4026232],[-0.227197,29.40277],[-0.2271491,29.4029913],[-0.2269994,29.4032578],[-0.226784,29.4034854],[-0.2265224,29.4036956],[-0.2264173,29.4037801],[-0.2260317,29.404066],[-0.225848,29.4042436],[-0.2257361,29.4044542],[-0.2256736,29.4046724],[-0.2256341,29.404904],[-0.2256234,29.405133],[-0.2256699,29.405376],[-0.2257297,29.4055206],[-0.2258853,29.4059605],[-0.2259175,29.4060455],[-0.225933,29.4061192],[-0.2259201,29.4062246],[-0.2258868,29.4063083],[-0.2258366,29.4063822],[-0.2254209,29.4068014],[-0.2251627,29.4070022],[-0.2249389,29.4071763],[-0.2246062,29.4074124],[-0.2244654,29.4075088],[-0.2243124,29.4076014],[-0.2242073,29.4076576],[-0.2238514,29.4078477],[-0.2234483,29.4081112],[-0.2232242,29.4083015],[-0.2230585,29.4084787],[-0.222647,29.4090299],[-0.2226146,29.4090977],[-0.2226066,29.4091637],[-0.2226166,29.4092233],[-0.2226542,29.4093027],[-0.2227061,29.4093692],[-0.2232398,29.4098576],[-0.2238772,29.410551],[-0.2240664,29.4107654],[-0.224217,29.4109875],[-0.2245605,29.4115431],[-0.224635,29.4116654],[-0.2246769,29.411763],[-0.2246799,29.4118302],[-0.2246775,29.4118459],[-0.2246712,29.4118881],[-0.2246357,29.4119415],[-0.224379,29.412118],[-0.2242387,29.4122064],[-0.2240693,29.4122899],[-0.2237988,29.4123875],[-0.2236714,29.4124453],[-0.2235691,29.4125194],[-0.2235018,29.4125937],[-0.2233327,29.4128709],[-0.2232637,29.4129424],[-0.2231839,29.4129993],[-0.2231162,29.4130312],[-0.2230431,29.4130464],[-0.2229057,29.4130464],[-0.2226695,29.413036],[-0.2225375,29.413061],[-0.2223895,29.4131077],[-0.2218504,29.4133203],[-0.2214801,29.4134837],[-0.2213359,29.4135785],[-0.2212496,29.4136471],[-0.221185,29.4137409],[-0.2211518,29.4138166],[-0.2210214,29.4143574],[-0.2209657,29.4144605],[-0.2208942,29.4145481],[-0.2206922,29.4147432],[-0.2205144,29.4148866],[-0.2203478,29.4149993],[-0.2201687,29.4150924],[-0.2198258,29.4152187],[-0.2194756,29.4153347],[-0.2188678,29.4156474],[-0.2187556,29.4156953],[-0.2186059,29.415721],[-0.2180234,29.4157818],[-0.2176247,29.4158367],[-0.2173421,29.4159115],[-0.2169505,29.4160119],[-0.2161359,29.4161824],[-0.2159567,29.4162304],[-0.2150886,29.416548],[-0.2147792,29.4166544],[-0.2145271,29.4167058],[-0.2143563,29.4167023],[-0.2135575,29.4165773],[-0.2133142,29.416575],[-0.2124028,29.4166311],[-0.2106982,29.4166182],[-0.2104944,29.4166311],[-0.2103182,29.4166718],[-0.2100907,29.4167572],[-0.2091238,29.4172584],[-0.2080093,29.4178401],[-0.2077983,29.4179253],[-0.2076271,29.4179535],[-0.2074363,29.4179441],[-0.2071242,29.417881],[-0.20686,29.4177782],[-0.2066759,29.4176777],[-0.206565,29.4175668],[-0.2064952,29.4174476],[-0.2063839,29.4172257],[-0.2062225,29.4169091],[-0.2059521,29.4164932],[-0.2055962,29.416124],[-0.2051242,29.4156661],[-0.2048104,29.4155492],[-0.2042542,29.4154301],[-0.2038586,29.4153157],[-0.2034786,29.4151532],[-0.2020932,29.4143541],[-0.2017973,29.4142094],[-0.2013687,29.4140292],[-0.2011639,29.4139394],[-0.200986,29.4138133],[-0.20083,29.41361],[-0.200711,29.413346]]},"properties":{"highway":"secondary","ref":"CW 7"}},{"type":"Feature","geometry":{"type":"LineString","coordinates":[[-0.2377618,29.0744647],[-0.2379763,29.0741641],[-0.2380715,29.0740308],[-0.2381377,29.0738587],[-0.2381754,29.0737609],[-0.2382003,29.0735748],[-0.2381817,29.0734391],[-0.2381481,29.0732936],[-0.2380182,29.0729082],[-0.2374131,29.0711028],[-0.2367957,29.0692937],[-0.2362946,29.0677727],[-0.2358623,29.0662234],[-0.2352829,29.0636727],[-0.2313562,29.0477854],[-0.2294317,29.0399923]]},"properties":{"highway":"tertiary"}},{"type":"Feature","geometry":{"type":"LineString","coordinates":[[0.2443227,29.2653885],[0.2442514,29.265332],[0.2437389,29.264574],[0.2437173,29.2645451],[0.2436409,29.2644385],[0.2432507,29.2638944],[0.243168,29.2637792],[0.24232,29.262644],[0.2421468,29.2624012],[0.2416261,29.2616843]]},"properties":{"highway":"tertiary"}},{"type":"Feature","geometry":{"type":"LineString","coordinates":[[0.2376965,29.2642278],[0.2377172,29.2642079],[0.2377383,29.2641967],[0.237762,29.2641906],[0.237795,29.2641909],[0.237826,29.2642009],[0.2378513,29.2642194],[0.2378679,29.2642442],[0.237874,29.2642725],[0.2378689,29.2643009],[0.237858,29.2643202],[0.2378419,29.2643365],[0.2378159,29.264351],[0.2377861,29.2643576],[0.2377554,29.2643557],[0.237727,29.2643456],[0.2377037,29.2643281],[0.2376879,29.2643052],[0.2376811,29.2642791],[0.2376841,29.2642524],[0.2376965,29.2642278]]},"properties":{"highway":"tertiary"}},{"type":"Feature","geometry":{"type":"LineString","coordinates":[[0.2363792,29.2556328],[0.2364242,29.2557012],[0.2369371,29.2562183],[0.2373031,29.2565965],[0.2376438,29.2569556],[0.2379163,29.2572407],[0.238162,29.2574978],[0.2383214,29.257663],[0.2384633,29.2578102],[0.2395336,29.2589334],[0.2395716,29.258971],[0.2396055,29.2590047],[0.2399035,29.2593297],[0.240106,29.2595568],[0.2403268,29.2598114],[0.241589,29.2615607]]},"properties":{"highway":"tertiary"}},{"type":"Feature","geometry":{"type":"LineString","coordinates":[[0.2273682,29.2900991],[0.229375,29.2880964],[0.2306476,29.286774],[0.2312806,29.2859192],[0.2313782,29.2857873],[0.2320853,29.2848829],[0.2325488,29.2843621],[0.2329115,29.2840784],[0.233083,29.2839442],[0.2336957,29.2834851],[0.2351648,29.2828547],[0.2366773,29.2821906],[0.2369551,29.2819726],[0.2369217,29.2817351],[0.2370106,29.2816382],[0.2379216,29.281115],[0.2379951,29.2810369],[0.2380004,29.280955],[0.2379254,29.2808425],[0.2369828,29.2794288],[0.2367273,29.2791042],[0.2366495,29.2789491],[0.2366473,29.2789014],[0.2366662,29.2788667],[0.2370606,29.278639],[0.2379806,29.2779933],[0.2382549,29.2778008],[0.2382549,29.2776699],[0.2381605,29.2774422],[0.2381857,29.2773784],[0.2382216,29.2772872],[0.2388049,29.2767929],[0.2403325,29.2756542],[0.2405103,29.2756058],[0.2408773,29.2754636],[0.2409791,29.2754144]]},"properties":{"highway":"tertiary"}},{"type":"Feature","geometry":{"type":"LineString","coordinates":[[0.2161682,29.2626062],[0.2166434,29.2634973],[0.2170516,29.2643445],[0.2174239,29.2649737],[0.2178235,29.2656207],[0.2186519,29.2669084],[0.218655,29.2669509],[0.2186358,29.2669888],[0.2186041,29.2670176],[0.2185461,29.2670542],[0.2181642,29.267268],[0.2181326,29.2672998],[0.2181306,29.2673405],[0.2182071,29.2674996],[0.2182645,29.2676365],[0.2183345,29.2678564],[0.2183975,29.2680272],[0.2185826,29.2684461],[0.2188039,29.2688824],[0.2189891,29.2692852],[0.2195388,29.2702699],[0.2197668,29.2706139],[0.2200752,29.2711309],[0.2201256,29.2712535],[0.2201718,29.2713953],[0.2202281,29.2715334],[0.2202748,29.2716126],[0.2203341,29.2716656],[0.2204467,29.2717276],[0.2206214,29.2717933],[0.2210073,29.2719463],[0.2212976,29.272024],[0.2213909,29.2720458],[0.2214324,29.2720703],[0.22147,29.2721101],[0.2215028,29.2721696],[0.2217865,29.2726494],[0.2220038,29.2730343],[0.2220889,29.2731365],[0.2222129,29.2733063],[0.2223594,29.2735284],[0.2224047,29.273597],[0.2225578,29.2738229],[0.2226998,29.2739397],[0.2227829,29.2740287],[0.222846,29.2741328],[0.2228808,29.274215],[0.2231182,29.2746756],[0.2232015,29.2748352],[0.223368,29.2751545],[0.2238324,29.2762156],[0.2241077,29.2768899],[0.2242917,29.2773568],[0.2244425,29.2777991],[0.2247906,29.2787137],[0.2248574,29.2788333],[0.2249059,29.278929],[0.2250078,29.2790857],[0.2251326,29.2792499],[0.2261652,29.2805862],[0.2263087,29.2808404],[0.2263441,29.280957],[0.2263623,29.2811281],[0.2264011,29.2817069],[0.226467,29.2820218],[0.2265377,29.2822435],[0.2265662,29.2823868],[0.2265662,29.2825061],[0.226516,29.2827344],[0.2264965,29.2830722],[0.2265024,29.2833697],[0.226534,29.2836665],[0.2265845,29.2839281],[0.2267244,29.2843519],[0.2267656,29.2844788],[0.2268542,29.2847519],[0.2269122,29.2850257],[0.2270421,29.2856525],[0.2271053,29.2860433],[0.2271079,29.2861799],[0.2270731,29.2863381],[0.2269685,29.2866328],[0.2268897,29.2868031],[0.2266842,29.2871826],[0.2265103,29.2874675],[0.2264696,29.287613],[0.2264691,29.2877517],[0.2265093,29.2879001],[0.2265742,29.287992],[0.2266815,29.2881043],[0.2268008,29.2882718],[0.22688,29.2884412],[0.2269605,29.2886423],[0.2270393,29.2889361],[0.2273682,29.2900991]]},"properties":{"highway":"tertiary"}},{"type":"Feature","geometry":{"type":"LineString","coordinates":[[0.2443227,29.2653885],[0.2450412,29.2651724],[0.2453966,29.2649936],[0.2457759,29.2648029],[0.2467318,29.264278],[0.2467957,29.2642448],[0.2472609,29.2640034],[0.2479714,29.2636341],[0.2488876,29.2630061]]},"properties":{"highway":"tertiary"}},{"type":"Feature","geometry":{"type":"LineString","coordinates":[[0.2490746,29.2485357],[0.2483548,29.2485808],[0.2460308,29.2486561],[0.2445534,29.2491531],[0.2438485,29.2495453],[0.240662,29.2519623],[0.2384624,29.2536282],[0.2380068,29.2539451],[0.237762,29.2541152],[0.2374353,29.2542872],[0.2372205,29.2543893],[0.2369903,29.2544911],[0.2367195,29.2545837],[0.2366277,29.2546197],[0.2365274,29.2546489],[0.2362606,29.2547242],[0.2359779,29.2547859],[0.2357163,29.2548287],[0.2353973,29.2548703],[0.2351003,29.2548884],[0.2347576,29.2548935],[0.2345401,29.2548865],[0.2343083,29.2548719],[0.2340669,29.2548439],[0.2338262,29.2548064],[0.2334995,29.2547561],[0.2333899,29.2547377],[0.233298,29.2547181]]},"properties":{"highway":"primary","ref":"RN 51"}},{"type":"Feature","geometry":{"type":"LineString","coordinates":[[0.2764111,29.2520866],[0.2765368,29.2519934],[0.279278,29.2468886],[0.2793262,29.2467998],[0.2802756,29.2450809],[0.2804569,29.2447952]]},"properties":{"highway":"tertiary"}},{"type":"Feature","geometry":{"type":"LineString","coordinates":[[0.338453,29.3232227],[0.3382189,29.3234343],[0.3380504,29.3235867],[0.3376425,29.3239194],[0.337265,29.324176],[0.3367683,29.3244853],[0.336309,29.3247784],[0.3359504,29.3250193],[0.335745,29.3251919],[0.3355583,29.3254003],[0.3353343,29.32569],[0.3349571,29.3261817],[0.3346583,29.3266017],[0.3343857,29.326911],[0.3341093,29.3272398],[0.3337396,29.3276891],[0.3334185,29.3280636],[0.333116,29.3283826],[0.3327687,29.328718],[0.3323915,29.3290371],[0.3320442,29.3293529],[0.3317081,29.3296524],[0.3313421,29.3299617],[0.3310583,29.3302222],[0.3306512,29.3305705],[0.3303648,29.3308012],[0.3303077,29.3308473],[0.3299557,29.3311143],[0.3298184,29.3312184],[0.329602,29.3313859],[0.3294861,29.3314756],[0.3292918,29.3316159],[0.3289856,29.331837],[0.3289123,29.331892],[0.3288778,29.3319141],[0.3285487,29.3321495],[0.3282957,29.3323155],[0.3281865,29.3323872]]},"properties":{"name":"طريق الكف","highway":"tertiary"}},{"type":"Feature","geometry":{"type":"LineString","coordinates":[[0.3503383,29.3515507],[0.3500529,29.3515796],[0.349595,29.351609],[0.3492073,29.3516384],[0.3486791,29.3516384],[0.3482437,29.3516384],[0.3476424,29.3516237],[0.3470946,29.3515992],[0.3465693,29.3515722],[0.3459456,29.3515037],[0.3454258,29.3514425],[0.3449483,29.3513788],[0.3443442,29.3512808],[0.3438919,29.3512],[0.3435885,29.3511511],[0.3430266,29.3510556],[0.3422344,29.3508964],[0.3414871,29.3507397],[0.3408128,29.3505805],[0.3401835,29.3504507],[0.3395599,29.3503209],[0.3390542,29.3502156],[0.3389884,29.3502009],[0.3384389,29.3500785],[0.3380167,29.3499875],[0.3379164,29.3499659],[0.3369219,29.349721]]},"properties":{"name":"طريق تلالات","highway":"tertiary"}},{"type":"Feature","geometry":{"type":"LineString","coordinates":[[0.2444989,29.411274],[0.2444903,29.4114082],[0.2445565,29.4119271],[0.2446017,29.4122111],[0.2446985,29.4128189],[0.244813,29.413489],[0.2449065,29.4140089],[0.2449163,29.4141615],[0.2449283,29.4143491],[0.2449217,29.4146606],[0.2449208,29.4147023],[0.2449215,29.4147635],[0.2449046,29.4148142],[0.2448359,29.4149074],[0.2445971,29.4152171]]},"properties":{"highway":"tertiary","maxspeed":"40"}},{"type":"Feature","geometry":{"type":"LineString","coordinates":[[0.2445278,29.4151716],[0.2448046,29.4148275],[0.2448302,29.4147842],[0.2448408,29.4147327],[0.244855,29.4145797],[0.2448485,29.4143669],[0.2448416,29.4142503],[0.2448275,29.4140127],[0.2447271,29.4134508],[0.2446822,29.4131836],[0.2446279,29.4128605],[0.2445204,29.4122347],[0.2444705,29.4119443],[0.2443961,29.4114031],[0.2443717,29.4112967]]},"properties":{"highway":"tertiary","maxspeed":"40"}},{"type":"Feature","geometry":{"type":"LineString","coordinates":[[0.2444264,29.4113098],[0.2443979,29.411307],[0.2443717,29.4112967],[0.2443577,29.4112868],[0.2443462,29.4112748],[0.2443345,29.4112538],[0.2443302,29.4112307],[0.2443337,29.4112076],[0.2443448,29.4111863],[0.2443561,29.4111739],[0.2443698,29.4111636],[0.244396,29.4111528],[0.2444247,29.4111495],[0.2444531,29.4111541],[0.2444785,29.4111662],[0.2444992,29.4111846],[0.2445101,29.4112059],[0.2445143,29.4112292],[0.2445104,29.4112526],[0.2444989,29.411274],[0.2444795,29.4112924],[0.2444545,29.4113047],[0.2444264,29.4113098]]},"properties":{"highway":"secondary","maxspeed":"30"}},{"type":"Feature","geometry":{"type":"LineString","coordinates":[[0.2464957,29.4061522],[0.2465036,29.406167],[0.2465079,29.4061831],[0.2465081,29.4061996],[0.2465043,29.4062157],[0.2460585,29.4072005],[0.2448681,29.4097716],[0.2448219,29.4098803],[0.2447757,29.4099927],[0.2447331,29.4101062],[0.2446941,29.4102206],[0.2446589,29.410336],[0.2446274,29.4104521],[0.2445996,29.410569],[0.2445119,29.4109982],[0.2445052,29.4110446],[0.2445008,29.4110911],[0.2444988,29.4111378],[0.2444992,29.4111846]]},"properties":{"name":"طريق أولاد السعيد","highway":"secondary","ref":"CW 37"}},{"type":"Feature","geometry":{"type":"LineString","coordinates":[[0.2439971,29.4112622],[0.2442119,29.4112376],[0.2442864,29.4112218],[0.2443448,29.4111863]]},"properties":{"name":"طريق أغلاد","highway":"tertiary"}},{"type":"Feature","geometry":{"type":"LineString","coordinates":[[0.2443462,29.4112748],[0.2442759,29.4112692],[0.2441976,29.4112684],[0.2439971,29.4112622]]},"properties":{"name":"طريق أغلاد","highway":"tertiary"}},{"type":"Feature","geometry":{"type":"LineString","coordinates":[[0.2443698,29.4111636],[0.244392,29.4111207],[0.2444108,29.4110766],[0.2444261,29.4110315],[0.2444379,29.4109855],[0.2445363,29.4105521],[0.2445653,29.4104131],[0.2446011,29.4102753],[0.2446436,29.4101389],[0.2446927,29.4100043],[0.2447483,29.4098716],[0.2448031,29.4097435],[0.2452055,29.4088676],[0.2455411,29.4081259],[0.2459905,29.4071622],[0.2464404,29.406196],[0.2464506,29.4061821],[0.2464636,29.4061699],[0.2464787,29.4061598],[0.2464957,29.4061522]]},"properties":{"name":"طريق أولاد السعيد","highway":"secondary","ref":"CW 37"}},{"type":"Feature","geometry":{"type":"LineString","coordinates":[[0.1769216,29.3684582],[0.1763432,29.3681634],[0.1761869,29.368069],[0.17595,29.3679021],[0.175751,29.3677439],[0.1755915,29.3675999],[0.1754895,29.3675121],[0.1753956,29.3674079],[0.1749823,29.3669028],[0.1746069,29.3664174],[0.1741507,29.3658266],[0.1739743,29.365607],[0.1737122,29.3652951],[0.1735686,29.365137],[0.1733519,29.3649218],[0.1730091,29.3645616],[0.1724749,29.3640169],[0.1721196,29.3636545],[0.171734,29.363246],[0.1714618,29.3629671],[0.171041,29.362541],[0.1707713,29.362306],[0.1706554,29.3621874],[0.1705445,29.3620622],[0.1704639,29.3619612],[0.1703051,29.3617745],[0.1701741,29.3616273],[0.1699901,29.3614209],[0.1696549,29.3610475],[0.1694811,29.360852],[0.1693299,29.3607004],[0.1691534,29.3604632],[0.1689695,29.3602392],[0.1687754,29.3600152],[0.1686469,29.3598746],[0.1685134,29.3597297],[0.168342,29.3595364],[0.1680824,29.3592684],[0.1678052,29.3589675],[0.167649,29.3588116],[0.1673844,29.3585085],[0.167218,29.3583327],[0.16715,29.3582207],[0.1670845,29.3580999],[0.1670542,29.3580165],[0.1670038,29.3578539],[0.1669635,29.3577002],[0.1669106,29.3574959],[0.1668476,29.3571511],[0.166772,29.3569424],[0.1667216,29.3566854],[0.1666813,29.3564899],[0.1666586,29.3563845],[0.166583,29.3560836],[0.1664116,29.3553588],[0.1663108,29.3549151],[0.1662377,29.3544231],[0.1661949,29.3541419],[0.166147,29.353931],[0.1660941,29.3537356],[0.1660286,29.3535269],[0.1659605,29.35336],[0.1658975,29.353193],[0.1658144,29.3528679],[0.1657136,29.3526131],[0.165648,29.3523627],[0.1656052,29.3522134],[0.1655246,29.3520464],[0.1654767,29.3519454],[0.165386,29.3517477],[0.1653179,29.3515588],[0.1652574,29.3513457],[0.165207,29.3511129],[0.1651465,29.3508251],[0.1651415,29.3506055],[0.1651138,29.3502277],[0.1651087,29.3499729],[0.1651062,29.3496895],[0.1650684,29.3493776],[0.1650432,29.3491206],[0.1650306,29.3489075],[0.165013,29.3487494],[0.1649802,29.3485011],[0.1649827,29.3481958],[0.165018,29.3480992],[0.1650558,29.348053],[0.1651213,29.3480113],[0.1652196,29.3479608],[0.1653532,29.3478883],[0.1654515,29.347818],[0.1655472,29.3477257],[0.1657262,29.3475478],[0.1662655,29.3468515],[0.1663738,29.3466977],[0.1664091,29.3466208],[0.1664167,29.3465549],[0.1664419,29.346265],[0.1664696,29.345964],[0.1665301,29.345696],[0.166583,29.3455488],[0.1666737,29.3451424],[0.1667594,29.3448415],[0.16684,29.3446548],[0.1669106,29.3444593],[0.1669711,29.3442638],[0.1671298,29.3438552],[0.1673138,29.3433851],[0.1674196,29.3431303],[0.1675003,29.3429985],[0.1676565,29.3427898],[0.1678506,29.3424778],[0.1679892,29.3422516],[0.1681555,29.3419879],[0.1684302,29.3414959],[0.168778,29.3408105],[0.1688586,29.3405798],[0.1689493,29.3403294],[0.1689821,29.340202],[0.1690249,29.3399823],[0.1690098,29.339789],[0.1689997,29.3395934],[0.1689972,29.3391782],[0.1690048,29.3389871],[0.1690274,29.3388158],[0.1690451,29.3386576],[0.1690451,29.3384006],[0.1690652,29.3376536],[0.169103,29.337256],[0.1691232,29.3366672],[0.1691887,29.3361532],[0.1692618,29.3353689],[0.1692946,29.3350152],[0.169292,29.3349295],[0.1692794,29.3348219],[0.1691786,29.3341716],[0.1691711,29.3341122],[0.1691585,29.3340112],[0.1691408,29.3337212],[0.1691131,29.3333301],[0.1690829,29.3331082],[0.1690375,29.3328446],[0.1690148,29.3326864],[0.1689544,29.3324206],[0.1689317,29.3322866],[0.1688636,29.3320098],[0.168778,29.3317395],[0.1687376,29.3316473],[0.1686898,29.331555],[0.1685864,29.3314056],[0.1684277,29.3311793],[0.1683546,29.3310497],[0.1680597,29.3306147],[0.1677296,29.3301533],[0.1676036,29.3299797],[0.1674852,29.3297996],[0.1673541,29.3295931],[0.1670694,29.3291515],[0.1668123,29.3287384],[0.1665704,29.3283341],[0.1664847,29.3282001],[0.1661873,29.3277278],[0.1657514,29.3270862],[0.1653003,29.3264293],[0.164824,29.3257262],[0.1644636,29.325256],[0.164194,29.324843],[0.1639571,29.3245222],[0.1635539,29.3239861],[0.1631229,29.3234456],[0.162818,29.323105],[0.1624022,29.322626],[0.162057,29.3222459],[0.1616008,29.3217208],[0.1612934,29.3213978],[0.1611875,29.321266],[0.161122,29.3211649],[0.1610389,29.3210484],[0.1609708,29.3209298],[0.160875,29.3207628],[0.1608347,29.3206771],[0.160613,29.3202421],[0.1601468,29.3193302],[0.1599527,29.3189457],[0.1596049,29.3180624],[0.1595297,29.317903],[0.1594584,29.3177476],[0.159405,29.3176295],[0.1593408,29.3175425],[0.1592446,29.3174462],[0.1590129,29.3172131],[0.1586815,29.3168931],[0.1585175,29.3167657],[0.1583857,29.3166724],[0.1582609,29.316601],[0.158154,29.3165481],[0.1580043,29.3164829],[0.1568354,29.3161286],[0.1566893,29.316082],[0.1565717,29.3160354],[0.1564327,29.3159639],[0.1559373,29.3156874],[0.1558197,29.3156097],[0.1557056,29.3155071],[0.1554847,29.3153083],[0.154918,29.3147738],[0.1547754,29.3146774],[0.154665,29.3145997],[0.1545402,29.3144941],[0.1543727,29.3143325],[0.154191,29.314146],[0.1537348,29.3136986],[0.153635,29.3136053],[0.1534996,29.3134779],[0.1533962,29.3133536],[0.1532465,29.3131951],[0.152965,29.312903],[0.1527048,29.3126296],[0.1524874,29.3123716],[0.1523235,29.3122038],[0.1521453,29.3120111],[0.15196,29.3118247],[0.1517853,29.31166],[0.1515929,29.3114735],[0.1514432,29.3113306],[0.1512686,29.3112001],[0.1511189,29.3110882],[0.1510191,29.3110136],[0.1508023,29.3108501],[0.150595,29.3106935],[0.1504275,29.3105537],[0.1502208,29.3103859],[0.1499428,29.3101714],[0.1496791,29.3099477],[0.1495151,29.3097985],[0.1492657,29.3095747],[0.1490233,29.3093479],[0.1487845,29.3091086],[0.1485636,29.3088942],[0.148339,29.308658],[0.1481608,29.3084498],[0.1480005,29.3082819],[0.1479042,29.308167],[0.1478473,29.3080895],[0.147751,29.3079867],[0.1476369,29.3078935],[0.1475158,29.3078096],[0.1473839,29.307763],[0.1471986,29.3077132],[0.1469919,29.3076728],[0.1464537,29.3075951],[0.1459583,29.3075485],[0.1457017,29.3075174],[0.1454353,29.3074871]]},"properties":{"name":"طريق ثالة","highway":"tertiary"}},{"type":"Feature","geometry":{"type":"LineString","coordinates":[[-0.2451733,29.2385034],[-0.2458084,29.239116],[-0.2464843,29.2398767],[-0.2477905,29.2413278],[-0.2503956,29.2441321],[-0.2551887,29.2493556],[-0.2555314,29.2497155],[-0.2558425,29.2499752],[-0.2561959,29.2501629],[-0.2564762,29.2502847],[-0.2585656,29.251057],[-0.2616481,29.2522241],[-0.2647099,29.253434],[-0.2707348,29.2558308],[-0.2801762,29.2597199],[-0.2804115,29.2598002],[-0.2806617,29.259851],[-0.2808501,29.2598704],[-0.281123,29.2598732],[-0.2836617,29.2596801],[-0.2879036,29.2593549],[-0.2886754,29.2592947],[-0.2890697,29.2592713],[-0.2894566,29.2592777],[-0.289755,29.2593017],[-0.2900742,29.2593403],[-0.2907059,29.2594421],[-0.2918934,29.2596755],[-0.2930246,29.259909],[-0.2934189,29.2600236],[-0.2937991,29.2601646],[-0.2941263,29.2603084],[-0.2943899,29.2604635],[-0.2948693,29.2609273],[-0.2951744,29.2612381],[-0.2954969,29.2615533],[-0.2958852,29.2619599],[-0.2962406,29.2623741],[-0.2965692,29.2627953],[-0.2969615,29.2632416],[-0.2972451,29.2635862],[-0.2975743,29.2639061],[-0.2980028,29.264301],[-0.298501,29.2646829],[-0.2991803,29.2651399],[-0.2997945,29.2656032],[-0.3004094,29.2660904],[-0.3016962,29.2671919],[-0.3024593,29.2679114],[-0.3028254,29.2682659],[-0.3031996,29.2686052],[-0.3042088,29.2694808],[-0.3046694,29.2698452],[-0.3052816,29.270391],[-0.305509,29.2705776],[-0.3057859,29.2707337],[-0.3063492,29.2709653],[-0.3073979,29.2713093],[-0.3075796,29.2713977],[-0.3082481,29.2719644],[-0.308788,29.2723663],[-0.3092392,29.2727494],[-0.3095725,29.2730928],[-0.3100077,29.2735835],[-0.3106226,29.274231],[-0.3108781,29.2745661],[-0.3111738,29.2749598],[-0.311393,29.2751475],[-0.3116217,29.2752944],[-0.3120086,29.2754879],[-0.3129447,29.2758834],[-0.3132525,29.2760209],[-0.3135254,29.2761513],[-0.3141074,29.2764659],[-0.3154418,29.2773784],[-0.3160568,29.277806],[-0.3164624,29.2780768],[-0.3186947,29.2793477],[-0.3199071,29.2799981],[-0.3204864,29.2803385],[-0.3210651,29.2806771],[-0.3214695,29.2809316],[-0.3222795,29.2815106],[-0.3229165,29.2819247],[-0.3235407,29.282316],[-0.3241745,29.2826242],[-0.3248557,29.2828991],[-0.3252514,29.2830477],[-0.325769,29.2833038],[-0.3265945,29.2837138],[-0.3269881,29.2839577],[-0.3274662,29.284274],[-0.3284311,29.285007],[-0.3292814,29.2855567],[-0.3302497,29.2861603],[-0.3307164,29.2864901],[-0.3312669,29.2867655],[-0.3317195,29.2870048],[-0.3327663,29.287761],[-0.3332108,29.2880645],[-0.3336755,29.2882989],[-0.3344929,29.2885862],[-0.3350079,29.2888084],[-0.335596,29.2891575],[-0.3366849,29.2898055],[-0.3371376,29.2901582],[-0.337731,29.2907295],[-0.338303,29.2911945],[-0.3385927,29.2915103],[-0.339174,29.2922196],[-0.339628,29.2927221],[-0.3398386,29.2929993],[-0.3401342,29.293215],[-0.3409711,29.2937144],[-0.3417061,29.2941706],[-0.3424323,29.2947712],[-0.3430954,29.2953308],[-0.3440557,29.2963016],[-0.3448556,29.2969969],[-0.3454866,29.2975986],[-0.3459419,29.2979875],[-0.3466044,29.2984519],[-0.347165,29.2989583],[-0.3475063,29.299284],[-0.3476384,29.2994348],[-0.3478557,29.2998495],[-0.3481078,29.3002682],[-0.3486315,29.3010944],[-0.3490761,29.3018587],[-0.3493443,29.3022587],[-0.3496427,29.3026873],[-0.3499049,29.3030773],[-0.3500953,29.3033849],[-0.3503247,29.3036656],[-0.351201,29.3045268],[-0.3516027,29.3049532],[-0.3520936,29.305566],[-0.3525549,29.3060853],[-0.3528231,29.3063145],[-0.3531215,29.3065138],[-0.354529,29.30765],[-0.3559968,29.3087615],[-0.3569564,29.309617],[-0.3574821,29.3100333],[-0.3580326,29.3104103],[-0.3586221,29.310763],[-0.3591752,29.3110231],[-0.359534,29.3112963],[-0.3598237,29.3115746],[-0.360108,29.3119605],[-0.3604171,29.3123352],[-0.3612426,29.3131322],[-0.3618246,29.3136397],[-0.3629136,29.3144185],[-0.3634822,29.3148301],[-0.3639999,29.3152418],[-0.3646731,29.3159293],[-0.3654141,29.3167157],[-0.3719882,29.3219425],[-0.3732703,29.3229691],[-0.3737672,29.3234036],[-0.3742379,29.3238643],[-0.37518,29.3248142],[-0.3763542,29.3258497],[-0.3769931,29.3263517],[-0.377712,29.3268557],[-0.3780687,29.3271177],[-0.3785053,29.3274936],[-0.378805,29.3278215],[-0.3797069,29.3289376],[-0.3801468,29.3294953],[-0.3805471,29.3300687],[-0.3814061,29.3310445],[-0.3816521,29.3312718],[-0.3823375,29.3317488],[-0.3830724,29.3323662],[-0.3833158,29.3326708],[-0.383458,29.3329385],[-0.3836102,29.3333272],[-0.3840232,29.3342157],[-0.3844236,29.3349027],[-0.3849138,29.3356246],[-0.385192,29.3360215],[-0.3854931,29.336388],[-0.3857383,29.3366139],[-0.3857996,29.3366704],[-0.3862991,29.3371],[-0.3865016,29.3372029],[-0.3866766,29.3372386],[-0.386918,29.3372269],[-0.3872044,29.3371585],[-0.3877804,29.3371147],[-0.3880969,29.3370609],[-0.3883805,29.3369351],[-0.3885435,29.3368142],[-0.3885811,29.3367621],[-0.3886983,29.3365996],[-0.3888962,29.3364167],[-0.3891745,29.3362524],[-0.3895996,29.3361132],[-0.389961,29.3359642],[-0.3903143,29.3357578],[-0.390873,29.3355013],[-0.3913001,29.3353381],[-0.3918258,29.335227],[-0.3921966,29.3351879],[-0.3923683,29.3351868],[-0.3925446,29.3352083],[-0.3927787,29.3352686],[-0.3930019,29.3353557],[-0.3932628,29.3354767],[-0.393698,29.3357204],[-0.3946173,29.3361759],[-0.3955004,29.336637],[-0.3964627,29.3371836],[-0.3974202,29.3376583],[-0.3988666,29.3383112],[-0.4004357,29.3390126],[-0.4009755,29.3392716],[-0.4012249,29.3393979],[-0.4014522,29.3395271],[-0.4018734,29.3398316],[-0.402104,29.3399585],[-0.4022227,29.3400029],[-0.4023454,29.3400227],[-0.4030991,29.3401291],[-0.403254,29.3401461],[-0.4034156,29.340135],[-0.4042357,29.3399591],[-0.4044718,29.3399333],[-0.4047004,29.3399444],[-0.405153,29.3400853],[-0.4056707,29.3401987],[-0.4068837,29.3404553],[-0.4075187,29.3406488],[-0.4080692,29.3408013],[-0.4083556,29.3409247],[-0.4093165,29.3414256],[-0.4096726,29.3415654],[-0.410091,29.3416963],[-0.4112825,29.342113],[-0.4125586,29.3425614],[-0.4130736,29.342697],[-0.4143107,29.3429804],[-0.4145139,29.3430138],[-0.4147654,29.3430202],[-0.4157209,29.3429203],[-0.4162815,29.342877],[-0.4165806,29.3428689],[-0.4168817,29.3428846],[-0.4180631,29.3429933],[-0.4185936,29.3430851],[-0.4190603,29.3432009],[-0.4197865,29.3434153],[-0.4204926,29.3436697],[-0.4206401,29.3437071],[-0.420803,29.3437181],[-0.4210344,29.3437059],[-0.4214425,29.3436136],[-0.4216319,29.3435953],[-0.421768,29.3436135],[-0.4219048,29.3436451],[-0.4229656,29.3439467],[-0.4233585,29.3440578],[-0.423905,29.3442605],[-0.4240718,29.3443141],[-0.424768,29.3445055],[-0.4254809,29.3447153],[-0.4260005,29.344917],[-0.4264799,29.3451256],[-0.4276004,29.3455471],[-0.4282529,29.345744],[-0.4286143,29.3458908],[-0.4290609,29.3461269],[-0.4298743,29.3465109],[-0.430913,29.3470458],[-0.4318645,29.3475594],[-0.4336736,29.3483088],[-0.4351542,29.3491692],[-0.436099,29.3497987],[-0.4365255,29.3500325],[-0.4369365,29.3502365],[-0.437762,29.3506053],[-0.4385023,29.3509501],[-0.439488,29.351316],[-0.4405079,29.3516637],[-0.4415211,29.3520373],[-0.442543,29.3523856],[-0.4434711,29.3527059],[-0.4447833,29.3531412],[-0.4457436,29.3534896],[-0.4462478,29.3537047],[-0.4467628,29.3539923],[-0.4470867,29.3542325],[-0.4473174,29.3543494],[-0.4475433,29.354427],[-0.4479423,29.3545084],[-0.4484419,29.3545369],[-0.4492508,29.3545094],[-0.4502666,29.354422],[-0.4513359,29.35433],[-0.4517095,29.3543108],[-0.4520736,29.3543382],[-0.4524531,29.3544282],[-0.4543887,29.3549401],[-0.4565342,29.3555076],[-0.462064,29.3571511]]},"properties":{"highway":"tertiary"}},{"type":"Feature","geometry":{"type":"LineString","coordinates":[[0.0494002,28.7687787],[0.052289,28.7697248],[0.0528774,28.7699052],[0.0532063,28.770006],[0.0546133,28.7704373],[0.0551653,28.7705771]]},"properties":{"highway":"secondary","maxspeed":"40"}},{"type":"Feature","geometry":{"type":"LineString","coordinates":[[-0.087155,28.6808489],[-0.0867309,28.6806612],[-0.08614,28.6803996],[-0.0852791,28.680084],[-0.0844236,28.6797704],[-0.0820812,28.6787618],[-0.0813358,28.6784508],[-0.0803345,28.677912],[-0.0758695,28.6754053],[-0.0710853,28.6728025],[-0.0689589,28.6716079],[-0.0652468,28.6691826],[-0.0597208,28.6656186],[-0.0591573,28.6652296],[-0.0586502,28.6646121],[-0.0583711,28.6642947],[-0.0578523,28.6639256],[-0.0527202,28.6608786],[-0.0463286,28.6570142],[-0.0371982,28.651518],[-0.0303012,28.647246],[-0.0205154,28.6414318],[-0.0187582,28.6404061],[-0.0179678,28.6400704],[-0.0159238,28.6394604],[-0.0110053,28.6379526],[0.0038918,28.633373],[0.008288,28.6319241],[0.0188505,28.6282322],[0.0221197,28.6271654],[0.025668,28.6260504],[0.027704,28.6254106],[0.038853,28.622118],[0.0398206,28.621773],[0.0403688,28.6214914],[0.0412586,28.6207793],[0.0424456,28.6196566],[0.0428803,28.6190223],[0.0452675,28.6145822],[0.0471983,28.6109687],[0.0475168,28.6102663],[0.0480347,28.6088997],[0.0497252,28.6039994],[0.0502945,28.6023698],[0.05037,28.6018421],[0.0504263,28.5982607],[0.0502222,28.5918221],[0.0501762,28.5915411]]},"properties":{"name":"طريق أولاد محمود - أولاد راشد","highway":"secondary"}},{"type":"Feature","geometry":{"type":"LineString","coordinates":[[-0.25001,29.0236774],[-0.2490575,29.0231578],[-0.2439725,29.0202823],[-0.2408692,29.0185394],[-0.2385146,29.0172417],[-0.23827,29.0170912],[-0.2380754,29.0169292],[-0.2378833,29.0167291],[-0.2377717,29.0165651],[-0.2376741,29.0163757],[-0.237608,29.0161886],[-0.2375439,29.0159874],[-0.2374821,29.0157338],[-0.2364768,29.0105528],[-0.2363102,29.0096173],[-0.2362893,29.0095114],[-0.236258,29.0093533],[-0.2361897,29.0091291],[-0.2360548,29.0088746],[-0.2359718,29.0087522],[-0.2358829,29.0086212],[-0.2356392,29.0082838],[-0.235578,29.0081992],[-0.2353456,29.0079052],[-0.2352453,29.0077783]]},"properties":{"highway":"tertiary"}},{"type":"Feature","geometry":{"type":"LineString","coordinates":[[0.2598021,29.2908699],[0.2598162,29.2906541],[0.2598777,29.2905121]]},"properties":{"name":"Route d'El Hadj Guelmane;طريق الحاج غلمان","highway":"tertiary"}},{"type":"Feature","geometry":{"type":"LineString","coordinates":[[0.2600053,29.2905801],[0.259847,29.2908308],[0.2598021,29.2908699]]},"properties":{"name":"Route d'El Hadj Guelmane;طريق الحاج غلمان","highway":"tertiary"}},{"type":"Feature","geometry":{"type":"LineString","coordinates":[[0.2598886,29.2904249],[0.2599106,29.2904018],[0.2599393,29.2903852],[0.2599746,29.2903747],[0.2600066,29.2903765],[0.2600396,29.290385],[0.2600683,29.2904015],[0.2600886,29.290422],[0.2601034,29.2904455],[0.2601079,29.290473],[0.2601055,29.2905],[0.2600951,29.2905255],[0.2600752,29.29055],[0.2600479,29.2905685],[0.2600159,29.2905794],[0.2600053,29.2905801],[0.2599813,29.2905816],[0.2599476,29.2905751],[0.2599175,29.2905605],[0.2598935,29.2905388],[0.2598777,29.2905121],[0.2598698,29.2904831],[0.2598751,29.2904526],[0.2598886,29.2904249]]},"properties":{"highway":"primary"}},{"type":"Feature","geometry":{"type":"LineString","coordinates":[[0.2628136,29.2919688],[0.2606155,29.2908588],[0.2602735,29.2906764],[0.2600159,29.2905794]]},"properties":{"highway":"primary","ref":"RN 118"}},{"type":"Feature","geometry":{"type":"LineString","coordinates":[[0.2601034,29.2904455],[0.2628136,29.2919688]]},"properties":{"highway":"primary","ref":"RN 118"}},{"type":"Feature","geometry":{"type":"LineString","coordinates":[[0.2598698,29.2904831],[0.2580017,29.2894412],[0.2561662,29.2884688],[0.2553356,29.2880294],[0.2544934,29.2875943],[0.2535492,29.2870572],[0.2528677,29.2867154],[0.2526335,29.2865927],[0.2521532,29.2863211],[0.2516906,29.2860277],[0.2512256,29.2857137],[0.2509352,29.2854702],[0.2505874,29.2851698],[0.2493294,29.2840797],[0.248842,29.283625],[0.2472099,29.2821943],[0.2470155,29.2820193],[0.2465919,29.2816381],[0.2463439,29.281415],[0.2459155,29.2810034],[0.2448655,29.2798407],[0.2447447,29.2797077],[0.2428046,29.2775733],[0.2421456,29.2768058],[0.2420717,29.2767146]]},"properties":{"name":"Avenue du 1er Novembre; شارع أول نوفمبر","highway":"primary","ref":"RN 118"}},{"type":"Feature","geometry":{"type":"LineString","coordinates":[[0.2341942,29.2670503],[0.2345182,29.26749],[0.2354299,29.2686288],[0.2378187,29.2714934],[0.2386258,29.272428],[0.239265,29.2732002],[0.2408352,29.2751171],[0.2415979,29.2760126],[0.2418557,29.2763153],[0.2421673,29.2766575]]},"properties":{"name":"Avenue du 1er Novembre; شارع أول نوفمبر","highway":"primary","ref":"CW 151"}},{"type":"Feature","geometry":{"type":"LineString","coordinates":[[0.2285433,29.2592976],[0.2284994,29.259433],[0.2284593,29.2595916],[0.2284604,29.2596758],[0.2284617,29.2597749],[0.2285131,29.2599627],[0.2286206,29.2603512],[0.2286458,29.2604373],[0.2286764,29.260509]]},"properties":{"name":"Rue de Palestine; شارع فلسطين","highway":"primary","ref":"CW 151"}},{"type":"Feature","geometry":{"type":"LineString","coordinates":[[0.2284962,29.2605614],[0.2284707,29.26046],[0.2283393,29.2597713],[0.2283316,29.2596677],[0.2283393,29.2595514],[0.228396,29.2594162],[0.2284625,29.2593509],[0.2285433,29.2592976]]},"properties":{"name":"Rue de Palestine; شارع فلسطين","highway":"primary","ref":"CW 151"}},{"type":"Feature","geometry":{"type":"LineString","coordinates":[[0.6723404,29.7611134],[0.6729313,29.7607826],[0.6733275,29.7605173],[0.6738721,29.7600992],[0.6744347,29.7597871],[0.6746831,29.7596048],[0.6749344,29.7593632],[0.67551,29.7585911],[0.6759882,29.7578535],[0.6765032,29.7568289],[0.6770826,29.7557671],[0.6780053,29.7547239],[0.679079,29.7531094],[0.6814271,29.7487063],[0.6829506,29.7459863],[0.6845971,29.7432952],[0.6882449,29.7378367],[0.6920195,29.7319602],[0.6932593,29.7301236],[0.6937733,29.7293554],[0.6942354,29.7287527],[0.6947082,29.7282021],[0.6950325,29.7278564],[0.6955154,29.7273826],[0.6961031,29.7268723],[0.6991197,29.7245143],[0.7002868,29.7234194],[0.7007781,29.7229241],[0.7010046,29.7226514],[0.7012957,29.7222602],[0.7015479,29.7218945],[0.7020224,29.7210973],[0.7030729,29.7194457],[0.7032386,29.7192152],[0.7034366,29.7190133],[0.7036551,29.7188458],[0.7038853,29.7187127],[0.7041571,29.7185988],[0.705014,29.7182831],[0.7057441,29.7179961],[0.7058472,29.717949],[0.7059615,29.7178859],[0.7060576,29.7178223],[0.706415,29.7175842],[0.7064733,29.7175454],[0.7073828,29.7169094],[0.7077192,29.7166442],[0.7078162,29.7165671],[0.7079087,29.716481],[0.7085162,29.7158695],[0.708586,29.7158066],[0.7086678,29.7157367],[0.7091365,29.7153664],[0.7095626,29.71502],[0.7104701,29.7143139],[0.7112762,29.7137065],[0.7119502,29.7131769],[0.7128695,29.7124847],[0.7138116,29.7118039],[0.7147207,29.7111194],[0.7154887,29.710562],[0.7162745,29.7099955],[0.717816,29.7088672]]},"properties":{"highway":"tertiary"}},{"type":"Feature","geometry":{"type":"LineString","coordinates":[[-0.0875269,29.4210314],[-0.0870651,29.4211417],[-0.0855073,29.4213601],[-0.0843103,29.4215113],[-0.0839513,29.4215943],[-0.0819605,29.4223235],[-0.0797113,29.4231473],[-0.0795504,29.4232063],[-0.0775808,29.4239098],[-0.0666324,29.4281919],[-0.0619783,29.430206],[-0.0614937,29.4304496],[-0.0611815,29.430645],[-0.0609115,29.4308745],[-0.0592142,29.432514],[-0.0587552,29.4328545],[-0.0583161,29.4331094],[-0.0559085,29.4342857],[-0.0555955,29.4344467],[-0.0553761,29.4345883],[-0.0551888,29.4347472],[-0.0549836,29.4350061],[-0.0478036,29.4443047],[-0.0474648,29.4447336],[-0.0461899,29.4463817],[-0.0442538,29.448862],[-0.0417132,29.4521299],[-0.0387601,29.4564054],[-0.034819,29.462182],[-0.0337449,29.4637219],[-0.0329082,29.464943],[-0.0327417,29.4652608],[-0.0326248,29.4656176],[-0.0325084,29.4661179],[-0.0324367,29.4666433],[-0.0324535,29.4671755],[-0.0324842,29.4676708],[-0.0325683,29.4681128],[-0.0327233,29.4689237],[-0.0329653,29.4700808],[-0.033655,29.4733966],[-0.0347279,29.4785944],[-0.0352737,29.4811967],[-0.0358443,29.4837999],[-0.0371278,29.4893524],[-0.0375192,29.4914958],[-0.0377119,29.4925098],[-0.0378808,29.4936772],[-0.0382108,29.4958577],[-0.0389304,29.5002277],[-0.0390813,29.5010441],[-0.0391871,29.5018153],[-0.0391997,29.5024339],[-0.0391497,29.5030388],[-0.0390476,29.5035895],[-0.0388556,29.5040962],[-0.0370145,29.5079033],[-0.0351262,29.5117174],[-0.0349702,29.5120591],[-0.0342491,29.513537],[-0.0340806,29.5138972],[-0.033887,29.5143108],[-0.0335261,29.5150126],[-0.0334002,29.5152958],[-0.0332725,29.5156259],[-0.0331546,29.5159414],[-0.0328343,29.5171956],[-0.0325499,29.5183581],[-0.0322308,29.5195205],[-0.0319102,29.5206968],[-0.0316348,29.5217431],[-0.0314757,29.5222069],[-0.0312239,29.5227882],[-0.0310555,29.5231145],[-0.0307837,29.5234602],[-0.0303659,29.5238434],[-0.029451,29.524698],[-0.0282851,29.525787],[-0.0272781,29.5266183],[-0.0263826,29.5274114],[-0.026083,29.5276609],[-0.0254436,29.5281564],[-0.0254039,29.5281872],[-0.024852,29.5284394],[-0.0245047,29.5286624],[-0.024273,29.528829],[-0.0220709,29.5306069],[-0.0220004,29.5306128],[-0.0219134,29.5305841],[-0.020367,29.529216],[-0.0202252,29.5291595],[-0.020059,29.5291325],[-0.0199194,29.5291339],[-0.0197759,29.5291735],[-0.0193272,29.5294811],[-0.0190517,29.5297056],[-0.0186971,29.5298864],[-0.0184067,29.5299845],[-0.0180993,29.5300353],[-0.0167891,29.5301483],[-0.0165419,29.5301692],[-0.0126708,29.5305131],[-0.008803,29.5308935],[-0.0010363,29.5316333],[0.0073718,29.532478],[0.0157625,29.5332919],[0.0162985,29.5333463],[0.0168322,29.5334155],[0.0173631,29.5334992],[0.0256543,29.5348174],[0.0405425,29.5371946],[0.0407711,29.5372246],[0.0409983,29.5372615],[0.041224,29.5373052],[0.0414419,29.5373505],[0.0416724,29.5374051],[0.0419142,29.5374764],[0.0424095,29.5376311],[0.0441182,29.5381647],[0.0443432,29.5382502],[0.0445616,29.5383478],[0.0447724,29.5384573],[0.0449749,29.5385781],[0.0467935,29.5396435],[0.0470566,29.539805],[0.0473099,29.539978],[0.0475529,29.5401619],[0.0486965,29.5410425],[0.0488489,29.5411599],[0.0490077,29.5413197],[0.0491424,29.5414954],[0.0492507,29.5416845],[0.0493304,29.5418839],[0.0493733,29.5420682],[0.0493831,29.5422561],[0.0493595,29.542443],[0.0493029,29.5426245],[0.0492057,29.5428758],[0.0490745,29.5431151],[0.0489111,29.5433389],[0.0487198,29.5435371],[0.0485481,29.5436789],[0.0484329,29.5437535],[0.0483768,29.5437898],[0.0483386,29.5438354],[0.0483245,29.5439437],[0.0483117,29.5440078],[0.048282,29.5440386],[0.0481791,29.5441066],[0.0477044,29.5444204]]},"properties":{"highway":"tertiary"}},{"type":"Feature","geometry":{"type":"LineString","coordinates":[[-0.200711,29.413346],[-0.2005917,29.4128858],[-0.200538,29.4127175],[-0.200522,29.4126101],[-0.2005313,29.4125575],[-0.2005702,29.4124932],[-0.2009431,29.4122269],[-0.2010423,29.4121474],[-0.2011241,29.4120458],[-0.2011281,29.4119745],[-0.2011174,29.4119208],[-0.2010879,29.4118741],[-0.2006024,29.411339],[-0.2004683,29.4112689],[-0.2003503,29.4112455],[-0.2001733,29.4112596],[-0.2000552,29.4112081],[-0.1999909,29.4111661],[-0.1998729,29.4110072],[-0.1997763,29.4107782],[-0.1996905,29.4104464],[-0.1996636,29.4096894],[-0.1997066,29.4094698],[-0.199728,29.4093436],[-0.1997227,29.4092501],[-0.1996797,29.4091613],[-0.1995403,29.4089931],[-0.1994437,29.4088856],[-0.1993847,29.4087922],[-0.1993579,29.4086847],[-0.1993632,29.4085118],[-0.1993632,29.4083762],[-0.1993364,29.4082968],[-0.1989287,29.4076192],[-0.1988483,29.4075257],[-0.1986122,29.4073201],[-0.1982206,29.4070491],[-0.197888,29.406764],[-0.1976466,29.4066659],[-0.1974267,29.4066238],[-0.1968634,29.4066845],[-0.1967079,29.4066752],[-0.196563,29.4066285],[-0.1961906,29.4063569],[-0.1957047,29.4060116],[-0.1955384,29.4058761],[-0.1953346,29.4057592],[-0.1951307,29.4056798],[-0.1947659,29.405627],[-0.1946211,29.4056144],[-0.1945084,29.4055817],[-0.1939988,29.4052872],[-0.1935107,29.405133],[-0.192854,29.4049297],[-0.1924002,29.4048082],[-0.1918991,29.4046937],[-0.1915339,29.4046003],[-0.1912522,29.4044624],[-0.1909325,29.4042292],[-0.1905683,29.4038899],[-0.1902211,29.4035025],[-0.189364,29.4024014],[-0.1888746,29.4018705],[-0.1885942,29.4015929],[-0.1882899,29.4013265],[-0.1880926,29.4011793],[-0.1878458,29.4010344],[-0.1874784,29.4008615],[-0.1870251,29.4007166],[-0.1864296,29.4005624],[-0.1857923,29.4004432],[-0.1837441,29.4001376],[-0.182455,29.3999104],[-0.1810572,29.3996604],[-0.1791372,29.3993174],[-0.177678,29.3990496],[-0.1760495,29.3987491],[-0.1738441,29.3983415],[-0.1720207,29.3979718],[-0.1706436,29.3976138],[-0.1700869,29.3974428],[-0.1695075,29.3972497],[-0.1684079,29.3967744],[-0.1673028,29.3963117],[-0.1650818,29.3953859],[-0.1614603,29.393865],[-0.1598811,29.3931826],[-0.15854,29.3926101],[-0.1572445,29.3920469],[-0.1558282,29.3914729],[-0.1531971,29.3903315],[-0.1505507,29.3891864],[-0.1494822,29.3886933],[-0.1483879,29.3882469],[-0.1464153,29.3873971],[-0.1444316,29.3865736],[-0.1424773,29.3857593],[-0.1389544,29.3843393],[-0.1379415,29.3839176],[-0.1370742,29.3836264],[-0.1348624,29.3830043],[-0.1345664,29.3829557],[-0.1343191,29.382937],[-0.1339188,29.3829514],[-0.1335955,29.3829954],[-0.133259,29.3830791],[-0.1325762,29.3833427],[-0.1320639,29.3835844],[-0.1316213,29.3838569],[-0.1312807,29.3841079],[-0.1309486,29.3843734],[-0.1290313,29.3861374],[-0.126811,29.3882586],[-0.1257751,29.3892187],[-0.1254281,29.3895556],[-0.1251196,29.3898889],[-0.1248488,29.390217],[-0.1246084,29.3905376],[-0.1223441,29.393628],[-0.1177966,29.3998819],[-0.1168552,29.401004],[-0.1163059,29.4015929],[-0.1160441,29.4018322],[-0.1144996,29.403008],[-0.1141816,29.4032683],[-0.1127735,29.4042848],[-0.1110423,29.4055419],[-0.1098669,29.4065948],[-0.1090023,29.4073738],[-0.1081494,29.4081473],[-0.1078235,29.40843],[-0.1077306,29.4084605],[-0.1076277,29.4084627],[-0.107507,29.408416],[-0.1071338,29.4082057],[-0.1068673,29.4080701],[-0.1065673,29.4079505],[-0.1063147,29.4078704],[-0.1057768,29.4077372],[-0.1053344,29.4076367],[-0.1048727,29.4075582],[-0.1046343,29.4075327],[-0.1043955,29.4075173],[-0.104114,29.4075164],[-0.1038583,29.4075367],[-0.1035306,29.4075876],[-0.1032596,29.4076626],[-0.102903,29.4077804],[-0.1025282,29.407926],[-0.1021377,29.4081113],[-0.1017605,29.4083314],[-0.101476,29.4085456],[-0.1012496,29.4087475],[-0.1003736,29.4096702],[-0.0996515,29.4103974],[-0.0990271,29.4109852],[-0.0984617,29.4113871],[-0.0975905,29.4118964],[-0.0969753,29.4122479],[-0.0964093,29.4125376],[-0.0959324,29.4127687],[-0.0954294,29.4129965],[-0.0945707,29.413357],[-0.0900002,29.4151852],[-0.089463,29.4154022],[-0.0885156,29.4157849],[-0.0882158,29.4158861],[-0.0879281,29.4159773],[-0.0876509,29.4160536],[-0.0873176,29.4161453],[-0.087282,29.4161545],[-0.0867022,29.4163042],[-0.085852,29.4165237]]},"properties":{"highway":"secondary"}},{"type":"Feature","geometry":{"type":"LineString","coordinates":[[-0.0945707,29.413357],[-0.0933178,29.4175586],[-0.0928937,29.4190394],[-0.0927205,29.4195777],[-0.0926697,29.4197358],[-0.0922413,29.4207823],[-0.0918438,29.4217572],[-0.0916664,29.4219994]]},"properties":{"highway":"tertiary"}},{"type":"Feature","geometry":{"type":"LineString","coordinates":[[0.3473155,28.6904915],[0.3478515,28.6907497],[0.3479181,28.6907882],[0.3479905,28.6908446],[0.3480653,28.6909116],[0.348123,28.6909787],[0.3481783,28.6910614],[0.348219,28.6911392],[0.3482337,28.6912222],[0.3482248,28.691319],[0.3481989,28.6914355],[0.3481497,28.6916568],[0.3479099,28.6926826],[0.3476561,28.6938157],[0.347595,28.6941386],[0.3475593,28.6943289],[0.3474259,28.6948427],[0.3473184,28.6953573],[0.3471281,28.6961389],[0.3468973,28.6971588],[0.3467882,28.6975976],[0.3465373,28.6983339],[0.3463276,28.699257],[0.3461724,28.6998796],[0.3459553,28.7007499],[0.3458921,28.7010035],[0.3456958,28.7019605],[0.3455373,28.7027331],[0.3455201,28.7028166],[0.3454005,28.7033997],[0.3452993,28.7038203],[0.344971,28.7051282],[0.3448001,28.7059082],[0.3447574,28.7060819],[0.3447108,28.7061449],[0.3446195,28.7062198],[0.3445242,28.7062954],[0.344394,28.7064925],[0.3443295,28.7065901],[0.344051,28.7072355],[0.3438744,28.707721],[0.3437107,28.7082913],[0.3435626,28.7087661],[0.3434566,28.709106],[0.343334,28.7094954],[0.3432019,28.7099015],[0.3430802,28.7102817],[0.3424476,28.7121551],[0.3423199,28.7125504],[0.3421478,28.7131007],[0.3421221,28.7131451],[0.3420789,28.7131689],[0.3420259,28.7131819],[0.3419729,28.7131797],[0.3419212,28.7131689],[0.3415219,28.7130176],[0.3407258,28.712646],[0.3405236,28.7125516],[0.3401504,28.7123774],[0.3394009,28.7120275],[0.3387228,28.711755],[0.3386318,28.7117184],[0.33802,28.7114762],[0.3370072,28.7110754]]},"properties":{"highway":"tertiary"}},{"type":"Feature","geometry":{"type":"LineString","coordinates":[[0.346276,28.6921921],[0.3455329,28.6919691],[0.345093,28.6918345],[0.3444225,28.6916369],[0.3441399,28.6915428],[0.3433011,28.6913309]]},"properties":{"highway":"tertiary"}},{"type":"Feature","geometry":{"type":"LineString","coordinates":[[0.2804569,29.2447952],[0.2805081,29.2448436],[0.2805321,29.2448681],[0.2805448,29.2448988],[0.2805444,29.244931],[0.2805309,29.2449612],[0.2789495,29.2478667],[0.2783393,29.2489933],[0.2778619,29.2499387],[0.2774957,29.2505486],[0.2772973,29.2509183],[0.2766924,29.2521011],[0.276664,29.2522472]]},"properties":{"highway":"tertiary"}},{"type":"Feature","geometry":{"type":"LineString","coordinates":[[0.27633,29.2525522],[0.2762559,29.2525221],[0.2761953,29.2524742],[0.2761538,29.2524127],[0.2761433,29.2523851],[0.2761343,29.2523173],[0.2761477,29.2522501],[0.2761826,29.252189],[0.2762359,29.252139],[0.2763182,29.2520994],[0.2764111,29.2520866],[0.2764929,29.2520989],[0.2765666,29.2521321],[0.2766255,29.2521831],[0.276664,29.2522472],[0.2766706,29.2522665],[0.2766785,29.252334],[0.2766642,29.2524007],[0.2766288,29.2524612],[0.2765753,29.2525105],[0.2765355,29.2525333],[0.2764916,29.2525498],[0.276411,29.2525617],[0.27633,29.2525522]]},"properties":{"highway":"primary"}},{"type":"Feature","geometry":{"type":"LineString","coordinates":[[0.2760965,29.2528859],[0.2761481,29.2527116],[0.2761716,29.2525627],[0.2761538,29.2524127]]},"properties":{"highway":"primary","ref":"RN 118"}},{"type":"Feature","geometry":{"type":"LineString","coordinates":[[0.2421673,29.2766575],[0.2422438,29.2767479],[0.2428818,29.2775302],[0.2439047,29.2786617],[0.2449381,29.279792],[0.2449648,29.2798216],[0.245984,29.2809533],[0.2460403,29.2810069],[0.2464095,29.2813584],[0.2472735,29.2821369],[0.2484475,29.2831517],[0.2486163,29.2832954],[0.2489338,29.2835608],[0.2494584,29.284052],[0.2496685,29.2842403],[0.2499064,29.2844481],[0.2509997,29.285403],[0.2512856,29.285651],[0.2516188,29.2858945],[0.2522043,29.2862579],[0.2525851,29.2864684],[0.2526626,29.2865112],[0.2527002,29.286532],[0.2529021,29.2866397],[0.2535916,29.2869937],[0.2546275,29.2875756],[0.2553881,29.2879649],[0.256227,29.2884094],[0.256704,29.2886634],[0.2580661,29.2893886],[0.2599746,29.2903747]]},"properties":{"name":"Avenue du 1er Novembre; شارع أول نوفمبر","highway":"primary","ref":"RN 118"}},{"type":"Feature","geometry":{"type":"LineString","coordinates":[[0.2761433,29.2523851],[0.2760098,29.2523178],[0.275822,29.2522429],[0.2755203,29.2521505],[0.2748055,29.252003],[0.2743991,29.2518916]]},"properties":{"highway":"primary","ref":"RN 51"}},{"type":"Feature","geometry":{"type":"LineString","coordinates":[[0.2766706,29.2522665],[0.2768158,29.2523358],[0.2769378,29.2523973],[0.2783768,29.2528125]]},"properties":{"highway":"primary","ref":"RN 51"}},{"type":"Feature","geometry":{"type":"LineString","coordinates":[[0.2420717,29.2767146],[0.2417653,29.2763577],[0.2415305,29.2760762],[0.2409791,29.2754144],[0.240767,29.2751565],[0.2391888,29.273246],[0.238549,29.2724908],[0.23774,29.2715491],[0.2359878,29.2694427],[0.2353531,29.2686796],[0.2344272,29.267549],[0.2339975,29.2671155]]},"properties":{"name":"Avenue du 1er Novembre; شارع أول نوفمبر","highway":"primary","ref":"CW 151"}},{"type":"Feature","geometry":{"type":"LineString","coordinates":[[0.2764916,29.2525498],[0.2762717,29.2526841],[0.2760965,29.2528859]]},"properties":{"highway":"primary","ref":"RN 118"}},{"type":"Feature","geometry":{"type":"LineString","coordinates":[[0.2743991,29.2518916],[0.2748296,29.2519281],[0.2751193,29.2519761],[0.2759883,29.2521727],[0.2760903,29.2521727],[0.2762359,29.252139]]},"properties":{"highway":"primary","ref":"RN 51"}},{"type":"Feature","geometry":{"type":"LineString","coordinates":[[0.2783768,29.2528125],[0.2768681,29.2524769],[0.2767394,29.2524862],[0.2765753,29.2525105]]},"properties":{"highway":"primary","ref":"RN 51"}},{"type":"Feature","geometry":{"type":"LineString","coordinates":[[-0.0513468,29.4819205],[-0.0512246,29.4820051],[-0.0510585,29.4821201],[-0.0508386,29.4822299],[-0.0506744,29.4822981],[-0.0505154,29.4823641],[-0.0501144,29.4825182],[-0.0498323,29.4826527],[-0.0493003,29.4829023],[-0.0489664,29.48304],[-0.0487492,29.4830976],[-0.048503,29.4831278],[-0.0481787,29.4831556],[-0.0460724,29.4832874],[-0.0453883,29.4833354],[-0.0441371,29.4833833],[-0.0430923,29.483437],[-0.0413811,29.4835304],[-0.0358443,29.4837999]]},"properties":{"highway":"tertiary"}},{"type":"Feature","geometry":{"type":"LineString","coordinates":[[1.144575,28.5680835],[1.135262,28.5664044],[1.1151405,28.5639921],[1.1032616,28.5628312],[1.0894712,28.5615949],[1.0857976,28.5611727],[1.082433,28.5603284],[1.0798141,28.559463],[1.0762951,28.5577441],[1.0723812,28.5565078],[1.0643131,28.5550301],[1.0581398,28.5538842],[1.0502777,28.5529343],[1.0407505,28.5510042],[1.0255858,28.5476567],[1.0174491,28.5458171],[0.9959647,28.5411622],[0.9751688,28.5364873],[0.9725157,28.536065],[0.9702498,28.535884],[0.96728,28.5352959],[0.9637782,28.5341648],[0.9588171,28.5326869],[0.9564139,28.5324003],[0.9542338,28.532521],[0.951676,28.532898],[0.946765,28.5348736],[0.9364825,28.5391565],[0.9188003,28.5460673],[0.900448,28.5530739],[0.8918857,28.5559086],[0.8767452,28.5600097],[0.8589394,28.5647877],[0.8339633,28.5709886],[0.8216642,28.5733253],[0.8126176,28.5750439],[0.784146,28.5805621],[0.7800921,28.5812253],[0.7611236,28.5831096],[0.741014,28.5853509],[0.7345252,28.5861799],[0.7240416,28.5877023],[0.7106863,28.5899946],[0.686306,28.5940943],[0.6723979,28.5968224],[0.6600039,28.5993997],[0.6373091,28.60411],[0.6300307,28.6055568],[0.6173168,28.6080435],[0.59431,28.612881],[0.5872452,28.6145838],[0.5761043,28.6173717],[0.55705,28.6217115],[0.5450313,28.6247831],[0.538065,28.6265634],[0.5222847,28.6308275],[0.5003744,28.6367186],[0.4977528,28.6376075],[0.4896847,28.638632],[0.4745251,28.6411329],[0.4643777,28.6427442],[0.4623178,28.6428346],[0.4597944,28.6428798],[0.4577688,28.6432112],[0.4553655,28.6439645],[0.4528592,28.6452149],[0.4489923,28.6485036],[0.4467263,28.6500402],[0.4432799,28.6517725],[0.4376306,28.65352],[0.4333048,28.6553879],[0.4278803,28.6565176],[0.4234246,28.6574215],[0.4188413,28.6590182],[0.4148244,28.660886],[0.4029225,28.6663399],[0.397639,28.66881],[0.3917854,28.6708584],[0.3876941,28.6722],[0.3747469,28.6768677],[0.3729806,28.6775588],[0.3679788,28.6792623],[0.3660218,28.679706],[0.3649232,28.6799551],[0.3624341,28.6801207],[0.3586565,28.6800153],[0.3557898,28.6796689],[0.3528196,28.6787629]]},"properties":{"highway":"tertiary"}},{"type":"Feature","geometry":{"type":"LineString","coordinates":[[0.2415985,29.2616961],[0.2411503,29.2620055],[0.2407171,29.2623047],[0.2402552,29.2626236],[0.2394585,29.2631699],[0.2392709,29.2632985],[0.2381096,29.2641288],[0.2378689,29.2643009]]},"properties":{"highway":"tertiary"}},{"type":"Feature","geometry":{"type":"LineString","coordinates":[[0.237762,29.2641906],[0.2391962,29.2631987],[0.2401645,29.2625128],[0.2402375,29.2624633],[0.2410621,29.2619045],[0.2415036,29.2616052]]},"properties":{"highway":"tertiary"}},{"type":"Feature","geometry":{"type":"LineString","coordinates":[[0.2411503,29.2620055],[0.2410621,29.2619045]]},"properties":{"highway":"tertiary_link"}},{"type":"Feature","geometry":{"type":"LineString","coordinates":[[0.2372236,29.2566518],[0.2373031,29.2565965]]},"properties":{"highway":"tertiary_link"}},{"type":"Feature","geometry":{"type":"LineString","coordinates":[[0.239498,29.2590253],[0.2395716,29.258971]]},"properties":{"highway":"tertiary_link"}},{"type":"Feature","geometry":{"type":"LineString","coordinates":[[0.2415575,29.2615623],[0.241589,29.2615607],[0.2416182,29.2615695],[0.2416413,29.2615874],[0.2416548,29.2616117],[0.2416567,29.2616386],[0.2416466,29.2616641],[0.2416261,29.2616843],[0.2415985,29.2616961],[0.2415698,29.261698],[0.2415423,29.261691],[0.2415194,29.2616758],[0.2415042,29.2616545],[0.2414987,29.2616299],[0.2415036,29.2616052],[0.2415087,29.2615955],[0.2415293,29.2615746],[0.2415575,29.2615623]]},"properties":{"highway":"tertiary"}},{"type":"Feature","geometry":{"type":"LineString","coordinates":[[0.2391888,29.273246],[0.239265,29.2732002]]},"properties":{"highway":"primary_link"}},{"type":"Feature","geometry":{"type":"LineString","coordinates":[[0.2283316,29.2596677],[0.2281328,29.2594218]]},"properties":{"highway":"tertiary"}},{"type":"Feature","geometry":{"type":"LineString","coordinates":[[0.2171957,29.2336988],[0.2171637,29.2337164],[0.2171241,29.2337264],[0.217082,29.2337273],[0.2170283,29.2337232],[0.2169827,29.2337232],[0.2168114,29.2337317]]},"properties":{"highway":"tertiary"}},{"type":"Feature","geometry":{"type":"LineString","coordinates":[[0.2168114,29.2337317],[0.2169659,29.2336591],[0.2170034,29.2336374],[0.2170298,29.2336167],[0.2170611,29.2335918],[0.2170967,29.2335742],[0.2171376,29.2335634]]},"properties":{"highway":"tertiary"}},{"type":"Feature","geometry":{"type":"LineString","coordinates":[[0.2234999,29.2467146],[0.223517,29.2466986],[0.2235375,29.2466862],[0.2235606,29.2466779],[0.2235852,29.2466741]]},"properties":{"highway":"primary_link"}},{"type":"Feature","geometry":{"type":"LineString","coordinates":[[0.2236631,29.2468119],[0.2236459,29.2468282],[0.2236244,29.2468399],[0.2236001,29.2468462],[0.2235747,29.2468466]]},"properties":{"highway":"primary_link"}},{"type":"Feature","geometry":{"type":"LineString","coordinates":[[0.1900792,29.183584],[0.1901047,29.1835249],[0.1904749,29.1830876]]},"properties":{"highway":"primary"}},{"type":"Feature","geometry":{"type":"LineString","coordinates":[[0.1904749,29.1830876],[0.1902382,29.1835397],[0.1901925,29.1836891]]},"properties":{"highway":"primary"}},{"type":"Feature","geometry":{"type":"LineString","coordinates":[[0.1894465,29.182938],[0.1899533,29.183462],[0.1900236,29.1835395],[0.1900524,29.1835825]]},"properties":{"highway":"primary"}},{"type":"Feature","geometry":{"type":"LineString","coordinates":[[0.1899213,29.1836924],[0.1898986,29.1835996],[0.1898197,29.183469],[0.1894465,29.182938]]},"properties":{"highway":"primary"}},{"type":"Feature","geometry":{"type":"LineString","coordinates":[[0.1901932,29.1837038],[0.190282,29.1838263],[0.1908894,29.1845764]]},"properties":{"highway":"primary"}},{"type":"Feature","geometry":{"type":"LineString","coordinates":[[0.1908894,29.1845764],[0.1902012,29.1839331],[0.1901113,29.1838545],[0.1900808,29.1838183]]},"properties":{"highway":"primary"}},{"type":"Feature","geometry":{"type":"LineString","coordinates":[[0.7374606,29.7312656],[0.7375044,29.7312243],[0.7375582,29.7311932],[0.7376189,29.731174],[0.7376831,29.7311679],[0.7377471,29.7311752],[0.7378074,29.7311954]]},"properties":{"highway":"primary_link"}},{"type":"Feature","geometry":{"type":"LineString","coordinates":[[0.711641,29.7019999],[0.7116979,29.7019369]]},"properties":{"highway":"primary_link"}},{"type":"Feature","geometry":{"type":"LineString","coordinates":[[0.7111642,29.701593],[0.7112128,29.701604],[0.7112583,29.7016228],[0.7112989,29.7016489],[0.7116979,29.7019369],[0.7117421,29.7019689],[0.7125973,29.7025533],[0.7127968,29.7027033],[0.7129285,29.7028107],[0.7129754,29.7028561],[0.7130317,29.7029191]]},"properties":{"highway":"primary","ref":"RN 118"}},{"type":"Feature","geometry":{"type":"LineString","coordinates":[[0.7130317,29.7029191],[0.7129472,29.7028818],[0.7128923,29.7028491],[0.7125516,29.7026301],[0.7120932,29.7023177],[0.711641,29.7019999],[0.7112315,29.7017109],[0.711205,29.7016814],[0.7111801,29.7016388],[0.7111642,29.701593]]},"properties":{"highway":"primary","ref":"RN 118"}},{"type":"Feature","geometry":{"type":"LineString","coordinates":[[0.7130317,29.7029191],[0.7131699,29.7030542],[0.7132517,29.7031404],[0.713308,29.7032091],[0.7135346,29.7035224],[0.7137774,29.7038731],[0.7142588,29.7046093],[0.7143031,29.7046733],[0.714346,29.7047269],[0.7143916,29.704777],[0.7147846,29.7051474],[0.7152936,29.7057006],[0.7158131,29.7063532],[0.7166667,29.7074534],[0.7170508,29.7079191],[0.7174148,29.7083654],[0.7176828,29.7086996],[0.717816,29.7088672],[0.7179002,29.7089687],[0.7181206,29.7092483],[0.7183042,29.709486],[0.719171,29.7105679],[0.7192156,29.7106216],[0.7199617,29.711522],[0.7205768,29.7122982],[0.722146,29.714224],[0.7225818,29.7147679],[0.7227849,29.7150108],[0.7229571,29.7152169],[0.7235344,29.7159034],[0.7242309,29.7166872],[0.7245753,29.717038],[0.7249432,29.7173643],[0.7253481,29.7176816],[0.7257225,29.7179744],[0.7283453,29.7198405],[0.7322811,29.7225907],[0.7333566,29.7233857],[0.7336016,29.7235813],[0.733837,29.7238055],[0.7340536,29.7240435],[0.7342505,29.7242942],[0.7344266,29.7245562],[0.7351184,29.7257658],[0.7360233,29.7275517],[0.736324,29.7281673],[0.7366808,29.7288981],[0.7368988,29.7293445],[0.737236,29.7301516],[0.7372891,29.730303],[0.7373553,29.7304882],[0.737417,29.7306408]]},"properties":{"highway":"primary","ref":"RN 118"}},{"type":"Feature","geometry":{"type":"LineString","coordinates":[[0.6874553,29.6877605],[0.6873874,29.6877683],[0.6873212,29.6877832],[0.687272,29.6877665]]},"properties":{"highway":"tertiary","ref":"CC 52"}},{"type":"Feature","geometry":{"type":"LineString","coordinates":[[0.687272,29.6877665],[0.6872849,29.6877478],[0.6873107,29.68769],[0.6873344,29.6876315]]},"properties":{"highway":"tertiary","ref":"CC 52"}},{"type":"Feature","geometry":{"type":"LineString","coordinates":[[0.3415698,28.6967378],[0.3418583,28.6967432],[0.3425078,28.6970265],[0.3430199,28.6972519],[0.3434468,28.6973866]]},"properties":{"highway":"tertiary"}},{"type":"Feature","geometry":{"type":"LineString","coordinates":[[0.340453,28.6990758],[0.3425558,28.6999904]]},"properties":{"highway":"tertiary"}},{"type":"Feature","geometry":{"type":"LineString","coordinates":[[0.3446797,28.7063118],[0.3445242,28.7062954],[0.3442385,28.7062676],[0.3435811,28.7061977],[0.3435012,28.7061892],[0.3428469,28.7061347],[0.3413752,28.7060152]]},"properties":{"highway":"tertiary"}},{"type":"Feature","geometry":{"type":"LineString","coordinates":[[0.3434468,28.6973866],[0.3445397,28.6977183],[0.3458682,28.6981487],[0.3465373,28.6983339]]},"properties":{"highway":"tertiary"}},{"type":"Feature","geometry":{"type":"LineString","coordinates":[[0.2424394,29.2765645],[0.2422438,29.2767479],[0.2422179,29.2767695],[0.2421954,29.2767839],[0.2421712,29.276796],[0.2421456,29.2768058]]},"properties":{"highway":"primary","ref":"RN 118"}},{"type":"Feature","geometry":{"type":"LineString","coordinates":[[0.2420717,29.2767146],[0.2420896,29.2766983],[0.2421122,29.2766823],[0.2421372,29.2766689],[0.2421673,29.2766575],[0.2424394,29.2765645]]},"properties":{"highway":"primary","ref":"RN 118"}},{"type":"Feature","geometry":{"type":"LineString","coordinates":[[0.00916,29.3545047],[0.0091225,29.3545679],[0.0090849,29.3546777],[0.0090891,29.3547672]]},"properties":{"highway":"tertiary_link"}},{"type":"Feature","geometry":{"type":"LineString","coordinates":[[0.0088984,29.3544905],[0.0089964,29.3545328],[0.00916,29.3545047]]},"properties":{"highway":"tertiary_link"}},{"type":"Feature","geometry":{"type":"LineString","coordinates":[[-0.0357228,29.3011235],[-0.0375619,29.3050718],[-0.0408209,29.3119804],[-0.0479066,29.3270353],[-0.0502828,29.3320271],[-0.0505811,29.3327129],[-0.0508964,29.3335312],[-0.0523845,29.3374028],[-0.0536455,29.3406804],[-0.0549116,29.343968],[-0.0577348,29.3512992],[-0.0613432,29.3605639],[-0.0636108,29.3664471],[-0.068762,29.3797712],[-0.0743272,29.3941784],[-0.0745788,29.3947601],[-0.0754099,29.3964074],[-0.0773607,29.4002054],[-0.0783446,29.402121],[-0.0793528,29.4040252],[-0.080635,29.4063766],[-0.0834611,29.4115144],[-0.0842388,29.412943],[-0.0848584,29.4140435],[-0.0849858,29.4143001],[-0.0850365,29.4144023],[-0.0853924,29.4153301],[-0.0855104,29.4156377],[-0.085852,29.4165237],[-0.086345,29.4178506],[-0.0869171,29.4193902],[-0.0875269,29.4210314],[-0.0877172,29.4215435],[-0.0882636,29.4227788],[-0.0883456,29.4229699],[-0.0884307,29.4231685],[-0.0885637,29.4235248],[-0.088627,29.4236986],[-0.0886649,29.4238025]]},"properties":{"highway":"secondary","ref":"CW 6"}},{"type":"Feature","geometry":{"type":"LineString","coordinates":[[0.2424394,29.2765645],[0.2439391,29.2755877],[0.2440532,29.2755037],[0.2449022,29.2747642],[0.2466652,29.2733524],[0.2488439,29.2718772],[0.2491068,29.2717007],[0.2493747,29.2715085],[0.2500441,29.2710281],[0.2501896,29.2709212],[0.2510702,29.2702742],[0.2512562,29.2701413],[0.252251,29.2694304],[0.2523933,29.2693287],[0.2532697,29.2687024],[0.2536195,29.2684524],[0.2536478,29.2684295]]},"properties":{"highway":"primary","ref":"RN 118"}},{"type":"Feature","geometry":{"type":"LineString","coordinates":[[0.2540596,29.2683691],[0.2540087,29.2683571],[0.2539655,29.2683307],[0.2539354,29.2682929],[0.2539219,29.2682485],[0.2539268,29.2682026],[0.2539349,29.268183],[0.2539588,29.2681506],[0.2539923,29.2681256],[0.2540327,29.2681101],[0.2540765,29.2681054],[0.2541232,29.2681128],[0.2541648,29.2681325],[0.2541974,29.2681623],[0.2542179,29.2681995],[0.2542243,29.2682403],[0.2542159,29.2682809],[0.2542052,29.2683017],[0.2541824,29.2683287],[0.2541525,29.2683499],[0.2541174,29.2683638],[0.2541029,29.2683661],[0.2540794,29.2683695],[0.2540596,29.2683691]]},"properties":{"highway":"primary"}},{"type":"Feature","geometry":{"type":"LineString","coordinates":[[0.2541232,29.2681128],[0.2541897,29.2681113],[0.2542556,29.268106],[0.2543209,29.2680963],[0.2543851,29.2680821],[0.2544478,29.2680636]]},"properties":{"highway":"primary"}},{"type":"Feature","geometry":{"type":"LineString","coordinates":[[0.2540596,29.2683691],[0.2539755,29.2683678],[0.2538917,29.2683731],[0.2538088,29.2683854],[0.2537277,29.2684048],[0.2536478,29.2684295]]},"properties":{"highway":"primary"}},{"type":"Feature","geometry":{"type":"LineString","coordinates":[[0.2333899,29.2547377],[0.2333788,29.2546513],[0.2335116,29.2522393],[0.2335839,29.2498966],[0.2336189,29.2487619],[0.2336206,29.2487058],[0.2336312,29.2483637],[0.2336476,29.2479325]]},"properties":{"highway":"tertiary"}},{"type":"Feature","geometry":{"type":"LineString","coordinates":[[0.2536478,29.2684295],[0.2537431,29.2683561],[0.2538362,29.2682804],[0.2539268,29.2682026]]},"properties":{"highway":"primary"}},{"type":"Feature","geometry":{"type":"LineString","coordinates":[[0.2544478,29.2680636],[0.2543934,29.2680999],[0.2543428,29.2681401],[0.2542963,29.268184],[0.2542543,29.2682312],[0.2542159,29.2682809]]},"properties":{"highway":"primary"}},{"type":"Feature","geometry":{"type":"LineString","coordinates":[[0.3447574,28.7060819],[0.3447263,28.7062266],[0.3446797,28.7063118],[0.3445962,28.7063782],[0.344394,28.7064925]]},"properties":{"highway":"tertiary"}},{"type":"Feature","geometry":{"type":"LineString","coordinates":[[0.0551653,28.7705771],[0.0545858,28.7705005],[0.0537604,28.7702589],[0.0533658,28.7701435],[0.05284,28.7699896],[0.0522363,28.769813],[0.0518464,28.7696814],[0.0493774,28.768848]]},"properties":{"highway":"secondary","maxspeed":"40"}},{"type":"Feature","geometry":{"type":"LineString","coordinates":[[0.3734843,29.5826229],[0.3734628,29.582595],[0.3734528,29.5825628],[0.3734548,29.5825293],[0.3734688,29.5824981],[0.3734947,29.5824727],[0.3735259,29.5824546],[0.3735632,29.5824466],[0.3736016,29.5824492],[0.3736395,29.5824635],[0.3736696,29.582488],[0.3736889,29.58252],[0.3736939,29.5825556],[0.3736853,29.5825907],[0.3736649,29.5826221],[0.3736312,29.5826436],[0.3735828,29.5826576],[0.3735509,29.5826548],[0.3735146,29.5826435],[0.3734843,29.5826229]]},"properties":{"highway":"secondary"}},{"type":"Feature","geometry":{"type":"LineString","coordinates":[[0.3738027,29.5819371],[0.3737419,29.5821328],[0.3737214,29.5822245],[0.3737057,29.582317],[0.3736951,29.5824101],[0.3736889,29.58252]]},"properties":{"highway":"secondary"}},{"type":"Feature","geometry":{"type":"LineString","coordinates":[[0.3736649,29.5826221],[0.3736069,29.5826943],[0.3735595,29.5827613],[0.3735162,29.5828305],[0.3734771,29.5829015]]},"properties":{"highway":"tertiary"}},{"type":"Feature","geometry":{"type":"LineString","coordinates":[[0.256973,29.2721061],[0.255956,29.2709768],[0.2553144,29.2702644],[0.254975,29.2698874],[0.2547602,29.2696489],[0.2545253,29.2693881],[0.2543296,29.2691708],[0.2542771,29.2691004],[0.254252,29.2690357],[0.2542387,29.2689641],[0.2542426,29.268893],[0.2542609,29.2688168],[0.2542815,29.2687315],[0.2542957,29.2686406],[0.2542992,29.2685596],[0.2542851,29.2685063],[0.2542665,29.2684627],[0.2542443,29.2684246]]},"properties":{"highway":"tertiary"}},{"type":"Feature","geometry":{"type":"LineString","coordinates":[[0.2542052,29.2683017],[0.2542104,29.2683334],[0.2542187,29.2683646],[0.2542301,29.268395],[0.2542443,29.2684246]]},"properties":{"highway":"tertiary"}},{"type":"Feature","geometry":{"type":"LineString","coordinates":[[0.2484475,29.2831517],[0.2485751,29.2830395],[0.2486321,29.2829833],[0.2487339,29.2828889],[0.2503478,29.2815136],[0.250753,29.281203],[0.2511738,29.2808865],[0.2519603,29.2803391],[0.2522608,29.2801324],[0.2524132,29.2800225],[0.2526957,29.2798411],[0.2528001,29.2797698],[0.2530039,29.2796432],[0.2530985,29.2795858],[0.25324,29.2794984],[0.2535641,29.2792823],[0.2542106,29.2788504],[0.2542459,29.278826],[0.2543043,29.2787857],[0.2543525,29.2787547],[0.2544185,29.2787157]]},"properties":{"highway":"tertiary"}},{"type":"Feature","geometry":{"type":"LineString","coordinates":[[0.2544185,29.2787157],[0.2547036,29.2784881],[0.255193,29.2781345],[0.2555891,29.2778983],[0.2576462,29.2769231],[0.2588875,29.2763009],[0.2601212,29.2756826]]},"properties":{"highway":"tertiary"}},{"type":"Feature","geometry":{"type":"LineString","coordinates":[[0.0316816,28.8525028],[0.0316893,28.8523074],[0.0316632,28.8521372],[0.0316424,28.8519487],[0.0316053,28.851612],[0.0316168,28.8514682],[0.0316221,28.8514026],[0.0317118,28.8512128],[0.031835,28.8510394],[0.0320106,28.850843],[0.0323749,28.8505305],[0.0328064,28.8501902],[0.0331595,28.8499481],[0.0333668,28.8498761],[0.0336937,28.8497943],[0.0344857,28.8496159],[0.0350275,28.849472],[0.0358419,28.8492331],[0.0362715,28.8491594],[0.0367273,28.8491185],[0.0382956,28.8490485],[0.0400042,28.8489722],[0.0402621,28.8488996],[0.0406614,28.8487136],[0.0410691,28.848483],[0.0426603,28.8473843],[0.0433993,28.8469677],[0.0444667,28.8463601],[0.0450386,28.8461443],[0.045486,28.8460054],[0.0458257,28.8459509],[0.0462363,28.8458839],[0.047584,28.8455665],[0.0486514,28.8452391],[0.0505003,28.8447629],[0.0514517,28.8444777],[0.0522841,28.8442843],[0.0526182,28.8441528],[0.0530542,28.8438899],[0.0536035,28.8435378],[0.0560781,28.8417819],[0.0565707,28.8414867],[0.0572588,28.8411767],[0.0576778,28.8409113],[0.0585046,28.8403607],[0.0594333,28.8396563],[0.0604621,28.8387634]]},"properties":{"highway":"tertiary"}},{"type":"Feature","geometry":{"type":"LineString","coordinates":[[0.7526605,29.7905465],[0.7527823,29.7903629],[0.752984,29.7901469],[0.7533145,29.7898377],[0.7538745,29.7894299],[0.7543358,29.789145],[0.7548401,29.7887595],[0.7552928,29.7884094],[0.7560675,29.7877353],[0.7562735,29.7875993],[0.7564666,29.7874969],[0.7578957,29.7867948],[0.758284,29.7866477],[0.7587454,29.7864913],[0.7590608,29.7863405],[0.7600092,29.7858749],[0.7610628,29.7853851],[0.7613503,29.7852734],[0.761749,29.7851312]]},"properties":{"highway":"tertiary"}},{"type":"Feature","geometry":{"type":"LineString","coordinates":[[-0.2591006,29.0145352],[-0.2591727,29.0143398],[-0.2600667,29.0109921],[-0.2601368,29.0105918],[-0.2601274,29.0102651],[-0.2600761,29.0098077],[-0.2599733,29.0094932],[-0.2596464,29.0087131],[-0.2590742,29.0075016],[-0.2587288,29.0067704],[-0.2578415,29.0048263],[-0.2576313,29.0042708],[-0.2575613,29.0039481],[-0.2575332,29.0034743],[-0.2576266,29.0029638],[-0.2577481,29.0025921],[-0.2578788,29.0023471],[-0.2580423,29.002102],[-0.2583178,29.0017875],[-0.2600037,29.0002844],[-0.2605361,28.9998351],[-0.2635902,28.9971148],[-0.2643047,28.9965716],[-0.2649679,28.9963143],[-0.2653181,28.9962326],[-0.2678801,28.9960597],[-0.2686114,28.995952],[-0.2691639,28.9957901]]},"properties":{"highway":"primary","ref":"RN 51A"}},{"type":"Feature","geometry":{"type":"LineString","coordinates":[[-0.2450393,29.028111],[-0.2450801,29.028093],[-0.2451123,29.0280719],[-0.2451422,29.0280499],[-0.2451827,29.0280191],[-0.245229,29.0279845],[-0.2452914,29.0279352],[-0.2453792,29.0278684],[-0.2456735,29.0276492],[-0.2462097,29.0272151],[-0.2480331,29.0256779],[-0.24822,29.0255204],[-0.2487357,29.0250856],[-0.2495494,29.0243996],[-0.2500847,29.0239448],[-0.2501292,29.0239112],[-0.2501901,29.0238747]]},"properties":{"highway":"primary","ref":"RN 51A"}},{"type":"Feature","geometry":{"type":"LineString","coordinates":[[-0.2502251,29.0238749],[-0.250246,29.0238693],[-0.250265,29.0238596],[-0.2502809,29.0238464],[-0.2502943,29.0238278],[-0.2503016,29.0238068],[-0.2503018,29.0237812],[-0.2502931,29.0237567],[-0.2502762,29.0237357],[-0.2502528,29.0237203],[-0.2502251,29.0237118],[-0.2501958,29.0237112],[-0.2501805,29.023714],[-0.2501559,29.0237242],[-0.2501356,29.02374],[-0.2501212,29.0237602],[-0.250114,29.0237831],[-0.2501133,29.0237931],[-0.2501188,29.0238212],[-0.2501349,29.023846],[-0.2501596,29.0238646],[-0.2501901,29.0238747],[-0.2502032,29.0238761],[-0.2502251,29.0238749]]},"properties":{"highway":"primary","ref":"RN 51A"}},{"type":"Feature","geometry":{"type":"LineString","coordinates":[[-0.2551388,29.0195336],[-0.2550672,29.0194734]]},"properties":{"highway":"primary_link"}},{"type":"Feature","geometry":{"type":"LineString","coordinates":[[-0.2529071,29.0215771],[-0.2529125,29.0215629],[-0.2529135,29.021548],[-0.2529111,29.0215365],[-0.2529011,29.0215189],[-0.2528847,29.0215054],[-0.252864,29.0214978],[-0.2528415,29.0214968],[-0.2528212,29.0215023],[-0.252804,29.0215132],[-0.2527919,29.0215285],[-0.2527864,29.0215447],[-0.2527868,29.0215617],[-0.2527929,29.0215778],[-0.2528043,29.0215915],[-0.2528198,29.0216016],[-0.2528381,29.0216072],[-0.2528575,29.0216078],[-0.252869,29.0216056],[-0.2528845,29.0215992],[-0.2528975,29.0215895],[-0.2529071,29.0215771]]},"properties":{"highway":"primary"}},{"type":"Feature","geometry":{"type":"LineString","coordinates":[[-0.2591006,29.0145352],[-0.259072,29.0145677],[-0.2590462,29.0146019],[-0.2590234,29.0146377],[-0.2590037,29.0146748],[-0.258923,29.014836],[-0.2587568,29.0151568],[-0.2584744,29.0156861],[-0.2582153,29.0161454],[-0.258038,29.0164136],[-0.2578473,29.0166765],[-0.2575811,29.0170244],[-0.2573036,29.017366],[-0.2570134,29.017683],[-0.2568974,29.0178071],[-0.2568517,29.0178521],[-0.2568242,29.0178802],[-0.2567928,29.0179119],[-0.256753,29.0179584],[-0.2566626,29.0180498],[-0.2565024,29.0182066],[-0.2559912,29.0186658],[-0.2556923,29.0189181],[-0.2556144,29.0189848],[-0.2550672,29.0194734],[-0.2538002,29.0206269],[-0.2534301,29.0209665],[-0.2528943,29.0214582],[-0.2528415,29.0214968]]},"properties":{"highway":"primary","ref":"RN 51A"}},{"type":"Feature","geometry":{"type":"LineString","coordinates":[[-0.2529111,29.0215365],[-0.2529306,29.0215231],[-0.2529686,29.021491],[-0.253491,29.0210198],[-0.2551388,29.0195336],[-0.2556916,29.0190584],[-0.2557694,29.0189912],[-0.2560652,29.0187275],[-0.256147,29.0186546],[-0.2568297,29.0180154],[-0.2568536,29.0179932],[-0.256884,29.0179588],[-0.2571769,29.0176219],[-0.2573703,29.0174053],[-0.2575175,29.017232],[-0.2576525,29.0170648],[-0.2579228,29.0167054],[-0.2580802,29.0164875],[-0.2582876,29.0161763],[-0.2585547,29.015709],[-0.2588348,29.0151827],[-0.258978,29.0148612],[-0.2590545,29.0146935],[-0.2590692,29.0146572],[-0.2590846,29.014612],[-0.2590937,29.0145707],[-0.2591006,29.0145352]]},"properties":{"highway":"primary","ref":"RN 51A"}},{"type":"Feature","geometry":{"type":"LineString","coordinates":[[-0.2501133,29.0237931],[-0.2500596,29.0238528],[-0.249987,29.0239297],[-0.2486805,29.0250325],[-0.2481631,29.0254668],[-0.2479754,29.0256243],[-0.2461462,29.0271596],[-0.2456201,29.0275962],[-0.2453309,29.0278297],[-0.2452538,29.0278954],[-0.2451821,29.0279599],[-0.2451452,29.0279927],[-0.245111,29.0280241],[-0.2450721,29.0280601],[-0.2450527,29.0280839],[-0.2450393,29.028111]]},"properties":{"highway":"primary","ref":"RN 51A"}},{"type":"Feature","geometry":{"type":"LineString","coordinates":[[-0.2597656,29.0246888],[-0.2595569,29.0241532],[-0.2592702,29.0235194],[-0.2589267,29.0227598],[-0.2587162,29.0223216],[-0.2585324,29.0219391],[-0.2584843,29.0218005],[-0.2584645,29.0216804],[-0.2584426,29.0216465],[-0.2584079,29.0215925],[-0.2579168,29.0211427],[-0.2576042,29.0208564],[-0.2573641,29.0206365],[-0.2571659,29.020455],[-0.2569306,29.0202395]]},"properties":{"highway":"tertiary"}},{"type":"Feature","geometry":{"type":"LineString","coordinates":[[-0.2570149,29.0201715],[-0.2564662,29.0196515],[-0.2562094,29.0194082],[-0.2557694,29.0189912],[-0.2556923,29.0189181],[-0.2551417,29.0183964],[-0.2548794,29.0181479],[-0.2543763,29.0176711],[-0.2540238,29.017337]]},"properties":{"highway":"tertiary"}},{"type":"Feature","geometry":{"type":"LineString","coordinates":[[-0.2570149,29.0201715],[-0.2569306,29.0202395]]},"properties":{"highway":"tertiary"}},{"type":"Feature","geometry":{"type":"LineString","coordinates":[[-0.2539469,29.0173953],[-0.254417,29.0178434],[-0.2548017,29.0182102],[-0.2550624,29.0184587],[-0.2556144,29.0189848],[-0.2556916,29.0190584],[-0.2561316,29.0194779],[-0.2563847,29.0197191],[-0.256668,29.0199891],[-0.2569306,29.0202395]]},"properties":{"highway":"tertiary"}},{"type":"Feature","geometry":{"type":"LineString","coordinates":[[-0.2501805,29.023714],[-0.2501045,29.0237011],[-0.25001,29.0236774]]},"properties":{"highway":"tertiary"}},{"type":"Feature","geometry":{"type":"LineString","coordinates":[[0.2544185,29.2787157],[0.2543472,29.2788126],[0.2543064,29.2788607],[0.254259,29.2789058],[0.2536894,29.2792688],[0.2532937,29.2795424],[0.2530481,29.2796923],[0.2528483,29.2798194],[0.2527448,29.2798911],[0.2524688,29.2800797],[0.25202,29.2803956],[0.2512416,29.2809332],[0.250812,29.2812428],[0.25041,29.2815656],[0.2487653,29.2829439],[0.2487078,29.2830102],[0.2486684,29.2830741],[0.2486448,29.2831237],[0.248631,29.2831713],[0.248618,29.2832319],[0.2486163,29.2832954]]},"properties":{"highway":"tertiary"}},{"type":"Feature","geometry":{"type":"LineString","coordinates":[[0.256704,29.2886634],[0.2593428,29.2849068],[0.2593616,29.2848784],[0.2593726,29.2848471],[0.2593753,29.2848144],[0.2593694,29.284782],[0.2593554,29.2847516],[0.2593338,29.2847248],[0.2593059,29.2847028],[0.2582516,29.2840115],[0.2582212,29.2839886],[0.258199,29.2839592],[0.2581868,29.2839257],[0.2581856,29.2838906],[0.2581954,29.2838565],[0.2582154,29.283826],[0.2584738,29.2835167],[0.2585851,29.2833746],[0.2587017,29.2832231],[0.2591727,29.2825853],[0.259453,29.282284],[0.2603053,29.2815357],[0.2631103,29.2793832],[0.2631363,29.2793607],[0.2631613,29.2793323],[0.2631788,29.2792999],[0.263188,29.279265],[0.2631884,29.2792292],[0.2631801,29.2791941],[0.2631634,29.2791614],[0.263139,29.2791326],[0.2624354,29.2783581],[0.2618426,29.2776492],[0.2606363,29.2762492],[0.2601212,29.2756826],[0.2599721,29.2755419],[0.259435,29.2750351],[0.2587488,29.2743876],[0.2580396,29.2737184],[0.2575295,29.2732371],[0.2566971,29.2724492],[0.2566804,29.2724316],[0.2566691,29.2724109],[0.2566639,29.2723885],[0.2566652,29.2723656],[0.2566728,29.2723437],[0.2566863,29.272324],[0.2567049,29.2723079],[0.256973,29.2721061]]},"properties":{"highway":"tertiary"}},{"type":"Feature","geometry":{"type":"LineString","coordinates":[[0.2542443,29.2684246],[0.2542109,29.2684066],[0.254176,29.2683908],[0.25414,29.2683773],[0.2541029,29.2683661]]},"properties":{"highway":"tertiary"}},{"type":"Feature","geometry":{"type":"LineString","coordinates":[[0.3734947,29.5824727],[0.3735353,29.5823713],[0.37361,29.5822201],[0.3736994,29.582075],[0.3738027,29.5819371]]},"properties":{"highway":"secondary"}},{"type":"Feature","geometry":{"type":"LineString","coordinates":[[0.3734771,29.5829015],[0.3734745,29.5827993],[0.3734697,29.5826971],[0.3734628,29.582595]]},"properties":{"highway":"tertiary"}},{"type":"Feature","geometry":{"type":"LineString","coordinates":[[-0.2530378,29.0216751],[-0.252986,29.0216198],[-0.2529638,29.0215969],[-0.2529247,29.0215577],[-0.2529135,29.021548]]},"properties":{"highway":"tertiary"}},{"type":"Feature","geometry":{"type":"LineString","coordinates":[[-0.252869,29.0216056],[-0.2529134,29.0216188],[-0.2529565,29.0216348],[-0.252998,29.0216536],[-0.2530378,29.0216751]]},"properties":{"highway":"tertiary"}},{"type":"Feature","geometry":{"type":"LineString","coordinates":[[-0.2527919,29.0215285],[-0.2527191,29.0216183],[-0.2522945,29.0219908],[-0.2518319,29.0223896],[-0.250406,29.0235755],[-0.2503473,29.0236208],[-0.2502833,29.0236679],[-0.2501958,29.0237112]]},"properties":{"highway":"primary","ref":"RN 51A"}},{"type":"Feature","geometry":{"type":"LineString","coordinates":[[-0.2503016,29.0238068],[-0.2503581,29.0237276],[-0.2504154,29.0236756],[-0.2504703,29.0236258],[-0.2518891,29.022444],[-0.2527996,29.0216501],[-0.2528575,29.0216078]]},"properties":{"highway":"primary","ref":"RN 51A"}},{"type":"Feature","geometry":{"type":"LineString","coordinates":[[-0.0978348,29.4252682],[-0.0975061,29.4249883],[-0.0974316,29.4249418],[-0.0971736,29.4247964],[-0.0966291,29.4245439],[-0.09467,29.4236358],[-0.0943249,29.4235671]]},"properties":{"highway":"tertiary"}},{"type":"Feature","geometry":{"type":"LineString","coordinates":[[-0.0943249,29.4235671],[-0.094559,29.4236774],[-0.0970831,29.424867],[-0.0974528,29.4250559],[-0.0978348,29.4252682]]},"properties":{"highway":"tertiary"}},{"type":"Feature","geometry":{"type":"LineString","coordinates":[[-0.0978348,29.4252682],[-0.097955,29.4253449],[-0.0982738,29.4255485]]},"properties":{"highway":"tertiary"}},{"type":"Feature","geometry":{"type":"LineString","coordinates":[[-0.0943249,29.4235671],[-0.0940522,29.4234406],[-0.0932773,29.4230812],[-0.0929373,29.4229235],[-0.0925222,29.4227295],[-0.0915777,29.4222881]]},"properties":{"highway":"tertiary"}},{"type":"Feature","geometry":{"type":"LineString","coordinates":[[-0.0914317,29.4221381],[-0.0914145,29.4221538],[-0.0914044,29.4221736],[-0.0914034,29.4221809],[-0.091402,29.4221948],[-0.0914087,29.4222161],[-0.0914228,29.4222341],[-0.0914429,29.4222469],[-0.0914668,29.422253],[-0.0914905,29.4222523],[-0.0915128,29.4222446],[-0.0915311,29.4222314],[-0.0915436,29.4222137],[-0.0915488,29.4221938],[-0.0915471,29.422175],[-0.0915391,29.4221575],[-0.0915257,29.4221427],[-0.0915078,29.422132],[-0.0914872,29.4221263],[-0.0914761,29.4221269],[-0.0914539,29.4221282],[-0.0914317,29.4221381]]},"properties":{"highway":"tertiary"}},{"type":"Feature","geometry":{"type":"LineString","coordinates":[[-0.0916664,29.4219994],[-0.0916229,29.4220332],[-0.0915785,29.422066],[-0.0915331,29.4220978],[-0.0914872,29.4221263]]},"properties":{"highway":"tertiary"}},{"type":"Feature","geometry":{"type":"LineString","coordinates":[[-0.091402,29.4221948],[-0.0913644,29.4222284],[-0.0913253,29.4222606],[-0.0912849,29.4222914],[-0.090873,29.4226122],[-0.0904523,29.4229421],[-0.0897964,29.4234563],[-0.0896924,29.4235436],[-0.0896548,29.4235763],[-0.0896146,29.4236143],[-0.0895686,29.4236646]]},"properties":{"highway":"tertiary"}},{"type":"Feature","geometry":{"type":"LineString","coordinates":[[-0.0888317,29.424169],[-0.0888492,29.424138],[-0.0888544,29.4241038],[-0.0888469,29.4240699],[-0.0888274,29.4240398],[-0.0887989,29.4240162],[-0.0887607,29.4240028],[-0.0887202,29.4240001],[-0.0886808,29.424009],[-0.0886464,29.4240286],[-0.0886219,29.4240575],[-0.0886093,29.4240919],[-0.0886105,29.424128],[-0.0886252,29.4241616],[-0.0886519,29.424189],[-0.0886874,29.4242072],[-0.0887279,29.4242142],[-0.088769,29.4242095],[-0.0887871,29.4242026],[-0.088804,29.4241935],[-0.088819,29.4241823],[-0.0888317,29.424169]]},"properties":{"highway":"secondary"}},{"type":"Feature","geometry":{"type":"LineString","coordinates":[[-0.0889807,29.4240692],[-0.0889406,29.4240722],[-0.0889006,29.4240681],[-0.0888624,29.4240571],[-0.0888274,29.4240398]]},"properties":{"highway":"tertiary"}},{"type":"Feature","geometry":{"type":"LineString","coordinates":[[-0.0889807,29.4240692],[-0.0892372,29.4238915],[-0.0895686,29.4236646]]},"properties":{"highway":"tertiary"}},{"type":"Feature","geometry":{"type":"LineString","coordinates":[[-0.0887989,29.4240162],[-0.0887462,29.4239491],[-0.0887016,29.4238776],[-0.0886649,29.4238025]]},"properties":{"highway":"secondary"}},{"type":"Feature","geometry":{"type":"LineString","coordinates":[[-0.0914905,29.4222523],[-0.0915196,29.4222628],[-0.0915474,29.4222757],[-0.0915777,29.4222881]]},"properties":{"highway":"tertiary"}},{"type":"Feature","geometry":{"type":"LineString","coordinates":[[-0.25001,29.0236774],[-0.2500788,29.0237388],[-0.250114,29.0237831]]},"properties":{"highway":"tertiary"}},{"type":"Feature","geometry":{"type":"LineString","coordinates":[[-0.0886649,29.4238025],[-0.0886668,29.4238782],[-0.0886606,29.4239538],[-0.0886464,29.4240286]]},"properties":{"highway":"secondary"}},{"type":"Feature","geometry":{"type":"LineString","coordinates":[[-0.0895686,29.4236646],[-0.0896542,29.4236342],[-0.0896971,29.4236102],[-0.0897273,29.4235927],[-0.0898566,29.4235104],[-0.0905191,29.423],[-0.0910881,29.4225483],[-0.0913351,29.4223522],[-0.0914668,29.422253]]},"properties":{"highway":"tertiary"}},{"type":"Feature","geometry":{"type":"LineString","coordinates":[[-0.0915777,29.4222881],[-0.0915643,29.422264],[-0.0915529,29.4222392],[-0.0915436,29.4222137]]},"properties":{"highway":"tertiary"}},{"type":"Feature","geometry":{"type":"LineString","coordinates":[[-0.0915488,29.4221938],[-0.0915857,29.4221281],[-0.0916251,29.4220633],[-0.0916664,29.4219994]]},"properties":{"highway":"tertiary"}},{"type":"Feature","geometry":{"type":"LineString","coordinates":[[-0.0888317,29.424169],[-0.088867,29.424142],[-0.0889036,29.4241163],[-0.0889416,29.4240921],[-0.0889807,29.4240692]]},"properties":{"highway":"tertiary"}},{"type":"Feature","geometry":{"type":"LineString","coordinates":[[-0.0666229,29.1355818],[-0.0668704,29.1355469]]},"properties":{"highway":"primary","ref":"RN 51A"}},{"type":"Feature","geometry":{"type":"LineString","coordinates":[[-0.0666229,29.1355818],[-0.0665912,29.1356949],[-0.0665577,29.1358038],[-0.0665388,29.135864]]},"properties":{"highway":"secondary","ref":"CW 6"}},{"type":"Feature","geometry":{"type":"LineString","coordinates":[[-0.0666315,29.1355211],[-0.0666229,29.1355818]]},"properties":{"highway":"secondary","ref":"CW 6"}},{"type":"Feature","geometry":{"type":"LineString","coordinates":[[-0.0662663,29.1356382],[-0.066433,29.1356094],[-0.0666229,29.1355818]]},"properties":{"highway":"primary","ref":"RN 51A"}},{"type":"Feature","geometry":{"type":"LineString","coordinates":[[-0.0641384,29.1361119],[-0.0642295,29.1361178],[-0.0643247,29.136099],[-0.0644119,29.1360756],[-0.0644964,29.1360522],[-0.0647995,29.1359737],[-0.065352,29.1358472],[-0.0658214,29.13573],[-0.0662237,29.1356457],[-0.0662663,29.1356382]]},"properties":{"highway":"primary","ref":"RN 51A"}},{"type":"Feature","geometry":{"type":"LineString","coordinates":[[-0.0665388,29.135864],[-0.0665794,29.1358008],[-0.0666264,29.1357411],[-0.0666795,29.1356854],[-0.0667382,29.1356342],[-0.066802,29.1355879],[-0.0668704,29.1355469]]},"properties":{"highway":"primary_link"}},{"type":"Feature","geometry":{"type":"LineString","coordinates":[[-0.0662663,29.1356382],[-0.0663205,29.1356668],[-0.0663716,29.1356994],[-0.0664194,29.1357357],[-0.0664634,29.1357754],[-0.0665033,29.1358183],[-0.0665388,29.135864]]},"properties":{"highway":"primary_link"}},{"type":"Feature","geometry":{"type":"LineString","coordinates":[[-0.0668704,29.1355469],[-0.0670311,29.1355239],[-0.0674415,29.135484],[-0.0678787,29.1354536],[-0.0680946,29.1354372],[-0.0683192,29.1354278],[-0.0684372,29.1354372],[-0.0684882,29.135436],[-0.0685371,29.1354366],[-0.0685955,29.1354348],[-0.0686689,29.1354289]]},"properties":{"highway":"primary","ref":"RN 51A"}},{"type":"Feature","geometry":{"type":"LineString","coordinates":[[-0.0686689,29.1354289],[-0.0686049,29.1354126],[-0.0685452,29.135402],[-0.0685023,29.1353973],[-0.0684475,29.1353946],[-0.0683199,29.1353886],[-0.0680865,29.1353868],[-0.0678723,29.1353864],[-0.0677821,29.1353874],[-0.0676949,29.1353891],[-0.067583,29.1353956],[-0.0674944,29.1354049],[-0.0671786,29.1354442],[-0.0666315,29.1355211],[-0.0664075,29.1355578],[-0.0661893,29.1355925],[-0.0658,29.1356785],[-0.0653225,29.1357909],[-0.0647566,29.1359268],[-0.0644857,29.1359936],[-0.0643966,29.1360179],[-0.0643089,29.1360458],[-0.0642228,29.1360772],[-0.0641384,29.1361119]]},"properties":{"highway":"primary","ref":"RN 51A"}},{"type":"Feature","geometry":{"type":"LineString","coordinates":[[-0.0686689,29.1354289],[-0.0696039,29.1356865],[-0.070177,29.1359987],[-0.0712061,29.1366715],[-0.0719455,29.137016],[-0.0724508,29.1371451],[-0.073067,29.1372259],[-0.0748669,29.1372948],[-0.0765117,29.1373174],[-0.0767568,29.1373266],[-0.0770384,29.1373594],[-0.077399,29.1374342],[-0.0798417,29.138087],[-0.0801565,29.1381513],[-0.0804964,29.1381889],[-0.0809219,29.138199],[-0.0811462,29.1381747],[-0.0813588,29.1381263],[-0.0823049,29.1378151],[-0.0833101,29.1375214],[-0.0837117,29.1373712],[-0.0842195,29.137164],[-0.084503,29.1370314],[-0.0847582,29.1368727],[-0.0852303,29.1365524],[-0.085915,29.1359018],[-0.0875665,29.1341902],[-0.0887311,29.1329899],[-0.0903641,29.1312998],[-0.0960187,29.1254927],[-0.0981179,29.123317],[-0.0983888,29.1230756],[-0.098689,29.1228379],[-0.0992128,29.1225175],[-0.1006178,29.1218259],[-0.1042367,29.1201373],[-0.1046679,29.1199658],[-0.1050541,29.1198749],[-0.1054597,29.1198228],[-0.1059231,29.1198304],[-0.1063311,29.119866],[-0.1066366,29.1198936],[-0.1069406,29.1199509],[-0.1072454,29.1200202],[-0.1075215,29.1200986],[-0.1077014,29.1201748],[-0.1078851,29.1202786],[-0.1082218,29.1205016],[-0.1094458,29.1214175],[-0.1107236,29.1223373],[-0.1124165,29.1236108],[-0.1139148,29.1247181],[-0.1141763,29.1248997],[-0.1144358,29.1250572],[-0.1147784,29.1252325],[-0.1151573,29.1253869],[-0.1155791,29.1255242],[-0.1160823,29.1256551],[-0.1166392,29.1257286],[-0.1182475,29.125777],[-0.1204997,29.1258334],[-0.1245242,29.1259365],[-0.1269463,29.1259928],[-0.1274478,29.1259904],[-0.1278669,29.1259734],[-0.1282176,29.1259319],[-0.1285074,29.1258847],[-0.1289388,29.1257932],[-0.1297892,29.1255886],[-0.1378484,29.1236819],[-0.1382518,29.1235583],[-0.1386503,29.1234036],[-0.1394817,29.1229631],[-0.1410325,29.1221154],[-0.1425715,29.1212621],[-0.1442004,29.1203824],[-0.1493541,29.1175996],[-0.1516132,29.1163729],[-0.153878,29.1151567],[-0.1562951,29.1138327],[-0.1661238,29.1085154],[-0.1665384,29.1082708],[-0.1669265,29.1080216],[-0.1674718,29.1076287],[-0.1679949,29.1071917],[-0.1691884,29.1062015],[-0.1699577,29.105576],[-0.1719313,29.1039779],[-0.1785969,29.0984911],[-0.1810074,29.0964943],[-0.1820594,29.0956337],[-0.1849996,29.0932285],[-0.1873001,29.091342],[-0.1898978,29.0892018],[-0.1910799,29.0882245],[-0.1913631,29.0879276],[-0.1916108,29.0876059],[-0.1918869,29.0871915],[-0.1922408,29.0864492],[-0.1924531,29.0856636],[-0.1932318,29.082447],[-0.1937768,29.08022],[-0.1944139,29.0774733],[-0.1948244,29.0759763],[-0.1950438,29.0754752],[-0.1954402,29.0748813],[-0.1957021,29.0745658],[-0.1959711,29.0743183],[-0.1966082,29.0737368],[-0.1971532,29.073279],[-0.2002818,29.0705569],[-0.2008481,29.0700681],[-0.2011666,29.0697464],[-0.2014285,29.0694061],[-0.2017329,29.0689483],[-0.2023771,29.0677357],[-0.2036158,29.0654466],[-0.2041962,29.0643824],[-0.2044723,29.0639184],[-0.2048262,29.0633925],[-0.2051659,29.0629532],[-0.2061144,29.0618828],[-0.208245,29.0594636],[-0.2110454,29.0562836],[-0.2130034,29.0540609],[-0.2147952,29.0520304],[-0.2176222,29.0488087],[-0.2182606,29.0481615],[-0.2187916,29.0476597],[-0.224207,29.0437522],[-0.2268116,29.0418688],[-0.2281299,29.0409413],[-0.2294317,29.0399923],[-0.2320325,29.0381332],[-0.23471,29.0361924],[-0.2381775,29.033708],[-0.2390867,29.0330466],[-0.2399826,29.0323595],[-0.2417074,29.0309148],[-0.2450393,29.028111]]},"properties":{"highway":"primary","ref":"RN 51A"}},{"type":"Feature","geometry":{"type":"LineString","coordinates":[[-0.0887448,28.679367],[-0.0883339,28.6796019],[-0.0880683,28.6797843],[-0.0877692,28.680056],[-0.0875252,28.680329],[-0.087155,28.6808489]]},"properties":{"name":"طريق أولاد محمود - أولاد راشد","highway":"tertiary"}},{"type":"Feature","geometry":{"type":"LineString","coordinates":[[-0.0303012,28.647246],[-0.0284918,28.6492752],[-0.027259,28.6507768],[-0.0262091,28.651862],[-0.0234445,28.6549503],[-0.0228206,28.6557371],[-0.0222714,28.6565665],[-0.0171448,28.6645807],[-0.0165695,28.66561],[-0.0161996,28.6663213],[-0.0156398,28.6675436],[-0.0103612,28.6797958],[-0.0099921,28.6805337],[-0.0096789,28.6810081],[-0.0092454,28.6815164],[-0.0087261,28.6820133],[-0.0081511,28.6824011],[-0.0074902,28.6827776],[-0.0069237,28.6830223],[-0.0062113,28.6832633],[-0.0040226,28.6839711],[-0.0027266,28.6843212],[-0.0011215,28.6846827],[0.0002346,28.6849688],[0.0010028,28.6851721],[0.0016336,28.6853754],[0.0024276,28.6856615],[0.0045218,28.686407],[0.0053372,28.6867759],[0.0060325,28.6871599],[0.0073199,28.6878827],[0.0081997,28.6883194],[0.0092168,28.6887787],[0.0101266,28.6891251],[0.0121651,28.6898554],[0.0130749,28.6902281],[0.0137701,28.6905481],[0.0183792,28.6928445],[0.0211859,28.6944219],[0.0227952,28.6951597],[0.0246663,28.6959879],[0.0256963,28.6965187],[0.0264816,28.6969516],[0.0276189,28.6976706],[0.0284901,28.6982503],[0.0292454,28.6988526],[0.0299234,28.6994587],[0.0307903,28.7003395],[0.0314684,28.7011564],[0.034093,28.7043069],[0.034631,28.7049983],[0.0350083,28.7056275],[0.0352848,28.7062271],[0.0355351,28.7068661],[0.0357331,28.7075247],[0.0368838,28.7111258],[0.0381018,28.7143468],[0.0396783,28.7178461],[0.0417929,28.7219383],[0.0434405,28.7247493],[0.0441952,28.7258207],[0.0451067,28.7272655],[0.0459922,28.7287889],[0.0492201,28.7344728],[0.0507444,28.7374768],[0.0516261,28.7396093],[0.052306,28.7413324],[0.0537078,28.7454967],[0.054455,28.7489163],[0.0553486,28.751911],[0.0554571,28.7521206],[0.0556567,28.7523346],[0.0558736,28.7525247],[0.0569705,28.7533437],[0.0573008,28.7536527],[0.0575842,28.7539941],[0.057742,28.7543701],[0.0578578,28.7547937],[0.0579589,28.7552583],[0.0580057,28.7557164],[0.0580205,28.7560967],[0.0579909,28.7566066],[0.0579392,28.7570453],[0.0578554,28.7574105],[0.0567663,28.761485],[0.0567257,28.7616368],[0.0566154,28.7620494],[0.0564957,28.7626346],[0.0564674,28.7632278],[0.0564928,28.763615],[0.0565466,28.7639128],[0.0566486,28.7643323],[0.0566571,28.7645879],[0.0566457,28.7648758],[0.0565948,28.7652308],[0.0565013,28.765546],[0.0561049,28.7668515],[0.0559933,28.7671909],[0.055721,28.76783],[0.0554169,28.7685446],[0.0551845,28.7690909],[0.0549611,28.7696159],[0.0546133,28.7704373],[0.0545858,28.7705005]]},"properties":{"highway":"tertiary"}},{"type":"Feature","geometry":{"type":"LineString","coordinates":[[0.0469962,28.7681665],[0.0476485,28.7683182],[0.0484621,28.7685315],[0.0493308,28.7687592],[0.0494002,28.7687787]]},"properties":{"highway":"tertiary"}},{"type":"Feature","geometry":{"type":"LineString","coordinates":[[0.0493774,28.768848],[0.0493093,28.7688258],[0.0484424,28.7685937],[0.0476282,28.7683756],[0.0469962,28.7681665]]},"properties":{"highway":"tertiary"}},{"type":"Feature","geometry":{"type":"LineString","coordinates":[[0.0487362,28.7708178],[0.0487605,28.7706168],[0.0493093,28.7688258],[0.0493308,28.7687592]]},"properties":{"highway":"tertiary"}},{"type":"Feature","geometry":{"type":"LineString","coordinates":[[0.0494002,28.7687787],[0.0493774,28.768848],[0.0488273,28.7706396],[0.0487362,28.7708178]]},"properties":{"highway":"tertiary"}},{"type":"Feature","geometry":{"type":"LineString","coordinates":[[0.3389813,28.7057617],[0.3390224,28.7057559],[0.3390638,28.7057529],[0.3391054,28.7057526],[0.3391495,28.7057553],[0.3391932,28.705761],[0.3392853,28.7057716],[0.3398306,28.7058169],[0.3401343,28.7058477],[0.3411046,28.7059458],[0.3411893,28.7059558],[0.3413752,28.7060152]]},"properties":{"highway":"tertiary"}},{"type":"Feature","geometry":{"type":"LineString","coordinates":[[0.3390784,28.7021451],[0.3390948,28.7020867],[0.3391957,28.7017964],[0.3393111,28.7015211],[0.3394228,28.7013008],[0.3395095,28.7010803],[0.3397538,28.7003372],[0.3400108,28.6997894],[0.340453,28.6990758],[0.3405547,28.6989154],[0.3411003,28.6979151],[0.3413983,28.6972783],[0.3414532,28.6971626],[0.3415005,28.6970469],[0.3415496,28.6968632],[0.3415698,28.6967378],[0.3416727,28.6963774],[0.3418774,28.6956862],[0.34205,28.6952077],[0.3421883,28.6948526],[0.3422228,28.6947583],[0.3423472,28.6944183],[0.3424754,28.6940274],[0.3425477,28.6938015],[0.3425744,28.6937079],[0.3426832,28.6933371],[0.3428191,28.6928765],[0.3433011,28.6913309]]},"properties":{"highway":"tertiary"}},{"type":"Feature","geometry":{"type":"LineString","coordinates":[[0.3355457,28.7084374],[0.3362754,28.7086076],[0.3366679,28.7087111],[0.3369777,28.7087925],[0.3370628,28.7088148],[0.337147,28.7088394],[0.3372302,28.7088666],[0.3373111,28.7088982],[0.3373594,28.7089241],[0.3374064,28.7089519],[0.337452,28.7089814],[0.3374951,28.7090112],[0.3375555,28.709047],[0.3375987,28.7090694],[0.3376169,28.7090789],[0.3376797,28.7091085],[0.3377439,28.7091357]]},"properties":{"highway":"tertiary"}},{"type":"Feature","geometry":{"type":"LineString","coordinates":[[0.3378201,28.7091192],[0.3380289,28.7091852],[0.3383152,28.7092522],[0.3386331,28.7093266],[0.3389151,28.7093926],[0.3395343,28.7095407],[0.3398899,28.7096257],[0.3402039,28.7097008],[0.3402817,28.7097194],[0.3405613,28.7097862],[0.3415507,28.7099808],[0.342262,28.7101208],[0.3430802,28.7102817]]},"properties":{"highway":"tertiary"}},{"type":"Feature","geometry":{"type":"LineString","coordinates":[[0.3413752,28.7060152],[0.3411761,28.706022],[0.3410883,28.706015],[0.3398621,28.7059062],[0.3398168,28.7059027],[0.3391644,28.7058327],[0.3391225,28.7058253],[0.3390818,28.7058137],[0.3390463,28.7057996],[0.3390126,28.7057821],[0.3389813,28.7057617]]},"properties":{"highway":"tertiary"}},{"type":"Feature","geometry":{"type":"LineString","coordinates":[[0.2365095,29.2549185],[0.2365019,29.2548342],[0.2364677,29.2547824],[0.2364262,29.2547483],[0.2363588,29.2547242],[0.2362606,29.2547242]]},"properties":{"highway":"primary_link"}},{"type":"Feature","geometry":{"type":"LineString","coordinates":[[0.2367195,29.2545837],[0.2366751,29.2546667],[0.2366331,29.2547566]]},"properties":{"highway":"primary_link"}},{"type":"Feature","geometry":{"type":"LineString","coordinates":[[-0.256753,29.0179584],[-0.2567605,29.017976],[-0.2567729,29.0179914],[-0.2567892,29.0180035],[-0.2568086,29.0180117],[-0.2568297,29.0180154]]},"properties":{"highway":"primary_link"}},{"type":"Feature","geometry":{"type":"LineString","coordinates":[[-0.256884,29.0179588],[-0.2568779,29.0179422],[-0.2568665,29.0179277],[-0.2568509,29.0179168],[-0.2568324,29.0179102],[-0.2568124,29.0179085],[-0.2567928,29.0179119]]},"properties":{"highway":"primary_link"}},{"type":"Feature","geometry":{"type":"LineString","coordinates":[[0.3286423,28.7275005],[0.3298318,28.7274628]]},"properties":{"highway":"tertiary"}},{"type":"Feature","geometry":{"type":"LineString","coordinates":[[0.3342617,28.7602206],[0.334223,28.7600397],[0.3332736,28.7581237],[0.3301879,28.7517315],[0.3299862,28.751359],[0.3291623,28.7499819],[0.3289134,28.7495116],[0.3286301,28.7489096],[0.3267501,28.7446965],[0.3265387,28.7441861],[0.3251619,28.7407036],[0.3249245,28.7400734],[0.3247391,28.7395372],[0.3245212,28.7387815],[0.3242707,28.737869],[0.3235922,28.7352972]]},"properties":{"highway":"tertiary"}},{"type":"Feature","geometry":{"type":"LineString","coordinates":[[0.3386103,28.7019907],[0.3390948,28.7020867],[0.3404775,28.7023585],[0.3405449,28.7023717]]},"properties":{"highway":"tertiary"}},{"type":"Feature","geometry":{"type":"LineString","coordinates":[[0.3405188,28.7024357],[0.340454,28.70242],[0.3402837,28.7023787],[0.3390784,28.7021451],[0.3385872,28.7020499]]},"properties":{"highway":"tertiary"}},{"type":"Feature","geometry":{"type":"LineString","coordinates":[[0.1899212,29.1837098],[0.1899213,29.1836924],[0.18993,29.1836586],[0.1899494,29.1836284],[0.189978,29.1836044],[0.1900134,29.1835887],[0.1900524,29.1835825],[0.1900792,29.183584],[0.1901131,29.1835929],[0.1901432,29.1836092],[0.1901675,29.1836318],[0.1901843,29.183659],[0.1901925,29.1836891],[0.1901932,29.1837038],[0.1901843,29.1837437],[0.1901605,29.1837786],[0.1901246,29.1838045],[0.1900808,29.1838183],[0.190045,29.1838197],[0.1899989,29.1838088],[0.18996,29.1837846],[0.189933,29.1837502],[0.1899212,29.1837098]]},"properties":{"highway":"primary"}},{"type":"Feature","geometry":{"type":"LineString","coordinates":[[0.2530039,29.2796432],[0.2530481,29.2796923]]},"properties":{"highway":"tertiary_link"}},{"type":"Feature","geometry":{"type":"LineString","coordinates":[[0.3417364,28.7012909],[0.3416593,28.7012776],[0.3415809,28.7012755],[0.3415031,28.7012846],[0.341428,28.7013047]]},"properties":{"highway":"primary_link"}},{"type":"Feature","geometry":{"type":"LineString","coordinates":[[0.3418742,28.7009062],[0.341847,28.7009665],[0.3418281,28.7010292],[0.3418176,28.7010934],[0.3418156,28.7011582],[0.3418224,28.7012228]]},"properties":{"highway":"primary_link"}},{"type":"Feature","geometry":{"type":"LineString","coordinates":[[0.3398621,28.7038984],[0.3397622,28.7038645]]},"properties":{"highway":"primary_link"}},{"type":"Feature","geometry":{"type":"LineString","coordinates":[[0.3426013,28.6999289],[0.3426335,28.699875],[0.3426621,28.6998192],[0.3426873,28.6997621],[0.3427554,28.6995429],[0.3427704,28.6995009],[0.3427894,28.6994601],[0.3428232,28.6994044],[0.3428644,28.6993527]]},"properties":{"highway":"primary","ref":"RN 51"}},{"type":"Feature","geometry":{"type":"LineString","coordinates":[[0.3428644,28.6993527],[0.3428707,28.6994159],[0.3428691,28.6994794],[0.3428632,28.6995245],[0.3428532,28.699569],[0.3428017,28.6998012],[0.3427873,28.6998497],[0.3427722,28.6998994],[0.3427543,28.6999427],[0.3427339,28.6999842]]},"properties":{"highway":"primary","ref":"RN 51"}},{"type":"Feature","geometry":{"type":"LineString","coordinates":[[0.3426566,28.6999195],[0.3426839,28.6999265],[0.3427074,28.6999406],[0.3427246,28.6999605],[0.3427339,28.6999842],[0.3427351,28.7000019],[0.3427318,28.7000194],[0.342724,28.7000358],[0.3427045,28.7000571],[0.3426779,28.7000712],[0.3426483,28.7000765],[0.3426184,28.700073],[0.3425915,28.7000609],[0.3425707,28.7000417],[0.3425582,28.7000172],[0.3425558,28.6999904],[0.342563,28.6999659],[0.3425788,28.6999447],[0.3426013,28.6999289],[0.3426281,28.6999203],[0.3426566,28.6999195]]},"properties":{"highway":"primary","ref":"RN 51"}},{"type":"Feature","geometry":{"type":"LineString","coordinates":[[-0.1608382,28.4027186],[-0.1532703,28.4052837],[-0.1483811,28.4069168],[-0.147787,28.4070928],[-0.1467855,28.40725],[-0.1374039,28.4085676],[-0.1292824,28.409669],[-0.1179283,28.4112432],[-0.1171631,28.411393],[-0.1165815,28.4115873],[-0.1159998,28.4118488],[-0.1154538,28.4121838],[-0.1149718,28.4125796],[-0.1101508,28.4167151],[-0.0856747,28.4379873],[-0.0851766,28.4384058],[-0.0847907,28.4386943],[-0.0843657,28.4389498],[-0.0838059,28.4392429],[-0.0803324,28.4410268],[-0.0783854,28.4420385],[-0.0780531,28.442255],[-0.0777565,28.4424877],[-0.0774949,28.4427485],[-0.0772715,28.4430169],[-0.0770248,28.4433808],[-0.0768533,28.4437199],[-0.0767152,28.4440233],[-0.0762097,28.4451627],[-0.0756578,28.4460578],[-0.075103,28.4466213],[-0.0740404,28.4473948],[-0.0733097,28.4478161],[-0.0725538,28.4481127],[-0.0713338,28.4484134],[-0.0512968,28.4533514],[-0.0507459,28.4534872],[-0.0507287,28.4534914],[-0.0497383,28.4537355],[-0.049448,28.4538111],[-0.0490303,28.4539198],[-0.0482813,28.4540999],[-0.045955,28.4546591],[-0.0299197,28.4586099],[-0.0288103,28.4588792],[-0.0282678,28.4591014],[-0.0278521,28.4593113],[-0.0274789,28.4595579],[-0.0252154,28.461443],[-0.023963,28.4625049],[-0.0209526,28.4650033],[-0.0173995,28.4679674],[-0.0142346,28.4706364],[-0.0136846,28.471068],[-0.0131559,28.4713914],[-0.0124615,28.471681],[-0.0116294,28.4719238],[-0.0029005,28.4742107],[0.0018168,28.4754661],[0.0029612,28.4757765],[0.0040569,28.4761692],[0.0104399,28.4786396],[0.0189257,28.4819228],[0.0273774,28.4850992],[0.0564701,28.4963314],[0.0705628,28.5018004],[0.0725906,28.5022441],[0.0774611,28.5029734],[0.0897222,28.5049359],[0.0905983,28.5049799],[0.0914192,28.5048826],[0.1041426,28.5018178],[0.1313496,28.4952504],[0.1357479,28.4941737],[0.1364351,28.4940823],[0.1369348,28.4940687],[0.1375797,28.494118],[0.1380313,28.4942256],[0.1384656,28.4943696],[0.1491899,28.4987867],[0.1498619,28.4991939],[0.1503057,28.4995659],[0.150437,28.4996759],[0.1544663,28.5035558],[0.1547409,28.5038567],[0.1550974,28.5043089],[0.1565938,28.5061678],[0.1642643,28.5156383],[0.1684512,28.5208314],[0.1698116,28.5225057],[0.1707172,28.5234815],[0.1733524,28.5262019],[0.173883,28.526744],[0.1741713,28.5270842],[0.1743939,28.5273965],[0.1746861,28.527913],[0.1750276,28.5283939],[0.1753811,28.5287806],[0.1809135,28.5337186],[0.1837917,28.5363696],[0.1841282,28.5366741],[0.1844042,28.5369723],[0.1846075,28.5372432],[0.1847583,28.5375338],[0.1848643,28.5378598],[0.1849314,28.538231],[0.1849857,28.5390138],[0.1850157,28.5393813],[0.1850411,28.5396935],[0.1850477,28.5397744],[0.1850976,28.5400635],[0.1852236,28.5403694],[0.1853858,28.5406231],[0.1856172,28.540867],[0.1859199,28.5410974],[0.1863382,28.5413521],[0.1901192,28.5435695],[0.215404,28.5583417],[0.2355719,28.5710965],[0.2620707,28.5893238],[0.2820344,28.6031159],[0.2965236,28.6146359],[0.3071732,28.6233875],[0.3156705,28.6304075],[0.3172233,28.6317333],[0.3204924,28.6350564],[0.32862,28.6432623],[0.329483,28.6441336],[0.3352948,28.6499719],[0.3428022,28.6575132],[0.3461212,28.6608471],[0.3494128,28.6641981],[0.3524461,28.6671999],[0.354098,28.66888],[0.3544443,28.6693179],[0.3546113,28.6695722],[0.3547661,28.669855],[0.3548861,28.6701296],[0.355008,28.6704452],[0.355111,28.6708001],[0.3551795,28.6711526],[0.3552494,28.6717084],[0.3552092,28.6721096],[0.3551895,28.6723069],[0.3550243,28.6730212],[0.3547562,28.6737116],[0.3543772,28.6746874],[0.3532797,28.6775577],[0.3528196,28.6787629],[0.3524637,28.6797205],[0.3521253,28.6806309],[0.351576,28.6820615],[0.3506741,28.6845015],[0.3502002,28.6856805],[0.34976,28.6865391],[0.3483296,28.688835],[0.347642,28.6899549],[0.3473155,28.6904915],[0.3471008,28.6908838],[0.3469228,28.6911575],[0.346756,28.691417],[0.3465471,28.6917508],[0.346276,28.6921921],[0.3456349,28.6932486],[0.3454923,28.6935236],[0.3450191,28.6942994],[0.3447646,28.6947056],[0.3440444,28.6958928],[0.3437711,28.6964557],[0.3436344,28.6967853],[0.3435452,28.697044],[0.3434468,28.6973866],[0.3433046,28.6978306],[0.3431823,28.6982567],[0.3430285,28.6987272],[0.3429402,28.6990336],[0.3429075,28.6991529],[0.3428644,28.6993527]]},"properties":{"highway":"primary","ref":"RN 51"}},{"type":"Feature","geometry":{"type":"LineString","coordinates":[[0.3416995,28.7010811],[0.3416538,28.7011238],[0.341586,28.7011808],[0.341534,28.7012246],[0.341428,28.7013047],[0.3412766,28.7014083],[0.3412197,28.7014483],[0.3411649,28.7014904],[0.3410797,28.7015642],[0.3409222,28.7017022],[0.3408635,28.7017619],[0.3408097,28.7018251],[0.3407612,28.7018916],[0.3407083,28.7019786],[0.3406644,28.7020694],[0.3406298,28.7021633],[0.3405449,28.7023717],[0.3405188,28.7024357],[0.3404208,28.7026763],[0.3401943,28.7032343],[0.340161,28.7033163],[0.33995,28.703848],[0.3394442,28.7051264],[0.3391932,28.705761],[0.3391644,28.7058327],[0.3389682,28.7063229],[0.3389038,28.7064815],[0.3387067,28.7069697],[0.3385822,28.7072745],[0.3384461,28.7076052],[0.3382822,28.7080035],[0.3382266,28.7081388],[0.3379637,28.7087669],[0.3378201,28.7091192],[0.3376807,28.7094609],[0.3375205,28.7098468],[0.3374284,28.7100687],[0.3370927,28.7108755],[0.3370072,28.7110754],[0.3368429,28.7114468],[0.3365587,28.7120681],[0.3364163,28.7123801],[0.3361827,28.712892],[0.3360281,28.7132466],[0.3358702,28.7136],[0.3356315,28.7141187],[0.3354612,28.7145116],[0.335281,28.7149125],[0.3351211,28.7152544],[0.3349601,28.7156063],[0.3347518,28.7160618],[0.3343785,28.7169077],[0.3340958,28.7175527],[0.3338613,28.7180812],[0.3337027,28.7184276],[0.3335407,28.7187728],[0.3333247,28.7192643],[0.3331022,28.7197537],[0.3328688,28.72025],[0.3327763,28.7204664],[0.3327414,28.7205271],[0.3327028,28.720586],[0.3326606,28.720643],[0.3326149,28.7206978]]},"properties":{"highway":"primary","ref":"RN 51"}},{"type":"Feature","geometry":{"type":"LineString","coordinates":[[0.3326149,28.7206978],[0.3326264,28.72063],[0.3326431,28.7205631],[0.3326651,28.7204973],[0.3326921,28.720433],[0.3329614,28.7198807],[0.3333444,28.7190357],[0.3335041,28.7186818],[0.3336867,28.7182766],[0.3338136,28.7179951],[0.3339571,28.7176766],[0.3341027,28.7173555],[0.3343548,28.7167769],[0.3345345,28.7163876],[0.3346586,28.7161099],[0.3347799,28.7158312],[0.3350517,28.7152282],[0.3353942,28.7144683],[0.33558,28.7140579],[0.3358004,28.7135732],[0.3361144,28.7128825],[0.3365384,28.71195],[0.3366722,28.7116558],[0.3371698,28.7105307],[0.3372358,28.7103696],[0.3373575,28.7100726],[0.3377439,28.7091357],[0.33778,28.709041],[0.3380643,28.70832],[0.3382041,28.7079805],[0.3385047,28.7072508],[0.3386501,28.7068978],[0.3387114,28.7067491],[0.33876,28.7066416],[0.3388059,28.7065332],[0.3388412,28.706441],[0.338885,28.7063268],[0.3389684,28.7061092],[0.3390818,28.7058137],[0.3391054,28.7057526],[0.3394926,28.7048166],[0.3398621,28.7038984],[0.3400966,28.7033015],[0.3401291,28.7032215],[0.340454,28.70242],[0.3404775,28.7023585],[0.3405924,28.7020586],[0.3406258,28.7019724],[0.3406683,28.7018893],[0.3407192,28.70181],[0.3407784,28.7017351],[0.3408451,28.7016654],[0.3409169,28.7015984],[0.3410804,28.7014481],[0.3414552,28.7010897],[0.3415248,28.7010299],[0.3415971,28.7009726],[0.3416948,28.7009017],[0.3417966,28.7008352],[0.3418884,28.7007634],[0.3419768,28.7006883],[0.3420614,28.7006099],[0.3424432,28.7002212],[0.3424789,28.700179],[0.3425118,28.7001351],[0.3425418,28.7000897],[0.3425707,28.7000417]]},"properties":{"highway":"primary","ref":"RN 51"}},{"type":"Feature","geometry":{"type":"LineString","coordinates":[[0.3418742,28.7009062],[0.3417674,28.7010176],[0.3416995,28.7010811]]},"properties":{"highway":"primary","ref":"RN 51"}},{"type":"Feature","geometry":{"type":"LineString","coordinates":[[0.3426779,28.7000712],[0.3426423,28.7001236],[0.3426031,28.7001733],[0.3425608,28.700221],[0.3425155,28.7002665],[0.3421886,28.7005857],[0.342038,28.7007405],[0.3418742,28.7009062]]},"properties":{"highway":"primary","ref":"RN 51"}},{"type":"Feature","geometry":{"type":"LineString","coordinates":[[0.2743991,29.2518916],[0.2641973,29.2494738],[0.2602808,29.2485334],[0.2587118,29.2482788],[0.2580724,29.2482928],[0.2576265,29.2482812],[0.2573924,29.2482858],[0.2490746,29.2485357]]},"properties":{"highway":"primary","ref":"RN 51"}},{"type":"Feature","geometry":{"type":"LineString","coordinates":[[0.2460248,29.2485286],[0.2483464,29.2484347],[0.2490746,29.2485357]]},"properties":{"highway":"primary","ref":"RN 51"}},{"type":"Feature","geometry":{"type":"LineString","coordinates":[[0.2332692,29.254635],[0.2333788,29.2546513],[0.2334778,29.254668],[0.2337979,29.2546964],[0.2340379,29.2547338],[0.2342783,29.2547616],[0.2346002,29.2547783],[0.2347257,29.2547831],[0.2350673,29.2547781],[0.2353629,29.25476],[0.2356807,29.2547186],[0.2359414,29.2546759],[0.2362228,29.2546145],[0.2364888,29.2545394],[0.2365884,29.2545104],[0.2367725,29.2544452],[0.2369496,29.2543823],[0.2371788,29.254281],[0.2373929,29.2541792],[0.2377181,29.254008],[0.2379483,29.253848],[0.2384171,29.253522],[0.2406164,29.2518563],[0.2436752,29.2495297],[0.2445113,29.2490449],[0.2452349,29.2487481],[0.2460248,29.2485286]]},"properties":{"highway":"primary","ref":"RN 51"}},{"type":"Feature","geometry":{"type":"LineString","coordinates":[[0.9399782,21.5092183],[0.9408997,21.5110084],[0.94196,21.5128478],[0.9425825,21.5136524],[0.9433939,21.5145559],[0.9443202,21.5153729],[0.9488818,21.5190455],[0.9554712,21.5244517],[0.9584318,21.526805],[0.9678925,21.5341003],[0.9691073,21.5353755],[0.9696038,21.5359873],[0.9700628,21.5366154],[0.9760542,21.5465109],[0.9822448,21.5564759],[0.9863575,21.5635661],[0.9871092,21.5651661],[0.9876916,21.5665862],[0.9883088,21.5684983],[0.9888274,21.5706022],[0.9890967,21.5722238],[0.9892561,21.5738236],[0.9892905,21.5747258],[0.9892982,21.5757051],[0.9892545,21.5775727],[0.9891602,21.5786239],[0.9890425,21.5796441],[0.9886118,21.5825543],[0.9882192,21.5850001],[0.98756,21.5891857],[0.9868674,21.5932655],[0.9865613,21.5945078],[0.9862273,21.5957429],[0.9857104,21.5972109],[0.9791544,21.6146256],[0.9777367,21.6185831],[0.9773631,21.6197537],[0.9772038,21.6204443],[0.977067,21.6211336],[0.9769115,21.6221623],[0.9767817,21.6231761],[0.9767085,21.6243615],[0.976633,21.6260404],[0.9763755,21.631535],[0.9762219,21.6350154],[0.9762715,21.6357929],[0.9763484,21.6365882],[0.9765472,21.6376427],[0.9768549,21.6387604],[0.9772594,21.6399443],[0.9799101,21.6465598],[0.9805469,21.6483047],[0.9809858,21.6497931],[0.9812586,21.6514132],[0.981339,21.6526097],[0.9812986,21.6538972],[0.9811535,21.6551948],[0.9810441,21.6557872],[0.9808505,21.6566676],[0.9804915,21.6578665],[0.9795975,21.6598497],[0.9784861,21.6615987],[0.9775871,21.6629896],[0.976856,21.6645044],[0.9764511,21.6656613],[0.9761707,21.6667458],[0.9751553,21.6712766],[0.9743007,21.6749983],[0.9735666,21.6786036],[0.9734633,21.6800355],[0.9735026,21.6817936],[0.9736586,21.6839723],[0.9737622,21.6862749],[0.9730012,21.6991197],[0.972177,21.7133214],[0.9713327,21.7275353],[0.9709924,21.7331071],[0.9709929,21.7345621],[0.9711189,21.7355396],[0.9712609,21.7362197],[0.971561,21.7372232],[0.9721612,21.738641],[0.9728081,21.7399923],[0.9763492,21.7478134],[0.9799376,21.7556717],[0.9804054,21.7565236],[0.9809423,21.7573645],[0.9821225,21.7588651],[0.9825279,21.7593849],[0.982926,21.7600166],[0.9832461,21.7606242],[0.9833497,21.7608619],[0.9836622,21.7615791],[0.9840161,21.7625854],[0.9843615,21.7636282],[0.9848156,21.7649989],[0.9850065,21.7655891],[0.9860508,21.7685476],[0.9881546,21.7759306],[0.9893283,21.7799401],[0.9904346,21.7839198],[0.9911144,21.7864677],[0.9924656,21.7914401],[0.9937912,21.7964123],[0.9950286,21.7998524],[0.9974545,21.8066534],[0.9986669,21.8100451],[0.9999363,21.8134335],[1.0026598,21.8209689],[1.0030535,21.8221669],[1.0034156,21.8233901],[1.0037559,21.8246351],[1.0042001,21.8266285],[1.0050503,21.830971],[1.0086071,21.8489672],[1.0104992,21.8587393],[1.0123029,21.8681285],[1.0147766,21.8796887],[1.018226,21.8949646],[1.0199485,21.902547],[1.0217948,21.9101876],[1.0219858,21.9110656],[1.0220764,21.9120499],[1.0220537,21.913021],[1.0219394,21.9140585],[1.0214117,21.9196436],[1.0208632,21.925046],[1.0203862,21.9282304],[1.020245,21.9293205],[1.0201774,21.9310923],[1.0202285,21.9321836],[1.0207413,21.9393041],[1.0209311,21.9419613],[1.0210594,21.9429815],[1.0212032,21.9436665],[1.0213844,21.9442553],[1.0216804,21.9450929],[1.0218438,21.9454202],[1.0220339,21.9457503],[1.0224139,21.9463643],[1.0326527,21.9608648],[1.039032,21.9699173],[1.0409625,21.9726389],[1.0429445,21.9752686],[1.0443577,21.9771287],[1.0457921,21.9789402],[1.0487277,21.9825157],[1.0512383,21.9854281],[1.0546399,21.9892014],[1.056583,21.9912953],[1.0585769,21.9932891],[1.0625739,21.9972082],[1.0749688,22.0090233],[1.0774453,22.0113913],[1.0798925,22.0137073],[1.0828481,22.0164036],[1.0907313,22.0228687],[1.0951599,22.0268268],[1.0961455,22.0277664],[1.0971056,22.0287521],[1.1013404,22.0331367],[1.1022898,22.0340721],[1.1053301,22.0368787],[1.1061269,22.0376487],[1.1064545,22.038008],[1.1068726,22.0385288],[1.1074167,22.0392909],[1.1079052,22.0401523],[1.1080932,22.0405508],[1.1082834,22.0410076],[1.1084202,22.0413656],[1.1085641,22.0417217],[1.1086844,22.0420344],[1.1087957,22.0423476],[1.1093804,22.0439636],[1.1101904,22.0462011],[1.11184,22.050671],[1.1151945,22.0597182],[1.1158525,22.0615742],[1.116145,22.0627612],[1.1161916,22.0630063],[1.116216,22.0631751],[1.1163276,22.0641051],[1.1163593,22.0650851],[1.1163193,22.0681143],[1.1163486,22.0711299],[1.1162143,22.0734011],[1.116104,22.0747667],[1.116072,22.075642],[1.1161122,22.0765112],[1.1162843,22.0776436],[1.1165384,22.0785648],[1.1178117,22.0826169],[1.1182258,22.0839092],[1.1185986,22.0848432],[1.1191465,22.0858785],[1.1197015,22.0868739],[1.120123,22.0878184],[1.1208619,22.0897928],[1.1213752,22.0915251],[1.1222554,22.0952636],[1.1230471,22.0986487],[1.1231893,22.0999455],[1.123173,22.1011858],[1.1230418,22.1023039],[1.1227664,22.103339],[1.1224107,22.1043671],[1.1209197,22.1084558],[1.1202571,22.1100105],[1.1173075,22.1154374],[1.1166334,22.1167238],[1.1161486,22.1179433],[1.1158261,22.1190707],[1.1156779,22.1198944],[1.1155605,22.1207387],[1.1151918,22.1249199],[1.1150803,22.1264983],[1.1150408,22.1280499],[1.1149049,22.1412465],[1.1145201,22.1508184],[1.1144694,22.1529105],[1.1144552,22.1550918],[1.1145311,22.1577547],[1.1146269,22.1593657],[1.1149159,22.1637309],[1.1150979,22.1669012],[1.11512,22.1681514],[1.1150226,22.1692418],[1.1147664,22.1707935],[1.1147378,22.1715939],[1.1148094,22.1725146],[1.114915,22.1731031],[1.1150997,22.1737084],[1.1152885,22.1741916],[1.1156979,22.1753421],[1.1158545,22.1762402],[1.115909,22.1768863],[1.1158847,22.1774446],[1.1154032,22.1886156],[1.1153705,22.1906222],[1.1153968,22.1938077],[1.1150682,22.2022231],[1.1150397,22.2114371],[1.1157015,22.2307479],[1.1158361,22.2341634],[1.1159423,22.235611],[1.1160882,22.2371023],[1.1162018,22.2388765],[1.1162071,22.2398058],[1.1161767,22.2407319],[1.1158734,22.2464006],[1.1157726,22.2482931],[1.1157477,22.2503728],[1.1157478,22.2512977],[1.1157631,22.2522318],[1.115959,22.2559787],[1.1162955,22.2609611],[1.116325,22.2624434],[1.1162691,22.2645766],[1.1161685,22.2660073],[1.1158366,22.2709603],[1.115718,22.2743134],[1.1156232,22.2758638],[1.1151819,22.2805555],[1.1148273,22.2831045],[1.1138126,22.2930797],[1.1136264,22.2949691],[1.1135842,22.2957705],[1.113573,22.2966108],[1.113592,22.2980106],[1.1135967,22.298358],[1.1138519,22.3171696],[1.1138651,22.3181425],[1.1138822,22.3191577],[1.1138958,22.3199661],[1.1139081,22.320702],[1.1139184,22.3213136],[1.113916,22.3241404],[1.1131964,22.3355393],[1.1130493,22.3378687],[1.1119337,22.3554024],[1.1117995,22.3570461],[1.1115842,22.3586892],[1.1106274,22.364959],[1.1105813,22.3660062],[1.1108211,22.3789174],[1.1108441,22.3807053],[1.1108006,22.3824075],[1.1106239,22.3844868],[1.110029,22.390269],[1.1091202,22.39911],[1.1090567,22.4001746],[1.109076,22.4013336],[1.1091106,22.4018669],[1.1092336,22.4029655],[1.1095062,22.4047139],[1.1097991,22.4065929],[1.1112144,22.415684],[1.1113152,22.4168489],[1.1112572,22.4180022],[1.1110342,22.4192268],[1.1107939,22.4199805],[1.1103268,22.4210183],[1.107605,22.4261897],[1.1070282,22.4273094],[1.1067321,22.4281163],[1.1065014,22.429108],[1.1063916,22.4301945],[1.1055958,22.4451016],[1.1047618,22.4599231],[1.1038321,22.4664301],[1.1036586,22.468121],[1.103538,22.4698387],[1.1033152,22.4732612],[1.1029248,22.4793471],[1.1023539,22.4852196],[1.1020466,22.4881609],[1.1018164,22.4911249],[1.1015701,22.4970368],[1.1009123,22.513135],[1.1003551,22.5255277],[1.0998858,22.5382849],[1.0991944,22.5580227],[1.0988688,22.5707931],[1.0988691,22.5836035],[1.0994053,22.5967373],[1.1002723,22.6095537],[1.1012997,22.6199424]]},"properties":{"name":"La route de la Saoura","highway":"primary","ref":"RN 6"}},{"type":"Feature","geometry":{"type":"LineString","coordinates":[[1.0167602,20.7989407],[1.0177316,20.8094536],[1.0180237,20.8200587],[1.0214808,20.8295316],[1.0272654,20.8401639],[1.0329894,20.8541366],[1.0328269,20.8627049],[1.0340586,20.8653416],[1.0375896,20.8702801],[1.046352,20.881236],[1.0532744,20.8898906],[1.0628794,20.9030146],[1.1121164,20.9561816],[1.1167808,20.9606466],[1.1182989,20.9621614],[1.122054,20.9660888],[1.1234772,20.9677697],[1.1238457,20.9690943],[1.1238887,20.9706772],[1.1235453,20.9726607],[1.1220111,20.9753355],[1.1216892,20.9764475],[1.122017,20.9782472],[1.1212598,20.983595],[1.1212249,20.9874481],[1.1199658,20.9913011],[1.115839,20.9984844],[1.1134235,21.0052832],[1.1125948,21.0066727],[1.1120635,21.0082597],[1.1133944,21.0151817],[1.112822,21.0192584],[1.1100348,21.0234913],[1.1057755,21.0329208],[1.1055274,21.0413434],[1.1052762,21.0503121],[1.1062564,21.0537516],[1.106258,21.0539075],[1.1062973,21.0578393],[1.1063715,21.0613471],[1.1059017,21.0635972],[1.1007084,21.0716279],[1.0985322,21.079012],[1.0974441,21.0845038],[1.0970484,21.0916104],[1.0948722,21.0953944],[1.0925476,21.1003318],[1.0920371,21.1108438],[1.0920509,21.1135474],[1.0918067,21.1179811],[1.0894656,21.120883],[1.0845241,21.1267495],[1.0788764,21.136167],[1.0761512,21.1423293],[1.070312,21.1544591],[1.0673595,21.1601019],[1.0632979,21.1670811],[1.0609471,21.1696858],[1.0582541,21.1718629],[1.0566145,21.1729737],[1.052831,21.1761916],[1.0528462,21.1765554],[1.0528662,21.1767093],[1.0529905,21.176851],[1.0530915,21.1769731],[1.0531024,21.1770964],[1.0530225,21.1772988],[1.0527736,21.1785895],[1.0522732,21.1813181],[1.0517989,21.1820383],[1.0512839,21.1822184],[1.0504471,21.1826686],[1.049865,21.1832085],[1.0492909,21.1835064],[1.0488915,21.1839123],[1.0484648,21.1844443],[1.0483159,21.1845571],[1.0479225,21.1848549],[1.0476021,21.1850088],[1.0472957,21.1851955],[1.0471006,21.1852817],[1.0467188,21.1854917],[1.0466624,21.1855227],[1.0466237,21.1855298],[1.0463608,21.1855783]]},"properties":{"name":"Anefis - Tessalit - Algeria","highway":"primary","ref":"RN19"}},{"type":"Feature","geometry":{"type":"LineString","coordinates":[[1.037721,21.1879657],[1.0367276,21.1884357],[1.0363519,21.1884757],[1.0357137,21.1884482],[1.0355528,21.1884232],[1.0346972,21.1878855],[1.0345925,21.187768],[1.0343404,21.1870409],[1.0333691,21.1861685],[1.0317906,21.1844136],[1.0302888,21.1831559],[1.0292657,21.1822991],[1.0278729,21.181147],[1.0265697,21.1801586],[1.0262659,21.1799282],[1.0258035,21.1795605],[1.0248323,21.178788],[1.0241038,21.1782984],[1.0238252,21.1777323],[1.0234756,21.1773245],[1.0228557,21.1771719],[1.0223759,21.1771766],[1.021583,21.1772096],[1.0213557,21.1771107],[1.0209062,21.1766868],[1.020386,21.1761876],[1.0200931,21.1756225],[1.0195123,21.1752646],[1.0179023,21.1739056],[1.017238,21.1736525],[1.0165238,21.1734527],[1.0157381,21.1732195],[1.0148167,21.1723071],[1.0142382,21.1715545],[1.0138739,21.1710549],[1.0130954,21.1698427],[1.0123668,21.168504],[1.0115669,21.1675915],[1.0098527,21.1652736],[1.0089027,21.1645143],[1.0082813,21.164128],[1.00696,21.1629623],[1.0059193,21.1609246],[1.0043194,21.1589796],[1.0028052,21.1580204],[1.0010053,21.1571145],[0.999034,21.1564751],[0.9976455,21.1561282],[0.9961374,21.1551841],[0.9926818,21.1536144],[0.9895189,21.1514912],[0.9864779,21.1499594],[0.9855031,21.1494494],[0.9797653,21.1458302],[0.9782203,21.1449446],[0.9773084,21.1445343],[0.9756025,21.1435337],[0.9748783,21.1433836],[0.9740575,21.1430984],[0.9714397,21.1420127],[0.9697338,21.1410971],[0.9690203,21.1406167],[0.966719,21.1390056],[0.965174,21.1377848],[0.9649112,21.1375647],[0.9633019,21.1362387],[0.9624436,21.1354632],[0.9614527,21.1346048],[0.9602805,21.1335637],[0.9600201,21.1333631],[0.9584826,21.1321786],[0.9582677,21.1319695],[0.9570349,21.1310416],[0.9565352,21.1307149],[0.9559234,21.1302793],[0.9532901,21.1282481],[0.9514106,21.1269318],[0.9505274,21.1266861],[0.9494062,21.1259305],[0.9474268,21.1241541],[0.9459194,21.1230883],[0.9456136,21.1228481],[0.9451308,21.1218823],[0.9443613,21.1211981],[0.9431007,21.1195617],[0.9418829,21.1182056],[0.9408852,21.1169496],[0.9399303,21.1155584],[0.9392984,21.1147192],[0.9385838,21.1142022],[0.9373457,21.1134729],[0.9358748,21.1123106],[0.9336765,21.1110107],[0.9317292,21.1099148],[0.9297497,21.1088238],[0.927619,21.1075915],[0.9247007,21.1066306],[0.9229841,21.105985],[0.9221108,21.1055408],[0.9210862,21.104605],[0.91917,21.1033526],[0.9174008,21.1022828],[0.9151628,21.1009854],[0.9128687,21.0994346],[0.9123304,21.0989384],[0.9112693,21.0978236],[0.9097876,21.0971817],[0.9077556,21.0959318],[0.9056152,21.0948757],[0.9032978,21.0937096],[0.901211,21.0923582],[0.9007895,21.0921411],[0.8998699,21.0916675],[0.8985127,21.0912021],[0.8972735,21.0908868],[0.8952511,21.0896805],[0.8948447,21.0893116],[0.8928854,21.0875333],[0.8916623,21.0858015],[0.8906538,21.0845752],[0.8898062,21.0825331],[0.8893503,21.0811266],[0.8890499,21.079705],[0.889066,21.0785388],[0.8892913,21.0773124],[0.8890338,21.0757507],[0.8887334,21.0745293],[0.8887656,21.073393],[0.8886314,21.0727773],[0.8879984,21.071616],[0.8876068,21.0705148],[0.8874364,21.0701325],[0.8873142,21.06964],[0.8872596,21.0692454],[0.887123,21.0683118],[0.887217,21.066961],[0.8869839,21.0648517],[0.8868958,21.0645818],[0.8863602,21.0642424],[0.8860639,21.0635545],[0.8852505,21.06203],[0.8849129,21.0612462],[0.884695,21.0608487],[0.8846052,21.0590166],[0.883941,21.0575208],[0.8837617,21.0558316],[0.8835487,21.0554809],[0.8826177,21.0541891],[0.8824358,21.0535792],[0.8823733,21.052826],[0.8818182,21.0520329],[0.8813138,21.0515284],[0.8808356,21.0508845],[0.8806548,21.0492005],[0.8804704,21.0479715],[0.8805226,21.0468913],[0.8803888,21.0451514],[0.880474,21.0435494],[0.8800312,21.0407429],[0.8806736,21.0380569],[0.8815777,21.0273201],[0.8821806,21.0242725],[0.882518,21.0217734],[0.882699,21.020602],[0.8832852,21.0184269],[0.8838374,21.0140898],[0.8831898,21.0058221],[0.8809538,20.9998196],[0.8773476,20.9949232],[0.8741962,20.9915861],[0.8666533,20.9853873],[0.8569873,20.9683921],[0.851161,20.9483648],[0.8493789,20.9433033],[0.8478136,20.9377836],[0.8450885,20.9308694],[0.8427485,20.9261079],[0.8403452,20.9227708],[0.8381673,20.919594],[0.8360752,20.9158158],[0.8340152,20.9113059],[0.8318598,20.9072784],[0.8298954,20.9016362],[0.8274921,20.8908112],[0.8228551,20.8815892],[0.8067189,20.8511127],[0.7929131,20.8251105],[0.7898232,20.819575],[0.7832,20.8134507],[0.7741033,20.7984058],[0.7572804,20.7749746],[0.7372819,20.7505767],[0.7126485,20.7247298],[0.6835648,20.6969394],[0.6753475,20.6908113],[0.6508504,20.6725409],[0.6481452,20.6706849],[0.6277748,20.6567081],[0.6155836,20.6458733],[0.60016,20.6168631],[0.5811157,20.5858478],[0.5801931,20.5845019],[0.5780258,20.5809665],[0.5750647,20.5734332],[0.5743598,20.567993],[0.5745068,20.5640915],[0.5746173,20.5608609],[0.5737772,20.5564368],[0.572876,20.5519564],[0.571978,20.5484041],[0.5705586,20.5454063],[0.5700221,20.5432161],[0.5698322,20.540387],[0.5674472,20.5339127],[0.5657091,20.5307981],[0.5654763,20.5278883],[0.5642747,20.5258989],[0.5609917,20.5207142],[0.5585637,20.5170526],[0.5526629,20.5093756],[0.5480312,20.504958],[0.5438223,20.4996279],[0.5418729,20.496195],[0.5386328,20.4940042],[0.5361619,20.4856184],[0.5359291,20.4820645],[0.5356502,20.4772201],[0.5341234,20.4711854],[0.5311623,20.4655968],[0.5304542,20.4642096],[0.5304359,20.4632889],[0.5302825,20.4625813],[0.5293845,20.460213],[0.5288019,20.4572738],[0.5266776,20.4543787],[0.524578,20.452714],[0.5222359,20.4493927],[0.5197683,20.4453313],[0.5201974,20.4384549],[0.5190978,20.4305935],[0.5186849,20.4276413],[0.5101739,20.4141438],[0.4906045,20.3969286],[0.4733654,20.382435],[0.4606496,20.3742403],[0.4452859,20.3591129],[0.4371449,20.34534],[0.4345699,20.3350387],[0.4294072,20.3227366],[0.4233261,20.3057407],[0.4158588,20.2939072],[0.3925,20.2732287],[0.3803264,20.2594817],[0.3697549,20.2475428],[0.3622876,20.2364296],[0.3501855,20.2204028],[0.3446194,20.2079869],[0.3433742,20.2052351],[0.3360234,20.1889887],[0.3349634,20.181545],[0.3376671,20.176248],[0.340757,20.1699639],[0.3447782,20.161758],[0.3461643,20.1464366],[0.3475984,20.1381968],[0.3504559,20.1217774],[0.3497588,20.1144865],[0.3460656,20.1080883],[0.3385254,20.0839753],[0.3334485,20.0718952],[0.3343068,20.0571415],[0.3343068,20.0348874],[0.3317319,20.0122268],[0.3293109,19.9922908],[0.3284703,19.9853687],[0.3227325,19.9699494],[0.3168832,19.9523745],[0.2899774,19.8863654],[0.2868553,19.8657703],[0.2832075,19.856164],[0.2789911,19.8380113],[0.2772745,19.8298162],[0.2736696,19.8198847],[0.2685197,19.8118907],[0.2459463,19.7917825],[0.2234586,19.7740142],[0.2022091,19.7568538],[0.1797215,19.7340727],[0.1644436,19.7167827],[0.1529487,19.7112439],[0.1446231,19.7062341],[0.1369091,19.7011717],[0.1268133,19.695204],[0.120681,19.6897863],[0.1178547,19.686343],[0.1151403,19.6825568],[0.1146253,19.6774653],[0.1132198,19.6715129],[0.1123937,19.6632406],[0.1118036,19.6615716],[0.1088747,19.6579465],[0.1038643,19.6538121],[0.0974699,19.6451226],[0.092878,19.6380494],[0.088919,19.6280372],[0.0874277,19.6247307],[0.0870747,19.6230046],[0.0858613,19.6204863],[0.0838132,19.6160315],[0.0829978,19.6134241],[0.0814099,19.6081283],[0.0802727,19.6050963],[0.0779123,19.6021248],[0.0761839,19.5989593],[0.0738997,19.5943422],[0.0726648,19.5911563],[0.0694151,19.5866199],[0.0659915,19.5833327],[0.0619907,19.5788972],[0.0587603,19.5749022],[0.0570866,19.5740329],[0.0538583,19.5727309],[0.0496096,19.5704462],[0.0468727,19.5682101],[0.0449104,19.565978],[0.0428934,19.5638146],[0.0374217,19.5553831],[0.034482,19.5522287],[0.0330111,19.5498306],[0.031273,19.5479096],[0.0275941,19.543372],[0.0234742,19.5370425],[0.0193543,19.5320071],[0.0170154,19.5295192],[0.0152977,19.5284559],[0.0119182,19.5252808],[0.0100513,19.5237742],[0.0083144,19.5216016],[0.00326,19.5179799],[0.0002248,19.5162522],[-0.0054932,19.5127764],[-0.0116515,19.5101643],[-0.0146556,19.5086706],[-0.0170844,19.5074405],[-0.022481,19.5049347],[-0.0282374,19.5022029],[-0.035313,19.499226],[-0.0367121,19.4979448],[-0.04001,19.4941011],[-0.0436877,19.4892588],[-0.0458264,19.4866397],[-0.0487046,19.4855845],[-0.0521424,19.4851699],[-0.0589381,19.4837944],[-0.0630955,19.4839828],[-0.0651942,19.4839263],[-0.0677126,19.4832103],[-0.0691717,19.4818724],[-0.07187,19.4800258],[-0.0770468,19.4788198],[-0.0800249,19.4777646],[-0.0870005,19.4762382],[-0.0904983,19.4735813],[-0.0953353,19.470227],[-0.0991129,19.4676453],[-0.1011916,19.4665711],[-0.1039299,19.4634428],[-0.1074077,19.4573557],[-0.110126,19.4539822],[-0.1135838,19.4507406],[-0.114783,19.448969],[-0.1171615,19.4443138],[-0.1200997,19.4386217],[-0.1229379,19.4347767],[-0.127615,19.426502],[-0.1300135,19.4210355],[-0.1353979,19.4141885],[-0.177079,19.3710221],[-0.1788708,19.3685423],[-0.189621,19.3548978],[-0.1917668,19.351861],[-0.1947065,19.3466376],[-0.1970025,19.3433173],[-0.2024313,19.3333355],[-0.2032034,19.3316327],[-0.2042766,19.3292656],[-0.2055856,19.3266941],[-0.2116152,19.3173391],[-0.2174731,19.3136131],[-0.2212428,19.3110464],[-0.2232321,19.3098086],[-0.2259696,19.3078765],[-0.2283104,19.3054951],[-0.2294927,19.3041472],[-0.2312304,19.302627],[-0.2330475,19.3006799],[-0.2351899,19.2982834],[-0.237126,19.2959843],[-0.2394509,19.2940745],[-0.2403714,19.292337],[-0.2431406,19.289214],[-0.2445768,19.2875064],[-0.2462511,19.285956],[-0.2465923,19.2848626],[-0.2469017,19.282039],[-0.2474731,19.2790655],[-0.2487664,19.2763092],[-0.2512024,19.2713133],[-0.2518452,19.2687516],[-0.2526783,19.2659053],[-0.2530195,19.2627442],[-0.2535194,19.2590663],[-0.2540748,19.2566393],[-0.2544557,19.2555681],[-0.2565188,19.2524893],[-0.2585977,19.2498299],[-0.2601529,19.2478447],[-0.2623822,19.2456035],[-0.2635725,19.2439629],[-0.2645564,19.2420675],[-0.2654054,19.2402995],[-0.2666353,19.2385165],[-0.2674288,19.2373103],[-0.2676827,19.2365611],[-0.2683413,19.2353025],[-0.2690951,19.2342761],[-0.2694919,19.2330924],[-0.2702139,19.2315266],[-0.2711503,19.2300281],[-0.2713962,19.228687],[-0.2718644,19.2269339],[-0.2723563,19.2250833],[-0.272888,19.2227831],[-0.2731895,19.22085],[-0.2734117,19.2195014],[-0.2737053,19.2182201],[-0.2736842,19.2174128],[-0.2730446,19.2159717],[-0.2727528,19.2145941],[-0.2730446,19.2134921],[-0.2737179,19.2122629],[-0.273471,19.210737],[-0.2740321,19.2083209],[-0.274941,19.2030648],[-0.2755694,19.2007334],[-0.2761193,19.1986881],[-0.2768262,19.1980946],[-0.278386,19.1969925],[-0.2793174,19.1958056],[-0.2797887,19.1942159],[-0.280563,19.1911637],[-0.2810343,19.1890971],[-0.2816291,19.1870517],[-0.2826049,19.182858],[-0.2828668,19.1819212],[-0.2826129,19.1799127],[-0.2836126,19.178204],[-0.2849457,19.1767201],[-0.2855884,19.1755884],[-0.2869056,19.174142],[-0.2883974,19.1739846],[-0.2899526,19.173325],[-0.2906747,19.1726055],[-0.2911904,19.1714663],[-0.2920553,19.1707768],[-0.2935788,19.1702222],[-0.2949753,19.1697051],[-0.2956181,19.1696001],[-0.2967924,19.1704246],[-0.2973717,19.1704096],[-0.2990459,19.1692853],[-0.3008075,19.1682286],[-0.3008868,19.1670294],[-0.3014423,19.1662724],[-0.3025293,19.1648558],[-0.3045607,19.1629895],[-0.3065126,19.1614005],[-0.3085809,19.1594536],[-0.3092754,19.1588868],[-0.3104339,19.1573952],[-0.3107463,19.1571287],[-0.3121041,19.1559704],[-0.3136247,19.1545871],[-0.3142082,19.1527002],[-0.3152014,19.1500586],[-0.3159644,19.1496049],[-0.3169406,19.1480519],[-0.3175578,19.1460907],[-0.3179335,19.1437535],[-0.3184612,19.1423405],[-0.3192388,19.141336],[-0.3207464,19.1400429],[-0.3219644,19.1372805],[-0.3224604,19.1358974],[-0.3228571,19.1347655],[-0.3234562,19.1338172],[-0.3241664,19.1323741],[-0.3241346,19.1306236],[-0.3239958,19.1287307],[-0.3238212,19.1272539],[-0.3237934,19.1252522],[-0.3242021,19.1235092],[-0.3244004,19.1225458],[-0.3245829,19.1217586],[-0.3250709,19.1206715],[-0.3255629,19.1192808],[-0.3260192,19.1178151],[-0.3265706,19.1151236],[-0.3270547,19.1130318],[-0.327372,19.1109438],[-0.3276537,19.1091144],[-0.3286456,19.1073862],[-0.3301492,19.106164],[-0.3316212,19.1042259],[-0.3331677,19.1022662],[-0.3333199,19.1018963],[-0.3335475,19.1013433],[-0.334008,19.1004394],[-0.3347396,19.0976876],[-0.3363107,19.0957906],[-0.3381674,19.0942084],[-0.3392664,19.09269],[-0.3400242,19.0914116],[-0.3406232,19.0904705],[-0.341147,19.0896419],[-0.3418095,19.0889033],[-0.342964,19.0884609],[-0.3443566,19.0873324],[-0.3452532,19.0863463],[-0.3460388,19.0850153],[-0.3467609,19.0835268],[-0.3474671,19.0828969],[-0.3480066,19.0824507],[-0.3483597,19.0816596],[-0.3487882,19.080606],[-0.3489707,19.0798336],[-0.3496888,19.07878],[-0.3507402,19.0777676],[-0.3520851,19.0762228],[-0.3528151,19.0753417],[-0.3538348,19.0735831],[-0.3545489,19.0726045],[-0.355271,19.0717945],[-0.3556003,19.0710933],[-0.3562985,19.0696347],[-0.356489,19.0691923],[-0.3563779,19.068686],[-0.356362,19.0679211],[-0.3567627,19.0671861],[-0.3568183,19.0664099],[-0.3563819,19.0656412],[-0.3560843,19.06452],[-0.3561518,19.0634213],[-0.3558304,19.0620226],[-0.3553384,19.0607552],[-0.3549219,19.059379],[-0.3545291,19.0580327],[-0.3542276,19.0568027],[-0.3537396,19.055359],[-0.3533428,19.0533152],[-0.352954,19.0517664],[-0.3515837,19.0505135],[-0.3515304,19.0494978],[-0.3515865,19.0488588],[-0.3519512,19.0481295],[-0.352041,19.047281],[-0.3518867,19.0464881],[-0.3516538,19.0450137],[-0.3517155,19.0439794],[-0.3516258,19.0427861],[-0.3515444,19.0409483],[-0.3515865,19.0392405],[-0.3516145,19.0379172],[-0.3515921,19.0366761],[-0.3514939,19.0360157],[-0.351362,19.035305],[-0.3510198,19.0338809],[-0.3509945,19.0322923],[-0.3509468,19.0307833],[-0.3508599,19.0293194],[-0.3508601,19.0278557],[-0.3508522,19.0272744],[-0.3507966,19.0258529],[-0.3508919,19.0246077],[-0.3509752,19.0229986],[-0.3510704,19.0215133],[-0.3509831,19.0200992],[-0.3504912,19.0188427],[-0.3503126,19.0175449],[-0.3500706,19.0158195],[-0.3496778,19.0135089],[-0.3493604,19.0119222],[-0.3491541,19.0108157],[-0.3488685,19.0092477],[-0.3486066,19.0079986],[-0.3483845,19.006547],[-0.348444,19.0053578],[-0.3482773,19.0040487],[-0.3480591,19.0023644],[-0.3479877,19.0010064],[-0.3478846,18.9996785],[-0.3475751,18.9978216],[-0.3473093,18.9971239],[-0.3472141,18.9965199],[-0.3474759,18.996066],[-0.3475751,18.995537],[-0.3477378,18.9942691],[-0.347829,18.9932974],[-0.3475473,18.9916993],[-0.3473609,18.9903038],[-0.3470157,18.9891146],[-0.3470673,18.9877678],[-0.3474561,18.9864134],[-0.348071,18.9848753],[-0.3485233,18.9834234],[-0.348932,18.9816601],[-0.3492216,18.9809961],[-0.3495905,18.979683],[-0.349904,18.9779872],[-0.3501539,18.9767378],[-0.350142,18.9749407],[-0.3501619,18.9734362],[-0.3501539,18.9720705],[-0.350027,18.9709525],[-0.3502452,18.9691365],[-0.3505784,18.9678984],[-0.3505467,18.966754],[-0.3506249,18.9652274],[-0.3507036,18.9638596],[-0.3506692,18.9626649],[-0.3501418,18.9565519],[-0.351062,18.9520519],[-0.352633,18.9481674],[-0.3539347,18.9443784],[-0.3558424,18.9404937],[-0.3561056,18.9319745],[-0.3571927,18.9277187],[-0.3588114,18.923035],[-0.3598985,18.9203704],[-0.36166,18.9171878],[-0.3631121,18.9141327],[-0.36458,18.9120534],[-0.3651831,18.9094561],[-0.3653435,18.906527],[-0.3652594,18.9049239],[-0.3657587,18.9028166],[-0.366202,18.9009215],[-0.3664264,18.8982302],[-0.3665386,18.8963935],[-0.3677674,18.8938083],[-0.3687549,18.8904427],[-0.3697199,18.885787],[-0.3703961,18.8831133],[-0.3708682,18.8814879],[-0.3712253,18.8802603],[-0.3715744,18.8791341],[-0.3720902,18.8773435],[-0.3726337,18.8758381],[-0.3725782,18.8746593],[-0.3725306,18.8726434],[-0.3723322,18.8714833],[-0.3718878,18.8690243],[-0.3718125,18.8669895],[-0.3716617,18.8652888],[-0.3715347,18.863941],[-0.3715466,18.861272],[-0.3711182,18.8584787],[-0.3713721,18.8573373],[-0.3715625,18.8553174],[-0.3719751,18.8536128],[-0.3731098,18.8520209],[-0.3744111,18.8498132],[-0.3751253,18.8480109],[-0.375641,18.8460359],[-0.3766646,18.8432199],[-0.3768075,18.8422061],[-0.3767678,18.8403061],[-0.376863,18.8379105],[-0.3764107,18.8368591],[-0.3761251,18.8349441],[-0.3762917,18.8339378],[-0.3763948,18.8323081],[-0.3765218,18.8306784],[-0.376744,18.8288609],[-0.3773629,18.8275166],[-0.3772359,18.8263149],[-0.3770315,18.825142],[-0.3770539,18.8233842],[-0.3772334,18.8221149],[-0.3775084,18.8202189],[-0.3774635,18.818392],[-0.3775252,18.8164801],[-0.3777609,18.8155879],[-0.3778394,18.8144619],[-0.377716,18.8128102],[-0.3779011,18.811185],[-0.3779558,18.8092274],[-0.3778088,18.807646],[-0.3779596,18.8059109],[-0.377912,18.8040556],[-0.3784516,18.8024857],[-0.3799433,18.7999168],[-0.380713,18.7986248],[-0.3816176,18.7964164],[-0.3819667,18.7938624],[-0.3823793,18.7906924],[-0.3822127,18.7895957],[-0.3819112,18.7871242],[-0.3821254,18.7862829],[-0.3823158,18.7852387],[-0.3816255,18.7841043],[-0.3811891,18.7821662],[-0.3811415,18.7806562],[-0.38084,18.7789959],[-0.3804273,18.7763215],[-0.3804432,18.7753148],[-0.3803956,18.7734216],[-0.3805384,18.7716336],[-0.380951,18.7693346],[-0.3808082,18.7661942],[-0.3806654,18.7646841],[-0.381078,18.7621071],[-0.3815858,18.7595901],[-0.3820619,18.7565848],[-0.3830776,18.7518362],[-0.3845852,18.746306],[-0.3859341,18.7420381],[-0.387432,18.7372704],[-0.388654,18.7331187],[-0.3893364,18.7297371],[-0.3898442,18.7258295],[-0.3907805,18.7226281],[-0.3914581,18.7213946],[-0.3919286,18.7191038],[-0.3917603,18.7168506],[-0.3924672,18.7147462],[-0.3931742,18.7124612],[-0.3940719,18.7100591],[-0.394959,18.7075215],[-0.3973871,18.703899],[-0.3973871,18.7018096],[-0.3986249,18.7000208],[-0.4013862,18.6967287],[-0.4049252,18.6933164],[-0.4065439,18.6907759],[-0.4094163,18.6884608],[-0.4112572,18.6861307],[-0.4132409,18.6851084],[-0.4151612,18.6831691],[-0.4171449,18.6800271],[-0.4173512,18.6788244],[-0.417621,18.6779524],[-0.4189064,18.6756071],[-0.421509,18.6731265],[-0.4243338,18.6707661],[-0.4276665,18.667248],[-0.4304754,18.6626923],[-0.43203,18.6608367],[-0.4361403,18.6575439],[-0.4401394,18.6553186],[-0.4426151,18.6532436],[-0.443123,18.6497402],[-0.4446922,18.6463128],[-0.4456348,18.6450794],[-0.44611,18.6449075],[-0.446582,18.6445416],[-0.4468398,18.6441052],[-0.4471778,18.6435868],[-0.4474242,18.6430935],[-0.4488512,18.6412433],[-0.4521342,18.6383358],[-0.4545589,18.6371763],[-0.4571124,18.63557],[-0.4613289,18.6347236],[-0.4631636,18.6338942],[-0.4648076,18.6330648],[-0.4664403,18.6314591],[-0.4682919,18.6299279],[-0.4734202,18.6234229],[-0.474174,18.6226484],[-0.4747057,18.6216408],[-0.4752809,18.6212949],[-0.477465,18.6193951],[-0.4788933,18.6186129],[-0.4812751,18.6160711],[-0.4845367,18.6112719],[-0.486661,18.6075505],[-0.4898378,18.6036266],[-0.4973909,18.5950037],[-0.5141822,18.5767947],[-0.5169165,18.5725912],[-0.5197568,18.5676602],[-0.5226134,18.5636838],[-0.5240746,18.5623897],[-0.5241822,18.5619086],[-0.5240171,18.5609553],[-0.5244373,18.5594757],[-0.5249926,18.5582237],[-0.5269586,18.5565022],[-0.5290746,18.5541547],[-0.5304703,18.5523478],[-0.5313408,18.551608],[-0.533727,18.5506547],[-0.5363833,18.5491608],[-0.5383944,18.547738],[-0.5394716,18.5470025],[-0.5400906,18.5466333],[-0.5431162,18.5443141],[-0.5480879,18.5414406],[-0.5505716,18.538984],[-0.55305,18.5364207],[-0.5554962,18.5332418],[-0.5562418,18.5318889],[-0.5572063,18.5305644],[-0.5582105,18.5292847],[-0.5593371,18.5275807],[-0.5602801,18.5261037],[-0.560881,18.5248982],[-0.5612243,18.5243285],[-0.5617403,18.5233183],[-0.5621362,18.5226448],[-0.5626362,18.5220568],[-0.5631769,18.5212054],[-0.564267,18.5206987],[-0.5650663,18.5200222],[-0.5652916,18.5193915],[-0.5654042,18.5187709],[-0.5656177,18.5181381],[-0.5659181,18.5172785],[-0.5664224,18.5162357],[-0.5670179,18.5153353],[-0.5675758,18.5148216],[-0.5687731,18.512911],[-0.5696689,18.5116901],[-0.5703878,18.5109119],[-0.5711324,18.5099128],[-0.5716098,18.508753],[-0.5725217,18.507176],[-0.5728715,18.5058096],[-0.5732728,18.5046681],[-0.5739433,18.5037931],[-0.5744862,18.5030067],[-0.5750323,18.5024298],[-0.5752791,18.5018142],[-0.5753971,18.5011427],[-0.5759979,18.4991638],[-0.5760741,18.4980975],[-0.5766631,18.4967677],[-0.5772811,18.4949027],[-0.5778229,18.4936868],[-0.5786908,18.4920263],[-0.5796296,18.4898743],[-0.5808795,18.4869896],[-0.5818837,18.4847938],[-0.5825918,18.4834507],[-0.5833203,18.4820902],[-0.5842645,18.48092],[-0.5855734,18.4790528],[-0.5863083,18.4777961],[-0.5870336,18.4768722],[-0.5878865,18.4750303],[-0.5886804,18.4739212],[-0.5896943,18.4730715],[-0.590514,18.4726217],[-0.5910891,18.4719216],[-0.5923379,18.4701438],[-0.5930245,18.4692178],[-0.5937713,18.4674949],[-0.5941725,18.4662463],[-0.5948173,18.4652561],[-0.5962282,18.463979],[-0.5976326,18.4629084],[-0.5994565,18.4605525],[-0.6009961,18.4584306],[-0.6020057,18.4569061],[-0.6034648,18.4548249],[-0.604484,18.4533238],[-0.6058519,18.4514461],[-0.6079752,18.4490931],[-0.60893,18.4480906],[-0.6097626,18.4471716],[-0.610519,18.4453956],[-0.6105726,18.4442557],[-0.6111252,18.4432023],[-0.6116659,18.4418568],[-0.6121863,18.4406405],[-0.6124287,18.4396604],[-0.6121498,18.4379963],[-0.6121122,18.4362253],[-0.6121433,18.4347169],[-0.6118376,18.4329],[-0.6113923,18.4319941],[-0.6108398,18.4309916],[-0.6102068,18.4298058],[-0.6102722,18.4289426],[-0.6103463,18.4272815],[-0.6108451,18.4260651],[-0.6109632,18.4257496],[-0.611506,18.4249576],[-0.6119502,18.4236171],[-0.6122732,18.4225809],[-0.6124276,18.4215304],[-0.6129222,18.4210744],[-0.6134641,18.4205501],[-0.6140922,18.4197816],[-0.614162,18.4192268],[-0.6148486,18.4159084],[-0.6154387,18.4140557],[-0.616179,18.4122845],[-0.6165658,18.4098108],[-0.6167621,18.4092642],[-0.6181751,18.4057389],[-0.6206642,18.4010967],[-0.6251274,18.3907125],[-0.6257711,18.3841967],[-0.6258172,18.3820616],[-0.6265221,18.3780063],[-0.6258784,18.3762755],[-0.6263934,18.373506],[-0.6290327,18.3613687],[-0.6304274,18.3571938],[-0.629508,18.3537347],[-0.6309885,18.350863],[-0.6331096,18.3466441],[-0.6347404,18.3426317],[-0.6374044,18.3371762],[-0.6377659,18.3347493],[-0.63837,18.3309435],[-0.6401907,18.3259907],[-0.6407486,18.3232205],[-0.6428085,18.3172113],[-0.6448255,18.3102444],[-0.6465883,18.3057658],[-0.647747,18.3034637],[-0.649911,18.299264],[-0.6522745,18.2954777],[-0.6532155,18.2912167],[-0.6542057,18.2889175],[-0.6558151,18.2855558],[-0.6573504,18.2835408],[-0.6582409,18.2827869],[-0.6589919,18.2822215],[-0.6597375,18.2815339],[-0.6602257,18.2809125],[-0.6607943,18.2799752],[-0.6610518,18.279364],[-0.6633875,18.2759369],[-0.6682391,18.2712525],[-0.6787512,18.263752],[-0.6831714,18.2598804],[-0.6901237,18.2489987],[-0.6932158,18.2418273],[-0.6972477,18.23832],[-0.7002518,18.2346109],[-0.7028696,18.2315131],[-0.7040712,18.2250727],[-0.705187,18.2241352],[-0.7094775,18.2196502],[-0.7122241,18.2140655],[-0.7160006,18.2082767],[-0.7173557,18.2037139],[-0.7185144,18.1998613],[-0.7185573,18.197721],[-0.7195197,18.1909705],[-0.720893,18.1826939],[-0.7217974,18.1795371],[-0.7225055,18.176581],[-0.7236181,18.174947],[-0.7230419,18.173156],[-0.7232994,18.1711988],[-0.7229744,18.1686269],[-0.7235569,18.1661426],[-0.7243723,18.1634513],[-0.726472,18.160655],[-0.7258958,18.1570288],[-0.7263861,18.1542324],[-0.7266865,18.1489515],[-0.7270942,18.142977],[-0.7272015,18.1390824],[-0.7299481,18.1296001],[-0.7309813,18.1251984],[-0.7312785,18.1172215],[-0.7325906,18.1047839],[-0.7332987,18.1007252],[-0.7328234,18.0985194],[-0.7341141,18.0946063],[-0.7329951,18.0921557],[-0.7325659,18.0876071],[-0.7324372,18.0846087],[-0.7339821,18.0802844],[-0.7357234,18.0756774],[-0.7368789,18.0704318],[-0.7383842,18.0664161],[-0.7377372,18.0626595],[-0.7378692,18.0609285],[-0.7398186,18.0575797],[-0.7414065,18.0552948],[-0.7432336,18.0525029],[-0.7438098,18.0483175],[-0.7435737,18.0440331],[-0.7436842,18.0401801],[-0.7429729,18.0342805],[-0.7419429,18.0303426],[-0.7410203,18.0268127],[-0.7395214,18.0194088],[-0.7378692,18.0116955],[-0.7392425,18.0034512],[-0.740487,17.9976759],[-0.7416672,17.9950229],[-0.740487,17.9929208],[-0.7395826,17.9911014],[-0.7386846,17.9861043],[-0.7387243,17.9847339],[-0.7394571,17.9815327],[-0.740766,17.9773486],[-0.7423292,17.9751413],[-0.742783,17.970552],[-0.7427616,17.9659799],[-0.7416028,17.963755],[-0.7406372,17.9623466],[-0.740634,17.9584652],[-0.7412348,17.9547093]]},"properties":{"highway":"tertiary"}},{"type":"Feature","geometry":{"type":"LineString","coordinates":[[0.8646932,20.6175901],[0.8720726,20.6343461],[0.8758859,20.6436628],[0.8782537,20.6494475],[0.8796616,20.6524077],[0.8954297,20.6855569],[0.9006714,20.701703],[0.907,20.7158742],[0.9181867,20.7305224],[0.9443278,20.7582781],[0.9580626,20.7746534],[0.9595418,20.7763887],[0.9733495,20.7953338],[0.9783667,20.8026023],[0.9868375,20.8148741],[1.0003895,20.8302893],[1.0112566,20.841342],[1.0218041,20.852334],[1.0294751,20.8662522],[1.0354799,20.8723494],[1.0397989,20.8767348],[1.046352,20.881236]]},"properties":{"highway":"tertiary"}},{"type":"Feature","geometry":{"type":"LineString","coordinates":[[0.9247445,21.3668819],[0.9249695,21.3690468]]},"properties":{"highway":"tertiary"}},{"type":"Feature","geometry":{"type":"LineString","coordinates":[[0.9380735,21.3330396],[0.9380922,21.332983],[0.938106,21.3329583],[0.9381248,21.3329367],[0.9381477,21.3329189],[0.9381755,21.3329051],[0.9382058,21.3328969],[0.9382373,21.3328948],[0.9383033,21.3328967],[0.9383406,21.3328886],[0.9383671,21.3328791],[0.938393,21.3328676],[0.9384461,21.3328397],[0.9398031,21.3318916],[0.9402336,21.3316055],[0.9404482,21.3314694],[0.9406681,21.3313407],[0.9409229,21.3312058],[0.9411201,21.3311046],[0.9413213,21.3310146],[0.9419299,21.3307305],[0.9426476,21.3304125],[0.9430412,21.3302532],[0.9431599,21.3302167],[0.9432805,21.3301861],[0.9433322,21.3301753],[0.9434026,21.3301614],[0.9435262,21.3301428],[0.9436505,21.3301303],[0.9437755,21.3301239],[0.9440135,21.3301271],[0.9442529,21.3301383],[0.9444268,21.3301509],[0.9445882,21.3301627],[0.9453244,21.3302114],[0.9457406,21.3302478],[0.9458111,21.3302548],[0.9463643,21.3303028],[0.9465234,21.3303264],[0.9468774,21.3303545],[0.9469079,21.3303575],[0.9471376,21.330385],[0.947285,21.3304062]]},"properties":{"name":"La route de la Saoura; طريق الساورة","highway":"primary","maxspeed":"50","ref":"RN 6"}},{"type":"Feature","geometry":{"type":"LineString","coordinates":[[0.9381993,21.3331785],[0.9381586,21.3331829],[0.9381314,21.3331866],[0.938106,21.333193],[0.9380821,21.3332038],[0.9380593,21.3332188],[0.9377658,21.3334352],[0.9375474,21.333598],[0.9375065,21.3336297],[0.9374629,21.333658],[0.9374189,21.3336816],[0.9372854,21.3337609],[0.937192,21.3338185],[0.9364902,21.3342998],[0.9339231,21.3360846],[0.9321602,21.3373106],[0.9320287,21.3374034],[0.9319012,21.3375009],[0.931778,21.3376029],[0.9316465,21.3377212],[0.9315208,21.3378447],[0.9314009,21.3379732],[0.9312871,21.3381064],[0.9309949,21.338484]]},"properties":{"name":"La route de la Saoura; طريق الساورة","highway":"primary","ref":"RN 6"}},{"type":"Feature","geometry":{"type":"LineString","coordinates":[[0.923109,21.3555517],[0.9223676,21.3561987],[0.9216686,21.356814],[0.9210654,21.3573081],[0.9193529,21.358614],[0.9184929,21.359267],[0.9169724,21.3605425],[0.9136089,21.3633679],[0.9118434,21.3648424],[0.9106477,21.3659692],[0.9100415,21.3668592],[0.9095284,21.3680299],[0.9092567,21.3687604],[0.9091028,21.3691742],[0.9084352,21.3712344],[0.9080811,21.3725777],[0.9077656,21.3739959],[0.9077121,21.3742992],[0.9076623,21.3746374],[0.9076549,21.3750217],[0.9077135,21.3754061],[0.9078175,21.3757853],[0.9079568,21.3761413],[0.9081386,21.376446],[0.90835,21.3767443],[0.9086081,21.3770426],[0.9089686,21.3773255],[0.9092858,21.3775387],[0.9096747,21.3777376],[0.912021,21.3787203],[0.9140166,21.379561],[0.9150734,21.3801239],[0.9166704,21.380996],[0.9176078,21.3815688],[0.918476,21.3825061],[0.9189237,21.383124],[0.9196328,21.3841061],[0.9201234,21.3849041],[0.9203905,21.38539],[0.9205899,21.3858753],[0.9207358,21.3864265],[0.9208054,21.3875755],[0.920887,21.3889218],[0.9210322,21.3910641],[0.9211384,21.3930955],[0.9211921,21.3939144],[0.921255,21.3948752],[0.9213975,21.3965841],[0.9214243,21.3969048],[0.9216888,21.3993099],[0.9218768,21.4010805],[0.9220959,21.402481],[0.9223883,21.404514],[0.9227249,21.4068413],[0.9230417,21.4090373],[0.9238958,21.4150446],[0.924577,21.4190802],[0.9264304,21.4290577],[0.9268181,21.4301018],[0.9274206,21.4316983],[0.9277243,21.4328882],[0.9278283,21.4339788],[0.9281073,21.4565308],[0.9282387,21.4595268],[0.9286048,21.4631282],[0.929524,21.4708694],[0.9295863,21.4715559],[0.9295535,21.4727734],[0.9294226,21.4739526],[0.929237,21.474908],[0.9288749,21.4760247],[0.9286682,21.4769396],[0.9286255,21.4773844],[0.9286202,21.4778783],[0.9286916,21.4783145],[0.9288721,21.4789037],[0.9291052,21.4794309],[0.9293269,21.4797985],[0.9298711,21.4806843],[0.9302338,21.4813363],[0.9305835,21.4821488],[0.9309402,21.4830942],[0.9312031,21.4840741],[0.9312996,21.4848014],[0.9314445,21.4860168],[0.9321016,21.4912305],[0.9323913,21.4931976],[0.9326167,21.4943833],[0.9329764,21.4957171],[0.9338676,21.4978526],[0.9346302,21.4992251],[0.9368233,21.5029085],[0.9399782,21.5092183]]},"properties":{"name":"طريق الساورة","highway":"primary","ref":"RN 6"}},{"type":"Feature","geometry":{"type":"LineString","coordinates":[[0.925815,21.346775],[0.9258091,21.3467399],[0.9258094,21.3467037],[0.9258181,21.3466729],[0.9258342,21.3466447],[0.9258591,21.3466189],[0.9259318,21.3465733],[0.9259612,21.3465493],[0.9259871,21.346523],[0.9260062,21.3464958],[0.9260206,21.3464662],[0.9271377,21.3440286],[0.9271774,21.3439455],[0.9276353,21.3429868],[0.927775,21.3427255],[0.9279209,21.3424672],[0.9280625,21.3422291],[0.9282093,21.3419937],[0.9283112,21.3418426],[0.9284171,21.3416902],[0.9286344,21.3413941],[0.9288235,21.3411431],[0.9290515,21.340852],[0.9296241,21.3401125],[0.9302746,21.3392868],[0.9305079,21.3389895],[0.9306474,21.3388096],[0.9307815,21.338626],[0.9309183,21.3384399],[0.9312308,21.3380439],[0.9313473,21.3379129],[0.9314689,21.3377861],[0.9315956,21.3376635],[0.931727,21.3375455],[0.9318524,21.3374406],[0.9319817,21.3373398],[0.9321146,21.3372432],[0.9338808,21.336014],[0.9364423,21.3342326],[0.9371269,21.3337429],[0.9372306,21.3336639],[0.9373616,21.3335531],[0.9374133,21.3335137],[0.9374736,21.3334775],[0.9377388,21.3333091],[0.9380074,21.3331102],[0.9380341,21.3330909],[0.9380563,21.3330671],[0.9380735,21.3330396]]},"properties":{"name":"La route de la Saoura; طريق الساورة","highway":"primary","ref":"RN 6"}},{"type":"Feature","geometry":{"type":"LineString","coordinates":[[0.9540378,21.3327713],[0.9537518,21.3327035],[0.9535267,21.3326323],[0.9534515,21.3326099],[0.9530696,21.332455],[0.9527984,21.3323451],[0.9522725,21.332135],[0.9522412,21.3321177],[0.9511375,21.3316793],[0.9510656,21.3316519],[0.9496257,21.3310792],[0.9495865,21.3310659],[0.9492378,21.3309322],[0.9490886,21.3308751],[0.9489374,21.3308226],[0.9487845,21.3307748],[0.94849,21.3307029],[0.9484241,21.3306825],[0.9482414,21.3306461],[0.9479257,21.3305869],[0.9476085,21.33053],[0.9473026,21.3304831],[0.9472648,21.3304768],[0.947117,21.330455],[0.9469391,21.3304313],[0.9468543,21.3304215],[0.9466632,21.3303995],[0.9463551,21.330371],[0.9458061,21.3303227],[0.9457391,21.3303161],[0.945193,21.3302826],[0.9448107,21.3302434],[0.9445775,21.3302251],[0.9444285,21.330214],[0.9442516,21.3302039],[0.9440089,21.3301961],[0.9437661,21.3301951],[0.9436442,21.3301976],[0.9435228,21.3302074],[0.9434023,21.3302245],[0.9433388,21.3302375],[0.9432833,21.3302489],[0.9431756,21.3302775],[0.94307,21.3303121],[0.9426865,21.3304725],[0.9419502,21.3308028],[0.941336,21.3310884],[0.941186,21.331157],[0.9411462,21.3311752],[0.9409669,21.3312744],[0.9407097,21.3314156],[0.9404919,21.3315435],[0.9402779,21.3316767],[0.939842,21.3319716],[0.9389096,21.3326361],[0.9385088,21.3329134],[0.9384784,21.332935],[0.9384534,21.3329561],[0.9384281,21.3329813],[0.9384003,21.3330159],[0.9383781,21.3330753],[0.938363,21.3331016],[0.9383424,21.3331248],[0.9383178,21.333144],[0.9382774,21.3331626],[0.9381993,21.3331785]]},"properties":{"name":"La route de la Saoura; طريق الساورة","highway":"primary","maxspeed":"50","ref":"RN 6"}},{"type":"Feature","geometry":{"type":"LineString","coordinates":[[0.9309949,21.338484],[0.9308365,21.3386985],[0.9307064,21.3388692],[0.9305736,21.3390382],[0.9303376,21.3393443],[0.9296872,21.340185],[0.9290944,21.340932],[0.9288945,21.3411907],[0.9286948,21.3414516],[0.9284919,21.3417363],[0.9283795,21.3418958],[0.928275,21.3420487],[0.9281247,21.3422858],[0.9279807,21.3425263],[0.927843,21.34277],[0.9277117,21.3430168],[0.9275246,21.3434091],[0.9272088,21.344071],[0.9264417,21.3457523],[0.9261064,21.3465068],[0.9260927,21.3465508],[0.9260856,21.3465961],[0.9260888,21.346638],[0.9260917,21.346705],[0.9260869,21.3467414],[0.9260742,21.3467761],[0.9260535,21.3468086],[0.9260259,21.3468363],[0.9259871,21.3468652]]},"properties":{"name":"La route de la Saoura; طريق الساورة","highway":"primary","ref":"RN 6"}},{"type":"Feature","geometry":{"type":"LineString","coordinates":[[0.9525512,21.3256976],[0.9524101,21.3263262],[0.9523287,21.3266596],[0.9523126,21.3267217],[0.9522063,21.3271269],[0.9521054,21.3275472],[0.9520884,21.3276139],[0.9520047,21.3279414],[0.951995,21.3280036],[0.9519344,21.3283048],[0.9518318,21.328717],[0.9517229,21.3292164],[0.9516684,21.3294163],[0.9516199,21.3296432],[0.9515669,21.3298811],[0.9514645,21.3303193],[0.9514211,21.3305242],[0.9513165,21.3309459],[0.9511635,21.3315927],[0.9511529,21.3316286],[0.9511375,21.3316793]]},"properties":{"highway":"tertiary"}},{"type":"Feature","geometry":{"type":"LineString","coordinates":[[0.9413386,21.325236],[0.9419038,21.3254132],[0.9424419,21.3255579],[0.9430541,21.3256793],[0.9435066,21.3257641],[0.9446187,21.3259695],[0.9455243,21.3261669],[0.9457084,21.326207],[0.9459886,21.3262713],[0.9460826,21.3262929]]},"properties":{"name":"Rue Alwasie; الشارع الواسع","highway":"tertiary"}},{"type":"Feature","geometry":{"type":"LineString","coordinates":[[0.9510656,21.3316519],[0.9510825,21.3316024],[0.9510924,21.3315665],[0.9512413,21.3309251],[0.951373,21.330301],[0.9514807,21.3298613],[0.9515376,21.3296287],[0.9515944,21.3293969],[0.9516421,21.3291944],[0.9516625,21.3291076],[0.9517718,21.3286728],[0.9518507,21.3282915],[0.9519271,21.3279913],[0.9520138,21.3275972],[0.9520287,21.3275328],[0.9521284,21.327103],[0.952241,21.3266389],[0.952333,21.3262988],[0.9524646,21.3256791]]},"properties":{"highway":"tertiary"}},{"type":"Feature","geometry":{"type":"LineString","coordinates":[[0.9534515,21.3326099],[0.9534769,21.3325524],[0.9536953,21.3318859],[0.9538522,21.3313711],[0.9538874,21.3312674]]},"properties":{"highway":"tertiary"}},{"type":"Feature","geometry":{"type":"LineString","coordinates":[[0.954764,21.3290834],[0.9544986,21.3298621],[0.9544021,21.3298646],[0.9543108,21.3298671],[0.9541392,21.329957],[0.9540426,21.3301069],[0.9538691,21.3305743],[0.9536559,21.3311985]]},"properties":{"highway":"tertiary"}},{"type":"Feature","geometry":{"type":"LineString","coordinates":[[0.9675533,21.3355118],[0.9653069,21.3348264],[0.9650642,21.3347523],[0.9631491,21.3341477],[0.9615612,21.3338879],[0.9612625,21.3338189],[0.9609765,21.3337529],[0.9600484,21.3334581],[0.9594101,21.3331933],[0.9584379,21.3328],[0.9582497,21.3327223],[0.9567411,21.3322451],[0.955678,21.3319187],[0.9545896,21.3315869],[0.9539255,21.3313925],[0.9538522,21.3313711],[0.9526265,21.3310813]]},"properties":{"highway":"tertiary"}},{"type":"Feature","geometry":{"type":"LineString","coordinates":[[0.9432038,21.3274414],[0.9442429,21.3276363],[0.9449958,21.3278961],[0.9450597,21.3279201],[0.9454456,21.3280653],[0.9457411,21.3281765],[0.9461883,21.3283447],[0.9464787,21.328454],[0.9469333,21.328625],[0.9472029,21.3287264],[0.9474663,21.3288255],[0.9476654,21.3288883],[0.9479449,21.3289814],[0.9486543,21.3291776],[0.9489269,21.329253],[0.9493403,21.3293742],[0.9494559,21.3294081],[0.9496402,21.3294565],[0.9499714,21.3295145],[0.9508796,21.3297251],[0.9514807,21.3298613],[0.9515669,21.3298811]]},"properties":{"highway":"tertiary"}},{"type":"Feature","geometry":{"type":"LineString","coordinates":[[0.9551496,21.3272865],[0.955026,21.3277603],[0.9547714,21.3286589],[0.9546595,21.3290578]]},"properties":{"highway":"tertiary"}},{"type":"Feature","geometry":{"type":"LineString","coordinates":[[0.9469333,21.328625],[0.9467558,21.3291153],[0.9465088,21.3296683],[0.9464601,21.3298246],[0.9464158,21.3300283],[0.9463643,21.3303028],[0.9463551,21.330371]]},"properties":{"highway":"tertiary"}},{"type":"Feature","geometry":{"type":"LineString","coordinates":[[0.9432896,21.3269569],[0.9432928,21.3269188],[0.9432966,21.3267604],[0.9433017,21.3265503],[0.943401,21.3261593],[0.9434505,21.3259886],[0.9435066,21.3257641],[0.9436621,21.3251973],[0.9437642,21.3247857],[0.9438442,21.3245077],[0.9439188,21.3241768],[0.9440576,21.3236357],[0.9442071,21.3230077],[0.944477,21.3219841],[0.9446175,21.3214537],[0.944893,21.3203267],[0.945107,21.3195746],[0.9452548,21.3191517],[0.9454698,21.3186935],[0.9459685,21.3176303],[0.9464081,21.3162506],[0.9466315,21.3155662],[0.9468037,21.3150386],[0.9471631,21.3141491],[0.9476566,21.3129646],[0.9478637,21.3124008],[0.9484343,21.3109807],[0.9485666,21.3106228],[0.9488917,21.3097434]]},"properties":{"highway":"tertiary"}},{"type":"Feature","geometry":{"type":"LineString","coordinates":[[0.9587758,21.3275714],[0.9587725,21.3274983],[0.9588769,21.3271957],[0.9589946,21.3268156],[0.9591272,21.3264141],[0.9591885,21.3262235],[0.9593934,21.3255898],[0.9594961,21.3252594],[0.959599,21.3249463],[0.9596642,21.3247482],[0.9597533,21.3244584],[0.959885,21.3240265],[0.9600176,21.3236201],[0.9601544,21.3231981],[0.9601455,21.3231202],[0.9601201,21.3230363]]},"properties":{"highway":"tertiary"}},{"type":"Feature","geometry":{"type":"LineString","coordinates":[[0.9638954,21.3270333],[0.963822,21.3270081],[0.9631332,21.3267815],[0.9615035,21.3262452],[0.9608911,21.3260408],[0.9607964,21.3260093],[0.9607125,21.3259845],[0.9603134,21.3258665],[0.9598802,21.3257384],[0.9594812,21.325615],[0.9593934,21.3255898]]},"properties":{"highway":"tertiary"}},{"type":"Feature","geometry":{"type":"LineString","coordinates":[[0.9585054,21.3324424],[0.9585004,21.3323356],[0.9584139,21.3317443],[0.958376,21.3314323],[0.9583694,21.3313775],[0.9583116,21.3309019],[0.9582855,21.3306869],[0.9582779,21.3306241],[0.9582648,21.3305533],[0.9581493,21.3299314]]},"properties":{"highway":"tertiary"}},{"type":"Feature","geometry":{"type":"LineString","coordinates":[[0.9586057,21.3280827],[0.9579345,21.3279232],[0.9569637,21.3277171],[0.9561152,21.3275157],[0.9551496,21.3272865],[0.9545523,21.3271662],[0.9533107,21.3269221],[0.9528387,21.3268372],[0.9527376,21.326806],[0.9523126,21.3267217]]},"properties":{"highway":"tertiary"}},{"type":"Feature","geometry":{"type":"LineString","coordinates":[[0.9586738,21.3278754],[0.9587241,21.3277213]]},"properties":{"highway":"tertiary"}},{"type":"Feature","geometry":{"type":"LineString","coordinates":[[0.958133,21.3296222],[0.9581679,21.3294798],[0.9582248,21.3292768],[0.9583994,21.3287295],[0.9586057,21.3280827],[0.9586614,21.3279082],[0.9586738,21.3278754]]},"properties":{"highway":"tertiary"}},{"type":"Feature","geometry":{"type":"LineString","coordinates":[[1.2579733,20.9656804],[1.2579784,20.9662361],[1.2582074,20.9695955],[1.2585765,20.9736421],[1.2588572,20.9763569],[1.2588787,20.9790617],[1.2586505,20.9809082],[1.2581813,20.9829184],[1.257389,20.9849295],[1.2563556,20.9871657],[1.2525242,20.9948769],[1.2520531,20.9960951],[1.2517705,20.9971724],[1.2501565,21.0042258],[1.2492405,21.0083765],[1.2485195,21.0115972],[1.2483463,21.0123022],[1.2466338,21.0175591],[1.2456661,21.0206891],[1.245426,21.0213149],[1.241178,21.0307599],[1.2359199,21.042393],[1.2350589,21.0442121],[1.2340315,21.0458009],[1.2325363,21.0480136],[1.2264671,21.0583175],[1.2252114,21.0605184],[1.224578,21.0613582],[1.2239885,21.0620548],[1.2181097,21.0695983],[1.2172261,21.0707096],[1.2164729,21.071505],[1.2120348,21.0761511],[1.2074876,21.0810765],[1.2065056,21.0824806],[1.2055666,21.0839059],[1.2042027,21.086302],[1.2029145,21.0892897]]},"properties":{"highway":"tertiary"}},{"type":"Feature","geometry":{"type":"LineString","coordinates":[[0.956039,21.3376244],[0.9560553,21.3375236],[0.9560734,21.3374727],[0.9560908,21.3374262],[0.9561887,21.3371853],[0.9563298,21.3368946],[0.956447,21.336626],[0.9566079,21.3362093],[0.9567552,21.3358638],[0.956945,21.3354384],[0.9571109,21.3350875],[0.9572462,21.3347419],[0.957505,21.334127],[0.9575876,21.3339061],[0.9576542,21.3337117]]},"properties":{"highway":"tertiary"}},{"type":"Feature","geometry":{"type":"LineString","coordinates":[[0.9246699,21.3616699],[0.9279554,21.363106]]},"properties":{"highway":"tertiary"}},{"type":"Feature","geometry":{"type":"LineString","coordinates":[[0.9526696,21.3309673],[0.9536559,21.3311985],[0.9538874,21.3312674],[0.9539506,21.331288],[0.9546247,21.3314814],[0.9557173,21.3318147],[0.9567682,21.3321457],[0.957533,21.3323898],[0.9578594,21.3324922],[0.9581254,21.3325735],[0.9583271,21.3326453],[0.9585165,21.3327225],[0.9590721,21.3329759],[0.9600672,21.3333882],[0.9610033,21.333663],[0.9612873,21.3337379],[0.9615719,21.3338129],[0.9628433,21.3340228],[0.9631491,21.3340827],[0.9650856,21.3346574],[0.9675854,21.3354319],[0.9675533,21.3355118]]},"properties":{"highway":"tertiary"}},{"type":"Feature","geometry":{"type":"LineString","coordinates":[[1.155319,21.1276258],[1.1551829,21.1278883],[1.1549077,21.1285261],[1.1540848,21.1320126],[1.1530694,21.136271],[1.1526646,21.1380344],[1.1522138,21.1398072],[1.1520745,21.1401996],[1.151927,21.1405698],[1.1516072,21.1412172],[1.1507381,21.1424914],[1.1496121,21.143653],[1.1484021,21.1447901],[1.1469276,21.1459494],[1.1453076,21.1469757],[1.1428351,21.1482638],[1.1415385,21.1488606],[1.1408395,21.1492144],[1.1403567,21.1494945],[1.1398863,21.1497812],[1.1392731,21.150245],[1.1386509,21.1508453],[1.1379336,21.1516323],[1.1368591,21.1529566],[1.1363442,21.153587],[1.1355931,21.1543674],[1.1335241,21.1563751],[1.1294875,21.1602919],[1.1255757,21.16459],[1.1249394,21.1652134],[1.1239309,21.1660938],[1.1228795,21.1669743],[1.1174229,21.171362],[1.1166997,21.1720767],[1.1160345,21.172787],[1.1154122,21.1735774],[1.1148758,21.1743578],[1.1143715,21.1752482],[1.1136812,21.1767301],[1.1125063,21.1795865],[1.1119361,21.1807905],[1.1115729,21.1814273],[1.1112618,21.1819074],[1.1108203,21.1825712],[1.110198,21.1833215],[1.1095972,21.1840018],[1.1089618,21.1845467],[1.1058686,21.1871102],[1.1032688,21.1892647],[1.1029775,21.1894938],[1.1025591,21.1898439],[1.1020226,21.1903841],[1.1012394,21.1912144],[1.1000485,21.1925048],[1.0984714,21.1942553],[1.0969664,21.1958586],[1.0937289,21.1994271],[1.092115,21.2012735],[1.0905859,21.2031751],[1.0838563,21.2111044],[1.0793864,21.215909],[1.0785785,21.2168737],[1.074393,21.2219207],[1.0739987,21.2225526],[1.0736782,21.2232189],[1.0734317,21.2239197],[1.0732715,21.2245516],[1.0730867,21.2256429],[1.0729469,21.2268025],[1.0727967,21.2289426],[1.0728847,21.2308188],[1.0733975,21.2367831],[1.073655,21.2397831],[1.0737409,21.2426431],[1.0737522,21.2437816],[1.0736765,21.244803],[1.0736289,21.2453668],[1.0734834,21.245983],[1.0733085,21.2465269],[1.0730542,21.247023],[1.0722817,21.2481629],[1.0713162,21.2493428],[1.0690416,21.2522426],[1.0683049,21.2532004],[1.067545,21.2540775],[1.0672429,21.2543618],[1.0667081,21.2548169],[1.0659263,21.2554976],[1.0641756,21.2568457],[1.0637346,21.2571615],[1.0632472,21.2574617],[1.0625125,21.2578292],[1.0619039,21.2581178],[1.0613421,21.2583239],[1.060807,21.2584709],[1.0602209,21.2585938],[1.0595863,21.2587005],[1.0590541,21.2587488],[1.0585327,21.2587795],[1.057418,21.2587688],[1.0562159,21.2587331],[1.054914,21.2587346],[1.0540026,21.2587801],[1.0531499,21.258847],[1.0522125,21.2589399],[1.051096,21.2590888],[1.0484142,21.2594944],[1.0414364,21.2605343],[1.040216,21.2606192],[1.0394257,21.2606261],[1.0386469,21.2605967],[1.0371126,21.2604968],[1.0364914,21.2604836],[1.0359163,21.2605043],[1.0354561,21.2605561],[1.0350098,21.2606417],[1.034351,21.2608061],[1.0337169,21.2610292],[1.03246,21.2615834],[1.0318163,21.2618584],[1.0312023,21.2621046],[1.0284986,21.2630997],[1.0275854,21.2634813],[1.0258044,21.2642812],[1.0247101,21.2649011],[1.0233583,21.265721],[1.0196938,21.2681215],[1.0174075,21.2696096],[1.0162434,21.2703569],[1.0156372,21.2707544],[1.0151335,21.2711044],[1.0146931,21.2714492],[1.0142763,21.2718073],[1.0138777,21.2721891],[1.0134726,21.2726062],[1.0125368,21.2736456],[1.0110652,21.2755637],[1.0103191,21.2765323],[1.009669,21.2772683],[1.00881,21.2781383],[1.0077156,21.2790581],[1.0066724,21.2798842],[1.0053124,21.2807976],[1.0011259,21.2837418],[0.99939,21.2849764],[0.9985961,21.2857362],[0.9977809,21.2868449],[0.9973301,21.2878755],[0.9970148,21.2887488],[0.9967273,21.2899109],[0.996061,21.2922828],[0.9955557,21.2940697],[0.9952768,21.2949921],[0.9949174,21.2957988],[0.9944667,21.2965433],[0.9940751,21.2970296],[0.9935548,21.2975646],[0.9929432,21.2980187],[0.992321,21.2984295],[0.991629,21.2987309],[0.9908621,21.2990536],[0.9897731,21.2993842],[0.9888129,21.2995653],[0.9869407,21.299688],[0.9820428,21.3000264],[0.9813078,21.3001089],[0.9808647,21.3002281],[0.9805032,21.3003775],[0.9798165,21.3007374],[0.9794142,21.3010482],[0.9789687,21.3014603],[0.9784368,21.3021835],[0.9778604,21.3032886],[0.9774881,21.3039445],[0.9766868,21.3052851]]},"properties":{"name":"La route de la Saoura","highway":"primary","maxspeed":"60","ref":"RN 6"}},{"type":"Feature","geometry":{"type":"LineString","coordinates":[[0.9562263,21.3263081],[0.9562531,21.3262488],[0.9573077,21.3253522],[0.9573995,21.3252868],[0.9578661,21.3249434],[0.9584447,21.3245038],[0.9586712,21.3243311],[0.9591007,21.3239664],[0.9592065,21.3238728],[0.9596204,21.3234766],[0.9600177,21.3231251],[0.9601201,21.3230363],[0.9606925,21.3225409],[0.9609581,21.3222886],[0.9613326,21.3219361],[0.9614201,21.3218573],[0.9617167,21.321546],[0.9620435,21.3212076],[0.9621526,21.3211304],[0.9622411,21.3210879],[0.9623314,21.3210535],[0.9624309,21.3210062],[0.9625228,21.3209455],[0.963017,21.3204597],[0.9635671,21.3199655],[0.9639434,21.3196183],[0.9646055,21.3190197],[0.9651402,21.3185286],[0.9657354,21.3179779],[0.9660081,21.3177394],[0.9665144,21.3172768],[0.9670155,21.3168208],[0.9673076,21.3165549],[0.9678078,21.3160995],[0.9680971,21.3158362],[0.968592,21.3153757],[0.9690643,21.3149415]]},"properties":{"highway":"tertiary"}},{"type":"Feature","geometry":{"type":"LineString","coordinates":[[1.3141843,21.0597188],[1.3130838,21.060264],[1.3006229,21.0658282],[1.2977581,21.0670344],[1.2962907,21.0675343],[1.29433,21.0680916],[1.2873543,21.0699607],[1.27862,21.0724167],[1.2741248,21.0737207],[1.2649247,21.0761548],[1.2600219,21.0773827],[1.2567611,21.078013],[1.2422856,21.0804253],[1.2344248,21.0816641],[1.2293356,21.082479],[1.2268784,21.0830332],[1.2234429,21.0842067],[1.218575,21.0858475],[1.2156287,21.0867276],[1.209925,21.087836],[1.2085122,21.0881289],[1.2071362,21.0884267],[1.2043667,21.0890149],[1.2029145,21.0892897],[1.2010952,21.0896747],[1.2004092,21.0898231],[1.1998029,21.0900013],[1.1992577,21.0901859],[1.1986363,21.0904187],[1.1982778,21.0905647],[1.1976948,21.0908391],[1.197263,21.0910669],[1.1967874,21.0913522],[1.1962303,21.0917375],[1.195715,21.0921252],[1.1944252,21.093249],[1.1929418,21.0945192],[1.1908191,21.0964294],[1.1892982,21.0978923],[1.1879037,21.0992765],[1.1871014,21.0999869],[1.1807336,21.1058159],[1.1797965,21.1066393],[1.178796,21.1074875],[1.1768648,21.1090639],[1.1749497,21.1106879],[1.1739975,21.1114836],[1.173062,21.1122831],[1.1636657,21.1203685],[1.1584983,21.1247268],[1.1561093,21.1266687],[1.1556888,21.1271339],[1.155319,21.1276258]]},"properties":{"name":"La route de la Saoura","highway":"primary","maxspeed":"60","ref":"RN 6"}},{"type":"Feature","geometry":{"type":"LineString","coordinates":[[0.9559668,21.3265374],[0.9561051,21.3264027]]},"properties":{"highway":"tertiary"}},{"type":"Feature","geometry":{"type":"LineString","coordinates":[[0.9551496,21.3272865],[0.9554133,21.3270999],[0.955626,21.3268618],[0.9559304,21.3265759],[0.9559668,21.3265374]]},"properties":{"highway":"tertiary"}},{"type":"Feature","geometry":{"type":"LineString","coordinates":[[0.958133,21.3296222],[0.9581493,21.3299314]]},"properties":{"highway":"tertiary"}},{"type":"Feature","geometry":{"type":"LineString","coordinates":[[0.960545,21.3305182],[0.9604519,21.3304811],[0.9597976,21.330317],[0.9594008,21.3302198],[0.9589818,21.3301171],[0.9585754,21.3300175],[0.9581493,21.3299314],[0.9578049,21.3298382],[0.9574305,21.3297369],[0.9566085,21.3295354],[0.9562134,21.3294386],[0.9558894,21.3293592],[0.9554875,21.3292607],[0.954764,21.3290834],[0.9546595,21.3290578],[0.9542304,21.3289526],[0.9541164,21.3289054],[0.9540373,21.3288727],[0.9539231,21.3287929],[0.9538871,21.3287677],[0.9535652,21.3286378],[0.9526369,21.3284204],[0.952458,21.3283912],[0.9519344,21.3283048]]},"properties":{"highway":"tertiary"}},{"type":"Feature","geometry":{"type":"LineString","coordinates":[[0.9737365,20.2633592],[0.9693563,20.2702019],[0.9681153,20.2719767],[0.9627521,20.2783706],[0.9620225,20.2794575],[0.9618831,20.2803029],[0.9617827,20.2879511],[0.9617842,20.2966338],[0.9618413,20.2968118],[0.9622344,20.2977826],[0.9624893,20.2982773],[0.9625799,20.298526],[0.962617,20.2987166],[0.9626591,20.2989065],[0.9628217,20.2994142],[0.9631103,20.3002634],[0.9636425,20.3017351],[0.9643373,20.3037873],[0.9649917,20.3057796],[0.9651624,20.306271],[0.9674476,20.3129136],[0.9692999,20.318716],[0.9694512,20.3192007],[0.9695164,20.3193672],[0.9696269,20.3195835],[0.9706914,20.3212367],[0.9714762,20.3224825],[0.9716368,20.3228716],[0.9721346,20.324352],[0.9721787,20.3246827],[0.9721502,20.326782],[0.9721881,20.3270796],[0.9722498,20.3273713],[0.972457,20.3279319],[0.9729228,20.3294112],[0.9730613,20.3303786],[0.9729862,20.3368526],[0.9730095,20.3387067],[0.9730545,20.3395191],[0.9731617,20.3402809],[0.9732242,20.340654],[0.9732661,20.3412271],[0.9734783,20.342185],[0.9737102,20.3431081],[0.9738169,20.3436376],[0.9738584,20.3438988],[0.9738809,20.3441281],[0.9739112,20.3443181],[0.9739282,20.3445475],[0.9739521,20.3447877],[0.9741081,20.3460084],[0.9740632,20.3469329],[0.9740791,20.3473807],[0.974104,20.3477575],[0.9741944,20.3482735],[0.9743572,20.3487852],[0.9748986,20.3497567],[0.9750874,20.3501285],[0.9751385,20.3504035],[0.9751392,20.350706],[0.9751278,20.3510876],[0.9751377,20.3514002],[0.9751788,20.3515905],[0.9752447,20.3517437],[0.975379,20.3519885],[0.9758007,20.3526374],[0.9759734,20.3532211],[0.9761001,20.3538253],[0.9763367,20.3558221],[0.9765438,20.3577682],[0.9766959,20.3591041],[0.976925,20.3610012],[0.9772284,20.3628453],[0.9772763,20.3630424],[0.9773627,20.3632113],[0.9775391,20.3634548],[0.977722,20.3636875],[0.9782581,20.3645451],[0.9784589,20.3648302],[0.9786684,20.3651199],[0.9790309,20.3656951],[0.9792008,20.3660492],[0.979249,20.3661847],[0.9792617,20.3663698],[0.9792439,20.3665697],[0.9791755,20.3666933],[0.979074,20.3668288],[0.978982,20.3669573],[0.9789442,20.3670702],[0.9788433,20.3677415],[0.9786556,20.3688896],[0.97827,20.3722386],[0.9782073,20.3730493],[0.9781771,20.3732859],[0.9781488,20.3735212],[0.9781039,20.3737927],[0.9780474,20.3742808],[0.9779793,20.3747834],[0.9778879,20.3755069],[0.9778165,20.3758734],[0.97777,20.3761606],[0.9777273,20.3764902],[0.977705,20.3771304],[0.9776333,20.3778278],[0.9775443,20.3785605],[0.9774658,20.3791184],[0.9774377,20.3794794],[0.9774285,20.3796744],[0.9774097,20.3798772],[0.9774193,20.3801469],[0.9774588,20.3806608],[0.9775225,20.381171],[0.9777748,20.382761],[0.9780218,20.3841822],[0.9782397,20.3854407],[0.9784045,20.3862047],[0.9784005,20.3869289],[0.9787439,20.3922717],[0.9802319,20.4005967],[0.9803281,20.4010111],[0.9803943,20.401582],[0.9804211,20.4022948],[0.9803223,20.4037941],[0.9800487,20.4058748],[0.9800641,20.4068118],[0.9801226,20.4071211],[0.9802048,20.4075563],[0.9804936,20.4089196],[0.9806808,20.4104074],[0.9812658,20.4132755],[0.9814651,20.4145491],[0.9814525,20.415254],[0.9814505,20.4160795],[0.9813764,20.4167786],[0.9813307,20.4172669],[0.9811954,20.4196398],[0.9808789,20.4211847],[0.9805763,20.4217005],[0.9801455,20.4223958],[0.9794099,20.4237418],[0.9790088,20.4243844],[0.9773904,20.4271556],[0.9761947,20.429232],[0.9757754,20.4300776],[0.9756368,20.4304418],[0.9755978,20.4308315],[0.9753545,20.433229],[0.9751339,20.4352084],[0.9749694,20.4367921],[0.974893,20.4370341],[0.9747713,20.4372591],[0.9743963,20.4376669],[0.9739459,20.4381316],[0.9708233,20.4417644],[0.9696526,20.4431276],[0.9693532,20.4434032],[0.9689791,20.4436321],[0.9685186,20.4439582],[0.9678534,20.4443938],[0.9675547,20.4446243],[0.9673512,20.4448888],[0.9672722,20.4450766],[0.9671611,20.4455675],[0.96705,20.4462829],[0.9668699,20.4471002],[0.9668063,20.4473389],[0.9667154,20.4475478],[0.9633282,20.4527412],[0.9624885,20.454018],[0.9620118,20.4544985],[0.9614736,20.4549234],[0.960453,20.4555516],[0.9595627,20.4561403],[0.958879,20.4566447],[0.9584713,20.456901],[0.9583318,20.4570769],[0.9582171,20.4573138],[0.9581153,20.4576881],[0.9581493,20.4579769],[0.958641,20.4592727],[0.9590488,20.4608072],[0.9599029,20.4637541],[0.9603571,20.4654014],[0.961517,20.4694668],[0.9618953,20.4709375],[0.9622081,20.4723333],[0.9628033,20.4735771],[0.9637338,20.4745517],[0.9642327,20.4749939],[0.9646804,20.4753142],[0.9652058,20.4755069],[0.9658676,20.4756115],[0.9664857,20.475798],[0.9670675,20.4759782],[0.9675693,20.4762403],[0.9682453,20.4769237],[0.9690527,20.4782522],[0.9715497,20.4821099],[0.9723157,20.4830168],[0.9732127,20.4838487],[0.9746933,20.4851251],[0.9771105,20.4872802],[0.979017,20.4884617],[0.9808946,20.4892758],[0.9867249,20.4912687],[0.9902502,20.4926625],[0.9908569,20.4929768],[0.9913981,20.4933661],[0.9920096,20.4939943],[0.9928306,20.495114],[0.9939569,20.4966524],[0.9947509,20.4980493],[0.995298,20.4990492],[0.9955984,20.4998079],[0.9956682,20.500235],[0.9956682,20.5017877],[0.9955233,20.5025414],[0.9948581,20.5047874],[0.994566,20.505919],[0.9943186,20.5066489],[0.9939621,20.5073992],[0.9935375,20.5081272],[0.9933077,20.5087148],[0.9932595,20.5090381],[0.9933507,20.5097465],[0.9934312,20.5102037],[0.9934044,20.510475],[0.9932917,20.5107237],[0.993112,20.51098],[0.9926641,20.5112387],[0.9922805,20.5114648],[0.9915349,20.5118241],[0.9911942,20.512025],[0.9909207,20.5122436],[0.9907195,20.5125099],[0.9902608,20.5133263],[0.989947,20.5140624],[0.9898317,20.5144693],[0.9897915,20.5148537],[0.9897593,20.515228],[0.9898022,20.5156324],[0.990124,20.5173608],[0.9904593,20.5190061],[0.9904727,20.5193729],[0.9904674,20.5196944],[0.9904285,20.5201196],[0.9903628,20.5205912],[0.9901616,20.5213398],[0.9896654,20.52296],[0.9887454,20.5262756],[0.9875357,20.5303627],[0.9868222,20.532666],[0.9860827,20.535262],[0.9853336,20.5378654],[0.9852853,20.5381115],[0.9852202,20.5386181],[0.9852532,20.5390107],[0.9853578,20.539724],[0.9854798,20.5404921],[0.9854946,20.540902],[0.9854882,20.5414801],[0.985406,20.5418841],[0.9851941,20.5426451],[0.9849232,20.5433986],[0.9842154,20.545181],[0.9836431,20.5469123],[0.9833165,20.5477121],[0.9828728,20.548504],[0.9826004,20.5488664],[0.9822732,20.5493435],[0.982064,20.5495847],[0.9816483,20.5500392],[0.9812835,20.5505616],[0.9807631,20.551624],[0.9804445,20.5523537],[0.9800014,20.5533921],[0.979811,20.5539547],[0.9795991,20.5550271],[0.9793657,20.5561848],[0.9793121,20.5568956],[0.9792933,20.5576239],[0.9793738,20.5581387],[0.9795213,20.5587389],[0.9798946,20.5599064],[0.9800336,20.5603362],[0.9801972,20.5606652],[0.9804627,20.560969],[0.9805781,20.5611599],[0.9806585,20.5613633],[0.980916,20.562182],[0.9812084,20.5629806],[0.9815222,20.563729],[0.9816939,20.5640705],[0.9818199,20.5643568],[0.982115,20.565075],[0.9825549,20.5660168],[0.9828402,20.5665893],[0.9830356,20.5669884],[0.9832014,20.5674153],[0.9834534,20.5679529],[0.9838053,20.5686293],[0.983853,20.5687841],[0.9839362,20.5690754],[0.9842768,20.5703336],[0.9846041,20.5711547],[0.9848562,20.5718403],[0.9852451,20.5727644],[0.9854007,20.5730594],[0.9856917,20.5734888],[0.9858137,20.5736885],[0.9858942,20.5738316],[0.9860149,20.5740765],[0.9861074,20.574251],[0.9862778,20.5745448],[0.9865245,20.5750194],[0.9870663,20.5761971],[0.9877954,20.577744],[0.9883431,20.578791],[0.9888312,20.5795192],[0.9889678,20.579684],[0.9891987,20.5798909],[0.9917966,20.5816151],[0.9968698,20.5849254],[0.9978032,20.58541],[0.9983101,20.5857214],[0.9993106,20.5864094],[1.0035839,20.589362],[1.0058026,20.5909593],[1.0069368,20.5916148],[1.0085839,20.5920118],[1.0142934,20.5925359],[1.0157204,20.5926565],[1.0168063,20.5926784],[1.0177481,20.5925058],[1.0200119,20.5917827],[1.0234934,20.5906578],[1.024121,20.5904419],[1.0245078,20.5902479],[1.0247245,20.5900289],[1.0251805,20.5894175],[1.0253028,20.5891772],[1.0254058,20.5889404],[1.0254863,20.5885964],[1.025512,20.5883677],[1.0255372,20.588152],[1.0255694,20.5880239],[1.0256445,20.5878911],[1.0257867,20.5877352],[1.0263044,20.5874514],[1.0266826,20.5873234],[1.0269669,20.5873108],[1.0281203,20.5875451],[1.0286339,20.5876561],[1.0290228,20.5876435],[1.0294627,20.5875544],[1.0305932,20.5873058],[1.0308427,20.5873158],[1.0311511,20.5874238],[1.0315293,20.5877151],[1.0321328,20.5882675],[1.0330367,20.5888374],[1.0339785,20.5893469],[1.0345763,20.5896535],[1.0355473,20.5899498],[1.0372263,20.5904143],[1.0374221,20.5905725],[1.0375965,20.5907658],[1.0379773,20.5914236],[1.0381329,20.5915442],[1.0383555,20.5916546],[1.0390127,20.5918429],[1.039305,20.5919911],[1.0397288,20.5923501],[1.040099,20.5926615],[1.0403913,20.5928272],[1.0409573,20.5929804],[1.0414454,20.5931034],[1.0419416,20.5932766],[1.0422367,20.5934649],[1.0423735,20.5936281],[1.0424969,20.5939897],[1.0426471,20.5946074],[1.042749,20.5950467],[1.0428777,20.5953757],[1.0430869,20.5956368],[1.0434195,20.5958628],[1.0436019,20.5960586],[1.0437065,20.5962343],[1.0438153,20.5965686],[1.0439211,20.5969524],[1.0440767,20.5974897],[1.0442162,20.5979592],[1.0442939,20.5983107],[1.0443878,20.5987727],[1.0444602,20.5991192],[1.0444629,20.5993477],[1.0444012,20.5996816],[1.0443073,20.6000456],[1.044074,20.6006357],[1.0436448,20.6018056],[1.0430574,20.6032518],[1.042757,20.6040853],[1.0423252,20.6052678],[1.0417485,20.6068646],[1.0401392,20.6110396],[1.0370064,20.6191283],[1.0363734,20.6202128],[1.0347506,20.6225728],[1.0312246,20.6279081],[1.0288632,20.6312782],[1.0274148,20.6335172],[1.0262024,20.6358266],[1.0207071,20.6490312],[1.018737,20.653679],[1.0162996,20.6593824],[1.0153929,20.6613694],[1.0147478,20.662792],[1.0142108,20.6641199],[1.0128544,20.6672488],[1.0112922,20.6708702],[1.0104207,20.6729086],[1.0098088,20.6745477],[1.0096264,20.67515],[1.0095487,20.6759009],[1.0099602,20.678687],[1.0100448,20.6792654],[1.0099429,20.6798326],[1.0096371,20.6804147],[1.0082203,20.682093],[1.0073411,20.683441],[1.0070944,20.6843042],[1.0071909,20.6850771],[1.0075534,20.6863919],[1.0083818,20.6878674],[1.0091436,20.688841],[1.0097571,20.6896606],[1.0102802,20.6907501],[1.011124,20.6925312],[1.0115683,20.693197],[1.0121492,20.6939469],[1.0130279,20.6956106],[1.0139501,20.6970811],[1.0146153,20.6980246],[1.0157847,20.6998512],[1.0165894,20.7010856],[1.0171287,20.7023171],[1.017847,20.7041306],[1.0181504,20.7046885],[1.0185304,20.7052788],[1.0187459,20.7057323],[1.0188103,20.7061538],[1.0188961,20.7066355],[1.0192488,20.7081035],[1.0197732,20.7091344],[1.0199207,20.7093677],[1.0200629,20.7096086],[1.0202211,20.7099473],[1.0204115,20.7102107],[1.0204947,20.7103688],[1.0205564,20.710513],[1.0205749,20.7106681],[1.0205273,20.7108967],[1.0204437,20.7111917],[1.0203311,20.7115003],[1.0201809,20.7118992],[1.0200368,20.7122332],[1.0195476,20.7133225],[1.0191643,20.7142675],[1.01888,20.7148947],[1.0185099,20.7157477],[1.0183006,20.7162846],[1.0179627,20.7171075],[1.0176203,20.7178796],[1.0171182,20.7193147],[1.0170722,20.7202334],[1.0171112,20.7212259],[1.0175657,20.7267359],[1.017673,20.7287829],[1.0176086,20.7311309],[1.0173297,20.7349639],[1.0171473,20.7374623],[1.0171687,20.7394289],[1.0171559,20.7432491],[1.0173591,20.7455805],[1.0169031,20.7620599],[1.0161494,20.7803505],[1.0174799,20.7897391],[1.017437,20.7948745],[1.0171929,20.7966473],[1.0170481,20.7975174],[1.0168973,20.7978547],[1.0168067,20.7983022],[1.0167791,20.7987265],[1.0167718,20.7988388],[1.0167602,20.7989407]]},"properties":{"name":"Anefis - Tessalit - Algeria","highway":"primary","ref":"RN19"}},{"type":"Feature","geometry":{"type":"LineString","coordinates":[[1.3141843,21.0597188],[1.3177671,21.0574064],[1.3216208,21.0547464],[1.3331138,21.0457019],[1.3442237,21.0363979],[1.3517468,21.0277673],[1.3593165,21.0176143],[1.3646968,21.0136355],[1.3723509,21.0086078],[1.3783228,21.0058264],[1.3815951,21.0047046],[1.3886008,21.0023557],[1.3931501,21.0007583],[1.3959076,20.9994562],[1.4061212,20.9940173],[1.4152855,20.9880426],[1.4286088,20.9824074],[1.4398578,20.9795614],[1.4500594,20.9732545],[1.4639876,20.9704272],[1.4716737,20.9675999],[1.4752344,20.9668373],[1.4779773,20.9665346],[1.4807905,20.9663897],[1.4853065,20.9664091],[1.4864143,20.9664904],[1.4898858,20.9670661],[1.4943425,20.9674117],[1.4997677,20.9675984],[1.5053777,20.9677624],[1.5096983,20.9678952],[1.5140137,20.968372],[1.5168628,20.9686496],[1.5183374,20.9686848],[1.5192957,20.9686333],[1.519991,20.9685432],[1.5212318,20.9683954],[1.5227193,20.9681942],[1.5235264,20.9681046],[1.5255635,20.9678581],[1.5281138,20.9673883],[1.5306687,20.9669635],[1.5325694,20.966692],[1.5335852,20.9665358],[1.5369924,20.9663031],[1.5449935,20.9657393],[1.5497333,20.9653478],[1.5593293,20.9645974],[1.5709177,20.9637148],[1.5819093,20.9628989],[1.5870684,20.9624265],[1.5923618,20.9619453],[1.6019703,20.9611511],[1.604011,20.9609519],[1.6046852,20.9608335],[1.6063975,20.9602719],[1.6090721,20.9593258],[1.6095722,20.9591052],[1.611616,20.957963],[1.6140056,20.9565173],[1.621715,20.9516342],[1.62451,20.9497636],[1.6317032,20.9466938],[1.6331748,20.9451438],[1.6355803,20.9419118],[1.6390397,20.9358593],[1.6401064,20.9340256],[1.6415946,20.929786],[1.643395,20.9234702],[1.6457605,20.9166187],[1.648283,20.9103697],[1.6535496,20.9001119],[1.6597136,20.8904162],[1.6608937,20.8791693],[1.6614032,20.8714637],[1.6622455,20.8638915],[1.6617036,20.8578694],[1.660632,20.852029],[1.6618323,20.8470813],[1.6647347,20.8423956],[1.6659093,20.8327227],[1.6662967,20.8298416],[1.6672452,20.8217391],[1.6681838,20.8158557],[1.6677761,20.8124259],[1.6686344,20.8067696],[1.6706526,20.7992824],[1.6758025,20.7854408],[1.6786778,20.7633319],[1.6797066,20.7375526],[1.6797709,20.7284618],[1.6808451,20.7155518],[1.6814661,20.7105795],[1.6821742,20.7082513],[1.6848834,20.7056889],[1.697522,20.6989245],[1.7035675,20.6949835],[1.7059493,20.6927955],[1.7077358,20.6907046],[1.7101657,20.6874759],[1.7127085,20.6848061],[1.7168339,20.6791116],[1.7191243,20.6766557],[1.7213559,20.6752504],[1.7225575,20.6738049],[1.7233729,20.6722992],[1.7239952,20.6690268],[1.7240844,20.6643335],[1.7244975,20.6598262],[1.7247194,20.6578336],[1.7248964,20.6569],[1.7252237,20.6562977],[1.7258674,20.6555548],[1.7285154,20.6531201],[1.7323207,20.6487682],[1.7346597,20.6439491],[1.7372775,20.640656],[1.7405876,20.6380724],[1.7429209,20.6358768],[1.7442512,20.63172],[1.7472394,20.6252603],[1.7520618,20.6193091],[1.7553719,20.6143352],[1.7574262,20.6104723],[1.7576623,20.6071985],[1.7571528,20.6046344],[1.7577052,20.5970252],[1.7575657,20.5945948],[1.7576086,20.5939922],[1.7594596,20.5876415],[1.7618465,20.5814879],[1.763908,20.5760573],[1.7686732,20.5629132],[1.7704901,20.5579206],[1.772204,20.5528696],[1.7728987,20.5514456],[1.7746782,20.5467516],[1.7757726,20.5434363],[1.776309,20.5409447],[1.7767574,20.5398354],[1.777915,20.5374372],[1.7787062,20.5349325],[1.7790292,20.533005],[1.7799079,20.5296401],[1.7802598,20.528355],[1.7809636,20.526763],[1.7834544,20.5216739],[1.7853522,20.5175395],[1.7856049,20.5169401],[1.7857186,20.5167401],[1.7858978,20.5165517],[1.7863591,20.5162402],[1.7882796,20.5151349],[1.788808,20.5147707],[1.7890306,20.5145421],[1.7895161,20.5136754],[1.7901035,20.5126931],[1.7905353,20.5119872],[1.7910288,20.5112436],[1.7913722,20.5106608],[1.7919301,20.5095052],[1.7920588,20.5091635],[1.7922197,20.5086008],[1.7924021,20.5081888],[1.7925228,20.5079265],[1.7927039,20.5075854],[1.7928758,20.5073022],[1.7937969,20.5058323],[1.7940437,20.5054153],[1.7946445,20.5043099]]},"properties":{"name":"طريق الساورة","highway":"primary","ref":"RN 6"}},{"type":"Feature","geometry":{"type":"LineString","coordinates":[[0.9260535,21.3468086],[0.9263761,21.3471143],[0.930327,21.3505686],[0.9323788,21.3523625],[0.9332949,21.3532302],[0.93431,21.3543484],[0.93534,21.3555966],[0.9356832,21.3559772],[0.9362411,21.3567665],[0.9378075,21.358755],[0.9389019,21.3600539],[0.939339,21.3604462],[0.9400874,21.361118],[0.9404058,21.3613421],[0.9417558,21.3622921],[0.9432819,21.3632912],[0.9434045,21.3633763]]},"properties":{"highway":"tertiary"}},{"type":"Feature","geometry":{"type":"LineString","coordinates":[[0.957771,21.3337426],[0.9576781,21.3339353],[0.9574017,21.3346217],[0.9573258,21.3347785],[0.9571893,21.3351185],[0.9570373,21.3354718],[0.9568376,21.3358995],[0.9567021,21.3362461],[0.9565294,21.3366573],[0.9564111,21.3369262],[0.9562664,21.337216],[0.9561304,21.337541],[0.956039,21.3376244]]},"properties":{"highway":"tertiary"}},{"type":"Feature","geometry":{"type":"LineString","coordinates":[[0.9540503,21.3327211],[0.9550788,21.3329405],[0.9551705,21.3329615],[0.9559842,21.3331568],[0.9566154,21.3333161],[0.956874,21.3333769],[0.9569599,21.3333957],[0.9570564,21.3334125],[0.9574027,21.3334555],[0.9575359,21.3334752],[0.9575786,21.3334812],[0.9576198,21.3334918],[0.957678,21.3335121]]},"properties":{"name":"La route de la Saoura; طريق الساورة","highway":"primary","maxspeed":"40","ref":"RN 6"}},{"type":"Feature","geometry":{"type":"LineString","coordinates":[[0.957612,21.3336346],[0.957612,21.3336057],[0.9576192,21.3335775],[0.9576331,21.3335516],[0.9576532,21.3335294],[0.957678,21.3335121],[0.9577027,21.3335018],[0.9577291,21.3334962],[0.9577626,21.3334963],[0.957795,21.3335042],[0.9578243,21.3335193],[0.9578486,21.3335407],[0.9578665,21.3335671],[0.9578758,21.3335922],[0.957879,21.3336276],[0.9578713,21.3336624],[0.9578533,21.3336939],[0.9578278,21.3337184],[0.957801,21.3337337],[0.957771,21.3337426],[0.9577397,21.3337448],[0.9577086,21.3337402],[0.9576796,21.333729],[0.9576542,21.3337117],[0.957633,21.3336888],[0.9576192,21.3336628],[0.957612,21.3336346]]},"properties":{"highway":"primary","maxspeed":"40"}},{"type":"Feature","geometry":{"type":"LineString","coordinates":[[0.957633,21.3336888],[0.9575544,21.3336485],[0.9574719,21.3336156],[0.9573863,21.3335904],[0.9572687,21.3335613],[0.9565958,21.3333833],[0.9559659,21.3332187],[0.9551515,21.3330157],[0.9550635,21.3329929],[0.9540378,21.3327713]]},"properties":{"name":"La route de la Saoura; طريق الساورة","highway":"primary","maxspeed":"40","ref":"RN 6"}},{"type":"Feature","geometry":{"type":"LineString","coordinates":[[0.960545,21.3305182],[0.9600238,21.3310574],[0.9598451,21.3312482],[0.9593598,21.3318013],[0.9585165,21.3327225],[0.9584379,21.3328],[0.9580313,21.3332934],[0.9579362,21.3334613],[0.9578818,21.3335449],[0.9578665,21.3335671]]},"properties":{"name":"La route de la Saoura; طريق الساورة","highway":"primary","maxspeed":"40","ref":"RN 6"}},{"type":"Feature","geometry":{"type":"LineString","coordinates":[[0.9650387,21.3251902],[0.9649969,21.3251664],[0.9649533,21.3251455],[0.9649081,21.3251278],[0.9648616,21.3251133],[0.9616802,21.3241767]]},"properties":{"highway":"tertiary"}},{"type":"Feature","geometry":{"type":"LineString","coordinates":[[1.0421926,21.1862],[1.0423241,21.1861675],[1.0425154,21.1861109],[1.0430857,21.1859136],[1.0436386,21.1857784],[1.0439707,21.1857319],[1.0450492,21.1856473],[1.0462645,21.1855834],[1.0463608,21.1855783]]},"properties":{"highway":"tertiary"}},{"type":"Feature","geometry":{"type":"LineString","coordinates":[[1.0410043,21.1862915],[1.0411029,21.1862615],[1.0414861,21.1862325],[1.0420005,21.1862275],[1.0421926,21.1862]]},"properties":{"highway":"tertiary"}},{"type":"Feature","geometry":{"type":"LineString","coordinates":[[1.0385605,21.1881077],[1.037721,21.1879657]]},"properties":{"highway":"tertiary"}},{"type":"Feature","geometry":{"type":"LineString","coordinates":[[1.0385605,21.1881077],[1.0386594,21.1877621],[1.0387366,21.1873898],[1.0387905,21.1869011],[1.0388414,21.1868485],[1.0389215,21.1868327],[1.0397093,21.1868234],[1.0401668,21.1865164],[1.0403852,21.1863789],[1.0410043,21.1862915]]},"properties":{"highway":"tertiary"}},{"type":"Feature","geometry":{"type":"LineString","coordinates":[[0.9651988,21.3253023],[0.9651552,21.3253338],[0.965114,21.325368],[0.9650756,21.3254049],[0.96504,21.3254441],[0.9650074,21.3254856],[0.9646082,21.3260176],[0.9644941,21.3261792],[0.9642059,21.3265873],[0.9638954,21.3270333],[0.9638085,21.327158],[0.9634495,21.3276067],[0.9627038,21.3284612],[0.9624178,21.3287748],[0.9622253,21.3289815],[0.9621061,21.3291249],[0.9616175,21.329613],[0.9610555,21.3300803],[0.960545,21.3305182]]},"properties":{"name":"La route de la Saoura; طريق الساورة","highway":"primary","maxspeed":"40","ref":"RN 6"}},{"type":"Feature","geometry":{"type":"LineString","coordinates":[[0.967938,21.3266045],[0.9654529,21.3253241],[0.9654096,21.325306],[0.9653648,21.3252913],[0.9653188,21.3252802],[0.965272,21.3252727]]},"properties":{"highway":"secondary"}},{"type":"Feature","geometry":{"type":"LineString","coordinates":[[0.9653253,21.3251728],[0.9653181,21.3252104],[0.9652999,21.3252447],[0.965272,21.3252727],[0.9652374,21.3252921],[0.9651988,21.3253023],[0.9651489,21.3252993],[0.9651032,21.3252814],[0.9650668,21.3252502],[0.9650438,21.3252093],[0.9650387,21.3251902],[0.9650389,21.3251462],[0.9650542,21.3251047],[0.965083,21.32507],[0.9651108,21.3250511],[0.9651425,21.3250388],[0.9651831,21.3250341],[0.9652233,21.3250399],[0.9652602,21.325056],[0.9652908,21.3250811],[0.9653128,21.3251132],[0.9653208,21.3251348],[0.9653253,21.3251728]]},"properties":{"highway":"primary"}},{"type":"Feature","geometry":{"type":"LineString","coordinates":[[0.9617182,21.3241051],[0.9625878,21.3243707],[0.9629169,21.324468],[0.9631268,21.3245301],[0.9636527,21.3246855],[0.9642041,21.3248485],[0.9648753,21.3250576],[0.9649259,21.3250714],[0.9649782,21.3250781],[0.9650309,21.3250776],[0.965083,21.32507]]},"properties":{"highway":"tertiary"}},{"type":"Feature","geometry":{"type":"LineString","coordinates":[[0.9602094,21.3236833],[0.9603401,21.3236921],[0.9605189,21.3237395],[0.9610705,21.3238997],[0.961585,21.3240439]]},"properties":{"highway":"tertiary"}},{"type":"Feature","geometry":{"type":"LineString","coordinates":[[0.9653208,21.3251348],[0.9653762,21.3251912],[0.9654048,21.325215],[0.9654411,21.3252393],[0.967859,21.3264719],[0.9678782,21.3264876],[0.9678917,21.3265031],[0.9679037,21.3265225],[0.967938,21.3266045]]},"properties":{"highway":"secondary"}},{"type":"Feature","geometry":{"type":"LineString","coordinates":[[0.9575876,21.3339061],[0.9575552,21.3338346],[0.9575135,21.3337674],[0.9574632,21.3337056],[0.957405,21.3336501],[0.9572687,21.3335613]]},"properties":{"highway":"primary_link"}},{"type":"Feature","geometry":{"type":"LineString","coordinates":[[0.9574027,21.3334555],[0.9575804,21.3334034],[0.9576649,21.3333669],[0.9577458,21.3333237],[0.9578224,21.3332742]]},"properties":{"highway":"primary_link"}},{"type":"Feature","geometry":{"type":"LineString","coordinates":[[0.9577027,21.3335018],[0.9578224,21.3332742],[0.9582497,21.3327223],[0.9583271,21.3326453],[0.9585054,21.3324424],[0.9592574,21.3317086],[0.9594208,21.3315293],[0.9599078,21.331041],[0.9603327,21.3306149],[0.9604519,21.3304811],[0.9608102,21.3301627],[0.9609696,21.3300272],[0.9614941,21.3295812],[0.9615773,21.3295106],[0.9618857,21.3292157],[0.9621592,21.3289225],[0.9621915,21.3288859],[0.9623292,21.3287373],[0.9624839,21.3285711],[0.9630015,21.3279915],[0.9634039,21.3275193],[0.9637392,21.327132],[0.963822,21.3270081],[0.9640154,21.3267272],[0.9641422,21.3265442],[0.9645465,21.3259602],[0.9649359,21.3254236],[0.9649641,21.3253839],[0.9649891,21.3253424],[0.9650107,21.3252993],[0.965029,21.3252549],[0.9650438,21.3252093]]},"properties":{"name":"La route de la Saoura; طريق الساورة","highway":"primary","maxspeed":"40","ref":"RN 6"}},{"type":"Feature","geometry":{"type":"LineString","coordinates":[[0.9780416,21.3284592],[0.9783144,21.3285305],[0.9785496,21.3285999],[0.978779,21.3286704],[0.9826103,21.3300612],[0.983387,21.3303164],[0.9835274,21.3303604],[0.9906256,21.3325837],[0.9978998,21.3347723],[1.0019123,21.3356417],[1.0027277,21.3357017],[1.0033822,21.3355018],[1.0076094,21.3333132],[1.0084462,21.3330134],[1.0096264,21.3327536],[1.0104096,21.3327336],[1.0143042,21.3327436],[1.0158276,21.3325937],[1.0186056,21.3322606],[1.0207798,21.3320545],[1.0220467,21.3320178],[1.0332138,21.3319777],[1.0372266,21.3321246],[1.0495508,21.332694],[1.0543128,21.3329236],[1.0626538,21.3329328],[1.0652764,21.3329328],[1.0661145,21.3329879],[1.0673075,21.3331165],[1.0709751,21.3336308],[1.0720104,21.3336951],[1.073016,21.3336032],[1.0741006,21.3334012],[1.0823134,21.331693],[1.0850149,21.3313073],[1.0925868,21.3304899],[1.0992912,21.3298286],[1.1015687,21.3297276],[1.110383,21.3295531],[1.1130746,21.3293511],[1.1200156,21.3286163],[1.1229832,21.3284602],[1.1292119,21.3281076],[1.129658,21.3280837],[1.137654,21.3272938],[1.139547,21.3272112],[1.1431555,21.3271101],[1.1476316,21.3270275],[1.1494556,21.3269081],[1.1613854,21.3258795],[1.1637123,21.3257141],[1.165556,21.3256682],[1.1691842,21.3255948],[1.1713533,21.3254478],[1.1732167,21.3252457],[1.1808281,21.3242814],[1.1851958,21.3239691],[1.1873648,21.3235926],[1.189179,21.3230691],[1.1930636,21.3219577],[1.194858,21.3213883],[1.1958538,21.3210025],[1.2064723,21.3163367],[1.2078822,21.3157121],[1.209578,21.3147294],[1.2109879,21.3137557],[1.2116583,21.3131771],[1.2123189,21.3127178],[1.2133837,21.3118269],[1.2146753,21.3107981],[1.2208472,21.3067015],[1.222543,21.3055074],[1.2324267,21.2971841],[1.2330103,21.2968322],[1.2339545,21.2964164],[1.2349158,21.2961285],[1.2357761,21.2959529],[1.2398768,21.2949449],[1.2428294,21.2939853],[1.2497817,21.2916181],[1.2569743,21.288851],[1.259326,21.2874915],[1.2609771,21.2862439],[1.2613947,21.2859611],[1.2618286,21.2856885],[1.2622543,21.2854647],[1.2626956,21.2852664],[1.2630856,21.2851263],[1.2634993,21.2850078],[1.2642376,21.2848712],[1.2648068,21.2847841],[1.2654352,21.2847385],[1.266661,21.2847234],[1.2699323,21.2846482],[1.2722178,21.2846923],[1.2771788,21.2851562],[1.2803717,21.2854121],[1.2819682,21.28586],[1.2846633,21.2868517],[1.2897616,21.288947],[1.2911486,21.2894163],[1.2935725,21.2899867],[1.2971087,21.2906424],[1.2988253,21.2910423],[1.3008681,21.29181],[1.3053656,21.2935534],[1.3079749,21.2942252],[1.3123522,21.2952168],[1.314189,21.2956806],[1.315837,21.2962564],[1.3192015,21.2975999],[1.3216219,21.2983996],[1.3307543,21.3008946],[1.3326254,21.3012464],[1.3392687,21.3021581],[1.3434744,21.3024619],[1.3471652,21.3024779],[1.3569155,21.3026539],[1.3718736,21.3017601],[1.3749635,21.3013442],[1.3784654,21.3006565],[1.3936231,21.2978736],[1.3965928,21.2974098],[1.4064462,21.2960823],[1.4121282,21.2953786],[1.4243548,21.294339],[1.4255178,21.2942264],[1.426617,21.2940841],[1.4343068,21.2930114],[1.4371564,21.2922597],[1.4443147,21.2897486],[1.4470098,21.2890928],[1.4519021,21.2881171],[1.4550607,21.2875253],[1.4635579,21.2867096],[1.4698579,21.2864696],[1.4781491,21.285206],[1.4941137,21.2834945],[1.5019929,21.2833986],[1.5037095,21.2831586],[1.510782,21.2820709],[1.520807,21.2800235],[1.5281026,21.2784879],[1.5339219,21.2770643],[1.5542123,21.2722654],[1.5582978,21.2709217],[1.5690095,21.2674663],[1.5823304,21.263627],[1.585489,21.2623952],[1.5880124,21.2611953],[1.5897462,21.2606514],[1.5916051,21.2605614],[1.5935571,21.2603954],[1.5952909,21.2605714],[1.5977113,21.2611633],[1.6021058,21.2622832],[1.6051099,21.263403],[1.6098649,21.2653067],[1.6158387,21.2680902],[1.6186711,21.269034],[1.6256234,21.2714975],[1.6321122,21.2734171],[1.6367986,21.2743129],[1.6429097,21.2754486],[1.6450898,21.2760085],[1.6478536,21.2770163],[1.6540162,21.2793357],[1.656471,21.2805673],[1.6641957,21.285126],[1.6671998,21.2862937],[1.6703584,21.2876373],[1.6732595,21.2896846],[1.6759374,21.2907722],[1.6782376,21.2916999],[1.6806581,21.2930914],[1.6880223,21.2992651],[1.6957299,21.3045749],[1.6981504,21.3066859],[1.7020986,21.3110359],[1.7038495,21.3135307],[1.7119176,21.325924],[1.7155568,21.3308171],[1.7167756,21.3328159],[1.7193334,21.3376448],[1.7208955,21.3398833],[1.7232816,21.3422816],[1.7256848,21.3440244],[1.7332551,21.3483093],[1.7372548,21.3497163],[1.743572,21.3510593],[1.7483442,21.3516988],[1.7583863,21.3528659],[1.7660939,21.3533935],[1.781389,21.3545766],[1.7867105,21.3548804],[1.7990014,21.3552001],[1.8115155,21.3544327],[1.8252485,21.3536813],[1.8313596,21.3535054],[1.8353765,21.3533775],[1.8394963,21.3535694],[1.849281,21.354001],[1.855993,21.3543048],[1.857229,21.3547045],[1.8589971,21.3556637],[1.8617265,21.3570387],[1.8659837,21.3587653],[1.8706186,21.3606677],[1.8732965,21.3622344],[1.8747728,21.3637852],[1.8799398,21.369764],[1.8812959,21.3719541],[1.8822915,21.3737285],[1.8856389,21.3824403],[1.8864286,21.3839429],[1.8885228,21.3861007],[1.8907201,21.3876192],[1.8995778,21.3935492],[1.9007451,21.3947319],[1.9022386,21.396522],[1.9078004,21.4026114],[1.9099805,21.4044334],[1.9137742,21.4069905],[1.9156625,21.4085248],[1.9173791,21.4104905],[1.921808,21.415988],[1.9251039,21.4207982],[1.9271295,21.4225401],[1.9308717,21.4257201],[1.9318502,21.4267268],[1.9329831,21.4282129],[1.9401242,21.4385673],[1.9419954,21.4405646],[1.9454286,21.4443194],[1.9512479,21.4513015],[1.9545781,21.4541614],[1.9558313,21.4558869],[1.9590928,21.4605679],[1.9613244,21.4622933],[1.9661138,21.4653287],[1.9703023,21.4686675],[1.9737184,21.4714152],[1.9836232,21.478396],[1.9870393,21.480888],[1.9889276,21.4829326],[1.9918973,21.4867662],[1.9950559,21.4896094],[2.0008924,21.4943213],[2.0030553,21.4957109],[2.0118444,21.5000233],[2.0141618,21.5017003],[2.0197065,21.5049265],[2.0456445,21.5174154],[2.0523736,21.5202101],[2.0569055,21.5224458],[2.0599782,21.5241385],[2.0629308,21.5251286],[2.0655401,21.5257514],[2.071531,21.5276676],[2.0743463,21.5283064],[2.079582,21.5290569],[2.0844228,21.5305899],[2.0936754,21.5334162],[2.1057432,21.536482],[2.111202,21.5371048],[2.115545,21.5380788],[2.125776,21.5417832],[2.1316125,21.5442262],[2.1480233,21.551922],[2.1507699,21.552832],[2.1559713,21.5539337],[2.1633355,21.5549714],[2.165756,21.555626],[2.1778753,21.558883],[2.1944063,21.5626507],[2.2121732,21.5658596],[2.217529,21.5666738],[2.2384717,21.5701061],[2.2547281,21.5733946],[2.2586934,21.5739214],[2.2685811,21.5752464],[2.2705381,21.575837],[2.2723062,21.5768746],[2.2752759,21.5791733],[2.2784345,21.5808015],[2.2855069,21.5844569],[2.2877729,21.5868034],[2.2892492,21.5880006],[2.2960812,21.5931381],[2.2975061,21.5942096],[2.3111188,21.6041213],[2.3132131,21.605813],[2.3178823,21.6102179],[2.322397,21.6133779],[2.3241136,21.6148781],[2.3358209,21.6246447],[2.3408162,21.6304054],[2.3448503,21.6338361],[2.3489015,21.6388465],[2.3574331,21.6480212],[2.3620679,21.6540203],[2.3664968,21.6600191],[2.3718183,21.6691605],[2.3723415,21.669812],[2.3730199,21.6704048],[2.3738239,21.6710627],[2.3747194,21.6715853],[2.3772428,21.6723989],[2.3806073,21.6731487],[2.3821158,21.6732424],[2.3979623,21.674042],[2.3997648,21.6742813],[2.4069402,21.6754618],[2.409601,21.6755256],[2.4241235,21.675063],[2.4265954,21.6746642],[2.4324148,21.6737549],[2.434715,21.6736113],[2.4454439,21.673037],[2.4513147,21.6721277],[2.4545419,21.6720639],[2.4573228,21.6721277],[2.4598291,21.6717927],[2.4625242,21.6711067],[2.4850118,21.6683628],[2.4930284,21.6668313],[2.495157,21.6667037],[2.4974744,21.6668632],[2.5152585,21.667751]]},"properties":{"highway":"secondary"}},{"type":"Feature","geometry":{"type":"LineString","coordinates":[[1.0354799,20.8723494],[1.0356328,20.8728364],[1.0369744,20.8746977],[1.0377957,20.8759589],[1.0397402,20.8783321],[1.0399679,20.8799275],[1.0410168,20.8847056],[1.0415453,20.8857312],[1.041773,20.8869238],[1.0417486,20.8917025],[1.0418949,20.8937234],[1.0424316,20.8974898],[1.04283,20.898219],[1.0432122,20.8996091],[1.0442692,20.9040013],[1.0448871,20.9051407],[1.046561,20.9084186],[1.0466505,20.9095275],[1.0471139,20.9119509],[1.0474067,20.913394],[1.0475693,20.9145563],[1.0480897,20.9161665],[1.0490003,20.9180027],[1.0496394,20.9199712],[1.0503956,20.9227965],[1.0516315,20.9259412],[1.0532289,20.9297613],[1.0538306,20.931022],[1.054164,20.9324194],[1.0560576,20.9370453],[1.0564967,20.938921],[1.0576838,20.9411229],[1.0615239,20.9463755],[1.0651581,20.9518365],[1.0662639,20.9535906],[1.0685825,20.9575519],[1.0697371,20.9592528],[1.0714755,20.961688],[1.0728171,20.9644366],[1.0746559,20.9681657],[1.0757129,20.9698437],[1.0765667,20.9710433],[1.0782655,20.9733626],[1.0797941,20.9757921],[1.0817188,20.9789939],[1.0824181,20.9806945],[1.0827433,20.9820003],[1.0830035,20.9855885],[1.083345,20.9895459],[1.0846283,20.9980391],[1.0854089,21.0017053],[1.0860268,21.0037472],[1.0862951,21.0077436],[1.0867911,21.0145272],[1.0876286,21.0175997],[1.0876855,21.0190114],[1.0880026,21.0216823],[1.0874335,21.0230408],[1.0871082,21.0241945],[1.0873928,21.0254534],[1.0881734,21.0275557],[1.0887669,21.0307821],[1.0887995,21.0322469],[1.0898438,21.0345306],[1.089982,21.0353122],[1.089299,21.0369211],[1.0893559,21.0374675],[1.0902585,21.0390909],[1.0902829,21.0400623],[1.0897218,21.0409654],[1.0885672,21.0421391],[1.088307,21.0432774],[1.0884127,21.0447013],[1.0888356,21.0468413],[1.0885266,21.0482113],[1.0882257,21.0489322],[1.0886404,21.0508961],[1.0892909,21.0522924],[1.0900715,21.0533699],[1.090356,21.0543162],[1.0906894,21.0556897]]},"properties":{"highway":"tertiary"}},{"type":"Feature","geometry":{"type":"LineString","coordinates":[[0.923109,21.3555517],[0.9231253,21.3555128],[0.923145,21.3554879],[0.9231722,21.3554621],[0.923312,21.3553084],[0.9233619,21.3552501],[0.9234078,21.3551889],[0.9234492,21.3551251],[0.9234864,21.355059]]},"properties":{"highway":"primary"}},{"type":"Feature","geometry":{"type":"LineString","coordinates":[[0.9235731,21.3551911],[0.923515,21.3552302],[0.9234586,21.3552722],[0.9234041,21.3553165],[0.9233519,21.355363],[0.9232069,21.3554953],[0.9231793,21.3555173],[0.9231487,21.3555355],[0.923109,21.3555517]]},"properties":{"highway":"primary"}},{"type":"Feature","geometry":{"type":"LineString","coordinates":[[0.9236262,21.3549126],[0.9236645,21.3549127],[0.9237016,21.3549213],[0.9237354,21.3549379],[0.9237641,21.3549615],[0.9237857,21.3549909],[0.9237993,21.3550243],[0.9238038,21.3550597],[0.9237991,21.3550951],[0.9237854,21.3551284],[0.9237636,21.3551577],[0.9237348,21.3551813],[0.9237009,21.3551977],[0.9236637,21.3552062],[0.9236254,21.355206],[0.9235882,21.3551973],[0.9235731,21.3551911],[0.9235439,21.3551732],[0.9235196,21.3551499],[0.9235014,21.3551221],[0.9234902,21.3550913],[0.9234864,21.355059],[0.9234911,21.3550237],[0.9235047,21.3549904],[0.9235265,21.3549612],[0.9235552,21.3549376],[0.9235891,21.3549211],[0.9236262,21.3549126]]},"properties":{"highway":"primary"}},{"type":"Feature","geometry":{"type":"LineString","coordinates":[[0.9259871,21.3468652],[0.9259468,21.3468944],[0.9259263,21.3469109],[0.9259089,21.3469302],[0.9258951,21.3469519],[0.9256403,21.3475006],[0.9253152,21.3481943],[0.924819,21.349261],[0.9241404,21.3507274],[0.9237137,21.3517508],[0.923655,21.3518998],[0.9236054,21.3520516],[0.9235649,21.3522057],[0.9235337,21.3523616],[0.9235118,21.352519],[0.9234994,21.3526772],[0.9234966,21.3528359],[0.9235032,21.3529944],[0.9235114,21.3531569],[0.9235758,21.3538813],[0.923671,21.3547369],[0.9236799,21.3547889],[0.9236947,21.3548397],[0.9237153,21.3548887],[0.9237354,21.3549379]]},"properties":{"name":"La route de la Saoura; طريق الساورة","highway":"primary","ref":"RN 6"}},{"type":"Feature","geometry":{"type":"LineString","coordinates":[[0.9235265,21.3549612],[0.923544,21.3548934],[0.9235543,21.3548406],[0.9235602,21.3547895],[0.9235623,21.3547381],[0.9234926,21.3538938],[0.9234203,21.3531492],[0.9234081,21.3529884],[0.9234048,21.3528272],[0.9234103,21.3526661],[0.9234248,21.3525054],[0.923448,21.3523456],[0.923476,21.3521828],[0.9235161,21.3520268],[0.9235701,21.351876],[0.9236279,21.351724],[0.9239028,21.3510667],[0.9240572,21.3506975],[0.9247465,21.3492261],[0.9252387,21.3481494],[0.9256604,21.3472434],[0.9258051,21.346909],[0.9258121,21.3468819],[0.9258158,21.3468543],[0.9258162,21.3468264],[0.925815,21.346775]]},"properties":{"name":"La route de la Saoura; طريق الساورة","highway":"primary","ref":"RN 6"}},{"type":"Feature","geometry":{"type":"LineString","coordinates":[[0.9259318,21.3465733],[0.9259764,21.346575],[0.9260191,21.346587],[0.9260574,21.3466084],[0.9260888,21.346638]]},"properties":{"highway":"primary_link"}},{"type":"Feature","geometry":{"type":"LineString","coordinates":[[0.9259871,21.3468652],[0.9259453,21.3468638],[0.925905,21.3468533],[0.9258686,21.3468342],[0.925838,21.3468076],[0.925815,21.346775]]},"properties":{"highway":"primary_link"}},{"type":"Feature","geometry":{"type":"LineString","coordinates":[[0.9559659,21.3332187],[0.9559842,21.3331568]]},"properties":{"highway":"primary_link"}},{"type":"Feature","geometry":{"type":"LineString","coordinates":[[0.9566154,21.3333161],[0.9565958,21.3333833]]},"properties":{"highway":"primary_link"}},{"type":"Feature","geometry":{"type":"LineString","coordinates":[[0.9383033,21.3328967],[0.9383318,21.3329127],[0.9383565,21.3329335],[0.9383767,21.3329582],[0.9383914,21.332986],[0.9384003,21.3330159]]},"properties":{"highway":"primary_link"}},{"type":"Feature","geometry":{"type":"LineString","coordinates":[[0.9381993,21.3331785],[0.9381672,21.3331669],[0.9381382,21.3331495],[0.9381134,21.3331271],[0.9380939,21.3331007],[0.9380804,21.3330711],[0.9380735,21.3330396]]},"properties":{"highway":"primary_link"}},{"type":"Feature","geometry":{"type":"LineString","coordinates":[[0.9241892,21.3615033],[0.9242795,21.3615062]]},"properties":{"highway":"tertiary_link"}},{"type":"Feature","geometry":{"type":"LineString","coordinates":[[0.9242795,21.3615062],[0.9243873,21.3615223],[0.9244903,21.3615558],[0.9245855,21.3616055],[0.9246699,21.3616699]]},"properties":{"highway":"tertiary"}},{"type":"Feature","geometry":{"type":"LineString","coordinates":[[0.9246699,21.3616699],[0.9245764,21.3616842],[0.9244817,21.3616891],[0.924387,21.3616846],[0.9242933,21.3616707]]},"properties":{"highway":"tertiary"}},{"type":"Feature","geometry":{"type":"LineString","coordinates":[[0.9546247,21.3314814],[0.9545896,21.3315869]]},"properties":{"highway":"tertiary_link"}},{"type":"Feature","geometry":{"type":"LineString","coordinates":[[0.9489539,21.3269576],[0.9489846,21.3268856]]},"properties":{"highway":"tertiary_link"}},{"type":"Feature","geometry":{"type":"LineString","coordinates":[[0.9462802,21.3263775],[0.9463018,21.3263172]]},"properties":{"highway":"tertiary_link"}},{"type":"Feature","geometry":{"type":"LineString","coordinates":[[0.9460826,21.3262929],[0.9461405,21.3262906],[0.9461687,21.3262909],[0.9461966,21.3262949],[0.9463018,21.3263172],[0.9464618,21.3263511],[0.9469966,21.3264644],[0.9472965,21.3265388],[0.9473902,21.3265594],[0.9480021,21.3266756],[0.9483137,21.3267435],[0.9488025,21.326847],[0.9489846,21.3268856],[0.9496877,21.3270346],[0.9500505,21.3271114],[0.9502952,21.3271633],[0.9507695,21.3272637],[0.9514633,21.3274107],[0.9520287,21.3275328],[0.9521054,21.3275472]]},"properties":{"name":"Rue Alwasie; الشارع الواسع","highway":"tertiary"}},{"type":"Feature","geometry":{"type":"LineString","coordinates":[[0.9520884,21.3276139],[0.9520138,21.3275972],[0.9514432,21.3274877],[0.9507451,21.327339],[0.9502721,21.3272383],[0.9500282,21.3271863],[0.9496625,21.3271085],[0.9489539,21.3269576],[0.9487736,21.3269192],[0.9484713,21.3268548],[0.9482665,21.3268139],[0.9479617,21.3267511],[0.9473659,21.3266274],[0.9472735,21.3266066],[0.9469702,21.3265324],[0.9464393,21.3264132],[0.9462802,21.3263775],[0.9461811,21.3263484],[0.9461533,21.3263381],[0.9461291,21.3263268],[0.9460826,21.3262929]]},"properties":{"name":"Rue Alwasie; الشارع الواسع","highway":"tertiary"}},{"type":"Feature","geometry":{"type":"LineString","coordinates":[[0.955678,21.3319187],[0.9557173,21.3318147]]},"properties":{"highway":"tertiary_link"}},{"type":"Feature","geometry":{"type":"LineString","coordinates":[[0.9237348,21.3551813],[0.9237263,21.3552677],[0.9237224,21.3553545],[0.9237233,21.3554413],[0.9237855,21.3561275],[0.9242322,21.3610543],[0.9242795,21.3615062],[0.9242933,21.3616707],[0.9247572,21.3666734],[0.9247593,21.3667215],[0.9247571,21.3667742],[0.9247445,21.3668819]]},"properties":{"highway":"tertiary"}},{"type":"Feature","geometry":{"type":"LineString","coordinates":[[0.9247445,21.3668819],[0.9247021,21.3667784],[0.9246855,21.3667346],[0.9246734,21.3666796],[0.9241892,21.3615033],[0.924143,21.3610568],[0.9236305,21.3554501],[0.9236187,21.3553655],[0.9236046,21.3552813],[0.9235882,21.3551973]]},"properties":{"highway":"tertiary"}},{"type":"Feature","geometry":{"type":"LineString","coordinates":[[0.9597234,21.323528],[0.9600176,21.3236201],[0.960116,21.3236509],[0.9602094,21.3236833]]},"properties":{"highway":"tertiary"}},{"type":"Feature","geometry":{"type":"LineString","coordinates":[[0.9615471,21.3241155],[0.9610415,21.3239744],[0.9604874,21.3238094],[0.9603207,21.3237577],[0.9602094,21.3236833]]},"properties":{"highway":"tertiary"}},{"type":"Feature","geometry":{"type":"LineString","coordinates":[[0.9615557,21.324075],[0.961585,21.3240439],[0.961627,21.3240306],[0.9616705,21.3240387],[0.9617039,21.3240659],[0.9617182,21.3241051],[0.9617095,21.3241456],[0.9616802,21.3241767],[0.9616382,21.32419],[0.9615947,21.3241819],[0.9615613,21.3241547],[0.9615471,21.3241155],[0.9615557,21.324075]]},"properties":{"highway":"tertiary"}},{"type":"Feature","geometry":{"type":"LineString","coordinates":[[0.959885,21.3240265],[0.9599742,21.3240574]]},"properties":{"highway":"tertiary_link"}},{"type":"Feature","geometry":{"type":"LineString","coordinates":[[0.9596642,21.3247482],[0.9597451,21.3247735]]},"properties":{"highway":"tertiary_link"}},{"type":"Feature","geometry":{"type":"LineString","coordinates":[[0.9594961,21.3252594],[0.959578,21.3252869]]},"properties":{"highway":"tertiary_link"}},{"type":"Feature","geometry":{"type":"LineString","coordinates":[[0.9602973,21.3229761],[0.9602447,21.3232198],[0.960116,21.3236509],[0.9599742,21.3240574],[0.9598425,21.3244846],[0.9597451,21.3247735],[0.9596809,21.3249694],[0.959578,21.3252869],[0.9594812,21.325615],[0.959278,21.3262495],[0.9592089,21.3264382],[0.959078,21.3268385],[0.9589481,21.3272187],[0.9588349,21.3275196],[0.9587758,21.3275714]]},"properties":{"highway":"tertiary"}},{"type":"Feature","geometry":{"type":"LineString","coordinates":[[0.9587241,21.3277213],[0.9587636,21.327608],[0.9587758,21.3275714]]},"properties":{"highway":"tertiary"}},{"type":"Feature","geometry":{"type":"LineString","coordinates":[[0.9691343,21.3150002],[0.9683554,21.3157171],[0.9681622,21.3158949],[0.9679547,21.3160901],[0.9678767,21.3161634],[0.9673808,21.3166248],[0.9670869,21.3168988],[0.9665941,21.3173586],[0.9660676,21.3177996],[0.9658068,21.3180444],[0.9652075,21.318595],[0.9646824,21.3190907],[0.9640192,21.3196944],[0.963649,21.320031],[0.9631487,21.3205025],[0.9627816,21.3208331],[0.9626207,21.3210092],[0.9625328,21.3210643],[0.9624404,21.3210988],[0.9622908,21.3211429],[0.9621996,21.3211891],[0.9621169,21.3212523],[0.9617838,21.3215792],[0.9614825,21.3218873],[0.9614025,21.321962],[0.9610378,21.3223127],[0.9607777,21.3225708],[0.9605451,21.3227648],[0.9602973,21.3229761],[0.9601455,21.3231202],[0.9597234,21.323528],[0.9594721,21.3237584],[0.9592663,21.3239376],[0.95873,21.3244132],[0.9585175,21.3245831],[0.9579521,21.3249775],[0.9575401,21.325291],[0.9573706,21.3254046],[0.9563081,21.3262943],[0.9562263,21.3263081]]},"properties":{"highway":"tertiary"}},{"type":"Feature","geometry":{"type":"LineString","coordinates":[[0.9711005,21.3166471],[0.9710347,21.3165927],[0.9691343,21.3150002],[0.9690643,21.3149415],[0.9687494,21.3146711],[0.9684831,21.3144424],[0.9681709,21.3142151],[0.9678083,21.3140409],[0.967414,21.3139159],[0.9672668,21.3138725],[0.9670391,21.3138054],[0.9669947,21.3137923],[0.9665519,21.3136619],[0.9657368,21.3134218],[0.965349,21.3133075],[0.9649604,21.3131931],[0.9644147,21.3130323],[0.9640293,21.3129188],[0.9636804,21.312816],[0.9632822,21.3126987],[0.9628778,21.3125796],[0.9624871,21.3124645],[0.9620828,21.3123454],[0.9617081,21.312235],[0.96134,21.3121266],[0.9610892,21.3120527],[0.9606867,21.3119341],[0.960275,21.3118128],[0.9598599,21.3116906],[0.9594907,21.3115818],[0.959153,21.3114823],[0.9587732,21.3113704],[0.9584049,21.3112619],[0.9580253,21.3111501],[0.9576811,21.3110487],[0.9572954,21.3109351],[0.9569404,21.3108305],[0.9565484,21.310715],[0.9561926,21.3106102],[0.9558263,21.3105023],[0.9554651,21.3103959],[0.9543812,21.310077],[0.95374,21.3098884],[0.9531815,21.3098634],[0.9528625,21.3099],[0.9526346,21.3099769],[0.9520273,21.3099531],[0.9509015,21.3098219],[0.9504337,21.3097814],[0.9499839,21.3097556],[0.9488917,21.3097434]]},"properties":{"highway":"tertiary"}},{"type":"Feature","geometry":{"type":"LineString","coordinates":[[0.9561051,21.3264027],[0.9561384,21.3263756],[0.9561637,21.3263561],[0.9562263,21.3263081]]},"properties":{"highway":"tertiary"}},{"type":"Feature","geometry":{"type":"LineString","coordinates":[[0.938363,21.3331016],[0.9383791,21.3331566],[0.938396,21.3332114],[0.9384134,21.3332661]]},"properties":{"highway":"tertiary"}},{"type":"Feature","geometry":{"type":"LineString","coordinates":[[0.9384134,21.3332661],[0.9390615,21.3346643],[0.9402875,21.3375021],[0.9404036,21.3378238],[0.9404914,21.338135],[0.9405763,21.3384884],[0.9408543,21.3397886],[0.9409468,21.3400962],[0.9410478,21.3403591],[0.9411624,21.3405864],[0.9413116,21.3408229],[0.9414792,21.3410582],[0.9416665,21.3412648],[0.9418464,21.3414519],[0.9420868,21.3416471],[0.9483758,21.3463086]]},"properties":{"highway":"tertiary"}},{"type":"Feature","geometry":{"type":"LineString","coordinates":[[0.9487496,21.3464644],[0.9487537,21.3465012],[0.9487443,21.3465372],[0.9487225,21.3465681],[0.9486908,21.3465904],[0.9486529,21.3466014],[0.9486144,21.3466002],[0.9485784,21.3465874],[0.9485489,21.3465644],[0.9485291,21.3465336],[0.9485212,21.3465002],[0.948525,21.3464658],[0.9485402,21.3464343],[0.9485653,21.3464088],[0.9485977,21.346392],[0.9486341,21.3463855],[0.9486721,21.3463904],[0.9487064,21.3464065],[0.9487332,21.3464321],[0.9487496,21.3464644]]},"properties":{"highway":"tertiary"}},{"type":"Feature","geometry":{"type":"LineString","coordinates":[[0.9485212,21.3465002],[0.9484925,21.3464477],[0.9484584,21.346398],[0.9484194,21.3463515],[0.9483758,21.3463086]]},"properties":{"highway":"tertiary"}},{"type":"Feature","geometry":{"type":"LineString","coordinates":[[0.9486341,21.3463855],[0.9487015,21.3463395],[0.9487646,21.3462884],[0.9488231,21.3462328]]},"properties":{"highway":"tertiary"}},{"type":"Feature","geometry":{"type":"LineString","coordinates":[[0.9488231,21.3462328],[0.9495928,21.3451635],[0.950002,21.3447044],[0.9507069,21.3440019],[0.9516892,21.342887],[0.951704,21.3428702],[0.9525929,21.3419281],[0.9532313,21.3412521],[0.953334,21.3411435],[0.9541551,21.340274],[0.9542772,21.3401613],[0.9543911,21.3400562],[0.9545359,21.3399185],[0.9546801,21.3397729],[0.9548995,21.3395295],[0.9551031,21.3392666],[0.9553368,21.3388679],[0.9555165,21.3385497],[0.9558431,21.3379713],[0.956039,21.3376244]]},"properties":{"highway":"tertiary"}},{"type":"Feature","geometry":{"type":"LineString","coordinates":[[0.9745798,21.3380603],[0.9745882,21.338073],[0.9745981,21.3380878],[0.9746061,21.3381194],[0.974603,21.3381517],[0.9745948,21.3381691],[0.974589,21.3381814],[0.9745656,21.3382055],[0.9745353,21.3382214],[0.9745011,21.3382275],[0.9744666,21.3382233],[0.9744337,21.338208],[0.9744082,21.3381834],[0.974393,21.3381523],[0.9743898,21.3381183],[0.9743989,21.3380852],[0.9744194,21.3380568],[0.9744489,21.3380364],[0.9744839,21.3380263],[0.9745206,21.3380277],[0.974553,21.3380395],[0.9745798,21.3380603]]},"properties":{"highway":"tertiary"}},{"type":"Feature","geometry":{"type":"LineString","coordinates":[[0.9744082,21.3381834],[0.9740149,21.338134],[0.9738556,21.3380831],[0.9740461,21.3380529],[0.9743483,21.3380871],[0.9743989,21.3380852]]},"properties":{"highway":"tertiary"}},{"type":"Feature","geometry":{"type":"LineString","coordinates":[[0.9752979,21.3354151],[0.9753123,21.3353934],[0.9753247,21.3353707],[0.975335,21.335347],[0.9753432,21.3353227],[0.9773954,21.3287602],[0.9774094,21.3287035],[0.9774155,21.3286457],[0.9774134,21.3285876],[0.9774032,21.3285302]]},"properties":{"highway":"tertiary"}},{"type":"Feature","geometry":{"type":"LineString","coordinates":[[0.967938,21.3266045],[0.9691505,21.3272177],[0.9702302,21.327691],[0.9705142,21.3277815],[0.9708243,21.3278372],[0.9711605,21.327872],[0.9763759,21.3282698]]},"properties":{"highway":"secondary"}},{"type":"Feature","geometry":{"type":"LineString","coordinates":[[0.9777413,21.3282739],[0.9777628,21.3283113],[0.9777785,21.3283736],[0.9777726,21.3284374],[0.9777458,21.3284962],[0.9777061,21.3285402],[0.9776547,21.3285721],[0.977596,21.3285895],[0.9775433,21.3285915],[0.9774917,21.3285818],[0.9774441,21.328561],[0.9774032,21.3285302],[0.9773714,21.3284912],[0.9773505,21.3284462],[0.9773416,21.3283814],[0.9773552,21.3283174],[0.9773755,21.3282755],[0.9774306,21.3282242],[0.9774801,21.3281987],[0.977535,21.3281858],[0.977599,21.3281877],[0.9776597,21.3282068],[0.977712,21.3282414],[0.9777413,21.3282739]]},"properties":{"highway":"secondary"}},{"type":"Feature","geometry":{"type":"LineString","coordinates":[[0.9763759,21.3282698],[0.9764164,21.328262],[0.9764585,21.3282565],[0.9765009,21.3282545],[0.9765433,21.3282561],[0.9766129,21.32826],[0.9771306,21.3283086],[0.9771931,21.3283127],[0.9772556,21.3283084],[0.9773168,21.328296],[0.9773755,21.3282755]]},"properties":{"highway":"secondary"}},{"type":"Feature","geometry":{"type":"LineString","coordinates":[[0.977596,21.3285895],[0.977563,21.32862],[0.9775342,21.3286539],[0.9775097,21.3286907],[0.9774901,21.3287299],[0.9774756,21.3287709],[0.975686,21.3344862],[0.9754166,21.3353382],[0.975408,21.3353626],[0.975402,21.3353878],[0.9753988,21.3354133],[0.9753983,21.335439]]},"properties":{"highway":"tertiary"}},{"type":"Feature","geometry":{"type":"LineString","coordinates":[[0.9777628,21.3283113],[0.9778276,21.3283559],[0.9778959,21.3283955],[0.9779674,21.32843],[0.9780416,21.3284592]]},"properties":{"highway":"secondary"}},{"type":"Feature","geometry":{"type":"LineString","coordinates":[[0.9753983,21.335439],[0.975409,21.3354657],[0.9754107,21.335495],[0.975401,21.3355211],[0.9753818,21.3355422],[0.9753558,21.3355554],[0.9753296,21.3355589],[0.9753036,21.3355544],[0.9752805,21.3355422],[0.975263,21.3355237],[0.9752527,21.3355001],[0.9752515,21.3354746],[0.9752596,21.3354502],[0.975276,21.3354298],[0.9752979,21.3354151],[0.9753248,21.3354096],[0.9753515,21.3354117],[0.975376,21.335422],[0.9753983,21.335439]]},"properties":{"highway":"tertiary"}},{"type":"Feature","geometry":{"type":"LineString","coordinates":[[0.9744489,21.3380364],[0.9745175,21.3379388],[0.9752467,21.3356165],[0.9752549,21.3355852],[0.9752598,21.335557],[0.975263,21.3355237]]},"properties":{"highway":"tertiary"}},{"type":"Feature","geometry":{"type":"LineString","coordinates":[[0.9753558,21.3355554],[0.9753433,21.3355847],[0.975332,21.3356143],[0.9753219,21.3356443],[0.9746005,21.337945],[0.9745941,21.33801],[0.9745882,21.338073]]},"properties":{"highway":"tertiary"}},{"type":"Feature","geometry":{"type":"LineString","coordinates":[[0.9777692,21.3276779],[0.9777787,21.3277143],[0.9777831,21.3277515],[0.9777824,21.3277889],[0.9777764,21.3278259],[0.9777091,21.3280495],[0.9777007,21.3280875],[0.9776968,21.3281262],[0.9776974,21.328165],[0.9777025,21.3282036],[0.977712,21.3282414]]},"properties":{"highway":"tertiary"}},{"type":"Feature","geometry":{"type":"LineString","coordinates":[[0.9777692,21.3276779],[0.9780302,21.3266614],[0.978922,21.3231889],[0.9789183,21.3230915],[0.9788585,21.323001],[0.9777591,21.3219947],[0.9776468,21.3218919],[0.9767172,21.3210411],[0.9750708,21.3195342],[0.9740791,21.3190388],[0.973679,21.3187179],[0.9725196,21.3177868],[0.9723252,21.3176306],[0.9720394,21.3174011],[0.9711005,21.3166471]]},"properties":{"highway":"tertiary"}},{"type":"Feature","geometry":{"type":"LineString","coordinates":[[0.9651425,21.3250388],[0.9651933,21.3250038],[0.9652397,21.324964],[0.9652815,21.3249199],[0.965318,21.324872],[0.9665752,21.3231295],[0.9675451,21.321787],[0.968589,21.3202332],[0.9686344,21.3201656],[0.9710347,21.3165927],[0.9712039,21.3163099],[0.9714337,21.3158766],[0.9716224,21.3154954],[0.9718872,21.314878],[0.9731003,21.3118167],[0.9736451,21.3104421],[0.9738907,21.3098074],[0.9741639,21.3092256],[0.9745395,21.3085272],[0.976194,21.3059684],[0.976223,21.3059205],[0.9762465,21.3058702],[0.9762644,21.3058178],[0.9762765,21.305764],[0.9762826,21.3057094]]},"properties":{"name":"La route de la Saoura; طريق الساورة","highway":"primary","maxspeed":"60","ref":"RN 6"}},{"type":"Feature","geometry":{"type":"LineString","coordinates":[[0.976456,21.3058178],[0.9764028,21.3058585],[0.9763535,21.3059032],[0.9763084,21.3059517],[0.9762679,21.3060035],[0.9746172,21.3085819],[0.9742491,21.3092703],[0.9739858,21.3098348],[0.9737225,21.3104679],[0.9719705,21.3149155],[0.9717039,21.3155276],[0.9715168,21.3159154],[0.9712778,21.3163441],[0.9711005,21.3166471],[0.9696529,21.3188001],[0.9687177,21.3201904],[0.9686774,21.3202582],[0.9676272,21.3218127],[0.966651,21.3231712],[0.9653964,21.3249],[0.9653677,21.3249504],[0.9653441,21.3250031],[0.9653257,21.3250575],[0.9653128,21.3251132]]},"properties":{"name":"La route de la Saoura; طريق الساورة","highway":"primary","maxspeed":"60","ref":"RN 6"}},{"type":"Feature","geometry":{"type":"LineString","coordinates":[[0.9765108,21.305804],[0.976456,21.3058178],[0.976411,21.3058159],[0.9763682,21.3058027],[0.9763308,21.3057793],[0.9763016,21.3057474],[0.9762826,21.3057094],[0.9762754,21.3056684],[0.9762802,21.3056271],[0.9762966,21.3055885],[0.9763235,21.3055554],[0.9763589,21.3055301],[0.9764003,21.3055146],[0.976452,21.3055102],[0.9765027,21.305521],[0.9765472,21.3055459],[0.9765814,21.3055824],[0.9766016,21.3056269],[0.9766057,21.3056797],[0.9765903,21.3057307],[0.9765574,21.3057738],[0.9765108,21.305804]]},"properties":{"name":"La route de la Saoura","highway":"primary","maxspeed":"60","ref":"RN 6"}},{"type":"Feature","geometry":{"type":"LineString","coordinates":[[0.9764003,21.3055146],[0.976503,21.3054462],[0.9765988,21.3053695],[0.9766868,21.3052851]]},"properties":{"name":"La route de la Saoura","highway":"primary","maxspeed":"60","ref":"RN 6"}},{"type":"Feature","geometry":{"type":"LineString","coordinates":[[0.9780416,21.3284592],[0.9779665,21.328458],[0.9778917,21.3284639],[0.9778179,21.3284766],[0.9777458,21.3284962]]},"properties":{"highway":"secondary"}},{"type":"Feature","geometry":{"type":"LineString","coordinates":[[0.977535,21.3281858],[0.977564,21.3281605],[0.9775888,21.3281317],[0.9776089,21.3280998],[0.977624,21.3280655],[0.9776336,21.3280297],[0.977687,21.3278023],[0.9776983,21.3277666],[0.9777162,21.3277333],[0.9777401,21.3277034],[0.9777692,21.3276779]]},"properties":{"highway":"tertiary"}},{"type":"Feature","geometry":{"type":"LineString","coordinates":[[0.9773505,21.3284462],[0.9773087,21.3284197],[0.9772638,21.3283981],[0.9772164,21.3283816],[0.9771673,21.3283705],[0.9771171,21.328365],[0.9765868,21.3283301],[0.9765421,21.3283275],[0.9764981,21.3283201],[0.9764553,21.3283078],[0.9764144,21.328291],[0.9763759,21.3282698]]},"properties":{"highway":"secondary"}},{"type":"Feature","geometry":{"type":"LineString","coordinates":[[0.9766868,21.3052851],[0.9766441,21.3053957],[0.9766155,21.3055101],[0.9766016,21.3056269]]},"properties":{"name":"La route de la Saoura","highway":"primary","maxspeed":"60","ref":"RN 6"}},{"type":"Feature","geometry":{"type":"LineString","coordinates":[[0.9384134,21.3332661],[0.9383725,21.3332267],[0.938327,21.333192],[0.9382774,21.3331626]]},"properties":{"highway":"tertiary"}},{"type":"Feature","geometry":{"type":"LineString","coordinates":[[0.9488231,21.3462328],[0.9487981,21.3462887],[0.9487774,21.3463462],[0.9487612,21.3464048],[0.9487496,21.3464644]]},"properties":{"highway":"tertiary"}},{"type":"Feature","geometry":{"type":"LineString","coordinates":[[0.9483758,21.3463086],[0.9484471,21.3463423],[0.9485213,21.3463702],[0.9485977,21.346392]]},"properties":{"highway":"tertiary"}},{"type":"Feature","geometry":{"type":"LineString","coordinates":[[0.9432038,21.3274414],[0.9432896,21.3269569]]},"properties":{"highway":"tertiary"}},{"type":"Feature","geometry":{"type":"LineString","coordinates":[[0.9675533,21.3355118],[0.9678376,21.3356767],[0.9680651,21.3359423],[0.9685948,21.336573],[0.9685778,21.3366863],[0.9685302,21.3370023],[0.9685451,21.3370686],[0.9685838,21.3371457],[0.9686602,21.3372157],[0.9687576,21.3372524],[0.9698944,21.3374535],[0.9734823,21.3380881],[0.9738556,21.3380831]]},"properties":{"name":"Bordj Badji Mokhtar - Tamanrasset;طريق برج باجي مختار - تمنراست","highway":"tertiary"}},{"type":"Feature","geometry":{"type":"LineString","coordinates":[[0.9381477,21.3329189],[0.9378509,21.3326626],[0.9367908,21.3321545],[0.9356193,21.3315856],[0.9352506,21.3313638],[0.9348127,21.331074],[0.934394,21.3306339],[0.9341213,21.3302296],[0.933983,21.329879],[0.933887,21.3295355],[0.9338409,21.3290847],[0.9339024,21.328344],[0.9340291,21.326666],[0.9341942,21.3243498],[0.9343498,21.3220027],[0.9344222,21.3214148],[0.9345932,21.3207825],[0.935044,21.3195177],[0.9359457,21.3174419],[0.936327,21.3167927],[0.9363965,21.3166744],[0.9374018,21.3150234],[0.9381221,21.3140579],[0.9396145,21.3123489],[0.9414126,21.3106882],[0.9427548,21.3096696],[0.9445943,21.3085061],[0.9457706,21.3079027],[0.9473149,21.3071834],[0.9500302,21.3062516],[0.9521082,21.3055323],[0.9542276,21.3048129],[0.9568911,21.3038715],[0.9589535,21.3033453],[0.9605651,21.3029976],[0.9621974,21.3028383],[0.9636121,21.3027369],[0.9649231,21.3027031],[0.9666383,21.3027997],[0.9680582,21.3029687],[0.9694314,21.3031908],[0.9712088,21.303606],[0.9731158,21.3042432],[0.9751471,21.3050109],[0.9761265,21.3054985],[0.9762966,21.3055885]]},"properties":{"highway":"tertiary"}},{"type":"Feature","geometry":{"type":"LineString","coordinates":[[0.9612625,21.3338189],[0.9612873,21.3337379]]},"properties":{"highway":"tertiary_link"}},{"type":"Feature","geometry":{"type":"LineString","coordinates":[[0.9539506,21.331288],[0.9539255,21.3313925],[0.9537735,21.3319047],[0.953547,21.3325783],[0.9535267,21.3326323]]},"properties":{"highway":"tertiary"}},{"type":"Feature","geometry":{"type":"LineString","coordinates":[[0.9523082,21.3320506],[0.9528413,21.3322639],[0.9530988,21.3323807],[0.9534769,21.3325524],[0.953547,21.3325783],[0.9536178,21.3326012],[0.9537806,21.3326518],[0.9540503,21.3327211]]},"properties":{"name":"La route de la Saoura; طريق الساورة","highway":"primary","maxspeed":"50","ref":"RN 6"}},{"type":"Feature","geometry":{"type":"LineString","coordinates":[[0.947285,21.3304062],[0.9476305,21.3304587],[0.9479383,21.3305087],[0.9482709,21.3305674],[0.9484519,21.3306074],[0.9486397,21.3306511],[0.9488074,21.3306994],[0.9489736,21.3307523],[0.9491273,21.3308059],[0.9492794,21.3308635],[0.9496536,21.3310125],[0.9510924,21.3315665],[0.9511635,21.3315927],[0.95157,21.3317553],[0.9520085,21.3319307],[0.9523082,21.3320506]]},"properties":{"name":"La route de la Saoura; طريق الساورة","highway":"primary","maxspeed":"50","ref":"RN 6"}}]}