{"type":"FeatureCollection","features":[{"type":"Feature","geometry":{"type":"LineString","coordinates":[[2.9250686,30.5422258],[2.9249597,30.5423387],[2.9249114,30.5424045],[2.9248732,30.5424622],[2.9242652,30.5434172],[2.9241104,30.54367],[2.923971,30.543912],[2.9238629,30.5441807],[2.923408,30.5457339],[2.9232299,30.5463179],[2.9230689,30.5468339],[2.9229702,30.5471381],[2.9228967,30.5473486],[2.9225781,30.5483714],[2.9224429,30.5488554],[2.9220516,30.5500967],[2.921918,30.5505164],[2.9215751,30.5515652],[2.9210372,30.5532358],[2.920759,30.5539733],[2.9205828,30.5543262],[2.9203001,30.5548166],[2.9194581,30.5559375],[2.919228,30.5562027],[2.9188233,30.556715],[2.9185685,30.5570074],[2.9182997,30.5573331],[2.9176367,30.5581537],[2.917429,30.5584112],[2.9172708,30.5586092],[2.9164618,30.5595949],[2.9161386,30.560013],[2.9151661,30.5612036],[2.9148541,30.5615918],[2.9143418,30.5622616],[2.9140342,30.5626408],[2.9134594,30.5633418],[2.9133781,30.5634443],[2.9132579,30.5635619],[2.9129484,30.5638739],[2.9126614,30.5641328],[2.9124262,30.5643236],[2.9116653,30.5649462],[2.9097014,30.5665416],[2.9090214,30.5671116],[2.908987,30.5671451],[2.908962,30.5671753],[2.9089381,30.5672113],[2.9088871,30.5673181]]},"properties":{"name":"Trans-Sahara","highway":"primary","maxspeed":"50","ref":"RN 1"}},{"type":"Feature","geometry":{"type":"LineString","coordinates":[[2.924911,30.5422333],[2.9248003,30.5422335],[2.9247469,30.5422315],[2.9247008,30.5422247],[2.924599,30.5421972],[2.9245585,30.5421901],[2.9245176,30.5421884],[2.924481,30.5421888],[2.9234788,30.5422613],[2.919658,30.5428485],[2.9149464,30.5435489],[2.9132542,30.5438074],[2.9125901,30.5439053],[2.9120316,30.5439966],[2.9109397,30.5441643],[2.9103985,30.5442994],[2.9101261,30.5443975],[2.9099108,30.5444845]]},"properties":{"name":"Route de l'Unité Africaine","highway":"secondary"}},{"type":"Feature","geometry":{"type":"LineString","coordinates":[[2.965145,30.054351],[2.9637709,30.0506426],[2.9634299,30.0497493],[2.9632188,30.0492045],[2.9631146,30.0487629],[2.9630777,30.0484792],[2.962954,30.047395],[2.9624478,30.0431304],[2.9623449,30.0422518],[2.9622466,30.0416114],[2.9621774,30.0412228],[2.9590912,30.0261577],[2.9587995,30.0247866],[2.9585923,30.0238962],[2.9583959,30.0232434],[2.9578467,30.0216646],[2.9516759,30.005002],[2.9514979,30.0045301],[2.9513705,30.0042324],[2.9511924,30.0038695],[2.9510144,30.0035226],[2.9437456,29.9901462],[2.9434314,29.9895581],[2.9433381,29.9893917],[2.9432328,29.9891764],[2.9430993,29.9888719],[2.9429419,29.9884733],[2.9428193,29.9881179],[2.9427258,29.987777],[2.9426465,29.9874264],[2.9426064,29.9872243],[2.9425347,29.9868454],[2.9419363,29.9834616],[2.9418147,29.9827471],[2.9416442,29.9818822],[2.9415697,29.9815559],[2.9414561,29.9811611],[2.9411852,29.9804086],[2.9411006,29.9801802],[2.9273288,29.9459312],[2.9269329,29.9448597],[2.9268092,29.9444835],[2.9265878,29.943812],[2.9178894,29.919474],[2.9174113,29.9181909],[2.9172452,29.9177967],[2.91703,29.9173134],[2.9168995,29.9170354],[2.916769,29.9167826],[2.916591,29.9164447],[2.9164834,29.9162253],[2.9085125,29.9011029],[2.9082247,29.9005361],[2.9080054,29.9000779],[2.9078068,29.8996422],[2.9076633,29.8992858],[2.9003059,29.8799131],[2.9000864,29.8794233],[2.8998224,29.8788989],[2.8994402,29.8783053],[2.89919,29.8779473],[2.8990012,29.8776971],[2.8987756,29.8774336],[2.8984379,29.8770596],[2.8976464,29.8762141],[2.8970668,29.8756023],[2.8963657,29.8748588],[2.8869382,29.8648115],[2.8866082,29.8644468],[2.8863395,29.8641113],[2.886051,29.8637053],[2.8857609,29.8632567],[2.8855699,29.8629183],[2.8853571,29.8625023],[2.8851444,29.8619996],[2.8849208,29.861433],[2.8772589,29.8415753],[2.8770342,29.8410086],[2.8768638,29.8406151],[2.8766098,29.8401114],[2.8764481,29.8398412],[2.8761876,29.8394147],[2.8760064,29.8391596],[2.8756561,29.8386991],[2.8713179,29.8328188],[2.8639848,29.8230076],[2.8472137,29.8002433],[2.846305,29.7990631],[2.8454967,29.7979517],[2.84037,29.7901384],[2.8356078,29.782952],[2.8347612,29.7816992],[2.8344291,29.7810737],[2.8341317,29.7803634],[2.8339545,29.7798262],[2.8337734,29.7790775],[2.833669,29.7784913],[2.8317279,29.7656434],[2.8316216,29.764818],[2.8315912,29.7643243],[2.8316302,29.7635404],[2.8317453,29.7626755],[2.8318213,29.7623175],[2.8319211,29.7619368],[2.8325089,29.7598731],[2.8342129,29.7539331],[2.8344474,29.7531511],[2.8345537,29.7527402],[2.8346362,29.7523369],[2.8347033,29.7519311],[2.8371598,29.7333782],[2.837303,29.7322133],[2.8374246,29.7316441],[2.8377545,29.7307431],[2.848487,29.7030016],[2.8486976,29.7024303],[2.8488083,29.702057],[2.8490037,29.7011613],[2.8543402,29.672444],[2.8546053,29.6710774],[2.8547644,29.6702021],[2.8549411,29.6685744],[2.8557052,29.661075],[2.8560467,29.6577184],[2.856238,29.6556236],[2.8562906,29.6549636],[2.8565697,29.6495009],[2.8568215,29.6440093],[2.8568272,29.6430718],[2.8568056,29.6416979],[2.8567542,29.6402308],[2.8565836,29.6363579],[2.856388,29.6321287],[2.8562714,29.6294953],[2.8559449,29.6219505],[2.8555405,29.612824],[2.8555393,29.6125286],[2.855521,29.612217],[2.8554872,29.611785],[2.8554436,29.6113563],[2.8553444,29.6108667],[2.8550459,29.609177],[2.851931,29.5912776],[2.8518834,29.5909693],[2.8518005,29.5906103],[2.8516731,29.5901658],[2.8514935,29.5896039],[2.8473965,29.5765863],[2.8464414,29.5736185],[2.8449784,29.5688959],[2.8447136,29.5681067],[2.8444965,29.5675818],[2.8320717,29.5399542],[2.8300027,29.5352983],[2.8160023,29.5099884],[2.8149404,29.5080711],[2.8134468,29.5054313],[2.8126585,29.5043203],[2.8086357,29.4991926],[2.8078933,29.4982781],[2.8071726,29.497564],[2.8057183,29.4963774],[2.8017897,29.4932561],[2.8003918,29.4921148],[2.799606,29.4915253],[2.7990459,29.4911096],[2.7980952,29.4904937],[2.7753502,29.475733],[2.7729585,29.4741897],[2.7709692,29.4728909],[2.7701465,29.4723243],[2.7581298,29.4635477],[2.7549497,29.4612269],[2.751137,29.458431],[2.7494547,29.4572762],[2.7451986,29.4545036],[2.7297322,29.4444345],[2.7274052,29.4429185],[2.7261549,29.4421623],[2.7108707,29.4332264],[2.7070395,29.4309965],[2.7057931,29.4302639],[2.7035192,29.4288015],[2.6962538,29.4240476],[2.6825991,29.4151123],[2.6813189,29.4142405],[2.6807597,29.413837],[2.6759377,29.4094262],[2.6753667,29.4088245],[2.6746575,29.4079313],[2.6733867,29.4061932],[2.6703352,29.4019944],[2.6690704,29.4002506],[2.6681556,29.3991059],[2.6382943,29.3623773],[2.6373794,29.361259],[2.6370387,29.3607747],[2.6366949,29.3601968],[2.636443,29.3596933],[2.6299983,29.3450419],[2.6294643,29.3438252],[2.6291256,29.3429699],[2.6289368,29.3422906],[2.6288391,29.3417873],[2.6230444,29.3074195],[2.6227926,29.30589],[2.6226884,29.3047921],[2.6200533,29.279326],[2.619936,29.2782922],[2.6197884,29.2765957],[2.6197407,29.2756755],[2.6189453,29.2531993],[2.6189062,29.2526425],[2.6188063,29.2519456],[2.6185762,29.250741],[2.6128045,29.2215663],[2.6126678,29.2208048],[2.6125614,29.2203823],[2.6124615,29.2200773],[2.6122454,29.2194936],[2.6039348,29.1987501],[2.6032749,29.1970523],[2.6026584,29.1955174],[2.6021526,29.1941662],[2.5992361,29.1855511],[2.5986528,29.1838304],[2.5982476,29.1825386],[2.5980389,29.1817399],[2.5922014,29.1583736],[2.591878,29.1570751],[2.5915725,29.1560363],[2.5858788,29.1397457],[2.5856747,29.1391447],[2.5855488,29.1386991],[2.585462,29.1383483],[2.5809617,29.1190538],[2.5806306,29.1176354],[2.5804222,29.1167707],[2.5802312,29.1161183],[2.5794929,29.1139349],[2.567997,29.0802486],[2.5672415,29.0781125],[2.5669698,29.077243],[2.5604454,29.0542285],[2.559829,29.0520284],[2.5594729,29.0507188],[2.5593866,29.0503707],[2.5592979,29.050013],[2.5551871,29.0328178],[2.5542995,29.0290553],[2.5537759,29.0270955],[2.5488008,29.0113691],[2.5483841,29.0101746],[2.5475273,29.0080254],[2.5417641,28.9932318],[2.536903,28.9828222],[2.5320998,28.9723851],[2.5300419,28.9680062],[2.5291573,28.9661779],[2.5286122,28.9649538],[2.5277535,28.9628975],[2.5227397,28.9503213],[2.5185544,28.9397579],[2.5181282,28.9386747],[2.5178713,28.9379701],[2.5175865,28.937168],[2.5142906,28.9272446],[2.5138606,28.9260111],[2.5135865,28.924999],[2.5086892,28.9058037],[2.5085226,28.9051251],[2.5083427,28.904301],[2.5050581,28.8862204],[2.5048933,28.8851142],[2.5048333,28.8845967],[2.5031388,28.8662619],[2.5030237,28.8648907],[2.5029571,28.8635414],[2.5029514,28.8630322],[2.5028927,28.843717],[2.5028916,28.8431036],[2.5029023,28.8426225],[2.5029318,28.842146],[2.5047132,28.8195649],[2.5047798,28.8188087],[2.5048949,28.8180392],[2.5081037,28.7990624],[2.5082086,28.7984413],[2.5083264,28.7979158],[2.5084313,28.797548],[2.508609,28.7970132],[2.5111607,28.7898032],[2.5112978,28.7894204],[2.5115248,28.7888668],[2.5119366,28.7879905],[2.5143843,28.7827249],[2.5168093,28.7774447],[2.5234008,28.7632882],[2.52587,28.7579381],[2.52623,28.7571616],[2.5265062,28.7565121],[2.5268624,28.7555972],[2.5347373,28.7346238],[2.5349114,28.7341339],[2.5350219,28.7337688],[2.5351128,28.7333997],[2.5352281,28.7327948],[2.5390497,28.7099858],[2.5391466,28.7093112],[2.5391708,28.7090722],[2.5391868,28.7083228],[2.5393503,28.6879864],[2.5393616,28.6873755],[2.5393413,28.6869331],[2.539277,28.6864071],[2.5391871,28.6858718],[2.536807,28.6742776],[2.5366136,28.6733352],[2.5364316,28.6726232],[2.5363541,28.6723836],[2.5359453,28.6710365],[2.5314445,28.656296],[2.5312081,28.6555307],[2.530964,28.6546212],[2.5308612,28.6541139],[2.530628,28.6528973],[2.5277524,28.6383964],[2.5274146,28.6367024],[2.527239,28.6357308],[2.5270555,28.6345038],[2.523991,28.6131322],[2.5236413,28.6105987],[2.5235024,28.6094812],[2.5234232,28.6086446],[2.5233739,28.6077028],[2.5227851,28.5966032],[2.5222103,28.5857648],[2.5221588,28.5841028],[2.522174,28.5831774],[2.5227049,28.5657237],[2.5227988,28.563648],[2.5228288,28.562939],[2.5228823,28.5622488],[2.5229294,28.5617109],[2.5230146,28.561006],[2.5243988,28.5501718],[2.5264203,28.5343468],[2.5300229,28.5144296],[2.5304742,28.511995],[2.5308055,28.510698],[2.5354218,28.4926229],[2.5366866,28.4874903],[2.5385233,28.4803509],[2.5386904,28.4797787],[2.5390972,28.4783633],[2.5417387,28.4702289],[2.5419211,28.4696449],[2.5420458,28.4692459],[2.5422592,28.4685627],[2.542405,28.4681351],[2.543423,28.4649592],[2.5455956,28.4581613],[2.5458954,28.4572501],[2.5461362,28.4563954],[2.5463855,28.4554482],[2.5477891,28.4497436],[2.5497469,28.4421639],[2.550388,28.4396817],[2.5511147,28.4366876],[2.5512692,28.4360432],[2.551357,28.4356251],[2.5516893,28.4337236],[2.5518743,28.4326653],[2.5554086,28.4123882],[2.5555667,28.4115911],[2.5556885,28.4110377],[2.5559371,28.4099665],[2.5578521,28.4025628],[2.5588301,28.3986732],[2.5594339,28.3962828],[2.5600323,28.3938707],[2.5604332,28.3922945],[2.5606224,28.3915206],[2.5607163,28.391047],[2.5608833,28.3901484],[2.5612319,28.3882328],[2.5642993,28.3713472],[2.5644032,28.3707523],[2.564497,28.3703686],[2.5647302,28.36942],[2.5709202,28.344978],[2.5718476,28.3412931],[2.571999,28.3406428],[2.5720717,28.340235],[2.5769868,28.3129535],[2.5770939,28.3122635],[2.5774465,28.3089731],[2.5793236,28.2908643],[2.5793933,28.2901976],[2.5794296,28.2898243],[2.5794569,28.2893816],[2.579874,28.2689488],[2.5799038,28.2674377],[2.5799594,28.2665664],[2.5800065,28.2659628],[2.5826188,28.2359146],[2.5827403,28.2344805],[2.5828387,28.2337392],[2.5832973,28.2308823],[2.5860675,28.2132848],[2.5869428,28.2080054],[2.5871184,28.2069184],[2.5872083,28.2062542],[2.5873068,28.2053748],[2.5874353,28.2038123],[2.5891176,28.1841539],[2.5891691,28.1836147],[2.5892266,28.1831583],[2.5893428,28.1824108],[2.5931483,28.1582757],[2.5933577,28.1569566],[2.5935121,28.1560274],[2.5936575,28.1552692],[2.593821,28.1545536],[2.6000662,28.1273319],[2.6003261,28.1262009],[2.6004161,28.1258006],[2.6004782,28.1254852],[2.6006671,28.1244095],[2.6047509,28.0984753],[2.6048451,28.0978633],[2.6049607,28.097153],[2.6050442,28.0964258],[2.6050862,28.0960223],[2.6070373,28.0738211],[2.6070784,28.0734135],[2.6071493,28.0730138],[2.6073155,28.0723017],[2.612212,28.0514883],[2.6123333,28.0510375],[2.6124072,28.0507974],[2.6125678,28.0503872],[2.6222614,28.0279244],[2.622437,28.0275728],[2.6226561,28.0272217],[2.6228724,28.0269504],[2.62317,28.0266215],[2.6235308,28.0262803],[2.6237567,28.0261102],[2.6240994,28.0258928],[2.6244752,28.0256783],[2.6249057,28.0254797],[2.629494,28.0235073],[2.6298457,28.0233545],[2.630054,28.0232442],[2.6303143,28.0230949],[2.6304918,28.0229678],[2.6307352,28.0227532],[2.6310323,28.0224541],[2.6325438,28.0208623],[2.6332282,28.0200962],[2.6334999,28.0198464],[2.6338131,28.019607],[2.6340659,28.0194489],[2.6343812,28.0193204],[2.6348688,28.019158],[2.6356853,28.0189155],[2.6359869,28.0188399],[2.6362148,28.0187463],[2.6364118,28.0186607],[2.6366643,28.0184943],[2.6368449,28.0183736],[2.6370203,28.0182432],[2.637139,28.0181228],[2.6372251,28.0180129],[2.637516,28.0176275],[2.6376128,28.0175163],[2.6377439,28.0174372],[2.6379566,28.017331],[2.6382845,28.017185],[2.6383842,28.0171209],[2.6384759,28.0170485],[2.6385763,28.0169419],[2.6386396,28.0168509],[2.6388217,28.0165339],[2.6388927,28.0164219],[2.6390202,28.0162976],[2.6391065,28.016217],[2.6392089,28.0161196],[2.6394927,28.0158669],[2.6395975,28.015769],[2.6396634,28.0156848],[2.6397149,28.0156112],[2.6397596,28.0154913],[2.6403356,28.0134091],[2.6403656,28.0133155],[2.6403824,28.0131857],[2.6403737,28.013043],[2.6403411,28.0129003],[2.6402845,28.0127729],[2.6401895,28.012626],[2.6400562,28.0125062],[2.6399309,28.0124192],[2.6397914,28.0123506],[2.639646,28.0123136],[2.6395083,28.0123017],[2.6393435,28.012307],[2.6391987,28.0123267],[2.6388038,28.0123907],[2.6385858,28.0123987],[2.6384404,28.01238],[2.6382965,28.0123373],[2.638183,28.0122758],[2.63808,28.0121835],[2.6380104,28.0120579],[2.6379831,28.0119081],[2.6380028,28.0117237],[2.6381475,28.0110363],[2.6381657,28.0108932],[2.6381672,28.0107315],[2.6381475,28.0106085],[2.6381097,28.0104855],[2.6380476,28.0103679],[2.6378916,28.0101673],[2.6376191,28.0098657],[2.6375591,28.0097674],[2.637527,28.0096369],[2.6375291,28.0094989],[2.6375698,28.0093571],[2.6376576,28.0092361],[2.6378268,28.0091189],[2.6381051,28.0089866],[2.6383021,28.0089053],[2.6385291,28.0088732],[2.6386683,28.0088599],[2.6387937,28.0088659],[2.6391106,28.008915],[2.6395003,28.0089793],[2.6397444,28.0089869],[2.6413012,28.0088772],[2.6416876,28.0087963],[2.6420507,28.0086541],[2.644493,28.0074404],[2.6454567,28.0068637],[2.6459642,28.0065272],[2.6462619,28.0063154],[2.6465252,28.0060942],[2.6468379,28.0057993],[2.649789,28.0026732],[2.6500813,28.0023938],[2.6503917,28.0021318],[2.6506778,28.0019272],[2.6510319,28.0017181],[2.6569094,27.9985713],[2.6572879,27.9983521],[2.6576059,27.9981462],[2.6579572,27.9978654],[2.6599519,27.9957318],[2.6602214,27.9953842],[2.6604031,27.9951195],[2.6605848,27.9947986],[2.6620865,27.9917231],[2.6623649,27.9911218],[2.6624763,27.9908004],[2.6625748,27.9904449],[2.6633737,27.9864711],[2.6635,27.9857658],[2.6635329,27.985214],[2.6634944,27.9846883],[2.6633959,27.9842004],[2.6632374,27.9837466],[2.6630233,27.9833003],[2.6627632,27.9827973],[2.6574393,27.9739157],[2.6571698,27.9733888],[2.6568794,27.97269],[2.6566353,27.9719222],[2.6564982,27.97137],[2.6564254,27.9708669],[2.6537033,27.9469359],[2.65362,27.9461494],[2.6535386,27.9455062],[2.6534316,27.945022],[2.649641,27.9308704],[2.6493428,27.9297136],[2.6492483,27.9291247],[2.6492019,27.9286108],[2.6483063,27.9096054],[2.6482458,27.9082701],[2.6482458,27.9077188],[2.6482639,27.9071033],[2.6494509,27.8910371],[2.6495065,27.8902762],[2.6495322,27.8896062],[2.6495377,27.8891686],[2.649075,27.8694504],[2.6490295,27.8684273],[2.649008,27.8677155],[2.6489438,27.8670568],[2.6488153,27.8662767],[2.6455066,27.8469552],[2.6448343,27.8427838],[2.6446936,27.8417272],[2.6421898,27.8196842],[2.6397434,27.7988273],[2.6395253,27.7967806],[2.6394977,27.7962504],[2.639489,27.7960841],[2.6408679,27.7728267],[2.6415964,27.7605387],[2.6416007,27.7599247],[2.6415322,27.7593259],[2.6413566,27.7584164],[2.6411125,27.7576091],[2.6320208,27.7318372],[2.6313272,27.7298505],[2.6308211,27.7284645],[2.6198689,27.7020403],[2.6195434,27.7012061],[2.6192997,27.7002362],[2.6188344,27.6982805],[2.6155502,27.6844746],[2.6152413,27.6831176],[2.6151117,27.682332],[2.6101207,27.6518611],[2.6081108,27.6395368],[2.607871,27.6380306],[2.6076269,27.6367179],[2.6073574,27.6355515],[2.6067038,27.6328177],[2.6001697,27.6070303],[2.599449,27.6042232],[2.5988214,27.602019],[2.5979778,27.5993523],[2.5898356,27.5736112],[2.5894661,27.5724274],[2.589081,27.5712391],[2.5839051,27.5509274],[2.5835712,27.5497541],[2.5833645,27.5490653],[2.5792411,27.5361765],[2.5789282,27.535123],[2.5782227,27.532912],[2.5724719,27.514849],[2.5639425,27.4880529],[2.5632959,27.4860463],[2.5629658,27.484918],[2.5628265,27.484018],[2.5627506,27.4830484],[2.5602414,27.4432777],[2.5601672,27.4420383],[2.5600703,27.4409202],[2.5576728,27.4187525],[2.5576293,27.4183636],[2.557538,27.4176103],[2.5574108,27.4170807],[2.5572654,27.416578],[2.5569717,27.4158764],[2.5567092,27.4153638],[2.5558511,27.4138812],[2.5451469,27.3955809],[2.5442561,27.3940371],[2.5435836,27.3927314],[2.5293174,27.3630695],[2.5288993,27.362117],[2.5285587,27.3612833],[2.5283256,27.3603608],[2.5282317,27.3596211],[2.5282044,27.3589568],[2.5282196,27.3583167],[2.5282982,27.3575215],[2.5295223,27.3468616],[2.529745,27.3449406],[2.5297836,27.3443471],[2.5297793,27.3436966],[2.529715,27.3430004],[2.5296165,27.3424108],[2.5294027,27.3416537],[2.5286325,27.3388147],[2.5247874,27.3260403],[2.5239691,27.3233214],[2.5217279,27.3158748]]},"properties":{"name":"Trans-Sahara","highway":"primary","maxspeed":"100","ref":"RN 1"}},{"type":"Feature","geometry":{"type":"LineString","coordinates":[[3.1932661,30.7244388],[3.1951318,30.7240733],[3.1964179,30.7237351],[3.1973054,30.7233296],[3.1980847,30.7227703],[3.1991787,30.7217746],[3.2001153,30.7211538],[3.201245,30.7205084],[3.2042908,30.7189902],[3.2066359,30.7178838],[3.2085092,30.7168082],[3.2104325,30.715505],[3.2110226,30.7151873],[3.2117232,30.7148719],[3.2124372,30.7146706],[3.2140047,30.7143755],[3.2147455,30.7142419],[3.2154803,30.714079],[3.2160303,30.713949],[3.2166029,30.7137785],[3.2172963,30.7135524],[3.2179695,30.713308],[3.2186052,30.7130428],[3.2192053,30.7127697],[3.2219143,30.711501],[3.2253391,30.709892],[3.2272368,30.7090042],[3.2281887,30.7085276],[3.229065,30.7080056],[3.2302985,30.7071565],[3.2310373,30.706512],[3.2318556,30.705722],[3.2336843,30.7040528],[3.234221,30.7036546],[3.2348782,30.7032395],[3.2355729,30.702859],[3.2364992,30.7024182],[3.2372412,30.7021302],[3.2382139,30.7018458],[3.239159,30.7016574],[3.2402015,30.7015081],[3.2413584,30.7013438],[3.2424928,30.7011142],[3.2435927,30.7008479],[3.2447173,30.700523],[3.2458055,30.7001376],[3.2468487,30.6997114],[3.2497023,30.6983146],[3.2513952,30.6974899],[3.2522589,30.6970771],[3.2530712,30.6967359],[3.253895,30.6964613],[3.2544905,30.6963021],[3.2551017,30.6961672],[3.2560328,30.6960138],[3.2567006,30.695947],[3.2574743,30.6959206],[3.2583716,30.6959308],[3.259662,30.6960453],[3.260453,30.6960923],[3.2612406,30.6961023],[3.2618773,30.6960877],[3.2625183,30.6960508],[3.2633386,30.6959738],[3.264074,30.6958662],[3.2648075,30.6957239],[3.267585,30.6951192],[3.2690843,30.6947974],[3.2698247,30.6946692],[3.2705171,30.6945995],[3.2712007,30.6945793],[3.2718595,30.6946263],[3.2723647,30.6947015],[3.2728487,30.6948059],[3.2734905,30.6950359],[3.2740983,30.6953214],[3.2745668,30.6955964],[3.2748512,30.6958038],[3.2753983,30.6962804],[3.275905,30.6968651],[3.2762472,30.6973423],[3.2765671,30.6978232],[3.2773735,30.6991379],[3.2784843,30.7010222],[3.2794684,30.70247],[3.2812129,30.704468],[3.282629,30.7062171],[3.2852101,30.7095059],[3.2872264,30.712014],[3.288685,30.7138949],[3.2899576,30.715825],[3.2905868,30.7168239],[3.2914326,30.7179383],[3.2923886,30.7190766],[3.2933162,30.7200778],[3.29456,30.7212656],[3.295749,30.7224142],[3.2977438,30.7242888],[3.2988449,30.7251739],[3.3011882,30.7269133],[3.3031205,30.7282692],[3.3044861,30.7294016],[3.305195,30.7299143],[3.3058303,30.7303227],[3.3064422,30.7306451],[3.307582,30.7311724],[3.3083197,30.731459],[3.3094338,30.7317992],[3.3110261,30.7322636],[3.3117932,30.732508],[3.3126092,30.7328003],[3.3136412,30.7332204],[3.3149188,30.7337244],[3.3158407,30.7341495],[3.3168169,30.7347077],[3.317509,30.7351962],[3.3181717,30.7357379],[3.3187857,30.7363213],[3.3194141,30.7369554],[3.3197674,30.7372826],[3.3200397,30.7374809],[3.320323,30.7376437],[3.3207571,30.7378382],[3.3212855,30.7379694],[3.3219212,30.7380941],[3.3225404,30.73816],[3.3229727,30.7381864],[3.3234125,30.7381841],[3.3239517,30.7381518],[3.3245244,30.7380951],[3.325714,30.7379622],[3.3274638,30.7377702],[3.328329,30.7376861],[3.3289915,30.7376561],[3.3296607,30.7376795],[3.3304372,30.7377368],[3.3311346,30.7378475],[3.3321319,30.7380529],[3.3350802,30.7387357],[3.3369926,30.7392537],[3.3380118,30.7395581],[3.3392229,30.7399825],[3.3400503,30.7402796],[3.3408787,30.7406085],[3.3423221,30.7412087],[3.3430865,30.7415222],[3.3437316,30.7417354],[3.344543,30.741951],[3.3460799,30.7423291],[3.3484872,30.742894],[3.3493146,30.7430644],[3.3500605,30.7431576],[3.3505404,30.7431889],[3.3510286,30.7431728],[3.3518698,30.7430392],[3.3526593,30.7427901],[3.3534006,30.7424401],[3.3539656,30.7420962],[3.3544296,30.741732],[3.3557261,30.7406569],[3.3586254,30.7382033],[3.3615839,30.7356898],[3.3619089,30.735425],[3.3630985,30.7344838],[3.3636601,30.7340733],[3.3654845,30.7329255],[3.3658851,30.7327325],[3.3679011,30.7317609],[3.369711,30.730996],[3.3720973,30.7302833],[3.3740865,30.729906],[3.3778044,30.729445],[3.3805786,30.729107],[3.3825305,30.7288919],[3.3856693,30.7284125],[3.3881145,30.7279024],[3.3908743,30.7272755],[3.3941204,30.7264519],[3.3975136,30.7258314],[3.3998974,30.7254501],[3.4031864,30.7251797],[3.4056459,30.7250875],[3.408563,30.7251489],[3.4128172,30.7255361],[3.4173645,30.7259787],[3.4206463,30.7263351],[3.4226128,30.7265279],[3.4230785,30.7266045],[3.4235409,30.7266948],[3.4246018,30.7270115],[3.4269085,30.727807],[3.4296791,30.7287718],[3.4330158,30.7299365],[3.4337408,30.730186],[3.4342831,30.7304332],[3.434723,30.7306831],[3.4351629,30.7309718],[3.4356559,30.7313522],[3.4360679,30.7317409],[3.4363972,30.7321218],[3.4366783,30.7324874],[3.436938,30.7328909],[3.4371145,30.733216],[3.4373451,30.7336637],[3.4377271,30.7346103],[3.4381884,30.7359378],[3.4383708,30.7363717],[3.4385789,30.7367516],[3.4388842,30.7371528],[3.4391782,30.7374875],[3.4395295,30.7378476],[3.4399083,30.7382534],[3.4401625,30.7385641],[3.4404442,30.7390409],[3.4406668,30.7394895],[3.4408025,30.7398598],[3.4409194,30.7403084],[3.4409457,30.7406759],[3.4412465,30.7451978],[3.4414386,30.7474398],[3.4414393,30.7478233],[3.4414071,30.7481833],[3.4413601,30.7485381],[3.4412837,30.7489512],[3.4411764,30.7492854],[3.440994,30.7496722],[3.4407802,30.7500521],[3.439568,30.7522887],[3.4394547,30.7525992],[3.4394067,30.7528366],[3.4393892,30.7530729],[3.4394021,30.7533341],[3.4394533,30.7536355],[3.4395378,30.7539177],[3.4396642,30.754192],[3.4398006,30.7544785],[3.4399219,30.7546839],[3.4400847,30.7548964],[3.4402757,30.7551154],[3.44049,30.7553311],[3.4407381,30.7555328],[3.4409747,30.7557142],[3.4412461,30.7558652],[3.4416074,30.7560231],[3.4419449,30.7561284],[3.4424596,30.7562319],[3.4428453,30.7562667],[3.4432685,30.7562844],[3.4484076,30.7563492],[3.4488113,30.756364],[3.4491211,30.7564008],[3.4494537,30.7564866],[3.4498069,30.7566025],[3.4501025,30.7567321],[3.4503525,30.7568812],[3.4505588,30.757011],[3.450827,30.7572101],[3.4522896,30.7583962],[3.4525128,30.7585417],[3.4527582,30.7586677],[3.4530532,30.758797],[3.4533322,30.7588918],[3.4536326,30.7589665],[3.4539274,30.7590151],[3.4542291,30.7590483],[3.4546089,30.7590693],[3.4550625,30.7590882],[3.4583752,30.7591793],[3.4588414,30.7592016],[3.4594117,30.7592463],[3.4599631,30.7593362],[3.460543,30.7594795],[3.461028,30.7596943],[3.4613734,30.7599244],[3.4623498,30.7605822],[3.4627097,30.7607767],[3.4631131,30.7609403],[3.4635149,30.7610634],[3.4639779,30.7611565],[3.4644446,30.7612243],[3.4650765,30.7612801],[3.472363,30.7619623],[3.4730883,30.7620135],[3.4735957,30.7620236],[3.4740699,30.7619987],[3.4747024,30.7619194],[3.4752474,30.7618088],[3.47696,30.7613081],[3.4807214,30.7601351],[3.4836537,30.7592749],[3.4843616,30.7590914],[3.4849302,30.7590075],[3.4854333,30.7589795],[3.4860063,30.7589743],[3.4865084,30.7590384],[3.4869905,30.759162],[3.4883913,30.7596787],[3.4916588,30.7610109],[3.4922285,30.7612082],[3.4927547,30.7613414],[3.493266,30.7614377],[3.4938153,30.7615092],[3.4943603,30.7615636],[3.4961939,30.7616332],[3.5016924,30.7616644],[3.5044023,30.7616991],[3.5084827,30.7617742],[3.5094333,30.7618328],[3.5099509,30.7619079],[3.5106199,30.7621038],[3.5121906,30.7626325],[3.5128305,30.762875],[3.5133718,30.7631811],[3.5138101,30.7635028],[3.5168393,30.7660086],[3.5192964,30.7682068],[3.520794,30.769555],[3.5212074,30.7701094],[3.5214328,30.7705384],[3.521662,30.7711074],[3.5220171,30.7722625],[3.522324,30.7733138],[3.522686,30.7750016],[3.5228829,30.7756875],[3.5230766,30.776253],[3.5234494,30.7768729],[3.5238126,30.7772725],[3.5245561,30.7779574],[3.5253787,30.7785039],[3.5285533,30.7803344],[3.5295343,30.7809157],[3.5304645,30.7815766],[3.5309054,30.7819679],[3.5312165,30.7822974],[3.5316505,30.7828247],[3.5319423,30.7832828],[3.5322218,30.7837045],[3.5325201,30.7843036],[3.5326483,30.7847617],[3.5327717,30.7852484],[3.5329192,30.786029],[3.5329719,30.7868823],[3.532643,30.78929],[3.5320281,30.7932332],[3.5319166,30.7942894],[3.531908,30.7950202],[3.5319852,30.7953951],[3.532316,30.7963244],[3.5326716,30.7973235],[3.5344304,30.8018928],[3.5351883,30.8039317],[3.5364896,30.8065723],[3.5379768,30.808562],[3.5400216,30.8105516],[3.5439397,30.8142728],[3.5479722,30.8179816],[3.5514087,30.8214479],[3.5528749,30.8234277],[3.5539568,30.8252338],[3.5547051,30.8267446],[3.5554027,30.8283943],[3.5563734,30.8305216],[3.5573134,30.8328113],[3.5574781,30.8333825],[3.5575982,30.8340485],[3.5576288,30.8346975],[3.5575853,30.8352383],[3.5574636,30.8356782],[3.5572903,30.8361793],[3.5569604,30.8367357],[3.5566991,30.837206],[3.5555039,30.8392124],[3.5546343,30.8406796],[3.5544928,30.8411819],[3.5545332,30.8417822],[3.5548795,30.8428874],[3.5552612,30.8443432],[3.5556676,30.8455532],[3.5558843,30.8459502],[3.5561058,30.8462578],[3.556424,30.8465829],[3.5573644,30.8474684],[3.5586832,30.8484578],[3.5599213,30.8496993],[3.560496,30.850527],[3.560848,30.8512194],[3.561055,30.8517447],[3.5613234,30.8528476],[3.5620402,30.8560668],[3.5623137,30.857429],[3.5624959,30.8585467],[3.5625017,30.8593471],[3.5622886,30.8601678],[3.5619347,30.8614264],[3.5588507,30.8669118],[3.5564746,30.8711993],[3.5539669,30.8755386],[3.5528614,30.8775063],[3.5524967,30.8781657],[3.5522735,30.878598],[3.5520391,30.8791808],[3.5516968,30.8803526],[3.5516233,30.8809037],[3.551611,30.8814571],[3.5516046,30.8821485],[3.5516743,30.8827581],[3.5517692,30.8833018],[3.5519506,30.884008],[3.5520862,30.8844336],[3.5535726,30.8881476],[3.5551601,30.8919568],[3.555483,30.8927479],[3.5555801,30.8931825],[3.5555949,30.8935707],[3.5555737,30.8940534],[3.5554417,30.8944397],[3.5552288,30.8949331],[3.5540588,30.8963679],[3.5538501,30.8967357],[3.5537141,30.8970414],[3.5535872,30.8976163],[3.553613,30.8981954],[3.5537836,30.8987238],[3.5540883,30.8992452],[3.5548567,30.9000781],[3.5557759,30.9010525],[3.5568477,30.9021804],[3.5571076,30.9024347],[3.5574684,30.9027685],[3.5577264,30.9029194],[3.5579496,30.9030055],[3.5598407,30.9035425],[3.5612158,30.9038201],[3.563896,30.9039201],[3.5644185,30.9039045],[3.5660161,30.9036743],[3.5664452,30.9035685],[3.5694772,30.9027073],[3.5731609,30.9016389],[3.5759327,30.9008053],[3.5775206,30.9003579],[3.5781128,30.9002249],[3.578822,30.9001227],[3.5811486,30.899852],[3.583857,30.8998433],[3.5850555,30.8998014],[3.5860082,30.8996937],[3.5868203,30.8995648],[3.5880273,30.8993554],[3.5886711,30.8992012],[3.5898405,30.8988702],[3.5908168,30.8985696],[3.5917894,30.8983519],[3.5927105,30.8981876],[3.5933446,30.8980766],[3.5941642,30.8979892],[3.594911,30.8979721],[3.5956186,30.8979963],[3.5970734,30.8981392],[3.5982212,30.8983644],[3.5993677,30.8986833],[3.6005663,30.8991497],[3.6033481,30.9003123],[3.6053995,30.9010594],[3.607071,30.9016012],[3.6084455,30.9019227],[3.6098927,30.9021531],[3.6110471,30.9022801],[3.6143516,30.9025931],[3.6153387,30.9027404],[3.6162399,30.9028877],[3.61736,30.9031473],[3.6185144,30.9034216],[3.6194414,30.9036996],[3.6199671,30.9038745],[3.6205851,30.9041028],[3.6251706,30.9058998],[3.6293492,30.9075638],[3.6296552,30.9076856],[3.6309105,30.9082103],[3.633524,30.9094051],[3.6369895,30.9111081],[3.640015,30.9126453],[3.6412424,30.9132178],[3.6422723,30.9136228],[3.643195,30.9139542],[3.6441177,30.9142488],[3.6449073,30.9144678],[3.6458418,30.9147099],[3.6468611,30.9149354],[3.6479972,30.9151674],[3.653323,30.9160713],[3.6579107,30.9168794],[3.6599502,30.9172333],[3.6608397,30.9173884],[3.661698,30.9175076],[3.6625321,30.9175877],[3.6631855,30.9176383],[3.6640476,30.917671],[3.6649316,30.9176912],[3.665747,30.9177281],[3.6664938,30.9177815],[3.6671375,30.9178367],[3.6679529,30.9179471],[3.6686181,30.9180576],[3.6715621,30.9186301],[3.6749309,30.9192376],[3.6805485,30.920285],[3.6824583,30.9206716],[3.6830419,30.9208391],[3.6837286,30.92106],[3.6843079,30.9213177],[3.6851448,30.9217227],[3.6867326,30.9226615],[3.6881059,30.9234714],[3.6888784,30.9238395],[3.689608,30.9240973],[3.6903332,30.9242795],[3.6910456,30.9244102],[3.6917065,30.9244636],[3.6923932,30.9245004],[3.6930369,30.9244636],[3.693745,30.9243715],[3.6943673,30.9242611],[3.6950368,30.9240604],[3.6957191,30.9238009],[3.6965173,30.923453],[3.6997961,30.9218497],[3.7005685,30.9215183],[3.7011694,30.9212974],[3.7016629,30.9211318],[3.7022208,30.9210149],[3.7028001,30.920904],[3.7034482,30.9208575],[3.7039374,30.9208925],[3.7046283,30.9209863],[3.7067044,30.9214254],[3.7072569,30.9215018],[3.7077783,30.9215515],[3.7084049,30.9215754],[3.7088727,30.9215552],[3.7094091,30.9214815],[3.7098812,30.9213895],[3.7104605,30.9212422],[3.7124132,30.9206347],[3.7140654,30.9201745],[3.7145375,30.9200457],[3.715267,30.9198616],[3.7159322,30.9197327],[3.7166296,30.9196071],[3.717327,30.9195049],[3.7180995,30.9194014],[3.7190007,30.9193094],[3.7200307,30.9192357],[3.7208932,30.9192007],[3.7215756,30.9191989],[3.7224125,30.9191989],[3.7231785,30.9192215],[3.7237643,30.9192481],[3.7243007,30.9192909],[3.7254702,30.9194166],[3.7264787,30.9195671],[3.7278026,30.919799],[3.7291716,30.9200549],[3.7297188,30.9201377],[3.7304054,30.920239],[3.7309633,30.9203039],[3.7315749,30.9203582],[3.73218,30.9203899],[3.7328409,30.9204139],[3.7334417,30.920435],[3.7340532,30.9204507],[3.740527,30.9205261],[3.7412094,30.9205611],[3.7416278,30.9206071],[3.7421321,30.9206992],[3.7426578,30.9208004],[3.7430655,30.9209017],[3.7434023,30.9210232],[3.7438208,30.9211796],[3.7441748,30.9213462],[3.7446319,30.9215828],[3.7450503,30.9218221],[3.745973,30.9224387],[3.74696,30.9231014],[3.7475329,30.9234346],[3.748387,30.9239113],[3.7488161,30.9241322],[3.749256,30.9243347],[3.7498504,30.924585],[3.7505263,30.9248612],[3.7512237,30.9251097],[3.7537621,30.926019],[3.754335,30.9262233],[3.7547856,30.9264074],[3.7554937,30.9266927],[3.7559508,30.9269117],[3.7568778,30.9273461],[3.7574421,30.927602],[3.7578713,30.9278413],[3.758515,30.9281634],[3.75956,30.9287174],[3.7625598,30.9302249],[3.7651175,30.931552],[3.7657891,30.9318814],[3.7679027,30.9330962],[3.7706922,30.9348816],[3.7728637,30.9362514],[3.773604,30.9366945],[3.7742799,30.9370501],[3.7748749,30.9373405],[3.7754311,30.937583],[3.7760202,30.9378117],[3.7766188,30.9380215],[3.7770973,30.9381761],[3.7775801,30.9383233],[3.7781488,30.9384981],[3.778786,30.9386472],[3.7794899,30.9387926],[3.7807709,30.9390429],[3.7813288,30.9391626],[3.7817579,30.9392638],[3.7824939,30.9394644],[3.7850903,30.9401914],[3.7909096,30.9417668],[3.796038,30.9431839],[3.796671,30.9433771],[3.7981731,30.943874],[3.7987589,30.9440741],[3.7996923,30.944433],[3.8005334,30.9447574],[3.8012522,30.945061],[3.8020204,30.9453992],[3.8025569,30.9456476],[3.8034152,30.9460433],[3.8049923,30.9468714],[3.8085114,30.9487209],[3.8090199,30.9489717],[3.8095134,30.9492477],[3.812996,30.9509844],[3.8201521,30.9542876],[3.8247055,30.9563969],[3.8257032,30.9568753],[3.8264714,30.9572594],[3.8274478,30.9577654],[3.8284713,30.9583106],[3.8295334,30.9589251],[3.8312458,30.9599091],[3.8329838,30.9609119],[3.8365029,30.9629268],[3.8373719,30.9634512],[3.8383311,30.9640883],[3.8398396,30.9651071],[3.8420068,30.9665883],[3.8461052,30.9693849],[3.8509267,30.9726621],[3.8522421,30.9736073],[3.8528966,30.9740397],[3.8535939,30.974472],[3.8542055,30.9748216],[3.8548063,30.9751344],[3.855465,30.9754494],[3.8560659,30.975707],[3.8569027,30.9760381],[3.8576001,30.9762773],[3.8582717,30.9764774],[3.8589583,30.9766797],[3.8598167,30.9768729],[3.8618809,30.9772983],[3.8624452,30.977434],[3.8630289,30.9775835],[3.863619,30.9777583],[3.8641726,30.9779491],[3.8647884,30.9781814],[3.8662754,30.9788046],[3.8670908,30.9791633],[3.8677453,30.9794209],[3.8707279,30.9806443],[3.8739358,30.9819872],[3.8753413,30.9825483],[3.8757061,30.9826955],[3.8763283,30.982999],[3.8779098,30.9837096],[3.8785964,30.9840591],[3.8792144,30.9843695],[3.8796435,30.9845903],[3.880828,30.9852272],[3.8830446,30.986577],[3.8844544,30.9873887],[3.8850187,30.9877543],[3.8871001,30.9890787],[3.8906299,30.9912309],[3.8941918,30.9934382],[3.8971745,30.9952592],[3.8980006,30.9958202],[3.8990949,30.9966571],[3.8996206,30.997071],[3.9001893,30.9975584],[3.9012986,30.9984988],[3.9020496,30.9991241],[3.9026784,30.9996368],[3.9031719,31.0000139],[3.9038263,31.0005289],[3.9043199,31.0009059],[3.9049958,31.0013565],[3.9068626,31.0025796],[3.9074098,31.0029475],[3.9078389,31.0032142],[3.9098774,31.0043637],[3.9130961,31.0060097],[3.9135896,31.0062304],[3.9142011,31.0064787],[3.9147204,31.0067017],[3.9159177,31.0072052],[3.9163469,31.0073799],[3.9169949,31.0076213],[3.9175485,31.0078305],[3.9190506,31.0083638],[3.9199196,31.0086397],[3.9221727,31.0093202],[3.9244042,31.010065],[3.9304768,31.0119868],[3.9325732,31.0126604],[3.934028,31.0131087],[3.9376479,31.0140948],[3.9386028,31.0143615],[3.9396607,31.0146167],[3.9400683,31.0146902],[3.9412206,31.014904],[3.9419073,31.0149959],[3.9429115,31.0151132],[3.9455937,31.0153614],[3.9471172,31.0154994],[3.9476365,31.0155476],[3.9480764,31.0156028],[3.9485162,31.0156764],[3.9491664,31.0158028],[3.9499003,31.0159522],[3.9504324,31.0160878],[3.9519988,31.016566],[3.9555715,31.0176142],[3.9573568,31.0180854],[3.9591549,31.0185244],[3.9618951,31.0191796],[3.9644657,31.0197749],[3.9705812,31.0212184],[3.9713858,31.0214391],[3.9723192,31.0217241],[3.9740079,31.0222873],[3.9767974,31.0231883],[3.9785248,31.0238043],[3.9790677,31.0240043],[3.9796942,31.0242824],[3.9822756,31.0254753],[3.9838635,31.0262108],[3.9849514,31.0267004],[3.9862238,31.0272865],[3.9865886,31.0274796],[3.9871465,31.0277922],[3.9889167,31.0288035],[3.9894532,31.0291069],[3.9900004,31.0294103],[3.9908908,31.0298332],[3.9925967,31.030587],[3.9936203,31.031003],[3.9945494,31.0313593],[3.9953366,31.0316245],[3.9958583,31.031793],[3.9964752,31.031989],[3.9974612,31.0322625],[3.9982455,31.0324443],[3.9995115,31.0327201],[4.0015231,31.0330878],[4.0054231,31.0337865],[4.0095268,31.0345082]]},"properties":{"highway":"primary","ref":"RN 51"}},{"type":"Feature","geometry":{"type":"LineString","coordinates":[[2.8827545,30.584093],[2.882755,30.5840486],[2.8827471,30.583989],[2.882735,30.5839346],[2.8827248,30.5838866],[2.8827222,30.5838544],[2.8827253,30.5838154],[2.882749,30.583748],[2.8828197,30.5836488],[2.8832361,30.5833512],[2.883261,30.583336],[2.8832912,30.5833231],[2.883317,30.5833158],[2.8833502,30.5833092],[2.8833717,30.583306],[2.8834286,30.5832989]]},"properties":{"name":"ساحة البلدية","highway":"tertiary"}},{"type":"Feature","geometry":{"type":"LineString","coordinates":[[2.8819721,30.5961318],[2.8819325,30.5961368],[2.8818932,30.5961308],[2.8818581,30.5961144],[2.88183,30.5960882],[2.8818149,30.5960601],[2.8818096,30.5960294],[2.8818169,30.5959934],[2.8818377,30.5959615],[2.8818697,30.5959375],[2.8819093,30.5959241],[2.8819434,30.5959222],[2.8819768,30.5959283],[2.8820143,30.5959468],[2.8820396,30.5959715],[2.8820551,30.5960016],[2.8820592,30.5960343],[2.8820516,30.5960666],[2.882033,30.5960954],[2.8820078,30.5961164],[2.8819721,30.5961318]]},"properties":{"highway":"secondary"}},{"type":"Feature","geometry":{"type":"LineString","coordinates":[[2.8910762,30.593954],[2.8912275,30.5939281],[2.891843,30.5939096],[2.8925512,30.5939372],[2.894448,30.5940573],[2.9015618,30.5943929],[2.9017187,30.5943915],[2.9018676,30.5943766],[2.9020277,30.5943537]]},"properties":{"highway":"secondary"}},{"type":"Feature","geometry":{"type":"LineString","coordinates":[[2.902045,30.5945983],[2.9020184,30.5945672],[2.9019933,30.5945153],[2.9019864,30.5944593],[2.9019982,30.5944039],[2.9020277,30.5943537],[2.9020465,30.5943336],[2.902096,30.5942986],[2.9021549,30.5942769],[2.9022184,30.59427],[2.9022817,30.5942786],[2.9023397,30.594302],[2.9023879,30.5943384],[2.9024251,30.59439],[2.9024422,30.5944489],[2.9024376,30.5945096],[2.9024118,30.5945661],[2.9023666,30.5946135],[2.9023067,30.5946466],[2.9022379,30.5946623],[2.9021668,30.5946589],[2.9021003,30.5946369],[2.902045,30.5945983]]},"properties":{"highway":"primary","maxspeed":"30"}},{"type":"Feature","geometry":{"type":"LineString","coordinates":[[2.8786455,30.5921459],[2.8789464,30.5922232],[2.8791867,30.5922717]]},"properties":{"highway":"secondary"}},{"type":"Feature","geometry":{"type":"LineString","coordinates":[[2.87958,30.5923186],[2.8796726,30.5924382],[2.8798009,30.5926484],[2.8804287,30.5936772],[2.8815643,30.595538],[2.8819093,30.5959241]]},"properties":{"highway":"secondary"}},{"type":"Feature","geometry":{"type":"LineString","coordinates":[[2.8941403,30.6643808],[2.8937329,30.6629198],[2.8932837,30.6609794],[2.8926723,30.6581025],[2.8923469,30.656118],[2.8920823,30.6550195],[2.8918764,30.6543029],[2.891692,30.6535467],[2.8910834,30.6512383],[2.8907053,30.6499267],[2.8902443,30.6479753],[2.8896972,30.6456376],[2.8892207,30.6438765],[2.8887074,30.6412822],[2.8878898,30.6386774],[2.887521,30.6374582],[2.8863714,30.6337239],[2.8858116,30.6312839],[2.8856578,30.6303902],[2.8853694,30.6278525],[2.8856352,30.6267492],[2.8857673,30.62499],[2.885839,30.6223029],[2.8860385,30.6204834],[2.886269,30.6187542],[2.8862602,30.618023],[2.8862546,30.6175537],[2.886257,30.6173356],[2.8862739,30.615764],[2.8863353,30.6148109],[2.8856167,30.6114527],[2.8854252,30.610501],[2.8853407,30.6102562],[2.8852198,30.6100793]]},"properties":{"highway":"tertiary"}},{"type":"Feature","geometry":{"type":"LineString","coordinates":[[2.8821795,30.5852749],[2.8813533,30.5847049]]},"properties":{"highway":"tertiary"}},{"type":"Feature","geometry":{"type":"LineString","coordinates":[[2.9084839,30.5669509],[2.9074782,30.5664189],[2.9063985,30.5657751],[2.9059438,30.5654936],[2.9051497,30.5649259],[2.904903,30.5647077],[2.9043577,30.5643454],[2.9036168,30.5639627],[2.9026152,30.5634102],[2.9011555,30.5624889],[2.9009996,30.5623968],[2.8994461,30.5614342],[2.8986621,30.5609219],[2.898572,30.5608607],[2.8980942,30.5605705],[2.8968966,30.5598196],[2.8968308,30.5597783]]},"properties":{"highway":"secondary"}},{"type":"Feature","geometry":{"type":"LineString","coordinates":[[2.8816563,30.5805505],[2.88166,30.5806072],[2.8816391,30.5806507],[2.8809351,30.581282],[2.8805009,30.5816714],[2.880243,30.5819056],[2.8797902,30.5823087],[2.8797618,30.5823278],[2.8797321,30.5823417],[2.8796629,30.5823748]]},"properties":{"highway":"secondary"}},{"type":"Feature","geometry":{"type":"LineString","coordinates":[[2.9117595,30.5579384],[2.9092052,30.5567658],[2.9080564,30.5562466],[2.9069808,30.5556345],[2.9063819,30.5553645],[2.9060001,30.5560082],[2.9057475,30.5564569],[2.9057091,30.5565066],[2.9056569,30.5565255],[2.9055799,30.5565279],[2.903841,30.5560062],[2.9034177,30.5558721],[2.903075,30.5558348],[2.9025845,30.5558273],[2.9016365,30.5558129],[2.9011757,30.5557911],[2.9009345,30.5557473],[2.9005169,30.5555158],[2.9004525,30.5554801]]},"properties":{"highway":"tertiary"}},{"type":"Feature","geometry":{"type":"LineString","coordinates":[[2.8813584,30.5805987],[2.8814446,30.5805448],[2.8815289,30.5804932]]},"properties":{"highway":"secondary"}},{"type":"Feature","geometry":{"type":"LineString","coordinates":[[2.9572651,30.5043678],[2.957177,30.5042726],[2.9565149,30.5038884],[2.9564065,30.503825],[2.951529,30.5009461],[2.9502724,30.5002044],[2.9472885,30.4984615],[2.946766,30.4981648],[2.9467233,30.4981283],[2.9466812,30.4980803],[2.9466232,30.4979898]]},"properties":{"highway":"tertiary"}},{"type":"Feature","geometry":{"type":"LineString","coordinates":[[2.9636994,30.0563567],[2.9589386,30.0566049],[2.9585104,30.0565787],[2.9581211,30.0565337],[2.9525856,30.0554516],[2.9517725,30.0552604],[2.9509333,30.0549534],[2.9498606,30.0544742],[2.9250274,30.0430181],[2.921173,30.0412479],[2.8920686,30.029754],[2.8903864,30.0290814],[2.8895477,30.0288099],[2.8816808,30.0265752],[2.857904,30.0198206],[2.8560628,30.0192803],[2.8551274,30.0189645],[2.8476769,30.0160779],[2.8296648,30.009082],[2.8273384,30.0081884],[2.82643,30.0078214],[2.8252708,30.0072483],[2.8107779,30.0000046],[2.7933218,29.991271],[2.7925265,29.9908736],[2.7918231,29.9905399],[2.7913918,29.9903677],[2.7715909,29.9832729],[2.7708447,29.9830265],[2.7693619,29.9826345],[2.7505522,29.9777732],[2.7488221,29.9773386],[2.7480046,29.9770725],[2.7471525,29.9767091],[2.7462398,29.9762258],[2.7252897,29.9644618],[2.7241608,29.9638398],[2.7236158,29.9635887],[2.7229324,29.9633377],[2.706234,29.9575911],[2.7029074,29.956464],[2.6962,29.9541653],[2.694792,29.9537291],[2.693657,29.9535184],[2.6925561,29.9534186],[2.6917924,29.9534075],[2.6911948,29.9534411],[2.6689139,29.9553132],[2.6684872,29.9553317],[2.6543,29.955247],[2.6512746,29.955229],[2.6415011,29.9551913],[2.6395946,29.955163],[2.6385023,29.9552369],[2.624246,29.9564481],[2.6223942,29.9565959],[2.6212759,29.9565794],[2.6200408,29.9565334],[2.6193428,29.9565175],[2.5939422,29.9553359],[2.592756,29.9552916],[2.5920819,29.9553359],[2.5913736,29.9554099],[2.5906311,29.9555134],[2.5747243,29.9583969],[2.573265,29.9586557],[2.5721471,29.9587592],[2.5520835,29.9605251],[2.5514874,29.9605776],[2.5446601,29.9611785],[2.5427273,29.9613375],[2.5412499,29.9614723],[2.5407037,29.9615254],[2.5400137,29.9616298],[2.5224648,29.9653958],[2.5214239,29.9656258],[2.5206907,29.9658218],[2.5200601,29.9660414],[2.5195479,29.9662695],[2.5187869,29.9665929],[2.5085254,29.9712585],[2.5079129,29.9715146],[2.5073517,29.9717054],[2.5065643,29.9719119],[2.5056712,29.9720922],[2.50492,29.9721814],[2.5044826,29.9722091],[2.5037274,29.9722313],[2.5025305,29.972246],[2.5019607,29.9722705],[2.5014056,29.9723228],[2.5010133,29.9723725],[2.5004461,29.9724718],[2.5000479,29.9725214],[2.4994293,29.9725816],[2.4989647,29.9726103],[2.4985121,29.9726155],[2.4947739,29.9725084],[2.4942972,29.9724953],[2.4938265,29.9724535],[2.4925533,29.9723019],[2.4915848,29.9722],[2.4908305,29.972166],[2.4901638,29.9721764],[2.489332,29.972226],[2.4813487,29.9728611],[2.4807483,29.9729029],[2.4800302,29.9729683],[2.4793303,29.9730833],[2.4786725,29.9732244],[2.4780691,29.9733891],[2.4774717,29.9735903],[2.4770161,29.973768],[2.4765605,29.9739745],[2.4757731,29.974377],[2.4694582,29.9776779],[2.4684173,29.9782006],[2.467832,29.9784541],[2.4671622,29.9786841],[2.4664471,29.9788905],[2.465723,29.9790395],[2.4649748,29.9791493],[2.4643774,29.9791911],[2.4637347,29.9792172],[2.463249,29.9792146],[2.460259,29.9790108],[2.4596707,29.9789611],[2.4592573,29.9789062],[2.4586841,29.9788069],[2.4508289,29.9771347],[2.4499798,29.9769499],[2.4494678,29.9768427],[2.4489131,29.9767688],[2.4480682,29.9766912],[2.4412309,29.9761883],[2.4405994,29.9761735],[2.4400831,29.9761772],[2.4395967,29.9762105],[2.4389865,29.9762696],[2.4332255,29.9769646],[2.432598,29.9770299],[2.4320519,29.977077],[2.4316144,29.97709],[2.4311615,29.9770923],[2.4201163,29.9768214],[2.4190736,29.9767951],[2.4182757,29.9768173],[2.4176229,29.9768653],[2.4168933,29.9769725],[2.4162063,29.9771093],[2.4155252,29.977299],[2.399248,29.9822039],[2.398433,29.9824368],[2.3976949,29.9826179],[2.3971231,29.9827287],[2.3965769,29.982799],[2.395698,29.9828618],[2.3716487,29.9842495],[2.3707356,29.9842939],[2.369878,29.9842976],[2.3693062,29.984268],[2.3673307,29.9840352],[2.3464361,29.9814618],[2.344627,29.9812474],[2.3436754,29.9811846],[2.3335947,29.9808586],[2.3327499,29.9807959],[2.331884,29.9806574],[2.3311737,29.9805006],[2.3303712,29.9802706],[2.3142977,29.9754697],[2.3134614,29.9752295],[2.3127019,29.9750668],[2.3011184,29.9727076],[2.2994543,29.9723787],[2.2987418,29.9722012],[2.2971837,29.971739],[2.2733735,29.9646055],[2.2725627,29.9643726],[2.2716838,29.9641915],[2.2475269,29.9592755],[2.2464943,29.9590611],[2.2457701,29.9588441],[2.2271365,29.9532623],[2.2260348,29.9529481],[2.2253137,29.9528002],[2.2238459,29.9525932],[2.2190713,29.9518944],[2.2161222,29.9514685],[2.2152347,29.9513059],[2.214633,29.951158],[2.213865,29.9508992],[2.2131738,29.9506256],[2.2064121,29.9475307],[2.2054691,29.9470834],[2.2046413,29.9466545],[2.2041549,29.9463476],[2.2036734,29.9460405],[2.2032215,29.9457256],[2.2027581,29.9453933],[2.2013976,29.9444241],[2.1986738,29.9424819],[2.1961887,29.9406996],[2.1934427,29.9387523],[2.1888167,29.9354396],[2.1839947,29.9320012],[2.1828487,29.9311836],[2.1822935,29.9308024],[2.1819904,29.9305932],[2.181692,29.9303701],[2.1813816,29.9301632],[2.1810088,29.9299261],[2.1805528,29.9296495],[2.1800888,29.9293914],[2.1796623,29.9291404],[2.1768486,29.9275132],[2.1732712,29.925453],[2.1632448,29.9197056],[2.157548,29.9164029],[2.155965,29.9154899],[2.1555197,29.9152342],[2.1552595,29.9150691],[2.1550342,29.914918],[2.1547942,29.9147494],[2.1545769,29.9145844],[2.1543463,29.9144158],[2.154133,29.9142496],[2.1534263,29.9136823],[2.1530414,29.9133859],[2.152586,29.9130365],[2.1493748,29.9105018],[2.1461052,29.9079339],[2.1454883,29.9074596],[2.1448445,29.906962],[2.1444462,29.9066493],[2.1440506,29.9063436],[2.143093,29.9055856],[2.1424802,29.9051031],[2.1418834,29.904637],[2.140671,29.9036697],[2.1387157,29.9021328],[2.1381269,29.9016713],[2.1375462,29.9012237],[2.1364123,29.9003232],[2.1338126,29.8982811],[2.1326834,29.8974103],[2.1315595,29.8965128],[2.131243,29.8962709],[2.1309158,29.8960245],[2.1304759,29.8957338],[2.1271902,29.8936294],[2.1239185,29.8915521],[2.1180814,29.8878344],[2.1151739,29.885974],[2.1120471,29.8839897],[2.1072507,29.8809415],[2.1065775,29.8805112],[2.1062207,29.8802624],[2.1059069,29.8800298],[2.1053705,29.8796089],[2.1049225,29.8792298],[2.10437,29.878774],[2.1038631,29.8783437],[2.1028296,29.8774791],[2.096259,29.871999],[2.0897023,29.8665331],[2.0890425,29.865976],[2.0883559,29.8653933],[2.0880434,29.8651549],[2.0877081,29.8648688],[2.0872508,29.8644722],[2.086882,29.864185],[2.086363,29.8637488],[2.0860183,29.8634558],[2.0850956,29.8626719],[2.0831537,29.8610634],[2.0824255,29.8605726],[2.0818609,29.860212],[2.0809825,29.8596514],[2.0802221,29.8591536],[2.0795046,29.8586919],[2.0786449,29.8581394],[2.0779341,29.857687],[2.077163,29.8571787],[2.0761505,29.8565367],[2.0758581,29.8563494],[2.0745237,29.8554945],[2.073589,29.8548885],[2.0720655,29.8539069],[2.0685786,29.8516853],[2.0680127,29.8513095],[2.0667453,29.8504942],[2.0663309,29.850222],[2.0658213,29.849894],[2.0655195,29.8496916],[2.0649603,29.8493496],[2.0630224,29.8480864],[2.0628152,29.8479561],[2.0623767,29.8476787],[2.0612542,29.8469621],[2.0602128,29.8462799],[2.0592418,29.8456704],[2.0588315,29.8454075],[2.0585565,29.845219],[2.0582212,29.8449759],[2.0579503,29.8447607],[2.0549413,29.842385],[2.0540223,29.8416594],[2.0526315,29.8405636],[2.0489877,29.8376716],[2.0475098,29.8365013],[2.0459019,29.8352228],[2.0450261,29.8345178],[2.0445205,29.8341211],[2.044204,29.8338733],[2.0438795,29.8336023],[2.0433994,29.833223],[2.0426859,29.8326774],[2.0423305,29.8323795],[2.0418517,29.8319991],[2.0414869,29.8317187],[2.0409438,29.8312848],[2.0403014,29.8307752],[2.0381194,29.8290475],[2.0369098,29.8280796],[2.0360206,29.827371],[2.035688,29.8271069],[2.0353715,29.8268824],[2.0351677,29.8267463],[2.0348136,29.8265078],[2.0342919,29.8261762],[2.0339151,29.8259283],[2.0334323,29.8256154],[2.0248271,29.8199724],[2.0097001,29.8080327],[2.0025964,29.8039063],[1.9975581,29.8009858],[1.9820706,29.7886108],[1.9741015,29.782251],[1.9723932,29.7809753],[1.9707195,29.7798579],[1.9662778,29.7769898],[1.9480817,29.7652556],[1.9472019,29.7646037],[1.9449489,29.7628155],[1.9328624,29.7531982],[1.9260442,29.747749],[1.9181612,29.7426401],[1.9144813,29.7402235],[1.9073829,29.735617],[1.9030491,29.7330542],[1.8914407,29.7270801],[1.8888337,29.7257384],[1.8819594,29.7221695],[1.8783921,29.7203826],[1.868323,29.7161995],[1.8522582,29.7097261],[1.8488024,29.7089473],[1.8321212,29.7054914],[1.8218285,29.7032361],[1.817831,29.7017596],[1.8047177,29.6968755],[1.7941074,29.6928999],[1.7821522,29.6896545],[1.7707002,29.6865474],[1.7637898,29.6846724],[1.7510687,29.6799336],[1.742065,29.6765903],[1.7337337,29.6735878],[1.7141944,29.6682641],[1.7047237,29.6656508],[1.6927389,29.6611361],[1.6912367,29.6605702],[1.6767411,29.6550511],[1.6675505,29.6531193],[1.6593313,29.651431],[1.6562865,29.6507978],[1.6480054,29.6490676],[1.6455642,29.6485575],[1.6441258,29.6481354],[1.6419029,29.6472588],[1.6366538,29.6450996],[1.6301905,29.6409758],[1.6292192,29.6402127],[1.6283973,29.639336],[1.6273138,29.6376962],[1.6263238,29.6354718],[1.6259986,29.6349741],[1.6252777,29.6338806],[1.6218219,29.6297239],[1.6207288,29.628361],[1.6201682,29.6276855],[1.6196526,29.6269837],[1.6186233,29.6255661],[1.618115,29.6248655],[1.6175992,29.6241592],[1.6168396,29.6231202],[1.6164534,29.622612],[1.6160193,29.6221213],[1.6155817,29.6216921],[1.6150855,29.6212491],[1.6141118,29.6203969],[1.6111323,29.6177494],[1.6106075,29.6172269],[1.6103554,29.6169471],[1.6101225,29.6166663],[1.6097841,29.6162056],[1.6094748,29.6157242],[1.6087997,29.6145966],[1.6081404,29.6134693],[1.6048714,29.607953],[1.6016076,29.6024334],[1.6002976,29.6002217],[1.5989976,29.5980078],[1.5967806,29.5933992],[1.5914933,29.5823641],[1.5902428,29.5797956],[1.5894841,29.5785456],[1.5887122,29.5773056],[1.5873819,29.5751743],[1.5860613,29.5730433],[1.5858661,29.5726791],[1.585679,29.5723035],[1.5843968,29.5695009],[1.5837351,29.5680793],[1.5834014,29.5673672],[1.5830299,29.5666724],[1.5822174,29.5653437],[1.5795167,29.5609273],[1.5765123,29.5560133],[1.5735532,29.5511591],[1.570503,29.5461605],[1.5692364,29.5440951],[1.5679676,29.5420337],[1.5677026,29.5416641],[1.5674314,29.5413224],[1.5660495,29.5398345],[1.5623819,29.5359603],[1.5589193,29.5323193],[1.5580208,29.5313724],[1.5525715,29.5256619],[1.5495243,29.5224412],[1.5485367,29.5214029],[1.5467828,29.5199064],[1.546256,29.5194569],[1.5439668,29.5175313],[1.5404496,29.5145517],[1.5398727,29.5141075],[1.5347994,29.5106152],[1.530165,29.5074511],[1.5256245,29.5043322],[1.5235861,29.5029316],[1.5224927,29.5022937],[1.5215632,29.5019019],[1.5204145,29.5015096],[1.5176815,29.5008814],[1.5122241,29.499591],[1.5110855,29.4993884],[1.5109751,29.4993688],[1.5102461,29.4992959],[1.5093987,29.4992777],[1.5068753,29.4992301],[1.500469,29.499141],[1.4939151,29.4990416],[1.4930586,29.4990134],[1.4923593,29.498936],[1.4919424,29.4988585],[1.4914754,29.498772],[1.4896553,29.4983756],[1.4873785,29.4978528],[1.4798143,29.4961614],[1.4785569,29.4958424],[1.4775363,29.4954871],[1.4757411,29.4946441],[1.4728197,29.4932935],[1.4699369,29.4919607],[1.4665746,29.4903752],[1.4601202,29.4866646],[1.4562507,29.4844707],[1.4510958,29.4814945],[1.4493575,29.4804978],[1.4488791,29.4802199],[1.4475988,29.4795912],[1.444986,29.478352],[1.4364413,29.4742048],[1.4332087,29.4726706],[1.4328397,29.4724519],[1.4324934,29.4722332],[1.4315982,29.4716091],[1.4280746,29.4690584],[1.4251446,29.4669528],[1.4221946,29.4648662],[1.4146781,29.4611401],[1.4060663,29.456957],[1.3951605,29.451559],[1.3892274,29.4474623],[1.3772077,29.4390021],[1.3727346,29.43589],[1.3693267,29.4335756],[1.3527201,29.4241746],[1.3481322,29.4216388],[1.3441594,29.418723],[1.3338868,29.4112173],[1.3280311,29.4069138],[1.3247224,29.4050136],[1.3161673,29.400171],[1.3050518,29.3938831],[1.3011689,29.3916421],[1.2982167,29.3896739],[1.285346,29.3809838],[1.2835186,29.3798684],[1.2811317,29.3784115],[1.2755733,29.3750765],[1.2678641,29.3704874],[1.2658053,29.3692995],[1.2620876,29.3670944],[1.2574592,29.3643931],[1.2544335,29.3625566],[1.2522102,29.3608618],[1.2415794,29.3520458],[1.2393569,29.3502757],[1.2388047,29.3498306],[1.2382304,29.3494057],[1.2369743,29.3486378],[1.2276322,29.3431884],[1.2198004,29.3386144],[1.2176075,29.3373733],[1.2172035,29.3371825],[1.2167774,29.3370083],[1.2158326,29.3366698],[1.2153615,29.3365],[1.2148897,29.3363411],[1.2027351,29.3321012],[1.1987173,29.3306944],[1.1983868,29.3305762],[1.198065,29.3304353],[1.1971775,29.3300052],[1.1949273,29.3286847],[1.1863092,29.3236122],[1.1837172,29.3220928],[1.1811269,29.3205817],[1.1759945,29.3175552],[1.1747055,29.3167724],[1.174367,29.3165725],[1.1740331,29.3163562],[1.1733954,29.3159019],[1.1721441,29.314974],[1.1708795,29.3140794],[1.1696295,29.3131404],[1.1671183,29.3113118],[1.1658416,29.3103917],[1.1645937,29.3094428],[1.1540104,29.3017152],[1.1515453,29.2999663],[1.1494678,29.2988182],[1.1475587,29.2977369],[1.1427431,29.2950093],[1.1315791,29.2886983],[1.130697,29.2882163],[1.1300706,29.2879475],[1.1279247,29.2872186],[1.1201613,29.2845214],[1.1083869,29.2803592],[1.1054272,29.2793549],[1.1045524,29.2791089],[1.103541,29.2789267],[1.1026571,29.2788629],[1.1017869,29.2788629],[1.0988265,29.2789077],[1.0947531,29.2789967],[1.0921191,29.2790542],[1.087921,29.2791112],[1.0842987,29.2791603],[1.0797233,29.2792547],[1.077508,29.2793435],[1.0753632,29.2794643],[1.0676727,29.2798105],[1.0652854,29.2801021],[1.0549658,29.2811159],[1.0492482,29.2817058],[1.0448346,29.2817161],[1.0425874,29.2817423],[1.0417855,29.2817423],[1.0404916,29.2815965],[1.0338682,29.280828],[1.0322179,29.2806124],[1.0309787,29.2804119],[1.0259653,29.2789414],[1.0199714,29.2772136],[1.0139837,29.2754832],[1.0123446,29.2750085],[1.0108503,29.2746167],[1.0080802,29.2740791],[1.0041074,29.2732632],[1.0024581,29.2729036],[1.000089,29.2722931],[0.997544,29.2716311],[0.9931594,29.2704907],[0.9915055,29.2700698],[0.9890726,29.2692497],[0.9860711,29.2682366],[0.9816372,29.2667804],[0.981218,29.2666528],[0.9804253,29.2664979],[0.9774001,29.2660514],[0.9717643,29.2652769],[0.9668666,29.2645662],[0.9622225,29.2639163],[0.9588526,29.2634363],[0.9579232,29.2633178],[0.9571578,29.2632631],[0.9563012,29.2632449],[0.9550985,29.2633634],[0.9512417,29.2637698],[0.9480913,29.264393],[0.9451482,29.2650035],[0.9438165,29.2651864],[0.9405144,29.2655334],[0.937121,29.2659039],[0.9364557,29.2659577],[0.9358084,29.2659785],[0.9351867,29.2659634],[0.9313252,29.2657416],[0.9285005,29.2655685],[0.9266143,29.2654865],[0.924306,29.2655703],[0.9233321,29.2656024],[0.9215982,29.2656596],[0.9183479,29.2657385],[0.9151651,29.2658509],[0.9127374,29.2659021],[0.9062589,29.2661074],[0.9051704,29.2661612],[0.904525,29.266208],[0.9021511,29.2665081],[0.9003542,29.2667448],[0.8998769,29.2668352],[0.8993876,29.2669661],[0.8990095,29.2671046],[0.8985121,29.2673667],[0.895355,29.2690306],[0.894765,29.2693047],[0.8943424,29.269451],[0.8940585,29.2695307],[0.8937088,29.2696029],[0.8881486,29.2703351],[0.8829958,29.2710197],[0.8816507,29.2711307],[0.8793823,29.2711906],[0.8784476,29.2711988],[0.8775208,29.2712539],[0.8769321,29.2713181],[0.8763844,29.2714093],[0.8752236,29.2716457],[0.8740547,29.2719248],[0.8699042,29.2728842],[0.8644461,29.2741693],[0.8634869,29.2744107],[0.8624829,29.2747366],[0.8618849,29.2749821],[0.8604924,29.2756061],[0.856652,29.2773495],[0.8535304,29.2787892],[0.8530015,29.2790155],[0.852372,29.2792461],[0.8515248,29.2794814],[0.841239,29.2818631],[0.8375726,29.2827303],[0.8369887,29.2828476],[0.8365311,29.282917],[0.8360615,29.2829542],[0.8356717,29.2829506],[0.8353053,29.2829177],[0.8347732,29.2828313],[0.8342118,29.2827082],[0.8318518,29.2821888],[0.8306238,29.2820298],[0.826339,29.281879],[0.8240864,29.281793],[0.8189401,29.2815965],[0.8149308,29.2814416],[0.8141144,29.2814674],[0.812097,29.2816922],[0.8102153,29.2819017],[0.8045799,29.2825403],[0.8017594,29.2828585],[0.79752,29.2833414],[0.7955268,29.2835556],[0.7939573,29.2837788],[0.7858361,29.2849867],[0.7842006,29.2852276],[0.7833167,29.2852732],[0.7824237,29.285255],[0.7771479,29.2850545],[0.7688584,29.2847425],[0.7679675,29.284731],[0.7672522,29.2847629],[0.7651064,29.2849588],[0.7617053,29.285255],[0.7587849,29.2855192],[0.754828,29.2858655],[0.7516373,29.2861337],[0.7495453,29.2862208],[0.7465292,29.2863211],[0.7391827,29.2865646],[0.7343465,29.2867038],[0.7306288,29.2868313],[0.7298361,29.286886],[0.7272574,29.2871411],[0.7194244,29.2879589],[0.7161668,29.2883237],[0.7144963,29.2884981],[0.713702,29.2885735],[0.7130542,29.2885995],[0.7118928,29.2886008],[0.7086461,29.2885991],[0.7054296,29.2886218],[0.7046733,29.2886993],[0.7038807,29.2888088],[0.7014556,29.2892164],[0.6979748,29.2897996],[0.6919231,29.2907741],[0.6853305,29.2918582],[0.6822011,29.2923723],[0.6786012,29.2928613],[0.6767755,29.2931084],[0.6750165,29.2933405],[0.673379,29.293537],[0.6728724,29.2935876],[0.6723584,29.2936125],[0.6716812,29.2936165],[0.6685001,29.2934944],[0.6658101,29.2934051],[0.6641053,29.2933314],[0.6614963,29.293102],[0.6569701,29.2927121],[0.6495774,29.2920682],[0.645884,29.2917442],[0.6421858,29.2914369],[0.6406213,29.2912756],[0.6402728,29.2912238],[0.6399098,29.2911384],[0.6395432,29.2910202],[0.6391733,29.2908783],[0.6389303,29.2907641],[0.6386272,29.2906043],[0.6381232,29.2902803],[0.6339362,29.2875057],[0.6335934,29.2873234],[0.6332403,29.2871753],[0.63283,29.2870294],[0.6326111,29.286972],[0.6323846,29.2869319],[0.6314629,29.2868148],[0.6279255,29.2864276],[0.6229555,29.2858902],[0.6217808,29.2857243],[0.6209972,29.2855557],[0.6204459,29.2853552],[0.6181451,29.284485],[0.6171018,29.2842071],[0.612935,29.2833962],[0.6100149,29.2828358],[0.6074271,29.28233],[0.6034241,29.2819387],[0.6017799,29.2817651],[0.5990919,29.2814826],[0.5979734,29.2813596],[0.5955223,29.2810908],[0.5934425,29.2807992],[0.591121,29.2804603],[0.5868294,29.2798304],[0.5856759,29.2796547],[0.5840119,29.2793312],[0.5800111,29.2785341],[0.5765194,29.2778247],[0.5758327,29.2777077],[0.5747759,29.2776024],[0.5719307,29.2773515],[0.55614,29.2759739],[0.5554968,29.275931],[0.5325156,29.2747264],[0.5317908,29.2747013],[0.527966,29.2746615],[0.5158703,29.2745314],[0.5056318,29.2744083],[0.4955408,29.2739563],[0.4845357,29.2734654],[0.47378,29.2724037],[0.4631005,29.2713578],[0.4552406,29.270611],[0.4430874,29.2699193],[0.4386452,29.2697202],[0.4348364,29.2695015],[0.4311369,29.2692919],[0.4287587,29.2691552],[0.4255376,29.2688773],[0.4215101,29.2685265],[0.4182128,29.2682482],[0.4147626,29.2679525],[0.410972,29.2676153],[0.4078056,29.2673328],[0.4043248,29.2670504],[0.4019193,29.2668271],[0.3997779,29.266613],[0.3972494,29.2662986],[0.395632,29.2661073],[0.393206,29.2658152],[0.3915817,29.2655925],[0.3885018,29.2652234],[0.3836907,29.2646448],[0.3794946,29.2641345],[0.3763191,29.2637336],[0.3747427,29.2635559],[0.3732073,29.2634375],[0.3707753,29.2632244],[0.3671251,29.2629272],[0.3588969,29.2622893],[0.3514615,29.2616879],[0.3504319,29.2615786],[0.3489648,29.261451],[0.3459375,29.2610829],[0.3431742,29.2607631],[0.3408415,29.2604578],[0.3401626,29.2603895],[0.3390829,29.2602346],[0.3368869,29.2599885],[0.3336384,29.2595739],[0.3308319,29.2592596],[0.330062,29.2591183],[0.3298524,29.2590956],[0.3278842,29.2588905],[0.325572,29.258697],[0.3209557,29.25828],[0.315743,29.2578112],[0.3076975,29.2566374],[0.3033847,29.255973],[0.3027865,29.2558935],[0.3021946,29.2558418],[0.3013623,29.2558139],[0.3001266,29.2558343],[0.2960032,29.2559098],[0.2928811,29.2559566],[0.2924037,29.2559566],[0.2919422,29.2559326]]},"properties":{"highway":"primary","ref":"RN 51"}},{"type":"Feature","geometry":{"type":"LineString","coordinates":[[2.8705702,30.5852913],[2.8713207,30.5855589],[2.8714432,30.5855997],[2.872272,30.5859163],[2.8729446,30.586132],[2.8742616,30.586393],[2.8745094,30.5863984],[2.8747629,30.5863744],[2.8748869,30.5863796]]},"properties":{"highway":"tertiary"}},{"type":"Feature","geometry":{"type":"LineString","coordinates":[[2.8738125,30.5892212],[2.8739286,30.5888696],[2.8740305,30.5885868],[2.8740767,30.588459],[2.8741677,30.5882032],[2.874254,30.587978],[2.874343,30.5876976],[2.874438,30.5873982],[2.8744432,30.5873818],[2.874534,30.5870957],[2.8746154,30.5868393],[2.8747629,30.5863744]]},"properties":{"highway":"tertiary"}},{"type":"Feature","geometry":{"type":"LineString","coordinates":[[2.9038377,30.5693337],[2.9044951,30.5684336],[2.9063985,30.5657751],[2.9075618,30.5645198],[2.9076907,30.5643506],[2.9079977,30.5637928],[2.9080992,30.5635979],[2.9082177,30.5633704],[2.9083047,30.5632034],[2.9088787,30.5623363],[2.9098433,30.5608508],[2.9100209,30.5605808],[2.9105746,30.5597394],[2.9109798,30.5591236],[2.9112255,30.5587498],[2.9117595,30.5579384]]},"properties":{"highway":"tertiary"}},{"type":"Feature","geometry":{"type":"LineString","coordinates":[[2.9117595,30.5579384],[2.912955,30.5563321],[2.9132436,30.5559402],[2.913673,30.5553567],[2.9138944,30.5549987],[2.9140263,30.5547727],[2.9141036,30.5545748],[2.914197,30.5542694],[2.9142631,30.5539382],[2.914274,30.5538284],[2.9143055,30.5534432],[2.9143157,30.5528975],[2.9142839,30.5515896],[2.9142612,30.5513878],[2.9142038,30.5510609],[2.9141981,30.5510363],[2.914169,30.5509115],[2.9141321,30.5507534],[2.9139385,30.5502723],[2.9138799,30.5501629],[2.9137028,30.5498319],[2.9135202,30.5494359],[2.9134195,30.5491457],[2.9133838,30.548983],[2.9133819,30.5486301],[2.913474,30.5484583],[2.9139779,30.5477726]]},"properties":{"highway":"tertiary"}},{"type":"Feature","geometry":{"type":"LineString","coordinates":[[2.9086135,30.5456735],[2.9100931,30.5460908],[2.9110014,30.546372],[2.9115863,30.5465875],[2.9123601,30.5469142],[2.912502,30.5469851],[2.9132361,30.5473516],[2.9139779,30.5477726],[2.9153938,30.548452],[2.9158678,30.5486431],[2.9160074,30.5486993],[2.9161572,30.5487597],[2.916826,30.5490193],[2.9174346,30.5491966],[2.9175759,30.5492131],[2.9176723,30.549215],[2.9180979,30.5492234],[2.9186726,30.5492941],[2.9190205,30.54935],[2.9198482,30.5494833],[2.9202952,30.5496685],[2.9207341,30.5498505],[2.9212671,30.5500714],[2.9213566,30.5501085]]},"properties":{"highway":"tertiary"}},{"type":"Feature","geometry":{"type":"LineString","coordinates":[[2.880963,30.5849338],[2.8808882,30.5850811],[2.8808274,30.5852573],[2.8807861,30.585635],[2.8806222,30.5861025],[2.8805562,30.5862397],[2.8803837,30.5866552],[2.8799243,30.5878435],[2.8798903,30.5879162],[2.8798479,30.5880197],[2.8795075,30.5889211],[2.8794243,30.5891243],[2.8788436,30.5905911],[2.8784302,30.5916404]]},"properties":{"highway":"secondary"}},{"type":"Feature","geometry":{"type":"LineString","coordinates":[[2.8798903,30.5879162],[2.8759437,30.5867252],[2.8748869,30.5863796]]},"properties":{"highway":"tertiary"}},{"type":"Feature","geometry":{"type":"LineString","coordinates":[[2.8748869,30.5863796],[2.8753394,30.5864476],[2.8759717,30.58667],[2.8773242,30.5870716],[2.8799243,30.5878435]]},"properties":{"name":"Boulevard Hassiba Ben Bouali","highway":"tertiary"}},{"type":"Feature","geometry":{"type":"LineString","coordinates":[[2.8750463,30.5698563],[2.8750416,30.5698125],[2.8750593,30.5697712],[2.8751572,30.5697051],[2.8753235,30.5696343],[2.8763326,30.5692168],[2.8773074,30.568896],[2.8781416,30.5684686],[2.8794067,30.5676647],[2.8795117,30.567598],[2.8796124,30.5675319],[2.8797566,30.5673023],[2.8801951,30.5666233],[2.8801603,30.5665565],[2.8800648,30.5662089],[2.8796502,30.5654164],[2.8795395,30.5651061],[2.8794006,30.5648182],[2.8792551,30.5646799],[2.8789534,30.5646556],[2.8787928,30.5646332],[2.8787298,30.5646033],[2.8787103,30.5645696],[2.8787041,30.5645438],[2.8787038,30.5644893],[2.8787863,30.5640855],[2.8792045,30.5638198],[2.8797868,30.5634863],[2.8798446,30.5634517],[2.8802566,30.5632049],[2.8810894,30.5627061],[2.8811995,30.5626588],[2.8812631,30.5626314],[2.8816755,30.5625528],[2.8824309,30.562572],[2.8837377,30.5626052],[2.8844036,30.5625476],[2.8849592,30.5624996],[2.8857197,30.5624338],[2.8857672,30.5624297],[2.8869507,30.5624122],[2.8872841,30.5623372],[2.8878483,30.5621566],[2.8882729,30.5620422],[2.8886608,30.5619346],[2.8889322,30.5618965],[2.8889689,30.5618924],[2.8898418,30.5617958],[2.8901226,30.5617292],[2.891334,30.5614434],[2.8914618,30.5613778],[2.8921688,30.5609977],[2.8923545,30.5608905],[2.8926898,30.5606986],[2.8931445,30.56048],[2.8932262,30.5604486],[2.8936563,30.5602836],[2.8941733,30.5600851],[2.8947861,30.5598598],[2.8949323,30.559834],[2.8950526,30.5598543],[2.8953468,30.5599899],[2.8963134,30.5603798],[2.896388,30.560422]]},"properties":{"highway":"tertiary"}},{"type":"Feature","geometry":{"type":"LineString","coordinates":[[2.8964823,30.5797357],[2.8964975,30.5795623],[2.8965615,30.5792471],[2.8965758,30.5791764],[2.8966936,30.5789552],[2.8968045,30.5787469],[2.896904,30.5785991],[2.8972075,30.5781484],[2.8976427,30.577502],[2.8984875,30.5762459],[2.898803,30.5757767],[2.899033,30.5754337]]},"properties":{"highway":"tertiary"}},{"type":"Feature","geometry":{"type":"LineString","coordinates":[[2.9218235,30.5504392],[2.9217517,30.5503628],[2.9216562,30.5502768],[2.9215216,30.5501945],[2.9213566,30.5501085]]},"properties":{"highway":"tertiary"}},{"type":"Feature","geometry":{"type":"LineString","coordinates":[[2.9213566,30.5501085],[2.9215541,30.5501534],[2.921667,30.5501646],[2.9217842,30.5501609],[2.9218558,30.5501422],[2.9219231,30.5501236]]},"properties":{"highway":"tertiary"}},{"type":"Feature","geometry":{"type":"LineString","coordinates":[[2.8788436,30.5905911],[2.8756354,30.5897381],[2.8747852,30.5894848],[2.8738125,30.5892212],[2.8732437,30.5890732],[2.8728741,30.5889683],[2.871992,30.58873],[2.8718302,30.588688],[2.8712088,30.5885206],[2.8704875,30.5883472]]},"properties":{"highway":"tertiary"}},{"type":"Feature","geometry":{"type":"LineString","coordinates":[[2.8806222,30.578073],[2.8805598,30.5780182],[2.8791404,30.576846],[2.8790562,30.5767625],[2.878826,30.5765344],[2.8783589,30.5759321],[2.8777793,30.5749283],[2.8769676,30.5734198],[2.8760076,30.5716333],[2.8753144,30.5703518],[2.8750463,30.5698563]]},"properties":{"highway":"tertiary"}},{"type":"Feature","geometry":{"type":"LineString","coordinates":[[2.899033,30.5754337],[2.899223,30.5751533],[2.899443,30.5748284],[2.8994951,30.5747643],[2.8996662,30.5745538],[2.8998995,30.5743027],[2.9009954,30.5732375],[2.9013485,30.5728173],[2.90203,30.5719318],[2.9025672,30.571168],[2.9038029,30.5693879],[2.9038377,30.5693337]]},"properties":{"highway":"tertiary"}},{"type":"Feature","geometry":{"type":"LineString","coordinates":[[2.9251526,30.5421094],[2.9251436,30.5421422],[2.9251269,30.5421752],[2.9251014,30.5422036],[2.9250686,30.5422258],[2.9250312,30.5422402],[2.9249909,30.5422464],[2.92495,30.542244],[2.924911,30.5422333],[2.9248776,30.5422158],[2.9248498,30.5421921],[2.924829,30.5421636],[2.9248164,30.5421317],[2.9248129,30.5420938],[2.9248208,30.5420564],[2.9248398,30.542022],[2.9248684,30.5419931],[2.9248935,30.541977],[2.9249204,30.5419644],[2.9249678,30.5419561],[2.9250151,30.5419586],[2.9250599,30.5419722],[2.9250984,30.5419961],[2.9251277,30.5420282],[2.9251455,30.5420661],[2.9251526,30.5421094]]},"properties":{"highway":"primary","maxspeed":"30"}},{"type":"Feature","geometry":{"type":"LineString","coordinates":[[2.8743208,30.5930436],[2.8737764,30.594111],[2.8733017,30.5949938],[2.8730026,30.5955087],[2.8726191,30.5959786],[2.8725424,30.596076],[2.8724987,30.5962003],[2.8723634,30.5966567],[2.8722861,30.5969173],[2.8719587,30.5977592],[2.8717154,30.5983791],[2.8715026,30.5989201],[2.8714208,30.599128],[2.8713923,30.5992564],[2.8714056,30.5993275],[2.8714563,30.5993825],[2.8715575,30.5994398],[2.871838,30.5995284],[2.8722473,30.599658],[2.8725923,30.5997565],[2.8734247,30.5999472],[2.8742658,30.60014],[2.8744614,30.6001658],[2.8746173,30.6001701],[2.8747282,30.6001644],[2.8749265,30.6001264],[2.8750742,30.6001113],[2.8752569,30.600113],[2.8763549,30.6002487],[2.87758,30.6004]]},"properties":{"highway":"tertiary"}},{"type":"Feature","geometry":{"type":"LineString","coordinates":[[2.8816248,30.5805549],[2.8815933,30.5805504],[2.881565,30.5805377],[2.8815428,30.580518],[2.8815289,30.5804932],[2.8815247,30.5804679],[2.8815423,30.5804197],[2.8815626,30.580401],[2.8815883,30.5803882],[2.8816172,30.5803825],[2.8816472,30.5803844],[2.8816752,30.5803939],[2.8816987,30.5804101],[2.8817155,30.5804315],[2.8817242,30.5804563],[2.881724,30.5804822],[2.8817148,30.5805068],[2.8816976,30.5805281],[2.8816738,30.5805439],[2.8816563,30.5805505],[2.8816248,30.5805549]]},"properties":{"highway":"secondary"}},{"type":"Feature","geometry":{"type":"LineString","coordinates":[[2.8869438,30.5827998],[2.8877126,30.5829639],[2.8885538,30.5830872],[2.8886781,30.5830842],[2.8888692,30.5830458],[2.8889792,30.5830458],[2.889695,30.5831656],[2.8899856,30.583226],[2.8904565,30.5831829],[2.8907287,30.5831634],[2.8912568,30.583203],[2.8913519,30.5831885],[2.8914809,30.5831449],[2.8916758,30.5830365],[2.8917618,30.5830075],[2.8918516,30.5829932],[2.8918953,30.5829863],[2.8921025,30.5830128],[2.8922886,30.5830491]]},"properties":{"highway":"tertiary"}},{"type":"Feature","geometry":{"type":"LineString","coordinates":[[2.877498,30.5979003],[2.8768523,30.5976839],[2.8763969,30.5975312],[2.8759606,30.597385],[2.8753817,30.5971909],[2.8749542,30.5970476],[2.8743747,30.5968534],[2.8736184,30.5965999],[2.8734397,30.59654],[2.8724987,30.5962003]]},"properties":{"highway":"tertiary"}},{"type":"Feature","geometry":{"type":"LineString","coordinates":[[2.8814054,30.5802251],[2.8815005,30.5803027],[2.8816172,30.5803825]]},"properties":{"name":"Route de l'Unité Africaine","highway":"secondary"}},{"type":"Feature","geometry":{"type":"LineString","coordinates":[[2.8817468,30.5806384],[2.8816849,30.5806351],[2.8816391,30.5806507]]},"properties":{"highway":"secondary_link"}},{"type":"Feature","geometry":{"type":"LineString","coordinates":[[2.8732437,30.5890732],[2.8730659,30.5898548],[2.8730018,30.5902414],[2.8728849,30.590793],[2.8728192,30.5912538],[2.8727602,30.5915454],[2.8726723,30.59202],[2.8726206,30.592299],[2.8725892,30.5924768],[2.8725273,30.5928022]]},"properties":{"highway":"tertiary"}},{"type":"Feature","geometry":{"type":"LineString","coordinates":[[2.8821795,30.5852749],[2.8818794,30.5860383],[2.881705,30.5865211],[2.8812299,30.5878102],[2.8810739,30.5881995],[2.8809388,30.5885769],[2.8808647,30.588784],[2.8807379,30.5891115],[2.8806621,30.5893074],[2.8805688,30.5895484],[2.8804315,30.589912],[2.8801148,30.5907754],[2.8798717,30.5913339],[2.8798279,30.5914345],[2.8796192,30.5919692]]},"properties":{"name":"Boulevard Larbi Ben M'Hidi","highway":"tertiary"}},{"type":"Feature","geometry":{"type":"LineString","coordinates":[[2.8863053,30.58393],[2.8844725,30.5834733],[2.8843624,30.5834477],[2.8843044,30.5834407],[2.8842488,30.5834373],[2.884176,30.5834381],[2.8841082,30.5834455],[2.8839973,30.5834608]]},"properties":{"highway":"tertiary"}},{"type":"Feature","geometry":{"type":"LineString","coordinates":[[2.8725273,30.5928022],[2.872855,30.5928453],[2.8729691,30.5928614],[2.8731769,30.5928872],[2.8736249,30.59294],[2.8743208,30.5930436],[2.8744881,30.5930675]]},"properties":{"highway":"tertiary"}},{"type":"Feature","geometry":{"type":"LineString","coordinates":[[2.8763877,30.5940479],[2.8760461,30.5946246],[2.8760295,30.59466],[2.8760288,30.594702],[2.8760489,30.5947265],[2.8760934,30.5947455],[2.8766189,30.594874],[2.8766429,30.5948933],[2.8766509,30.5949175],[2.8766536,30.5949478],[2.8766402,30.5949749],[2.8754626,30.5961846],[2.8751178,30.5965206],[2.8753325,30.5967407],[2.8754796,30.5968916],[2.8759606,30.597385]]},"properties":{"highway":"tertiary"}},{"type":"Feature","geometry":{"type":"LineString","coordinates":[[2.9041856,30.5412584],[2.9037693,30.5419109],[2.9034484,30.5422736],[2.902519,30.5431917],[2.9025058,30.5433234],[2.9027163,30.5436639],[2.9027448,30.5437663],[2.902687,30.5439862],[2.9019946,30.5448898],[2.90111,30.5457902],[2.9006397,30.5462166],[2.899247,30.5473206],[2.8986305,30.5477571],[2.8986058,30.547774],[2.8979177,30.5482626],[2.8971787,30.5487438],[2.8963793,30.5492364],[2.8959219,30.5495199],[2.895468,30.5493365],[2.8952801,30.5496732],[2.8950604,30.5502139],[2.8948497,30.5506028],[2.8947269,30.5507687],[2.8946468,30.5508646],[2.8945497,30.5509458],[2.8938236,30.5513949],[2.8935731,30.5515427],[2.8934308,30.5516956],[2.8932574,30.5519835],[2.8930977,30.5522486],[2.8926427,30.5530336],[2.8924173,30.5533951],[2.8920482,30.5539174],[2.8919255,30.5540976],[2.8914678,30.5547698],[2.8912322,30.5550933],[2.8908877,30.5555665],[2.8905399,30.5560441],[2.8897437,30.5571388],[2.8895136,30.5573278],[2.8894642,30.5573747],[2.8886109,30.5581165],[2.8882635,30.5584864],[2.8880111,30.5595579],[2.8879868,30.5596402],[2.8877924,30.5601672],[2.8877533,30.561105],[2.8877931,30.5612467],[2.8880236,30.5614847],[2.8881117,30.5616078],[2.8882729,30.5620422]]},"properties":{"highway":"tertiary"}},{"type":"Feature","geometry":{"type":"LineString","coordinates":[[2.9089428,30.5437364],[2.909121,30.5432455],[2.9093463,30.542826],[2.9095282,30.5425444],[2.9096761,30.5423427],[2.9098176,30.5421943],[2.9100858,30.5420061],[2.9111056,30.541438],[2.9114738,30.5411852],[2.9118923,30.5408542],[2.9122485,30.5405742],[2.912665,30.5402118],[2.9128274,30.5400412],[2.9134824,30.5392909],[2.913664,30.5390492],[2.9137127,30.5388906],[2.913711,30.5385732],[2.9137166,30.5383673],[2.9137754,30.5381378],[2.9138829,30.5379083],[2.9144173,30.5369125],[2.9145717,30.5366685],[2.9150108,30.5360713],[2.9155135,30.5355786],[2.91596,30.5342971],[2.9165535,30.5334038],[2.9172507,30.532194],[2.9177265,30.5313683],[2.9182523,30.5305969],[2.9188647,30.5299449],[2.9200492,30.527775],[2.9207657,30.5265208],[2.9216786,30.5248435],[2.9220426,30.524067],[2.9225568,30.5211055],[2.9227071,30.5187263],[2.9228118,30.5175401],[2.9230659,30.5157744],[2.9231648,30.5150867],[2.923272,30.5138675],[2.9230504,30.5121441],[2.9231518,30.5112796],[2.9235236,30.5101761],[2.9242474,30.5089269],[2.9244366,30.508324],[2.9252574,30.5067129],[2.9260233,30.5049588],[2.9264578,30.5039425],[2.9262564,30.5016798],[2.9262535,30.5016474],[2.9262943,30.5007532],[2.9266049,30.5000351],[2.9272372,30.4991214],[2.9280304,30.4983883],[2.9283827,30.4981006],[2.9291567,30.4974684],[2.9298145,30.4969474],[2.9300392,30.4965073],[2.9302189,30.4955146],[2.9302892,30.4951442],[2.9303536,30.494823],[2.930367,30.4946565],[2.930367,30.494504],[2.9303777,30.4943515],[2.9304421,30.4939424],[2.930434,30.4937945],[2.9303777,30.4936419],[2.930147,30.4933392],[2.9298815,30.4929439],[2.9296964,30.4926342],[2.9295838,30.4924031],[2.9293907,30.4918461],[2.9292217,30.4913723],[2.9290795,30.4909678],[2.9289669,30.4906766],[2.9288784,30.4905148],[2.9286665,30.490212],[2.9284143,30.4898884],[2.9280978,30.4895417],[2.9276633,30.4891373],[2.9274192,30.4889131],[2.9271054,30.4886218],[2.9269472,30.4884739],[2.9267031,30.4883237],[2.9264536,30.4882035],[2.9260701,30.4880717],[2.9255685,30.4879238],[2.9253378,30.4878475],[2.9249972,30.4877065],[2.924619,30.4875286],[2.9239723,30.487215],[2.9216981,30.4860584],[2.9214984,30.4859501],[2.9213456,30.4858205],[2.9212199,30.4856633],[2.921077,30.4854679],[2.9201769,30.4838595],[2.91996,30.4835621],[2.9196938,30.4832774],[2.9194079,30.4830374],[2.9191466,30.482859],[2.9187769,30.4826593],[2.9173301,30.4818755],[2.9170195,30.4816907],[2.9165043,30.4813402],[2.9161814,30.4811044],[2.9158487,30.4807794],[2.9154814,30.4804204],[2.9150649,30.4799531],[2.9134542,30.4780889],[2.9131045,30.4776678],[2.9128893,30.4773945],[2.909908,30.4726293],[2.9096665,30.4722044],[2.909346,30.4715798],[2.9091738,30.4711256],[2.9090974,30.4708425],[2.9090634,30.4705741],[2.9090492,30.4702373],[2.9090691,30.4698761],[2.9091059,30.4694466],[2.9091682,30.4691538],[2.9092305,30.4689244],[2.9108953,30.4634162],[2.9112067,30.4625327],[2.9114701,30.461947],[2.9118155,30.4613393],[2.9168826,30.4535993],[2.9174331,30.4526835],[2.9180493,30.4516254],[2.9186113,30.4505842],[2.9202711,30.4473604],[2.9208891,30.4459064],[2.9216991,30.4439863],[2.923385,30.4387162],[2.9242231,30.4359705],[2.9249034,30.4329442],[2.925702,30.4289571],[2.92584,30.4277074],[2.9258992,30.4265767],[2.9261851,30.4210506],[2.9258006,30.4181599]]},"properties":{"highway":"tertiary"}},{"type":"Feature","geometry":{"type":"LineString","coordinates":[[2.9096933,30.5442012],[2.9089428,30.5437364],[2.9080531,30.5431665],[2.907278,30.5428165],[2.9061383,30.5422937],[2.90468,30.5414971],[2.9041856,30.5412584]]},"properties":{"highway":"tertiary"}},{"type":"Feature","geometry":{"type":"LineString","coordinates":[[2.8003161,30.3837461],[2.8011911,30.38377],[2.8012891,30.3837715],[2.801588,30.3838199],[2.8016995,30.3839309],[2.8027196,30.3855183],[2.8037956,30.387136],[2.8043482,30.3879668],[2.8044233,30.3884354],[2.8046429,30.3896664],[2.80503,30.3912663],[2.8053189,30.3924724],[2.805602,30.3937234],[2.8055905,30.3948497],[2.8055847,30.3977752],[2.8055385,30.4002222],[2.8056482,30.4020411],[2.8058794,30.4048368],[2.8060874,30.4082204],[2.8061856,30.4095808],[2.8060931,30.4113099],[2.8061625,30.4128895],[2.8062203,30.4156151],[2.8065958,30.4180616],[2.8068269,30.4193521],[2.8073123,30.421111],[2.807867,30.4237317],[2.8081097,30.4244741],[2.8089532,30.4261481],[2.809895,30.4281659],[2.8105479,30.4299096],[2.8110737,30.4315487],[2.8115591,30.4328689],[2.8115709,30.4333296],[2.811744,30.4355043],[2.811848,30.4370237],[2.8119,30.4375617],[2.8120791,30.4382542],[2.8122954,30.438672],[2.8126883,30.4394852],[2.8127923,30.4396885],[2.8129518,30.4399032],[2.8131683,30.440093],[2.8190885,30.4435242],[2.819528,30.4438374],[2.8198644,30.4442394],[2.8233091,30.4500278],[2.8245346,30.4522418],[2.8270024,30.4574542],[2.8281137,30.4597786],[2.8292621,30.4628825],[2.8300975,30.4663421],[2.8307085,30.4691019],[2.8309082,30.4708785],[2.8312653,30.4727591],[2.8324686,30.4756718],[2.8332942,30.4775266],[2.8341146,30.4798658],[2.8347977,30.4809772],[2.8360855,30.4829471],[2.8388707,30.4864198],[2.8422826,30.4906242],[2.8452406,30.4944687],[2.846597,30.4961163],[2.8479371,30.497271],[2.848313,30.4984397],[2.8488976,30.4994272],[2.8489504,30.4995803],[2.849457,30.5044523],[2.8496694,30.5063672],[2.8489504,30.5075641],[2.8487802,30.5079214],[2.8487037,30.5081556],[2.8487225,30.5087256],[2.8487069,30.5091894],[2.8485921,30.5100177],[2.8482922,30.5110285],[2.8481794,30.5120088],[2.8481782,30.5123902],[2.8482181,30.5126714],[2.8490091,30.515528],[2.8492767,30.5169992],[2.8502904,30.5211082],[2.8505192,30.521981],[2.851941,30.5231354],[2.8521698,30.5241912],[2.8529216,30.5255145],[2.8538368,30.5259791],[2.8544905,30.5266266],[2.8569651,30.5313781],[2.8584134,30.5339985],[2.8586444,30.534523],[2.8588284,30.5351303],[2.8589675,30.5353643],[2.8597538,30.5364145],[2.8607689,30.538605],[2.8609143,30.5390808],[2.8609607,30.5394924],[2.8609233,30.539853],[2.8608184,30.5403883],[2.8608064,30.5407777],[2.8608934,30.5413994],[2.8609626,30.5416696],[2.8610941,30.5418732],[2.861238,30.5420468],[2.8618639,30.5427149],[2.8622178,30.5431709],[2.8623612,30.5434247],[2.8624522,30.543672],[2.8625843,30.5442736],[2.8627736,30.5447481],[2.8633552,30.545686],[2.8648441,30.5477694],[2.8654591,30.5487913],[2.8659907,30.5497716],[2.8661238,30.5504421],[2.8660315,30.5508648],[2.8659791,30.5512643],[2.8659459,30.5519807],[2.8659928,30.5528604],[2.8658946,30.5539899],[2.8659408,30.5545472],[2.8660391,30.5555025],[2.8662008,30.5561045],[2.866368,30.5563994],[2.8666598,30.5565526]]},"properties":{"highway":"tertiary"}},{"type":"Feature","geometry":{"type":"LineString","coordinates":[[2.8901742,30.589696],[2.890431,30.5896955],[2.8905197,30.5896734],[2.8906786,30.5895956],[2.8907968,30.5894995],[2.8912173,30.5887865],[2.8915416,30.5881617],[2.8916807,30.5877936],[2.8917042,30.5875673],[2.8916916,30.5873755],[2.8916884,30.5873593],[2.8916246,30.5870345],[2.8916078,30.5868356],[2.8916136,30.5867746],[2.8916225,30.586681],[2.8916652,30.5865567],[2.8917159,30.5864348],[2.8918141,30.5863436],[2.8919492,30.5862617],[2.8920223,30.586236],[2.8921006,30.5861699],[2.8921776,30.5860771],[2.892196,30.5859859],[2.8921899,30.5858181],[2.892196,30.585719],[2.8922252,30.5856014],[2.8922539,30.5855224],[2.8922648,30.5854607],[2.8922626,30.585357],[2.8922199,30.5851207],[2.8921311,30.5845009],[2.8920996,30.5841784],[2.8920775,30.5839566],[2.8921064,30.5837491],[2.8922886,30.5830491],[2.8923852,30.5826641],[2.8924433,30.5825318],[2.8924975,30.5824269],[2.8925543,30.5823423],[2.8926633,30.5822446],[2.8929771,30.5819737],[2.8930973,30.5819096],[2.8931374,30.581869],[2.8931664,30.5818102],[2.8932078,30.5816686],[2.8933088,30.5813882],[2.893395,30.5811833],[2.8934722,30.5810494],[2.8935688,30.5809519],[2.8937125,30.5808645],[2.8938814,30.5807804],[2.8940978,30.5806959],[2.8948788,30.5804105],[2.8949135,30.5803978],[2.8955973,30.5801479],[2.8959812,30.5799545],[2.8962253,30.579829],[2.8963141,30.5797921],[2.8963557,30.5797748],[2.8964823,30.5797357],[2.8965783,30.5797061],[2.8968163,30.5796462],[2.8971452,30.5795607],[2.8973857,30.5794981],[2.8980089,30.5793361],[2.8981332,30.5793215],[2.898236,30.5793255],[2.8983711,30.5793625],[2.8986879,30.5795184],[2.8987694,30.5795338],[2.8988256,30.5795255],[2.898869,30.5795131],[2.89891,30.5794832],[2.8989362,30.5794455],[2.8991754,30.5790863],[2.8992322,30.5790229],[2.8992982,30.5789766],[2.8993949,30.5789304],[2.8994993,30.5788973],[2.8995624,30.5788865],[2.8996681,30.5788683],[2.9004193,30.5787992],[2.9009514,30.5787503],[2.9011879,30.5787362],[2.9013062,30.5787352],[2.9014242,30.5787406],[2.9015417,30.5787522],[2.9016581,30.5787702],[2.9017729,30.5787943],[2.9020508,30.5788801]]},"properties":{"highway":"tertiary"}},{"type":"Feature","geometry":{"type":"LineString","coordinates":[[2.9020184,30.5945672],[2.9018837,30.5945355],[2.9017432,30.5945086],[2.9015586,30.5944882],[2.8958608,30.5942043],[2.8942069,30.5941188],[2.8923255,30.5940216],[2.8916873,30.5940275],[2.8910846,30.5940831]]},"properties":{"highway":"secondary"}},{"type":"Feature","geometry":{"type":"LineString","coordinates":[[2.8910997,30.5939655],[2.8911176,30.593983],[2.8911278,30.5940046],[2.8911293,30.5940279],[2.8911219,30.5940503],[2.8911065,30.5940694],[2.8910846,30.5940831],[2.891059,30.5940899],[2.8910322,30.5940892],[2.8910071,30.5940811],[2.8909864,30.5940665],[2.8909723,30.5940468],[2.8909663,30.5940243],[2.8909691,30.5940014],[2.8909804,30.5939804],[2.8909889,30.5939714],[2.8910075,30.5939589],[2.8910295,30.5939515],[2.891053,30.5939498],[2.8910762,30.593954],[2.8910997,30.5939655]]},"properties":{"highway":"secondary"}},{"type":"Feature","geometry":{"type":"LineString","coordinates":[[2.8870602,30.5958594],[2.8870714,30.595877],[2.8870765,30.5958966],[2.8870749,30.5959166],[2.887067,30.5959355],[2.8870551,30.59595],[2.8870395,30.5959615],[2.887021,30.5959694],[2.8870009,30.5959731],[2.8869748,30.5959714],[2.8869506,30.5959629],[2.8869308,30.5959483],[2.8869172,30.595929],[2.8869112,30.5959071],[2.8869135,30.5958847],[2.8869237,30.595864],[2.8869414,30.5958468],[2.8869583,30.5958376],[2.8869773,30.5958321],[2.8870006,30.5958309],[2.8870234,30.5958354],[2.8870438,30.5958451],[2.8870602,30.5958594]]},"properties":{"highway":"secondary"}},{"type":"Feature","geometry":{"type":"LineString","coordinates":[[2.8820078,30.5961164],[2.8820495,30.5965603]]},"properties":{"highway":"secondary"}},{"type":"Feature","geometry":{"type":"LineString","coordinates":[[2.8820495,30.5965603],[2.8818581,30.5961144]]},"properties":{"highway":"secondary"}},{"type":"Feature","geometry":{"type":"LineString","coordinates":[[2.8830049,30.5964191],[2.88306,30.596323]]},"properties":{"highway":"secondary_link"}},{"type":"Feature","geometry":{"type":"LineString","coordinates":[[2.882741,30.61007],[2.8828946,30.6087926],[2.882934,30.6080722],[2.8829105,30.6077746],[2.8828946,30.6075912],[2.8828394,30.6073931],[2.882739,30.6072298],[2.8824379,30.6068451],[2.8821732,30.6065553],[2.8820443,30.6064264]]},"properties":{"highway":"tertiary"}},{"type":"Feature","geometry":{"type":"LineString","coordinates":[[2.8852198,30.6100793],[2.8852576,30.6100323],[2.8852656,30.6099399],[2.8852442,30.6097737],[2.8851369,30.6092959],[2.8849869,30.6085904],[2.8832671,30.6010318],[2.8832005,30.6007351],[2.8829589,30.5996593],[2.8826198,30.5981495],[2.8826007,30.5980596],[2.8825878,30.5979989],[2.8824607,30.5974589],[2.8823352,30.5971757],[2.8820495,30.5965603]]},"properties":{"highway":"secondary"}},{"type":"Feature","geometry":{"type":"LineString","coordinates":[[2.8794726,30.5924156],[2.8788433,30.5940962],[2.8784633,30.5950864],[2.8782106,30.595745],[2.8780326,30.5961895],[2.8778778,30.5966015],[2.877771,30.59687],[2.8776361,30.5973232],[2.877498,30.5979003],[2.8774944,30.5979645],[2.8774964,30.5984676],[2.877529,30.5987631],[2.877556,30.599007],[2.8775729,30.5992372],[2.8776275,30.5999774],[2.8776115,30.6002027],[2.87758,30.6004],[2.8774687,30.6007647],[2.8773768,30.600951],[2.8769172,30.6015379],[2.876641,30.6019026],[2.876413,30.6022571],[2.8762296,30.6025711],[2.8759315,30.6031523],[2.8756218,30.6038209],[2.8752104,30.6044946],[2.8749556,30.6049306],[2.8749252,30.6050369],[2.8749099,30.6052146],[2.8748953,30.6062602],[2.8748722,30.6072184],[2.8748536,30.6074843],[2.8747994,30.6081112],[2.8747775,30.6084711],[2.8747214,30.6086196],[2.874664,30.6087116],[2.8741902,30.6091968],[2.8739472,30.6094068],[2.8734075,30.6096683],[2.8731806,30.6097733],[2.8724589,30.6101073],[2.8720522,30.6102954],[2.8718419,30.6103761],[2.8716431,30.6104345],[2.8712237,30.6105363],[2.8708146,30.610638],[2.8704209,30.6107358],[2.87001,30.610838],[2.869387,30.6109928],[2.8692502,30.6110268],[2.8690198,30.6110835],[2.8688062,30.6111361],[2.8685403,30.611196],[2.8680503,30.6113064],[2.8673519,30.6114637],[2.8671311,30.6115381],[2.8669362,30.6116117],[2.8667005,30.6117122],[2.866316,30.6118722],[2.8659763,30.6119829],[2.8656265,30.6120798],[2.8649313,30.6122238],[2.8648229,30.6122349]]},"properties":{"highway":"tertiary"}},{"type":"Feature","geometry":{"type":"LineString","coordinates":[[2.880963,30.5849338],[2.8810681,30.5847006]]},"properties":{"highway":"secondary"}},{"type":"Feature","geometry":{"type":"LineString","coordinates":[[2.8811449,30.5847429],[2.880963,30.5849338]]},"properties":{"highway":"secondary"}},{"type":"Feature","geometry":{"type":"LineString","coordinates":[[2.8795762,30.5923839],[2.8795599,30.5924015],[2.8795381,30.592414],[2.8795129,30.5924201],[2.8794867,30.5924192],[2.8794726,30.5924156],[2.8794533,30.5924066],[2.8794374,30.5923935],[2.8794254,30.5923761],[2.8794194,30.5923565],[2.8794199,30.5923363],[2.8794269,30.592317],[2.8794399,30.5923001],[2.8794577,30.5922869],[2.8794746,30.5922798],[2.8795008,30.5922756],[2.8795272,30.5922786],[2.8795512,30.5922886],[2.8795704,30.5923045],[2.87958,30.5923186],[2.8795868,30.5923404],[2.8795855,30.5923629],[2.8795762,30.5923839]]},"properties":{"highway":"secondary"}},{"type":"Feature","geometry":{"type":"LineString","coordinates":[[2.8781054,30.5922349],[2.8777741,30.5930303],[2.8775035,30.5937429],[2.8774312,30.5939401],[2.8773735,30.5940719],[2.8773471,30.5941228],[2.8773139,30.5941574],[2.8772666,30.5941847],[2.8771997,30.5942066],[2.8770159,30.5942686],[2.8769096,30.5942915],[2.8768473,30.5942913],[2.8768007,30.5942764],[2.8767497,30.5942568],[2.8763877,30.5940479],[2.8750088,30.5932589],[2.8744881,30.5930675]]},"properties":{"highway":"tertiary"}},{"type":"Feature","geometry":{"type":"LineString","coordinates":[[2.8783661,30.5919987],[2.8785443,30.5920724],[2.8786455,30.5921459]]},"properties":{"highway":"secondary"}},{"type":"Feature","geometry":{"type":"LineString","coordinates":[[2.8818096,30.5960294],[2.8814391,30.5955156],[2.8797184,30.5927034],[2.879579,30.5925048],[2.8794867,30.5924192]]},"properties":{"highway":"secondary"}},{"type":"Feature","geometry":{"type":"LineString","coordinates":[[2.878324,30.5919616],[2.8783428,30.5919698],[2.8783574,30.5919828],[2.8783661,30.5919987],[2.8783684,30.5920161],[2.8783642,30.5920332],[2.8783539,30.5920484],[2.8783386,30.5920599],[2.8783198,30.5920666],[2.8782995,30.5920679],[2.8782822,30.5920644],[2.8782668,30.592057],[2.8782543,30.5920461],[2.8782459,30.5920327],[2.878242,30.5920178],[2.8782437,30.5920007],[2.8782514,30.5919849],[2.8782644,30.5919719],[2.8782825,30.5919627],[2.8783032,30.5919591],[2.878324,30.5919616]]},"properties":{"highway":"secondary"}},{"type":"Feature","geometry":{"type":"LineString","coordinates":[[2.8784302,30.5916404],[2.8783574,30.5919828]]},"properties":{"highway":"secondary"}},{"type":"Feature","geometry":{"type":"LineString","coordinates":[[2.8811275,30.584747],[2.8811096,30.584746],[2.881093,30.5847399],[2.8810797,30.5847295],[2.881071,30.5847159],[2.8810681,30.5847006],[2.8810711,30.5846854],[2.8810797,30.5846718],[2.881093,30.5846615],[2.8811095,30.5846554],[2.8811273,30.5846543],[2.8811447,30.5846584],[2.8811529,30.5846624],[2.8811601,30.5846675],[2.8811702,30.5846793],[2.8811755,30.5846932],[2.8811756,30.5847079],[2.8811703,30.5847218],[2.8811603,30.5847336],[2.8811531,30.5847389],[2.8811449,30.5847429],[2.8811275,30.584747]]},"properties":{"highway":"secondary"}},{"type":"Feature","geometry":{"type":"LineString","coordinates":[[2.881001,30.5845304],[2.8809402,30.5844524],[2.880705,30.5842848],[2.8803352,30.5840209],[2.8798724,30.5836905],[2.8790915,30.583189],[2.879058,30.5831689]]},"properties":{"highway":"secondary"}},{"type":"Feature","geometry":{"type":"LineString","coordinates":[[2.8782822,30.5920644],[2.8782171,30.5921452],[2.8781054,30.5922349]]},"properties":{"highway":"tertiary"}},{"type":"Feature","geometry":{"type":"LineString","coordinates":[[2.8795195,30.5921537],[2.8796192,30.5919692],[2.8796192,30.5920177],[2.8796111,30.59214],[2.8796165,30.5922601],[2.8796726,30.5924382]]},"properties":{"highway":"tertiary"}},{"type":"Feature","geometry":{"type":"LineString","coordinates":[[2.881001,30.5845304],[2.8811447,30.5846584]]},"properties":{"highway":"secondary"}},{"type":"Feature","geometry":{"type":"LineString","coordinates":[[2.8811601,30.5846675],[2.8813533,30.5847049],[2.8812366,30.5847167],[2.8811603,30.5847336]]},"properties":{"highway":"tertiary"}},{"type":"Feature","geometry":{"type":"LineString","coordinates":[[2.8796111,30.59214],[2.8795704,30.5923045]]},"properties":{"highway":"tertiary"}},{"type":"Feature","geometry":{"type":"LineString","coordinates":[[2.880963,30.5849338],[2.8809881,30.5847771],[2.8810025,30.5846542],[2.881001,30.5845304]]},"properties":{"highway":"secondary"}},{"type":"Feature","geometry":{"type":"LineString","coordinates":[[2.8794746,30.5922798],[2.8795195,30.5921537]]},"properties":{"highway":"tertiary"}},{"type":"Feature","geometry":{"type":"LineString","coordinates":[[2.8648229,30.6122349],[2.864786,30.6128599],[2.8647823,30.612923],[2.86472,30.6133517],[2.8645063,30.6146843],[2.8643186,30.6156947],[2.8641832,30.6164678],[2.863875,30.618193],[2.8637011,30.6191667],[2.863663,30.6193799],[2.8633766,30.6209894],[2.8627779,30.6246607],[2.8627431,30.6285282],[2.8630648,30.6305107],[2.8634039,30.6327998],[2.8636494,30.6343003],[2.864074,30.636915],[2.8641863,30.6375722],[2.8643428,30.6394946],[2.8643689,30.6403996],[2.8640472,30.641458],[2.8640516,30.6417048],[2.8642254,30.6418582],[2.8675507,30.6418918],[2.8677942,30.6419367],[2.8679941,30.6420564],[2.8681419,30.6423593],[2.8682452,30.6430514],[2.8683766,30.6439114],[2.8685505,30.6451717],[2.8687548,30.6456055],[2.8689809,30.6467573],[2.8693286,30.648586],[2.8694715,30.6494503],[2.8696546,30.6503174],[2.869985,30.6510466],[2.870224,30.6522657],[2.8703371,30.6528939],[2.8705153,30.6540943],[2.8706711,30.655681],[2.8714238,30.6572877],[2.8716889,30.6576466],[2.874071,30.659879],[2.8772181,30.6627805],[2.8776919,30.6633638],[2.8779483,30.6637901],[2.8780266,30.6642836],[2.8780614,30.6662989],[2.8781787,30.6664597],[2.8785308,30.666598],[2.8807216,30.6664746],[2.8821256,30.6663812],[2.8831515,30.6662802],[2.8857248,30.6660895],[2.8870462,30.6660073],[2.8877504,30.665925],[2.8916815,30.6649647],[2.8941403,30.6643808]]},"properties":{"highway":"tertiary"}},{"type":"Feature","geometry":{"type":"LineString","coordinates":[[2.8794374,30.5923935],[2.8793778,30.592364],[2.8791867,30.5922717],[2.8792818,30.5922765],[2.8794577,30.5922869]]},"properties":{"highway":"secondary"}},{"type":"Feature","geometry":{"type":"LineString","coordinates":[[2.891334,30.5614434],[2.8919912,30.5616319],[2.8927296,30.5618437],[2.8946211,30.5623873],[2.8946875,30.5624217]]},"properties":{"highway":"tertiary"}},{"type":"Feature","geometry":{"type":"LineString","coordinates":[[2.8813504,30.5802787],[2.8808048,30.5798172],[2.8800576,30.5791852],[2.8799588,30.5790653],[2.8798939,30.5789179],[2.8798727,30.57879],[2.8799007,30.5786566],[2.8799623,30.5785825],[2.8801343,30.5784126],[2.8805598,30.5780182],[2.8815925,30.5770771],[2.8825746,30.5761604],[2.8833075,30.5755042],[2.8833667,30.5754462],[2.8837623,30.5750802],[2.8842305,30.5746553],[2.8847932,30.5741478],[2.8848837,30.5740521],[2.8850127,30.5738986],[2.8852357,30.573515],[2.8854298,30.5731701],[2.8860867,30.571921],[2.8866083,30.5711971],[2.8874481,30.5702308],[2.8876522,30.5700101],[2.8878458,30.5698278],[2.8880789,30.5695979],[2.8884294,30.5692606],[2.8904153,30.5673271],[2.8908663,30.5668186],[2.8910815,30.5665698],[2.8924177,30.5650381],[2.8924462,30.565005],[2.8934375,30.5638203],[2.8939815,30.5631715],[2.8944594,30.5625762],[2.8946211,30.5623873],[2.8947279,30.5622596],[2.8955945,30.5612364],[2.8959486,30.5608184],[2.8963134,30.5603798],[2.8968308,30.5597783],[2.8972533,30.5592767],[2.897503,30.5589803],[2.8977247,30.5587187],[2.8979131,30.5584963],[2.8979413,30.558463],[2.898146,30.5582204],[2.8983616,30.5579649],[2.8985033,30.557797],[2.8985749,30.5577121],[2.8986089,30.5576719],[2.8989872,30.5572112],[2.8992374,30.5569179],[2.8999391,30.5560956],[2.9001875,30.5558012],[2.9004525,30.5554801],[2.9004923,30.5554364],[2.9020498,30.5535872],[2.9021232,30.5534987],[2.9025427,30.5530057],[2.9025795,30.5529641],[2.9030406,30.552402],[2.9031209,30.5523632]]},"properties":{"name":"Route de l'Unité Africaine","highway":"secondary"}},{"type":"Feature","geometry":{"type":"LineString","coordinates":[[2.9097359,30.544425],[2.9097347,30.5443931],[2.9097395,30.5443752],[2.9097482,30.5443584],[2.909767,30.5443373],[2.9097919,30.5443213],[2.9098208,30.5443119],[2.9098439,30.5443094],[2.9098662,30.544311],[2.9098877,30.5443164],[2.909917,30.5443314],[2.9099397,30.5443533],[2.9099537,30.5443801],[2.9099578,30.5444093],[2.9099514,30.5444381],[2.9099353,30.544464],[2.9099108,30.5444845],[2.9098775,30.5444985],[2.9098408,30.5445023],[2.9098046,30.5444957],[2.9097729,30.5444792],[2.9097491,30.5444548],[2.9097359,30.544425]]},"properties":{"highway":"secondary"}},{"type":"Feature","geometry":{"type":"LineString","coordinates":[[2.9091017,30.5451445],[2.9093017,30.5448991],[2.9095353,30.5446156],[2.9096847,30.5444357],[2.9097347,30.5443931]]},"properties":{"highway":"secondary"}},{"type":"Feature","geometry":{"type":"LineString","coordinates":[[2.9098775,30.5444985],[2.9097352,30.5445943],[2.9096637,30.5446478],[2.9095441,30.5447375],[2.9091017,30.5451445]]},"properties":{"highway":"secondary"}},{"type":"Feature","geometry":{"type":"LineString","coordinates":[[2.9098877,30.5443164],[2.9099317,30.5443079],[2.9104207,30.5442283],[2.9108831,30.5441305],[2.912011,30.5439377],[2.912592,30.5438449],[2.913174,30.5437205],[2.9153828,30.5433927],[2.9175355,30.5430733],[2.9235391,30.5421788],[2.923817,30.5421497],[2.9244068,30.5420925],[2.9244623,30.5420849],[2.9245091,30.5420742],[2.9245488,30.5420636],[2.9247199,30.5420073],[2.9247593,30.5419992],[2.9248048,30.5419948],[2.9248684,30.5419931]]},"properties":{"highway":"secondary"}},{"type":"Feature","geometry":{"type":"LineString","coordinates":[[2.9097482,30.5443584],[2.909741,30.544299],[2.9096933,30.5442012]]},"properties":{"highway":"tertiary"}},{"type":"Feature","geometry":{"type":"LineString","coordinates":[[2.9096933,30.5442012],[2.9098208,30.5443119]]},"properties":{"highway":"tertiary"}},{"type":"Feature","geometry":{"type":"LineString","coordinates":[[2.8680503,30.6113064],[2.8682221,30.6119254],[2.8683181,30.6122522],[2.8683699,30.612435],[2.8684874,30.6128504],[2.8685663,30.613129],[2.8685742,30.613157],[2.8686246,30.6133352],[2.8686506,30.6134271],[2.868725,30.6136898],[2.8687907,30.6139222],[2.868827,30.6140505],[2.8688356,30.614081],[2.8689321,30.614422],[2.8689531,30.614496],[2.8690086,30.6146923],[2.8690209,30.614736],[2.8692308,30.6154779],[2.8692996,30.6156849],[2.8695289,30.6163748],[2.8695908,30.6167381],[2.8695666,30.6172066]]},"properties":{"highway":"tertiary"}},{"type":"Feature","geometry":{"type":"LineString","coordinates":[[2.8782644,30.5919719],[2.8784302,30.5916404]]},"properties":{"highway":"secondary"}},{"type":"Feature","geometry":{"type":"LineString","coordinates":[[2.8786455,30.5921459],[2.8785132,30.5921292],[2.8783198,30.5920666]]},"properties":{"highway":"secondary"}},{"type":"Feature","geometry":{"type":"LineString","coordinates":[[2.9020465,30.5943336],[2.9020643,30.5941412],[2.902072,30.594045],[2.9020731,30.5939618],[2.9020685,30.5938696],[2.9019143,30.5928281],[2.9018432,30.5922334],[2.9014109,30.5886171],[2.9013822,30.5882472],[2.9013865,30.5879773],[2.9013811,30.5877714],[2.9014079,30.5874271],[2.9016139,30.5853582],[2.9018295,30.5835155],[2.9019072,30.5828515],[2.9019398,30.5825726],[2.901996,30.5819734],[2.9021576,30.5802491],[2.9022187,30.5796201],[2.9022805,30.5789828],[2.9022944,30.5788674],[2.9023467,30.5784018],[2.9023937,30.5779879],[2.9025184,30.576898],[2.9028099,30.5753205],[2.9030245,30.5742786],[2.903072,30.5740938],[2.9031567,30.5738398],[2.9032478,30.5736298],[2.9043661,30.571218],[2.9046062,30.5707776],[2.904761,30.5705529],[2.9049187,30.5703619],[2.905122,30.5701513],[2.905355,30.5699375],[2.9069255,30.5686841],[2.9084108,30.5674802],[2.9084483,30.5674453],[2.9084826,30.567411],[2.9085775,30.5672967]]},"properties":{"name":"Trans-Sahara","highway":"primary","maxspeed":"50","ref":"RN 1"}},{"type":"Feature","geometry":{"type":"LineString","coordinates":[[2.9024118,30.5945661],[2.9023823,30.5947816],[2.9023756,30.5948906],[2.9023793,30.5950112],[2.9025605,30.5963145],[2.9025659,30.5963826],[2.902568,30.5964468],[2.9025738,30.5967632]]},"properties":{"name":"Trans-Sahara","highway":"primary","maxspeed":"50","ref":"RN 1"}},{"type":"Feature","geometry":{"type":"LineString","coordinates":[[2.9025738,30.5967632],[2.9024677,30.5964493],[2.9024506,30.5963912],[2.9024371,30.5963399],[2.9022526,30.5950382],[2.9022304,30.594925],[2.9021859,30.5948191],[2.902045,30.5945983]]},"properties":{"name":"Trans-Sahara","highway":"primary","maxspeed":"50","ref":"RN 1"}},{"type":"Feature","geometry":{"type":"LineString","coordinates":[[3.192465,30.7238066],[3.1926574,30.724175],[3.192684,30.7242212],[3.1927165,30.7242646],[3.1927546,30.7243045],[3.1927977,30.7243404],[3.1928452,30.7243719],[3.1928966,30.7243986],[3.1929511,30.7244201],[3.1930589,30.7244495]]},"properties":{"highway":"primary_link"}},{"type":"Feature","geometry":{"type":"LineString","coordinates":[[3.1930851,30.7244976],[3.1929809,30.7245526],[3.1929371,30.7245813],[3.1928992,30.7246156],[3.1928683,30.7246546],[3.192845,30.7246975],[3.19283,30.724743],[3.1928238,30.72479],[3.1928145,30.7250343]]},"properties":{"highway":"primary_link"}},{"type":"Feature","geometry":{"type":"LineString","coordinates":[[2.9160536,30.5599712],[2.9148049,30.5593574],[2.9143518,30.5591467],[2.9136137,30.5588443],[2.9132115,30.5586474],[2.9131287,30.5586101],[2.9127387,30.5583944],[2.9120566,30.5580767],[2.9117595,30.5579384]]},"properties":{"highway":"tertiary"}},{"type":"Feature","geometry":{"type":"LineString","coordinates":[[2.8869414,30.5958468],[2.886887,30.5957592],[2.8868357,30.5956567],[2.8867975,30.5954751],[2.8867926,30.5953585],[2.8867806,30.594746],[2.8868008,30.5935044],[2.8868021,30.5933054],[2.8868028,30.5932061],[2.8868073,30.5925358],[2.8868237,30.5923504],[2.8868998,30.5920769],[2.8869736,30.5919204],[2.8870183,30.5918456],[2.8875814,30.5913336],[2.8879393,30.5909846],[2.8880392,30.5908934],[2.8880891,30.5908538],[2.8882004,30.5907772],[2.8889695,30.5904377],[2.8898601,30.5899929],[2.8898925,30.5899767],[2.890048,30.5898635],[2.8901742,30.589696]]},"properties":{"highway":"tertiary"}},{"type":"Feature","geometry":{"type":"LineString","coordinates":[[2.8825878,30.5979989],[2.8814918,30.5991011],[2.879789,30.6007051],[2.8793619,30.6010873],[2.879169,30.6011305],[2.8786379,30.6012505],[2.878477,30.6012459],[2.878186,30.6011905],[2.8773768,30.600951]]},"properties":{"highway":"tertiary"}},{"type":"Feature","geometry":{"type":"LineString","coordinates":[[2.8820443,30.6064264],[2.8817249,30.606172],[2.8816592,30.6061197],[2.8811505,30.6057147],[2.8809445,30.6055507],[2.8801549,30.6049219],[2.8794348,30.6043486]]},"properties":{"highway":"tertiary"}},{"type":"Feature","geometry":{"type":"LineString","coordinates":[[2.8794348,30.6043486],[2.8793411,30.6042726],[2.8790059,30.6040601],[2.8787345,30.6039498],[2.8784674,30.6038414],[2.8780385,30.6036875],[2.8778045,30.6036035],[2.8767622,30.6032702],[2.8759315,30.6031523]]},"properties":{"highway":"tertiary"}},{"type":"Feature","geometry":{"type":"LineString","coordinates":[[2.9659077,30.5091762],[2.9659578,30.5091427],[2.9660141,30.5091176],[2.9660748,30.5091017],[2.9661343,30.5090956],[2.9661942,30.5090984],[2.9662526,30.50911],[2.9663078,30.50913],[2.9663582,30.5091579],[2.9664023,30.5091929],[2.9664388,30.5092338],[2.9664667,30.5092795],[2.966485,30.5093287],[2.9664933,30.5093798],[2.9664913,30.5094314],[2.966479,30.5094819],[2.9664569,30.5095299],[2.9664255,30.5095739],[2.9663893,30.5096098],[2.966347,30.5096403],[2.9662996,30.5096646],[2.9662483,30.5096822],[2.9661945,30.5096926],[2.9661394,30.5096955],[2.9660802,30.5096903],[2.9660228,30.5096764],[2.9659691,30.5096543],[2.9659205,30.5096246],[2.9658785,30.5095883],[2.9658443,30.5095463],[2.9658189,30.5094999],[2.965803,30.5094504],[2.9657999,30.5094334],[2.9657971,30.5093935],[2.9658005,30.5093538],[2.96581,30.5093147],[2.9658326,30.5092636],[2.9658655,30.509217],[2.9659077,30.5091762]]},"properties":{"highway":"tertiary"}},{"type":"Feature","geometry":{"type":"LineString","coordinates":[[2.9568368,30.5140879],[2.9563121,30.5142254],[2.955976,30.5143134],[2.9556229,30.5144058],[2.9552584,30.5145006],[2.9544564,30.5147091],[2.9537248,30.5149028],[2.9532278,30.5150329],[2.9527168,30.5151667],[2.952274,30.5152827],[2.9518363,30.5153989],[2.9514722,30.5154955]]},"properties":{"highway":"tertiary"}},{"type":"Feature","geometry":{"type":"LineString","coordinates":[[2.9466232,30.4979898],[2.9461987,30.4998404],[2.9460918,30.500386],[2.9460628,30.500543],[2.9460505,30.5007016],[2.9460551,30.5008605],[2.9460764,30.5010183],[2.9461143,30.5011739],[2.9461685,30.5013258],[2.9465346,30.5022661],[2.9470837,30.503754],[2.9478701,30.5058358],[2.9478986,30.5058895],[2.9479342,30.5059314],[2.9479817,30.5059594],[2.9480205,30.5059773],[2.9480611,30.5059921]]},"properties":{"highway":"tertiary"}},{"type":"Feature","geometry":{"type":"LineString","coordinates":[[2.8666598,30.5565526],[2.8709687,30.5586071],[2.8730593,30.5595923],[2.876652,30.5611537],[2.8772956,30.5614156],[2.8778411,30.5616441],[2.8781087,30.5617471],[2.8783794,30.5618214],[2.87865,30.5618665],[2.878839,30.5618976],[2.8792406,30.5619639],[2.8795127,30.5620218],[2.8796014,30.5620218],[2.8796753,30.5620005],[2.8801151,30.5617493],[2.8808286,30.561401],[2.8814879,30.5610916],[2.8815709,30.5610241],[2.8817877,30.5608969],[2.8820342,30.560795],[2.8823417,30.5606981],[2.8826134,30.5606528],[2.8827683,30.560657],[2.8828584,30.560682],[2.8835189,30.5609705],[2.8845927,30.5612428],[2.88467,30.5612523],[2.8847911,30.5612345],[2.8849865,30.5611718],[2.8851304,30.5611561],[2.886052,30.5611558],[2.8867618,30.5611495],[2.8875015,30.5612192],[2.8877931,30.5612467]]},"properties":{"highway":"tertiary"}},{"type":"Feature","geometry":{"type":"LineString","coordinates":[[2.9255922,30.5413318],[2.9253639,30.5416766],[2.9252982,30.5417789],[2.9252392,30.5418845],[2.9251927,30.5419946],[2.9251526,30.5421094]]},"properties":{"name":"Trans-Sahara","highway":"primary","maxspeed":"50","ref":"RN 1"}},{"type":"Feature","geometry":{"type":"LineString","coordinates":[[2.9088191,30.5674206],[2.9087765,30.567438],[2.9087264,30.5674435],[2.9086769,30.5674348],[2.9086333,30.567413],[2.9086001,30.5673803],[2.9085808,30.5673401],[2.9085775,30.5672967],[2.9085921,30.5672519],[2.9086278,30.5672107],[2.908679,30.5671842],[2.9087381,30.5671762],[2.9087415,30.5671763],[2.908789,30.5671854],[2.9088309,30.5672066],[2.9088631,30.567238],[2.9088825,30.5672764],[2.9088871,30.5673181],[2.9088771,30.5673578],[2.9088537,30.567393],[2.9088191,30.5674206]]},"properties":{"highway":"primary"}},{"type":"Feature","geometry":{"type":"LineString","coordinates":[[2.9087765,30.567438],[2.9086922,30.567463],[2.9085992,30.5674906],[2.9085526,30.5675128],[2.9085103,30.5675371],[2.9084668,30.5675669],[2.9067697,30.5689336],[2.9054018,30.5700167],[2.9051931,30.570216],[2.9050212,30.5703996],[2.9048355,30.5706199],[2.9046883,30.570833],[2.9044509,30.5712799],[2.9036245,30.5730433],[2.9033343,30.5736662],[2.9032466,30.5738784],[2.9031653,30.5741017],[2.9031122,30.5742988],[2.9029964,30.574894],[2.9028669,30.5755935],[2.9026278,30.5769513],[2.9025229,30.5777532],[2.9024207,30.578881],[2.9024058,30.5789942],[2.9023214,30.5796466],[2.9021823,30.5811631],[2.9021094,30.5819927],[2.901995,30.5828537],[2.9019047,30.5835331],[2.9018444,30.5839871],[2.9017089,30.5853476],[2.9017013,30.5854241],[2.901675,30.5856881],[2.9014672,30.5877755],[2.90146,30.5882493],[2.9016325,30.5898431],[2.9019923,30.5925534],[2.9020849,30.5932546],[2.9021926,30.5938895],[2.9022133,30.593982],[2.9022439,30.5940711],[2.9022784,30.5941458],[2.9023879,30.5943384]]},"properties":{"name":"Trans-Sahara","highway":"primary","maxspeed":"50","ref":"RN 1"}},{"type":"Feature","geometry":{"type":"LineString","coordinates":[[2.9087415,30.5671763],[2.9088684,30.5670908],[2.908912,30.5670604],[2.908964,30.5670213],[2.9115472,30.5649016],[2.9125649,30.5640832],[2.9128006,30.5638619],[2.9130756,30.5636032],[2.9131508,30.5635199],[2.913347,30.5633026],[2.913479,30.5631563],[2.913919,30.5626119],[2.9142201,30.5622395],[2.9147629,30.5615679],[2.9150732,30.561184],[2.9160536,30.5599712],[2.9163875,30.5595595],[2.917165,30.5586011],[2.9173553,30.5583666],[2.9175539,30.5581217],[2.9182177,30.5573034],[2.9184643,30.5569994],[2.9187357,30.5566649],[2.9191356,30.5561719],[2.9193604,30.5558948],[2.9198776,30.5552146],[2.9201952,30.554775],[2.9204527,30.5543535],[2.9206671,30.5539442],[2.92077,30.5536809],[2.9209417,30.5532004],[2.9214776,30.5515229],[2.9218235,30.5504392],[2.9219231,30.5501236],[2.9222291,30.5491536],[2.9223336,30.5488115],[2.9224791,30.5483357],[2.9227656,30.547398],[2.9227944,30.547305],[2.9228605,30.5470922],[2.9229555,30.5467861],[2.9231141,30.5462747],[2.923295,30.5456919],[2.9235684,30.5448109],[2.9238599,30.5439462],[2.9239457,30.543776],[2.9241574,30.5434022],[2.9247311,30.5424514],[2.9247598,30.5423826],[2.9247834,30.5423086],[2.9248003,30.5422335],[2.9248164,30.5421317]]},"properties":{"name":"Trans-Sahara","highway":"primary","maxspeed":"50","ref":"RN 1"}},{"type":"Feature","geometry":{"type":"LineString","coordinates":[[2.9085921,30.5672519],[2.9085935,30.5671615],[2.9085903,30.5671347],[2.9085828,30.5671071],[2.9085695,30.5670771],[2.9084839,30.5669509]]},"properties":{"highway":"secondary"}},{"type":"Feature","geometry":{"type":"LineString","coordinates":[[2.8705702,30.5852913],[2.8705805,30.5857809],[2.8705755,30.5864346],[2.8705606,30.5866567],[2.8705558,30.5868617],[2.8705458,30.586965],[2.8705197,30.5872345],[2.8704955,30.5874854],[2.8705081,30.5877672],[2.8704952,30.5880376],[2.8704875,30.5883472]]},"properties":{"highway":"tertiary"}},{"type":"Feature","geometry":{"type":"LineString","coordinates":[[2.8815247,30.5804679],[2.8814259,30.5803433],[2.8813504,30.5802787]]},"properties":{"name":"Route de l'Unité Africaine","highway":"secondary"}},{"type":"Feature","geometry":{"type":"LineString","coordinates":[[2.8870009,30.5959731],[2.8866235,30.5961846],[2.8862871,30.596365],[2.8859967,30.5964655],[2.8853679,30.5966084],[2.8849468,30.5967041],[2.8848122,30.5967355],[2.8845678,30.5967756],[2.8843806,30.5967875],[2.8841969,30.5967786],[2.8839785,30.5967428],[2.8836705,30.596652],[2.8830049,30.5964191],[2.882033,30.5960954]]},"properties":{"highway":"secondary"}},{"type":"Feature","geometry":{"type":"LineString","coordinates":[[2.8820143,30.5959468],[2.88306,30.596323],[2.8837343,30.5965638],[2.8840332,30.5966624],[2.8842578,30.5966945],[2.8845163,30.5966899],[2.8849242,30.5966263],[2.8857668,30.596435],[2.8861351,30.5963227],[2.8864655,30.5961651],[2.8869237,30.595864]]},"properties":{"highway":"secondary"}},{"type":"Feature","geometry":{"type":"LineString","coordinates":[[2.8910322,30.5940892],[2.8905576,30.5941678],[2.8900931,30.5942991],[2.8896806,30.5944602],[2.8893444,30.5946124],[2.8889021,30.5948612],[2.8880977,30.5953137],[2.8874796,30.5956921],[2.887067,30.5959355]]},"properties":{"highway":"secondary"}},{"type":"Feature","geometry":{"type":"LineString","coordinates":[[2.8869773,30.5958321],[2.8870763,30.5957829],[2.8872731,30.5956783],[2.888838,30.5947942],[2.8890031,30.5947011],[2.8892194,30.5945785],[2.8894671,30.5944585],[2.8897291,30.5943433],[2.8900337,30.5942281],[2.8909804,30.5939804]]},"properties":{"highway":"secondary"}},{"type":"Feature","geometry":{"type":"LineString","coordinates":[[2.8813584,30.5805987],[2.8813968,30.5805385],[2.8814224,30.5804785],[2.8814337,30.5804222],[2.8814259,30.5803433]]},"properties":{"highway":"secondary_link"}},{"type":"Feature","geometry":{"type":"LineString","coordinates":[[2.8781054,30.5922349],[2.8781505,30.5921129],[2.8782437,30.5920007]]},"properties":{"highway":"tertiary"}},{"type":"Feature","geometry":{"type":"LineString","coordinates":[[2.8792818,30.5922765],[2.8793514,30.5922629],[2.879416,30.5922371],[2.8794729,30.5922001],[2.8795195,30.5921537]]},"properties":{"highway":"secondary_link"}},{"type":"Feature","geometry":{"type":"LineString","coordinates":[[2.9525831,30.5185018],[2.9526179,30.5185416],[2.9526401,30.5185876],[2.9526483,30.5186369],[2.9526412,30.5186888],[2.9526186,30.5187374],[2.952582,30.5187791],[2.9525339,30.5188112],[2.9524778,30.5188313],[2.9524176,30.518838],[2.9523608,30.5188316],[2.9523075,30.5188134],[2.9522612,30.5187844],[2.9522246,30.5187464],[2.9522001,30.5187017],[2.9521892,30.5186533],[2.9521925,30.518604],[2.9522098,30.518557],[2.9522401,30.5185151],[2.9522815,30.518481],[2.9523265,30.5184585],[2.9523762,30.5184453],[2.9524281,30.5184421],[2.9524851,30.5184505],[2.9525379,30.5184708],[2.9525831,30.5185018]]},"properties":{"highway":"tertiary"}},{"type":"Feature","geometry":{"type":"LineString","coordinates":[[2.9513502,30.515327],[2.9513845,30.5153414],[2.9514147,30.5153615],[2.9514396,30.5153865],[2.9514604,30.5154202],[2.9514715,30.5154573],[2.9514722,30.5154955],[2.9514652,30.5155258],[2.9514515,30.5155544],[2.9514318,30.5155803],[2.9514068,30.5156024],[2.9513656,30.5156253],[2.9513189,30.5156382],[2.95127,30.5156403],[2.9512305,30.5156338],[2.9511934,30.5156203],[2.9511606,30.5156002],[2.9511335,30.5155746],[2.951111,30.5155397],[2.951099,30.5155012],[2.9510983,30.5154613],[2.9511091,30.5154222],[2.9511308,30.5153866],[2.951162,30.5153566],[2.9512074,30.5153315],[2.9512592,30.5153185],[2.9513132,30.5153188],[2.9513502,30.515327]]},"properties":{"highway":"tertiary"}},{"type":"Feature","geometry":{"type":"LineString","coordinates":[[2.9514068,30.5156024],[2.9515792,30.5160825],[2.951754,30.5165695],[2.9519279,30.5170532],[2.9520891,30.5175009],[2.9522606,30.517977],[2.9524281,30.5184421]]},"properties":{"highway":"tertiary"}},{"type":"Feature","geometry":{"type":"LineString","coordinates":[[2.9511335,30.5155746],[2.9495023,30.5160262],[2.9494091,30.5160508],[2.9493139,30.5160687],[2.9492172,30.5160796],[2.9491199,30.5160837],[2.9490224,30.5160807],[2.9489257,30.5160707],[2.9488302,30.5160539],[2.9487366,30.5160303],[2.9480924,30.5158398],[2.9474584,30.5156771],[2.9457321,30.5152435],[2.9435191,30.5146761],[2.943469,30.5146633],[2.9434179,30.5146534],[2.9433662,30.5146463],[2.9432153,30.5146348]]},"properties":{"highway":"tertiary"}},{"type":"Feature","geometry":{"type":"LineString","coordinates":[[2.9431973,30.5146418],[2.9430347,30.5148135],[2.9429629,30.514892],[2.9428977,30.5149723],[2.9423964,30.5156145],[2.9421444,30.5159406],[2.9415416,30.5166815],[2.9406981,30.5177501],[2.940643,30.517821],[2.9405904,30.5178966],[2.9399473,30.5188634],[2.9365928,30.5241172],[2.9350703,30.5264649],[2.9298758,30.5345726],[2.9292902,30.5354841],[2.9277906,30.5378182],[2.9272557,30.5386507],[2.9268771,30.5392353],[2.9260309,30.5406331]]},"properties":{"name":"Trans-Sahara","highway":"primary","maxspeed":"100","ref":"RN 1"}},{"type":"Feature","geometry":{"type":"LineString","coordinates":[[2.9430186,30.5144366],[2.9430483,30.5144108],[2.943085,30.5143929],[2.9431283,30.5143839],[2.9431727,30.5143859],[2.9432147,30.5143986],[2.9432507,30.5144212],[2.9432778,30.5144516],[2.9432833,30.5144609],[2.9432951,30.514493],[2.9432972,30.5145265],[2.9432895,30.5145595],[2.9432724,30.5145898],[2.9432472,30.5146154],[2.9432153,30.5146348],[2.9431973,30.5146418],[2.9431531,30.5146501],[2.943108,30.514647],[2.9430658,30.5146329],[2.9430302,30.5146089],[2.9430042,30.514577],[2.9429899,30.51454],[2.9429883,30.5145037],[2.9429981,30.5144684],[2.9430186,30.5144366]]},"properties":{"highway":"primary"}},{"type":"Feature","geometry":{"type":"LineString","coordinates":[[2.957179,30.5138696],[2.9602852,30.5130508]]},"properties":{"highway":"tertiary"}},{"type":"Feature","geometry":{"type":"LineString","coordinates":[[2.9570512,30.5137972],[2.9571003,30.513812],[2.9571438,30.5138366],[2.957179,30.5138696],[2.9572005,30.5139018],[2.9572139,30.5139371],[2.9572189,30.513974],[2.9572114,30.5140247],[2.9571881,30.5140716],[2.9571395,30.5141193],[2.957075,30.51415],[2.9570022,30.5141599],[2.9569299,30.5141478],[2.9568785,30.5141234],[2.9568368,30.5140879],[2.9568108,30.5140499],[2.9567961,30.5140076],[2.9567935,30.5139635],[2.9568018,30.5139244],[2.9568196,30.5138877],[2.9568461,30.5138552],[2.9568887,30.5138233],[2.9569395,30.5138022],[2.9569949,30.5137932],[2.9570512,30.5137972]]},"properties":{"highway":"tertiary"}},{"type":"Feature","geometry":{"type":"LineString","coordinates":[[2.9608714,30.5129466],[2.9608811,30.5129898],[2.9608878,30.5130197],[2.9608796,30.5130938],[2.9608473,30.5131629],[2.9607935,30.5132213],[2.9607228,30.5132641],[2.9606516,30.5132861],[2.9605763,30.5132921],[2.9605016,30.5132818],[2.9604322,30.5132558],[2.9603725,30.5132158],[2.9603262,30.5131643],[2.9602981,30.5131096],[2.9602852,30.5130508],[2.9602915,30.5129763],[2.960322,30.5129064],[2.9603744,30.5128469],[2.9604443,30.5128026],[2.9605258,30.5127773],[2.9606122,30.512773],[2.9606964,30.51279],[2.9607715,30.5128268],[2.9608315,30.5128805],[2.9608714,30.5129466]]},"properties":{"highway":"tertiary"}},{"type":"Feature","geometry":{"type":"LineString","coordinates":[[2.9657999,30.5094334],[2.9641101,30.5084362],[2.9639993,30.5083707],[2.9623865,30.5074225],[2.9605698,30.5063654],[2.9599981,30.5060301],[2.9578265,30.5047736],[2.957755,30.5047527],[2.9575217,30.5047071]]},"properties":{"highway":"tertiary"}},{"type":"Feature","geometry":{"type":"LineString","coordinates":[[2.9432833,30.5144609],[2.9434522,30.5145345],[2.9435006,30.5145526],[2.9435501,30.5145685],[2.9436005,30.5145823],[2.9457688,30.5151393],[2.9474836,30.5155744],[2.9481227,30.5157365],[2.9487642,30.5159132],[2.9488631,30.5159363],[2.9489641,30.5159516],[2.9490663,30.5159589],[2.9491689,30.5159582],[2.9492709,30.5159494],[2.9493716,30.5159327],[2.9494701,30.5159081],[2.9510983,30.5154613]]},"properties":{"highway":"tertiary"}},{"type":"Feature","geometry":{"type":"LineString","coordinates":[[2.9565149,30.5038884],[2.9538161,30.5046092],[2.9537016,30.5046396],[2.9530234,30.5048147],[2.952259,30.505012],[2.9519209,30.5050993],[2.9514784,30.5052136],[2.9514597,30.5052184],[2.9511304,30.5053032],[2.9499614,30.5056044],[2.9494633,30.5057327],[2.9490389,30.5058421],[2.9481956,30.5060593],[2.9481724,30.5060681],[2.9481523,30.5060814],[2.9481366,30.5060986],[2.9481255,30.5061208],[2.9481216,30.5061448],[2.9481255,30.5061688],[2.9481366,30.506191],[2.9487274,30.5079171],[2.9492997,30.5095552],[2.9497045,30.5107142],[2.950124,30.511915],[2.9504979,30.5129851],[2.9506712,30.5134812],[2.950837,30.5139558],[2.9509963,30.5144117],[2.9511628,30.5148884],[2.9513132,30.5153188]]},"properties":{"highway":"tertiary"}},{"type":"Feature","geometry":{"type":"LineString","coordinates":[[2.9522815,30.518481],[2.9518005,30.5170991],[2.95127,30.5156403]]},"properties":{"highway":"tertiary"}},{"type":"Feature","geometry":{"type":"LineString","coordinates":[[2.9514396,30.5153865],[2.951802,30.5152899],[2.9522188,30.5151801],[2.9536884,30.5147908],[2.9567935,30.5139635]]},"properties":{"highway":"tertiary"}},{"type":"Feature","geometry":{"type":"LineString","coordinates":[[2.9603262,30.5131643],[2.9572189,30.513974]]},"properties":{"highway":"tertiary"}},{"type":"Feature","geometry":{"type":"LineString","coordinates":[[2.9578494,30.504552],[2.9578446,30.5046317],[2.9578702,30.5046809],[2.9600407,30.5059504],[2.9606281,30.5062891],[2.9624319,30.5073399],[2.964132,30.5083286],[2.96581,30.5093147]]},"properties":{"highway":"tertiary"}},{"type":"Feature","geometry":{"type":"LineString","coordinates":[[2.9298758,30.5345726],[2.9297954,30.5345295]]},"properties":{"highway":"primary_link"}},{"type":"Feature","geometry":{"type":"LineString","coordinates":[[2.9292902,30.5354841],[2.9292093,30.5354423]]},"properties":{"highway":"primary_link"}},{"type":"Feature","geometry":{"type":"LineString","coordinates":[[2.9249204,30.5419644],[2.9250136,30.5418728],[2.925104,30.5417793],[2.9251916,30.5416838],[2.9252764,30.5415864],[2.925516,30.5412915]]},"properties":{"name":"Trans-Sahara","highway":"primary","maxspeed":"50","ref":"RN 1"}},{"type":"Feature","geometry":{"type":"LineString","coordinates":[[2.9259375,30.5405989],[2.9268029,30.5391869],[2.9271819,30.5385995],[2.9277098,30.5377775],[2.9292093,30.5354423],[2.9297954,30.5345295],[2.9349857,30.5264182],[2.9364984,30.524089],[2.9398698,30.518827],[2.9405218,30.5178463],[2.9405676,30.5177807],[2.9406256,30.5177064],[2.9414701,30.5166391],[2.9420689,30.5158919],[2.942322,30.5155669],[2.9427991,30.5148983],[2.9428457,30.5148288],[2.9428832,30.5147591],[2.9429899,30.51454]]},"properties":{"name":"Trans-Sahara","highway":"primary","maxspeed":"100","ref":"RN 1"}},{"type":"Feature","geometry":{"type":"LineString","coordinates":[[2.9448791,30.5056884],[2.9449475,30.505693]]},"properties":{"highway":"primary_link"}},{"type":"Feature","geometry":{"type":"LineString","coordinates":[[2.9462474,30.4977458],[2.9461432,30.4977348],[2.9460357,30.4977489]]},"properties":{"highway":"tertiary"}},{"type":"Feature","geometry":{"type":"LineString","coordinates":[[2.9461335,30.4976016],[2.9461932,30.4976786],[2.9462474,30.4977458]]},"properties":{"highway":"tertiary"}},{"type":"Feature","geometry":{"type":"LineString","coordinates":[[2.943085,30.5143929],[2.9432345,30.5141223],[2.9432778,30.5140317],[2.9433169,30.5139294],[2.9434629,30.5135095],[2.9436342,30.512926],[2.9436734,30.5127782],[2.9437095,30.5126109],[2.9439664,30.5113608],[2.9442791,30.5096814],[2.9445373,30.50819],[2.9445981,30.5077968],[2.9447763,30.5064895],[2.9448791,30.5056884],[2.9449479,30.5048503],[2.9450903,30.5032994],[2.9453214,30.5000676],[2.9453719,30.4995844],[2.9453887,30.4994608],[2.9454182,30.4993066],[2.9455732,30.4986632],[2.9457533,30.4980666],[2.9457783,30.4979817],[2.9457973,30.4978931],[2.9458244,30.4977826],[2.9458426,30.4976841]]},"properties":{"name":"Trans-Sahara","highway":"primary","maxspeed":"100","ref":"RN 1"}},{"type":"Feature","geometry":{"type":"LineString","coordinates":[[2.9460357,30.4977489],[2.9459645,30.497845],[2.9459222,30.497933],[2.9458956,30.4979863],[2.9458697,30.4980518],[2.9456637,30.498682],[2.9455134,30.4993239],[2.9454846,30.4994666],[2.9454638,30.4995966],[2.94541,30.5000678],[2.9451835,30.5033132],[2.9450172,30.5048611],[2.9449475,30.505693],[2.9448442,30.5065042],[2.9446966,30.5078155],[2.9446379,30.5082222],[2.9443701,30.5096903],[2.9440599,30.5113722],[2.9437986,30.5126364],[2.9437619,30.5128065],[2.9437219,30.5129573],[2.9434395,30.5139677],[2.9434183,30.5140477],[2.9433911,30.5141339],[2.9432778,30.5144516]]},"properties":{"name":"Trans-Sahara","highway":"primary","maxspeed":"100","ref":"RN 1"}},{"type":"Feature","geometry":{"type":"LineString","coordinates":[[2.9466232,30.4979898],[2.9467083,30.4980141],[2.9467855,30.498047],[2.9503307,30.5001062],[2.9554179,30.5031277],[2.9572226,30.5041907],[2.9573858,30.504221]]},"properties":{"highway":"tertiary"}},{"type":"Feature","geometry":{"type":"LineString","coordinates":[[3.1932661,30.7244388],[3.1931581,30.7244784],[3.1931341,30.7244856],[3.1931098,30.7244921],[3.1930851,30.7244976],[3.1926805,30.7245769]]},"properties":{"highway":"primary","ref":"RN 51"}},{"type":"Feature","geometry":{"type":"LineString","coordinates":[[3.1926641,30.724518],[3.1930589,30.7244495],[3.1930872,30.7244447],[3.1931157,30.724441],[3.1931444,30.7244385],[3.1932661,30.7244388]]},"properties":{"highway":"primary","ref":"RN 51"}},{"type":"Feature","geometry":{"type":"LineString","coordinates":[[3.6691656,31.5972861],[3.668405,31.5967225],[3.6682387,31.59659],[3.6680549,31.5964335],[3.6679436,31.5963307],[3.6677532,31.5961468],[3.6675467,31.5959481],[3.6673737,31.595771],[3.6632965,31.5917022],[3.6588691,31.5872035],[3.6574894,31.5858235],[3.651987,31.5802926],[3.6487569,31.5770433],[3.6480333,31.5762686],[3.6476461,31.5756546],[3.6474185,31.5751407],[3.6471256,31.5740433],[3.6449632,31.5660391],[3.6432121,31.5592354],[3.6422644,31.5556822],[3.6421909,31.5549571],[3.6416421,31.5494466],[3.6415272,31.5481537],[3.641419,31.5476188],[3.6412138,31.5470625],[3.6410258,31.5466919],[3.6397876,31.5449201],[3.6393783,31.5443324],[3.6389775,31.5436679],[3.638693,31.5429611],[3.6377781,31.5406482],[3.6370939,31.5388715],[3.6357718,31.5354006],[3.6352526,31.5341231],[3.6350745,31.5337482],[3.6348618,31.5334311],[3.6340965,31.5324387],[3.6325996,31.5305323],[3.6255642,31.5194163],[3.6230048,31.5154669],[3.6212707,31.5132869],[3.6192916,31.5107989],[3.6184176,31.5097277],[3.6137591,31.5037926],[3.6106182,31.5004134],[3.6071395,31.4967006],[3.6060593,31.4955499],[3.6053771,31.494861],[3.6047285,31.4942996],[3.6032263,31.4930036],[3.5973591,31.4879703],[3.5918423,31.4824569],[3.5915642,31.4820504],[3.5913329,31.4815955],[3.5901029,31.4788222],[3.5888622,31.4760841],[3.5860651,31.4698474],[3.5845778,31.4665657],[3.5845627,31.4665324],[3.5816422,31.4600139],[3.5809995,31.4585891],[3.5783576,31.4527188],[3.5766495,31.4489073],[3.5742905,31.4436669],[3.5739866,31.4429758],[3.573768,31.4423358],[3.5736079,31.4417037],[3.5727892,31.4383276],[3.5717717,31.4341444],[3.570754,31.4299484],[3.5700623,31.4270204],[3.5693239,31.4239176],[3.5689875,31.4225704],[3.5686975,31.4213179],[3.5685638,31.4209018],[3.5684274,31.4205495],[3.5680621,31.4197352],[3.5653542,31.4143512],[3.5652413,31.4140083],[3.5651616,31.4136695],[3.565101,31.4132337],[3.565083,31.4127363],[3.5651171,31.4104891],[3.5651391,31.4082269],[3.5649642,31.4048988],[3.5647726,31.4016561],[3.5643894,31.3949051],[3.5643242,31.3942717],[3.5642092,31.3935662],[3.5639793,31.3927071],[3.5631162,31.3903928],[3.5622015,31.387984],[3.5614318,31.38585],[3.5606276,31.3837077],[3.560464,31.3831892],[3.5603315,31.3825408],[3.5601388,31.3813184],[3.5593803,31.3769746],[3.5593345,31.3764144],[3.5593294,31.3758213],[3.5595328,31.3718357],[3.5597296,31.3676633],[3.5596918,31.3672166],[3.559577,31.3667541],[3.5593477,31.3661264],[3.5589756,31.3654473],[3.558466,31.3648393],[3.5560265,31.3625474],[3.5556859,31.3621809],[3.5531021,31.3588642],[3.5496016,31.3544821],[3.5454018,31.3494781],[3.5443884,31.3482877],[3.5439566,31.3478559],[3.5435095,31.3474708],[3.5428322,31.3469568],[3.5413047,31.3459491],[3.5364072,31.3426122],[3.5356654,31.3420085],[3.5351246,31.3414629],[3.5347384,31.3408924],[3.5344278,31.3401447],[3.5342416,31.3392426],[3.533636,31.335041],[3.5332626,31.3323724],[3.5331618,31.3317392],[3.5329166,31.3311064],[3.5326001,31.3306037],[3.5262809,31.3223696],[3.5198494,31.3144666],[3.51896,31.3134015],[3.5185958,31.3129276],[3.5183302,31.3124638],[3.5181436,31.3119033],[3.518018,31.3111412],[3.5180137,31.3104308],[3.518187,31.3086979],[3.5187154,31.3038509],[3.5193956,31.3002964],[3.5199481,31.2976947],[3.5206841,31.2943769],[3.5209019,31.2932556],[3.5209754,31.2925639],[3.5209878,31.2920555],[3.520859,31.291395],[3.5206439,31.2908215],[3.5200946,31.2898772],[3.5177938,31.2859526],[3.5173008,31.2852246],[3.5167526,31.2845699],[3.5157253,31.2833903],[3.5087639,31.2752213],[3.5084007,31.2747225],[3.50803,31.2741164],[3.5063864,31.2710756],[3.5061181,31.2705928],[3.5057705,31.2700779],[3.5038721,31.2673823],[3.4978661,31.258961],[3.496503,31.2569782],[3.4961489,31.2564201],[3.4958737,31.2557749],[3.4957487,31.2551993],[3.4957431,31.2545762],[3.4955664,31.2497567],[3.4953531,31.2435054],[3.4953526,31.2430245],[3.4953949,31.2426014],[3.4954598,31.2422978],[3.4955797,31.2419318],[3.4965641,31.2395573],[3.4968031,31.2390645],[3.4970233,31.2386677],[3.4985484,31.2362508],[3.4987981,31.2358458],[3.499058,31.2352836],[3.499304,31.2346763],[3.4994596,31.2341557],[3.5002342,31.2308063],[3.5005413,31.2295199],[3.5005906,31.2290371],[3.500588,31.2285197],[3.5001172,31.2259887],[3.5000869,31.2255139],[3.5001052,31.2250921],[3.5001964,31.224535],[3.5002189,31.2241402],[3.5003066,31.2198587],[3.5003466,31.2175613],[3.5003975,31.2169685],[3.5005536,31.2163919],[3.5013296,31.2147492],[3.5016516,31.2139908],[3.5018473,31.2133809],[3.5018804,31.2127393],[3.5018269,31.2120725],[3.5017148,31.2115847],[3.5009949,31.2093249],[3.4998525,31.2058624],[3.4995473,31.2047759],[3.4994958,31.2041648],[3.4994942,31.2036458],[3.4995499,31.2031071],[3.4997007,31.2026009],[3.5001371,31.2017258],[3.5003361,31.2010825],[3.5004211,31.2005186],[3.5004603,31.1998002],[3.5003409,31.1992682],[3.499889,31.1977863],[3.4997055,31.1971184],[3.4995617,31.196799],[3.4993037,31.1963792],[3.499032,31.1959907],[3.4987364,31.1956615],[3.4983244,31.1952855],[3.4978588,31.1949597],[3.4973591,31.1946598],[3.4967814,31.1944184],[3.4910366,31.192447],[3.4904151,31.1921935],[3.4898562,31.1918881],[3.4893589,31.1915485],[3.4880907,31.1904775],[3.4876256,31.1900649],[3.487222,31.1896122],[3.4868266,31.1890585],[3.4865535,31.1884423],[3.4863969,31.1879436],[3.4863146,31.187431],[3.4863081,31.186917],[3.4864535,31.1849315],[3.486442,31.1845214],[3.486405,31.1841669],[3.4843175,31.1711024],[3.4825273,31.1597779],[3.4817425,31.1549445],[3.4815419,31.1541851],[3.4812651,31.1534267],[3.4810411,31.1529357],[3.4805096,31.1520006],[3.4745363,31.142956],[3.4665384,31.1307983],[3.4620559,31.1240512],[3.4559627,31.1153481],[3.4522692,31.110098],[3.4504136,31.1074652],[3.448505,31.1049837],[3.444158,31.0997916],[3.4427923,31.0981904],[3.4422129,31.0974646],[3.4416952,31.0967682],[3.4392093,31.0930896],[3.4372115,31.0901813],[3.4346826,31.0865165],[3.4345378,31.0862971],[3.4344225,31.0861157],[3.434338,31.0859756],[3.4340282,31.0854036],[3.4332356,31.083806],[3.4321949,31.0817352],[3.4279275,31.0733498],[3.4277569,31.0730612],[3.4140085,31.0524933],[3.4131603,31.0510399],[3.4091187,31.041277],[3.4074551,31.0372664],[3.4065887,31.0352028],[3.4060062,31.0338153],[3.4046133,31.0303317],[3.4044313,31.0296051],[3.4043121,31.0288068],[3.4037614,31.0230806],[3.4030494,31.0158794],[3.4010614,31.005383],[3.4009992,31.0047855],[3.4009694,31.0041404],[3.4010489,31.0031312],[3.4012998,31.0005725],[3.4013105,30.9996932],[3.4012325,30.9988175],[3.4002447,30.9939593],[3.3993148,30.9893353],[3.3988516,30.9870088],[3.3985795,30.98573],[3.3982296,30.9846946],[3.3939646,30.9760322],[3.393529,30.975219],[3.3929371,30.9743877],[3.3923685,30.9737189],[3.3914669,30.9729043],[3.3905236,30.9721663],[3.387709,30.969983],[3.3838559,30.9670057],[3.381501,30.9650056],[3.3728746,30.9576533],[3.372256,30.957041],[3.3718774,30.9565369],[3.3716222,30.9560438],[3.369804,30.9519117],[3.3682744,30.9483215],[3.3668635,30.9443004],[3.3666068,30.9430116],[3.3663815,30.9415853],[3.3659194,30.9386043],[3.3652421,30.9340556],[3.3651906,30.9331973],[3.3652329,30.9323307],[3.3659731,30.9288862],[3.366698,30.925462],[3.366885,30.9244082],[3.3669367,30.9236922],[3.3669603,30.9223186],[3.3669224,30.9202053],[3.3663513,30.9142564],[3.3659424,30.9097627],[3.3657018,30.9088576],[3.3653728,30.9082326],[3.3650974,30.9078275],[3.3636668,30.9060928],[3.3622974,30.9043989],[3.3612585,30.9030716],[3.3606481,30.9026149],[3.359929,30.9021529],[3.3590067,30.9017787],[3.3582424,30.9016102],[3.3574727,30.9015326],[3.3568502,30.9015518],[3.3562166,30.9016138],[3.3543625,30.9018595],[3.3537122,30.9018769],[3.3530819,30.9018221],[3.3446568,30.8998442],[3.3408808,30.8989438],[3.339787,30.8986129],[3.338804,30.8981019],[3.3379813,30.8974132],[3.3327467,30.8921212],[3.3309232,30.8902781],[3.329988,30.889411],[3.3281332,30.8877797],[3.318324,30.8790122],[3.3087498,30.8696883],[3.3004835,30.8616437],[3.2873013,30.8491248],[3.2765521,30.8390235],[3.2729214,30.8356425],[3.2659472,30.8288888],[3.2646708,30.8276258],[3.2639435,30.827069],[3.2630319,30.8265914],[3.2587405,30.8249107],[3.2576192,30.8244678],[3.2565717,30.8240085],[3.2560412,30.8236682],[3.2555071,30.8232313],[3.253475,30.8209519],[3.2531059,30.8204185],[3.2528163,30.8198586],[3.252636,30.8193443],[3.2524835,30.8187789],[3.2520187,30.8163867],[3.2516587,30.8146703],[3.2515339,30.8141798],[3.2513213,30.8136544],[3.2509934,30.8131248],[3.2506582,30.812683],[3.2497677,30.8115268],[3.2491419,30.8106872],[3.2484902,30.8099214],[3.2479816,30.8093672],[3.2475171,30.8090013],[3.2470602,30.8086885],[3.2464527,30.8083934],[3.2457671,30.8081672],[3.2449556,30.8080076],[3.242381,30.8076352],[3.2409774,30.8074099],[3.2397707,30.8070237],[3.2391117,30.8066854],[3.2384565,30.8062043],[3.2376778,30.8054434],[3.2363817,30.8041825],[3.2355526,30.8035826],[3.2345762,30.8030349],[3.2338647,30.8026782],[3.2331169,30.8023261],[3.2322048,30.8018876],[3.2310155,30.8013045],[3.2302973,30.8009401],[3.2296247,30.8004684],[3.2292125,30.8001114],[3.2288724,30.7997172],[3.2285228,30.7992122],[3.228241,30.7985846],[3.2278203,30.79719],[3.2275226,30.7961636],[3.227438,30.7959163],[3.2272614,30.7955121],[3.2269387,30.7950004],[3.2266989,30.7946975],[3.2264449,30.7944128],[3.226201,30.7941741],[3.225374,30.7933277],[3.2247601,30.7926968],[3.2224969,30.7904084],[3.2194945,30.7873795],[3.2166778,30.7845066],[3.2161435,30.7838812],[3.2157307,30.7832204],[3.2151868,30.7821898],[3.2140983,30.7801236],[3.212967,30.7780016],[3.2124119,30.7770566],[3.2118022,30.7761153],[3.2110853,30.775021],[3.2106499,30.7744391],[3.2099585,30.773772],[3.2088758,30.7730593],[3.2076689,30.7723349],[3.2052546,30.7712724],[3.2012699,30.7696039],[3.2005428,30.7692708],[3.2000419,30.7689448],[3.1995203,30.7685236],[3.1988866,30.7677827],[3.1978297,30.7663],[3.1970871,30.7650211],[3.1958118,30.762652],[3.1947741,30.7607351],[3.1940501,30.7594251],[3.1935193,30.7583762],[3.1928975,30.7574968],[3.1923437,30.7569542],[3.1911897,30.7559475],[3.1908195,30.7555384],[3.1905255,30.7550758],[3.1902267,30.7545057],[3.1900769,30.7540243],[3.1899601,30.7534093],[3.1900079,30.7524738],[3.1902406,30.75158],[3.1911219,30.7491003],[3.1916463,30.7477233],[3.1926648,30.7456768],[3.1936493,30.7434747],[3.1941184,30.7423212],[3.1943584,30.7410413],[3.1949829,30.7346898],[3.1950114,30.7337117],[3.1949728,30.7329963],[3.194788,30.7318761],[3.1940367,30.7292346],[3.1936036,30.7276455],[3.193253,30.7264449],[3.1929748,30.7254925],[3.1928145,30.7250343],[3.1926805,30.7245769],[3.1926641,30.724518],[3.192465,30.7238066],[3.19223,30.7229863],[3.191874,30.7221843],[3.1916789,30.7218577],[3.1914083,30.7215584],[3.1909926,30.7211296],[3.1905052,30.7207548],[3.1896072,30.7202124],[3.188121,30.7193884],[3.1874902,30.7190235],[3.1868657,30.7186112],[3.1866011,30.7183727],[3.1863275,30.7180813],[3.1854551,30.7170908],[3.1848854,30.716415],[3.1844683,30.7159974],[3.184017,30.7156642],[3.183555,30.7153751],[3.1830412,30.7151365],[3.1798775,30.7138219],[3.1760841,30.7122744],[3.1754581,30.7120337],[3.1749034,30.7118713],[3.1688255,30.7103715],[3.1648682,30.7094006],[3.1641022,30.7092364],[3.1630475,30.7090648],[3.1560643,30.7080974],[3.1551983,30.7080474],[3.1544452,30.708129],[3.1528996,30.7083144],[3.1522313,30.7084215],[3.1509653,30.7086798],[3.1489916,30.7090777],[3.1484131,30.7091647],[3.1480752,30.709194],[3.1477286,30.7091967],[3.1471839,30.7091647],[3.1466286,30.7090837],[3.1449471,30.7087231],[3.1442694,30.7084883],[3.1436401,30.7082125],[3.1431713,30.7078814],[3.1426144,30.7074663],[3.1420619,30.7070382],[3.1416338,30.7066374],[3.1412363,30.7061596],[3.1409499,30.7057546],[3.1406183,30.7050213],[3.1381824,30.6995439],[3.1361069,30.6942882],[3.1350734,30.691718],[3.1348693,30.6913456],[3.1345614,30.6908727],[3.1342648,30.6905342],[3.1339219,30.6902075],[3.1333587,30.6897822],[3.1318829,30.6887945],[3.1312408,30.6884306],[3.1305343,30.6880799],[3.127594,30.6867365],[3.1269874,30.6864469],[3.1265502,30.6861969],[3.122139,30.683462],[3.1217533,30.6832148],[3.1214169,30.6829597],[3.1210962,30.6826912],[3.1206971,30.6823087],[3.1173668,30.6791332],[3.1168357,30.6787258],[3.1164828,30.6785044],[3.1160512,30.6782896],[3.1154399,30.6780453],[3.1148299,30.677894],[3.1143719,30.6778216],[3.1124005,30.6776047],[3.1098421,30.6773163],[3.109324,30.6772541],[3.1087156,30.677213],[3.1081529,30.6771983],[3.1006937,30.6775166],[3.0995516,30.6775558],[3.0988059,30.677565],[3.097732,30.6775106],[3.0874439,30.676741],[3.087406,30.6767382],[3.083329,30.6764494],[3.0821333,30.6762764],[3.0806517,30.6759585],[3.0744112,30.6746754],[3.0724652,30.6743485],[3.0657703,30.6733347],[3.063567,30.6729921],[3.0589683,30.6722769],[3.0579462,30.6721281],[3.057434,30.6720774],[3.056836,30.672053],[3.0563611,30.6720566],[3.0559077,30.6720959],[3.0533865,30.672368],[3.0529761,30.6723773],[3.0525609,30.6723732],[3.0521916,30.6723369],[3.0517853,30.6722942],[3.0493766,30.6718651],[3.0469522,30.671438],[3.0458884,30.6712411],[3.0454727,30.6711384],[3.0444843,30.6708697],[3.0432376,30.670525]]},"properties":{"name":"Trans-Sahara","highway":"primary","maxspeed":"100","ref":"RN 1"}},{"type":"Feature","geometry":{"type":"LineString","coordinates":[[2.8800702,30.581765],[2.880243,30.5819056]]},"properties":{"highway":"secondary_link"}},{"type":"Feature","geometry":{"type":"LineString","coordinates":[[2.879058,30.5831689],[2.878846,30.5830345],[2.878819,30.583011],[2.8787978,30.5829859],[2.8787839,30.5829634],[2.8787753,30.5829442],[2.87877,30.5829232],[2.8787704,30.582892],[2.8787784,30.5828565],[2.878791,30.582833],[2.8788119,30.5828086],[2.8790494,30.5825983],[2.879256,30.5824173],[2.8793607,30.5823392],[2.8793795,30.5823288],[2.8793957,30.5823214],[2.8794127,30.5823151],[2.8794598,30.5823021]]},"properties":{"highway":"secondary"}},{"type":"Feature","geometry":{"type":"LineString","coordinates":[[2.8795049,30.5824439],[2.879396,30.5824689],[2.8793491,30.582484],[2.8792575,30.5825192],[2.8791891,30.5825549],[2.8791333,30.5825938],[2.8790885,30.5826323],[2.8789428,30.5828015],[2.8789246,30.5828234],[2.8789078,30.5828502],[2.8788949,30.5828773],[2.87889,30.5829001],[2.8788877,30.5829317],[2.8788915,30.5829543],[2.8789055,30.5829861],[2.8789239,30.5830141],[2.879058,30.5831689]]},"properties":{"highway":"secondary"}},{"type":"Feature","geometry":{"type":"LineString","coordinates":[[2.8788877,30.5829317],[2.8788602,30.5829383],[2.8788322,30.5829426],[2.8788038,30.5829445],[2.8787753,30.5829442]]},"properties":{"highway":"secondary_link"}},{"type":"Feature","geometry":{"type":"LineString","coordinates":[[2.878791,30.582833],[2.8788147,30.5828364],[2.8788441,30.5828451],[2.878871,30.5828585],[2.8788949,30.5828773]]},"properties":{"highway":"secondary_link"}},{"type":"Feature","geometry":{"type":"LineString","coordinates":[[2.879548,30.5822598],[2.879566,30.5822288],[2.8795785,30.5822122],[2.8795952,30.5821951],[2.8800702,30.581765],[2.8802022,30.5816455],[2.8806966,30.5811979],[2.8807609,30.5811397],[2.8813584,30.5805987]]},"properties":{"highway":"secondary"}},{"type":"Feature","geometry":{"type":"LineString","coordinates":[[2.8794511,30.5823976],[2.8794409,30.5823656],[2.8794439,30.5823324],[2.8794598,30.5823021],[2.8794835,30.5822803],[2.8795139,30.5822657],[2.879548,30.5822598],[2.8795826,30.5822632],[2.8796143,30.5822756],[2.8796401,30.5822957],[2.8796575,30.5823217],[2.8796645,30.5823479],[2.8796629,30.5823748],[2.879651,30.5824031],[2.8796294,30.5824269],[2.8796089,30.58244],[2.8795841,30.5824492],[2.8795575,30.5824529],[2.8795306,30.5824511],[2.8795049,30.5824439],[2.8794734,30.5824248],[2.8794511,30.5823976]]},"properties":{"highway":"secondary"}},{"type":"Feature","geometry":{"type":"LineString","coordinates":[[2.8791274,30.5823076],[2.8791846,30.5823207],[2.8792428,30.5823303],[2.8793016,30.5823365],[2.8793607,30.5823392]]},"properties":{"highway":"secondary_link"}},{"type":"Feature","geometry":{"type":"LineString","coordinates":[[2.8790885,30.5826323],[2.8790494,30.5825983]]},"properties":{"highway":"secondary_link"}},{"type":"Feature","geometry":{"type":"LineString","coordinates":[[2.9020508,30.5788801],[2.9021137,30.5788825],[2.9021766,30.5788802],[2.9022358,30.5788737],[2.9022944,30.5788674],[2.9023221,30.5788652],[2.9023493,30.5788643],[2.902376,30.5788683],[2.9024207,30.578881]]},"properties":{"highway":"tertiary"}},{"type":"Feature","geometry":{"type":"LineString","coordinates":[[2.9024058,30.5789942],[2.9023595,30.5789975],[2.9023305,30.5789959],[2.9023049,30.578991],[2.9022805,30.5789828],[2.9020508,30.5788801]]},"properties":{"highway":"tertiary"}},{"type":"Feature","geometry":{"type":"LineString","coordinates":[[2.9084839,30.5669509],[2.9087381,30.5671762]]},"properties":{"highway":"secondary"}},{"type":"Feature","geometry":{"type":"LineString","coordinates":[[2.9466232,30.4979898],[2.946477,30.4978846],[2.9463865,30.4978298],[2.9462474,30.4977458]]},"properties":{"highway":"tertiary"}},{"type":"Feature","geometry":{"type":"LineString","coordinates":[[2.9260309,30.5406331],[2.9259322,30.5408127],[2.9258261,30.5409892],[2.9257127,30.5411623],[2.9255922,30.5413318]]},"properties":{"name":"Trans-Sahara","highway":"primary","maxspeed":"50","ref":"RN 1"}},{"type":"Feature","geometry":{"type":"LineString","coordinates":[[2.925516,30.5412915],[2.9256327,30.5411204],[2.9257415,30.5409454],[2.9258423,30.5407668],[2.9259375,30.5405989]]},"properties":{"name":"Trans-Sahara","highway":"primary","maxspeed":"50","ref":"RN 1"}},{"type":"Feature","geometry":{"type":"LineString","coordinates":[[2.945857,30.4975437],[2.9458867,30.4975178],[2.9459234,30.4974999],[2.9459667,30.4974909],[2.9460111,30.4974929],[2.9460531,30.4975056],[2.9460891,30.4975282],[2.9461162,30.4975587],[2.9461217,30.497568],[2.9461335,30.4976016],[2.9461356,30.4976336],[2.9461279,30.4976666],[2.9461108,30.4976969],[2.9460856,30.4977225],[2.9460537,30.4977419],[2.9460357,30.4977489],[2.9459915,30.4977572],[2.9459464,30.4977541],[2.9459042,30.49774],[2.9458686,30.497716],[2.9458426,30.4976841],[2.9458283,30.4976471],[2.9458267,30.4976108],[2.9458365,30.4975755],[2.945857,30.4975437]]},"properties":{"highway":"primary"}},{"type":"Feature","geometry":{"type":"LineString","coordinates":[[2.9462903,30.4967845],[2.9462966,30.4968429],[2.946296,30.4968695],[2.9462899,30.4968897],[2.9461422,30.49728],[2.9461279,30.4973383],[2.946118,30.4973973],[2.9461123,30.4974567],[2.946111,30.4975163],[2.9461217,30.497568]]},"properties":{"name":"Trans-Sahara","highway":"primary","maxspeed":"100","ref":"RN 1"}},{"type":"Feature","geometry":{"type":"LineString","coordinates":[[2.9458867,30.4975178],[2.9459418,30.4974355],[2.9459769,30.4973791],[2.9460119,30.4973223],[2.946042,30.4972634],[2.9462162,30.4968591],[2.9462282,30.4968406],[2.9462463,30.4968215],[2.9462903,30.4967845]]},"properties":{"name":"Trans-Sahara","highway":"primary","maxspeed":"100","ref":"RN 1"}},{"type":"Feature","geometry":{"type":"LineString","coordinates":[[2.8648229,30.6122349],[2.8648646,30.6113063],[2.8648969,30.6110661],[2.8649219,30.610512],[2.864936,30.6102006],[2.8649897,30.6094779],[2.8650161,30.608903],[2.8650525,30.608307],[2.8650717,30.6079439],[2.8651112,30.6076907],[2.8651653,30.6075046],[2.8653004,30.6070816],[2.8653921,30.6068272],[2.8654227,30.6067002],[2.865409,30.6048897],[2.8654225,30.6034607],[2.8654442,30.6021506],[2.8654955,30.6007777]]},"properties":{"highway":"tertiary"}},{"type":"Feature","geometry":{"type":"LineString","coordinates":[[2.951162,30.5153566],[2.9500551,30.5121902],[2.9484606,30.5076291],[2.9479489,30.5061541],[2.9479507,30.5061204],[2.9479602,30.5060878],[2.947977,30.5060574],[2.9480005,30.5060304],[2.9480286,30.5060087],[2.9480611,30.5059921],[2.9480966,30.5059811],[2.9481333,30.5059698],[2.9536688,30.5045348],[2.9537767,30.5045068],[2.9564065,30.503825]]},"properties":{"highway":"tertiary"}},{"type":"Feature","geometry":{"type":"LineString","coordinates":[[2.9462903,30.4967845],[2.9542546,30.477012],[2.9546544,30.4759803],[2.9551728,30.4746474],[2.9556798,30.4727796],[2.9568914,30.4676164],[2.9581668,30.462396],[2.9597291,30.4559155],[2.9600347,30.4546488],[2.9605955,30.4523247],[2.9606093,30.4522663],[2.9609844,30.4506807],[2.9610863,30.450068],[2.9611185,30.4494969],[2.9611119,30.4489187],[2.9609764,30.4473785],[2.9609154,30.4468118],[2.9606384,30.4443034],[2.9601436,30.4396905],[2.9593697,30.4324655],[2.9584855,30.4241375],[2.9580256,30.4198289],[2.9578895,30.4186604],[2.957806,30.4178229],[2.9577362,30.4169439],[2.9577362,30.4151675],[2.9577859,30.4128564],[2.9577859,30.3968668],[2.9578,30.3910784],[2.957769,30.3907212],[2.9577067,30.3902455],[2.9576279,30.389857],[2.9557211,30.3820631],[2.9550619,30.3792882],[2.9544996,30.3771061],[2.9508376,30.3621627],[2.9507692,30.3617612],[2.950717,30.3613489],[2.9500074,30.3552473],[2.9496286,30.3518691],[2.9489294,30.3456992],[2.9486879,30.3437306],[2.9485006,30.3421108],[2.9480946,30.3385875],[2.9480588,30.3379911],[2.9480535,30.3374425],[2.9481299,30.3364957],[2.9485933,30.3306499],[2.9489104,30.3268743],[2.9492028,30.3230932],[2.94929,30.3224337],[2.9494448,30.3217369],[2.95014,30.319097],[2.9526361,30.3096175],[2.9537237,30.3054635],[2.9538953,30.3046623],[2.9540911,30.3034674],[2.9544734,30.3011698],[2.9551468,30.2971785],[2.9579576,30.2804183],[2.9583612,30.2788136],[2.9591417,30.277276],[2.9649957,30.26841],[2.9689165,30.2625176],[2.9695085,30.2616226],[2.9698518,30.2609245],[2.9701093,30.2602534],[2.9703212,30.259512],[2.9704647,30.2587472],[2.9708549,30.2547649],[2.9711755,30.2507655],[2.9710963,30.2493688],[2.9706605,30.2480963],[2.9682864,30.2430484],[2.967827,30.2416133],[2.9677423,30.2400884],[2.967827,30.2375216],[2.9681795,30.2342156],[2.9682677,30.2336822],[2.9683853,30.2333013],[2.9685213,30.232952],[2.9686977,30.2326091],[2.9689145,30.2322599],[2.9692212,30.2318529],[2.9695924,30.2314719],[2.9700186,30.2311163],[2.9703714,30.2308845],[2.9708156,30.23066],[2.9726402,30.2298254],[2.9735386,30.2294093],[2.974194,30.2290171],[2.9746825,30.2286265],[2.9751191,30.228191],[2.9755046,30.2276571],[2.9757748,30.2271407],[2.9759299,30.2266907],[2.9760489,30.2262461],[2.9764075,30.2235025],[2.9765602,30.2226698],[2.9768017,30.221903],[2.9773063,30.2203667],[2.978296,30.2171288],[2.978561,30.2163026],[2.9787286,30.2154671],[2.9787845,30.214861],[2.9788001,30.213927],[2.9785778,30.2105042],[2.9784269,30.2079911],[2.9784382,30.2075474],[2.9785006,30.2068805],[2.9785759,30.2063707],[2.978724,30.2057307],[2.9789109,30.2051638],[2.9807923,30.2003663],[2.9817003,30.1981843],[2.9836906,30.1934013],[2.9842801,30.1922439],[2.9845399,30.1917228],[2.9855169,30.1902091],[2.9921189,30.1797491],[2.9928663,30.1785699],[2.9931253,30.1781088],[2.9934229,30.1774608],[2.99364,30.1768459],[2.9938435,30.1761113],[2.9942743,30.1733043],[2.9956649,30.1639304],[2.9960528,30.1612954],[2.9960895,30.1604629],[2.9960385,30.1596114],[2.9958601,30.1586748],[2.9927019,30.1485375],[2.9922169,30.1469883],[2.9918048,30.1456722],[2.9915826,30.1451765],[2.9913053,30.144635],[2.9910489,30.144203],[2.990611,30.143571],[2.9767366,30.1251264],[2.9759373,30.1240698],[2.975564,30.1235479],[2.9753641,30.1232088],[2.9751341,30.1228207],[2.9748589,30.1222238],[2.9746402,30.1216498],[2.9745157,30.1212161],[2.9744102,30.1207497],[2.9742744,30.1199669],[2.9736313,30.1154314],[2.97226,30.1057595],[2.9721205,30.1047417],[2.9720791,30.1041578],[2.971903,30.0966339],[2.9717405,30.0896883],[2.9717217,30.0890162],[2.9716651,30.0884192],[2.9715595,30.0878809],[2.9680986,30.0707409],[2.9680026,30.0702056],[2.9679386,30.0696426],[2.9679066,30.0691488],[2.9679386,30.0685674],[2.9683036,30.0633474],[2.968315,30.0630471],[2.9683074,30.0626784],[2.9682697,30.0623162],[2.9682131,30.0619539],[2.9681348,30.0616873],[2.9671764,30.0595016]]},"properties":{"name":"Trans-Sahara","highway":"primary","maxspeed":"100","ref":"RN 1"}},{"type":"Feature","geometry":{"type":"LineString","coordinates":[[2.9671764,30.0595016],[2.9669201,30.0589891],[2.9667241,30.0585523],[2.9666719,30.0584356],[2.9660561,30.0568439],[2.9659825,30.056703],[2.9659103,30.0566013],[2.9658338,30.0565253],[2.9657651,30.0564836]]},"properties":{"name":"Trans-Sahara","highway":"primary","maxspeed":"100","ref":"RN 1"}},{"type":"Feature","geometry":{"type":"LineString","coordinates":[[2.9656281,30.0561507],[2.9656612,30.0561132],[2.9656804,30.0560914],[2.9657514,30.0560491],[2.9658341,30.0560278],[2.9659203,30.0560298],[2.9660016,30.0560548],[2.9660699,30.0561004],[2.9661185,30.0561621],[2.9661426,30.0562337],[2.9661381,30.056316],[2.9661014,30.056392],[2.966037,30.0564527],[2.9659525,30.0564907],[2.9658581,30.0565014],[2.9657651,30.0564836],[2.9656847,30.0564395],[2.9656266,30.0563743],[2.9655976,30.0562958],[2.9655995,30.0562211],[2.9656281,30.0561507]]},"properties":{"name":"Trans-Sahara","highway":"primary","maxspeed":"100","ref":"RN 1"}},{"type":"Feature","geometry":{"type":"LineString","coordinates":[[2.965145,30.054351],[2.9653097,30.0546964],[2.9657318,30.0557686],[2.9658069,30.055885],[2.9659017,30.0559769],[2.9660016,30.0560548]]},"properties":{"name":"Trans-Sahara","highway":"primary","maxspeed":"100","ref":"RN 1"}},{"type":"Feature","geometry":{"type":"LineString","coordinates":[[2.9636994,30.0563567],[2.9640985,30.0563043],[2.9642969,30.056288],[2.9645143,30.0562685],[2.9652307,30.0562467],[2.9653841,30.0562347],[2.9655493,30.0561864],[2.9656281,30.0561507]]},"properties":{"highway":"primary","ref":"RN 51"}},{"type":"Feature","geometry":{"type":"LineString","coordinates":[[2.9656847,30.0564395],[2.9655494,30.0563713],[2.9654262,30.0563457],[2.9653202,30.0563329],[2.9652253,30.0563318],[2.964513,30.0563542],[2.9636994,30.0563567]]},"properties":{"highway":"primary","ref":"RN 51"}},{"type":"Feature","geometry":{"type":"LineString","coordinates":[[2.9656612,30.0561132],[2.9656876,30.0560315],[2.9656855,30.0559349],[2.9656436,30.0558012],[2.9652445,30.0547166],[2.965145,30.054351]]},"properties":{"name":"Trans-Sahara","highway":"primary","maxspeed":"100","ref":"RN 1"}},{"type":"Feature","geometry":{"type":"LineString","coordinates":[[2.9667241,30.0585523],[2.9668365,30.058516]]},"properties":{"highway":"primary_link"}},{"type":"Feature","geometry":{"type":"LineString","coordinates":[[2.9661014,30.056392],[2.9660788,30.0564935],[2.9660759,30.0565817],[2.9661,30.0566797],[2.9667809,30.0584001],[2.9668365,30.058516],[2.9670167,30.0589635],[2.9671764,30.0595016]]},"properties":{"name":"Trans-Sahara","highway":"primary","maxspeed":"100","ref":"RN 1"}},{"type":"Feature","geometry":{"type":"LineString","coordinates":[[2.9577691,30.5042373],[2.9578333,30.5043032],[2.95787,30.5043831],[2.9578756,30.504469],[2.9578494,30.504552],[2.9577942,30.5046236],[2.9577507,30.5046528],[2.9577155,30.5046765],[2.9576215,30.5047053],[2.9575217,30.5047071],[2.9574209,30.5046791],[2.9573366,30.5046238],[2.9572788,30.5045473],[2.957254,30.5044586],[2.9572651,30.5043678],[2.9573108,30.5042855],[2.9573858,30.504221],[2.9574815,30.5041819],[2.9575869,30.5041727],[2.9576841,30.5041923],[2.9577691,30.5042373]]},"properties":{"highway":"tertiary"}},{"type":"Feature","geometry":{"type":"LineString","coordinates":[[2.8852198,30.6100793],[2.8850835,30.6101777],[2.8849733,30.6102067],[2.884794,30.6102147],[2.8839945,30.6102099],[2.8837908,30.610197],[2.8829895,30.6100877],[2.882741,30.61007],[2.8811215,30.6100788],[2.8796831,30.6100661],[2.8780871,30.6100445],[2.8769876,30.6100459],[2.876487,30.6100314],[2.876147,30.6100073],[2.8759154,30.6099848],[2.8758231,30.6099612],[2.8757958,30.6099542],[2.8757267,30.6099189],[2.8756613,30.609853],[2.8756277,30.6097903],[2.8754054,30.6094028],[2.8753344,30.6093385],[2.8751719,30.6092115],[2.8751308,30.6091391],[2.8750561,30.608816],[2.8750094,30.6087131],[2.8749048,30.6085604],[2.8747775,30.6084711]]},"properties":{"highway":"tertiary"}},{"type":"Feature","geometry":{"type":"LineString","coordinates":[[2.8941403,30.6643808],[2.8949748,30.6678543],[2.896431,30.671638],[2.8970396,30.6733316],[2.897357,30.6745909],[2.8980139,30.6769026],[2.8985056,30.6787408],[2.8991719,30.6811332],[2.8991899,30.6811978],[2.8994143,30.683111],[2.8995299,30.6852385],[2.8993608,30.6859151],[2.8987008,30.6883056],[2.8983772,30.6892534]]},"properties":{"highway":"tertiary"}},{"type":"Feature","geometry":{"type":"LineString","coordinates":[[2.8824117,30.5847814],[2.8824161,30.5847445],[2.8824245,30.5847073],[2.8824349,30.5846767],[2.8824376,30.5846654],[2.882456,30.5846146],[2.8824708,30.5845757],[2.8825002,30.5845137],[2.8825495,30.5844318],[2.8826501,30.5842761],[2.8826813,30.5842285],[2.88271,30.5841798],[2.8827363,30.58413]]},"properties":{"name":"Boulevard Larbi Ben M'Hidi","highway":"tertiary"}},{"type":"Feature","geometry":{"type":"LineString","coordinates":[[2.8828129,30.5841922],[2.8827892,30.5841909],[2.8827675,30.5841827],[2.8827502,30.5841686],[2.8827395,30.5841504],[2.8827363,30.58413],[2.8827418,30.5841102],[2.8827545,30.584093],[2.8827716,30.5840812],[2.8827921,30.5840746],[2.882814,30.5840739],[2.8828351,30.5840791],[2.8828532,30.5840897],[2.8828666,30.5841047],[2.8828738,30.5841225],[2.8828742,30.5841414],[2.8828677,30.5841594],[2.882855,30.5841748],[2.8828359,30.5841868],[2.8828129,30.5841922]]},"properties":{"highway":"tertiary"}},{"type":"Feature","geometry":{"type":"LineString","coordinates":[[2.8824117,30.5847814],[2.8821795,30.5852749]]},"properties":{"name":"Boulevard Larbi Ben M'Hidi","highway":"tertiary"}},{"type":"Feature","geometry":{"type":"LineString","coordinates":[[2.8828359,30.5841868],[2.8828053,30.5842097],[2.8827765,30.5842345],[2.8827498,30.5842608],[2.8827252,30.5842887],[2.8826934,30.5843277],[2.8826071,30.5844637],[2.8825593,30.5845413],[2.8825331,30.5845863],[2.8825097,30.584627],[2.8824849,30.5846747],[2.8824591,30.5847168],[2.8824376,30.5847471],[2.8824117,30.5847814]]},"properties":{"name":"Boulevard Larbi Ben M'Hidi","highway":"tertiary"}},{"type":"Feature","geometry":{"type":"LineString","coordinates":[[2.8869438,30.5827998],[2.8864411,30.5836082],[2.8863053,30.58393]]},"properties":{"highway":"tertiary"}},{"type":"Feature","geometry":{"type":"LineString","coordinates":[[2.8839973,30.5834608],[2.8839088,30.5834721],[2.8838287,30.5834808],[2.883794,30.5834834],[2.8837591,30.5834816],[2.883725,30.5834754],[2.8836924,30.5834649],[2.8836619,30.5834502],[2.8835664,30.5834061]]},"properties":{"highway":"tertiary"}},{"type":"Feature","geometry":{"type":"LineString","coordinates":[[2.8834286,30.5832989],[2.8834344,30.5832885],[2.8834417,30.5832787],[2.8834715,30.583256],[2.8835092,30.5832452],[2.8835489,30.583248],[2.8835841,30.583264],[2.8836032,30.583282],[2.8836156,30.5833039],[2.8836203,30.5833279],[2.8836171,30.5833516],[2.8836064,30.5833737],[2.8835891,30.5833923],[2.8835664,30.5834061],[2.8835435,30.5834133],[2.8835191,30.5834155],[2.883488,30.5834106],[2.8834602,30.5833975],[2.8834386,30.5833775],[2.8834254,30.5833527],[2.883422,30.5833256],[2.8834286,30.5832989]]},"properties":{"highway":"tertiary"}},{"type":"Feature","geometry":{"type":"LineString","coordinates":[[2.8835191,30.5834155],[2.8835297,30.5835087],[2.8835142,30.5835569],[2.8834691,30.5836025],[2.8829369,30.5840924],[2.8828742,30.5841414]]},"properties":{"name":"ساحة البلدية","highway":"tertiary"}},{"type":"Feature","geometry":{"type":"LineString","coordinates":[[2.8836203,30.5833279],[2.8837274,30.5833771],[2.8837742,30.5834031],[2.8838241,30.5834244],[2.8838764,30.5834406],[2.8839306,30.5834517],[2.8839973,30.5834608]]},"properties":{"highway":"tertiary"}},{"type":"Feature","geometry":{"type":"LineString","coordinates":[[2.9031209,30.5523632],[2.9031559,30.5523216]]},"properties":{"name":"Route de l'Unité Africaine","highway":"secondary"}},{"type":"Feature","geometry":{"type":"LineString","coordinates":[[2.8955945,30.5612364],[2.8956721,30.561275]]},"properties":{"highway":"secondary_link"}},{"type":"Feature","geometry":{"type":"LineString","coordinates":[[2.8848837,30.5740521],[2.8849349,30.5740946]]},"properties":{"highway":"secondary_link"}},{"type":"Feature","geometry":{"type":"LineString","coordinates":[[2.8808048,30.5798172],[2.8808629,30.5797648]]},"properties":{"highway":"secondary_link"}},{"type":"Feature","geometry":{"type":"LineString","coordinates":[[2.9031209,30.5523632],[2.903115,30.5524449],[2.9026461,30.5530051],[2.9026103,30.5530473],[2.9021934,30.5535368],[2.902116,30.5536277],[2.9005569,30.5554725],[2.9005169,30.5555158],[2.9002481,30.5558327],[2.9000068,30.5561359],[2.8993043,30.5569596],[2.8990535,30.557248],[2.8986685,30.557711],[2.8985602,30.5578396],[2.8984185,30.5580029],[2.8982056,30.5582572],[2.8980009,30.5584941],[2.8979713,30.5585297],[2.8977789,30.5587637],[2.8975707,30.5590183],[2.8973324,30.5593015],[2.8968966,30.5598196],[2.896388,30.560422],[2.8960251,30.5608658],[2.8956721,30.561275],[2.8947928,30.5622942],[2.8946875,30.5624217],[2.8945342,30.5626137],[2.8940562,30.5632066],[2.8935092,30.5638606],[2.8925151,30.5650373],[2.892477,30.5650776],[2.8911539,30.5666154],[2.8909387,30.5668665],[2.8904868,30.5673726],[2.8884943,30.569289],[2.8881334,30.5696387],[2.8878951,30.5698648],[2.8877171,30.5700473],[2.8875123,30.5702616],[2.8866899,30.5712172],[2.8861502,30.5719447],[2.8855082,30.5731909],[2.8853038,30.5735442],[2.8850626,30.5739332],[2.8849349,30.5740946],[2.884806,30.5742236],[2.8842746,30.5746945],[2.883812,30.5751116],[2.8834279,30.5754892],[2.8833335,30.5755836],[2.8826691,30.5761933],[2.8816582,30.5771093],[2.8806222,30.578073],[2.8801915,30.5784786],[2.8800318,30.5786415],[2.8799838,30.5786999],[2.879961,30.578777],[2.8799782,30.5788966],[2.8800358,30.5790314],[2.8801242,30.579138],[2.8808629,30.5797648],[2.8814054,30.5802251]]},"properties":{"name":"Route de l'Unité Africaine","highway":"secondary"}},{"type":"Feature","geometry":{"type":"LineString","coordinates":[[2.9091017,30.5451445],[2.9090878,30.5451596],[2.9086135,30.5456735],[2.9082458,30.5460719],[2.9076139,30.5467565],[2.9075203,30.546858],[2.9070475,30.5474194],[2.9067294,30.5478201],[2.9062865,30.548378],[2.905817,30.5489786],[2.904677,30.5504369],[2.9042394,30.550979],[2.904215,30.5510093],[2.9037233,30.5516186],[2.9031559,30.5523216]]},"properties":{"name":"Route de l'Unité Africaine","highway":"secondary"}},{"type":"Feature","geometry":{"type":"LineString","coordinates":[[3.0432376,30.670525],[3.0410114,30.6699306],[3.040584,30.6697931],[3.0403869,30.6696837],[3.0402308,30.6695323],[3.0400467,30.6692977],[3.0399144,30.6690175],[3.0398535,30.6687014],[3.0398211,30.6682611],[3.0397347,30.6673735],[3.0397533,30.6667482]]},"properties":{"name":"Trans-Sahara","highway":"primary","maxspeed":"100","ref":"RN 1"}},{"type":"Feature","geometry":{"type":"LineString","coordinates":[[3.0397533,30.6667482],[3.0398179,30.6673673],[3.0399044,30.6682558],[3.0399366,30.6686932],[3.0399953,30.6689979],[3.0401208,30.6692637],[3.040297,30.6694882],[3.0404418,30.6696287],[3.0406217,30.6697285],[3.0410398,30.669863],[3.0432376,30.670525]]},"properties":{"name":"Trans-Sahara","highway":"primary","maxspeed":"100","ref":"RN 1"}},{"type":"Feature","geometry":{"type":"LineString","coordinates":[[3.0397533,30.6667482],[3.0396142,30.6645109],[3.0395758,30.6636866],[3.0395704,30.6630359],[3.0396348,30.6625376],[3.0397353,30.6621052],[3.0399567,30.6615086],[3.0402273,30.661053],[3.0422467,30.6582065],[3.0426979,30.6575908],[3.0429929,30.6571063],[3.0432594,30.6565076],[3.0434811,30.6558373],[3.0435884,30.6552835],[3.0436724,30.6546024],[3.0436347,30.6526481],[3.0435643,30.6521639],[3.0434409,30.65176],[3.0432826,30.6513724],[3.0431032,30.6510263],[3.0428423,30.6506509],[3.0391628,30.6462151],[3.0354248,30.6418116],[3.0348051,30.6411409],[3.0345762,30.640896],[3.0343653,30.6407026],[3.0341604,30.6405567],[3.033938,30.6404031],[3.0333155,30.6400859],[3.0328019,30.6398527],[3.0288797,30.6381266],[3.0283239,30.6379351],[3.0254647,30.6370987],[3.0233216,30.6364558],[3.0212446,30.635857],[3.0167735,30.6342171],[3.0123756,30.6325848],[3.0071257,30.6305074],[3.0067871,30.6303768],[3.0062633,30.6301766],[3.00372,30.6291721],[2.9996253,30.6275322],[2.9971538,30.6265552],[2.9945052,30.625501],[2.9940963,30.6253499],[2.9937269,30.6252284],[2.9932603,30.6251066],[2.9928171,30.6250037],[2.9855228,30.6235234],[2.9806601,30.6225178],[2.9778777,30.6219582],[2.9771892,30.6218202],[2.9767289,30.6217279],[2.9759213,30.6215058],[2.974985,30.6212113],[2.9686116,30.6192047],[2.9673728,30.6187983],[2.9664631,30.6184069],[2.9646286,30.6175848],[2.9590451,30.6150831],[2.9577473,30.614478],[2.9572491,30.6141657],[2.9504032,30.6091828],[2.9459026,30.6060568],[2.9450503,30.6055083],[2.9443996,30.605209],[2.9437492,30.6049998],[2.943206,30.6048953],[2.9426557,30.6048399],[2.9421554,30.6048337],[2.9418656,30.604845],[2.9415764,30.6048749],[2.9412447,30.6049258],[2.9408935,30.6049909],[2.9386157,30.6054617],[2.9380127,30.6055888],[2.9372095,30.6056765],[2.9365734,30.6056581],[2.9359159,30.6055658],[2.9352441,30.6054058],[2.9336716,30.6049545],[2.9329856,30.6047845],[2.932228,30.6046431],[2.9311773,30.6045385],[2.9288227,30.6043697],[2.9281877,30.6043633],[2.9275157,30.6043834],[2.9270719,30.6044351],[2.9266773,30.6044816],[2.9247664,30.6047575],[2.9182477,30.6056988],[2.9123792,30.6065461],[2.9118733,30.6066106],[2.9116345,30.6066411],[2.9112106,30.6066688],[2.9107166,30.6066988],[2.9100904,30.6066949],[2.9086936,30.6066353],[2.9077642,30.6065988],[2.9072948,30.6065803],[2.9061565,30.6065397],[2.9058887,30.6065324],[2.9031306,30.6064228],[2.9026614,30.6063836],[2.9022441,30.6063017],[2.90185,30.6062043],[2.9014232,30.6060653],[2.900971,30.6058825],[2.9000633,30.6053854],[2.89846,30.6045225],[2.8979447,30.6042419],[2.8971091,30.6037988],[2.8957015,30.603042],[2.895435,30.6028711],[2.8953018,30.602738],[2.8951681,30.6025823],[2.8950641,30.6023911],[2.8949781,30.6021723],[2.8949299,30.6019003],[2.894954,30.6016201],[2.8950298,30.6013852],[2.8951201,30.6011905],[2.8952498,30.6010269],[2.8953968,30.6009055],[2.8955516,30.6007966],[2.8956868,30.6007153],[2.8960607,30.6005674],[2.8964448,30.6004935],[2.8966722,30.6004891],[2.8969384,30.6005114],[2.898881,30.6008742],[2.8991952,30.6009239],[2.8994541,30.6009367],[2.8997179,30.6009261],[2.9000071,30.6008858],[2.9002431,30.600824],[2.9004916,30.6007491],[2.9007071,30.6006618],[2.9009108,30.600553],[2.9011095,30.600409],[2.9012799,30.6002529],[2.9016083,30.5999323],[2.9022119,30.5990938],[2.9023352,30.5988426],[2.9024353,30.5986171],[2.9025176,30.5983854],[2.9025907,30.5980849],[2.9026514,30.5976258],[2.9026651,30.5974135],[2.9026517,30.5972103],[2.9025869,30.5968519],[2.9025738,30.5967632]]},"properties":{"name":"Trans-Sahara","highway":"primary","maxspeed":"100","ref":"RN 1"}},{"type":"Feature","geometry":{"type":"LineString","coordinates":[[6.0052115,34.2294319],[6.0052224,34.2298486],[6.0051644,34.2303366],[6.0047016,34.232029],[6.0042244,34.2336362],[6.0034822,34.2360725],[6.0026251,34.2389433],[6.0021082,34.2407403],[6.0018784,34.2414416],[6.0014985,34.2423802],[6.0011715,34.2430632],[6.0002835,34.244966],[5.9995854,34.2464926],[5.9995633,34.2466934],[5.9995943,34.2468833],[5.9997091,34.2471499],[5.9998726,34.2474019],[6.0000449,34.2475882],[6.0002526,34.2477708],[6.0010876,34.248377],[6.0021037,34.2490563],[6.0043084,34.2505536],[6.0063319,34.2519596],[6.0068002,34.2523065],[6.0074585,34.2529017],[6.0095526,34.2546948],[6.0108508,34.2558116],[6.0111741,34.2560897],[6.0113812,34.2562646],[6.0117381,34.256566],[6.0119974,34.2567816]]},"properties":{"highway":"tertiary"}},{"type":"Feature","geometry":{"type":"LineString","coordinates":[[6.7125789,33.5671445],[6.712511,33.5671592],[6.7120086,33.5672682],[6.711834,33.5673061],[6.7116217,33.5673796],[6.7114094,33.5674968],[6.7112977,33.5676056],[6.7111574,33.5677411],[6.7105659,33.5683124],[6.7102484,33.5685561],[6.7102178,33.5685751],[6.7101025,33.5686372],[6.7096999,33.568886],[6.7093271,33.5691512],[6.7092364,33.5692158],[6.7089498,33.5694468],[6.7087945,33.569584],[6.7085745,33.5698382],[6.7084605,33.5700259],[6.7083377,33.570228],[6.7081498,33.5706361],[6.7078682,33.5712473],[6.7078185,33.5713553],[6.7076548,33.5717456],[6.7075297,33.5720551],[6.7073864,33.5723803],[6.7072175,33.5727809],[6.7070784,33.573111],[6.7069943,33.5733105],[6.7069411,33.5734364],[6.7067671,33.5738493],[6.706646,33.5739988],[6.706426,33.5742702],[6.705941,33.5745778],[6.7055632,33.5747394],[6.7051846,33.5749264],[6.7045435,33.5752963],[6.704388,33.5754058],[6.7042539,33.5755097],[6.70419,33.5755602],[6.7040567,33.5756583],[6.70392,33.575761],[6.701805,33.5774963],[6.7010647,33.5782337],[6.6998523,33.579655],[6.6990316,33.5803164],[6.6949654,33.582971],[6.6944289,33.5832705],[6.6939086,33.5834448],[6.687305,33.5848793],[6.6867042,33.5850938],[6.6860229,33.5855183],[6.6846013,33.5865864],[6.6840112,33.5869618],[6.6832495,33.5873595],[6.6821444,33.5882801],[6.6813934,33.5887806],[6.6801274,33.589509],[6.677413,33.5910149],[6.6761416,33.591645],[6.6746128,33.5922259],[6.6732234,33.592704],[6.6721934,33.5932536],[6.6704981,33.5944109],[6.6696238,33.5949651],[6.6681915,33.5957649],[6.6637444,33.5982761],[6.6624248,33.5991608],[6.6564918,33.6034993],[6.6551096,33.6045385],[6.6540134,33.6056796],[6.6529673,33.6069976],[6.6517925,33.6081324],[6.6490406,33.6104154],[6.6481662,33.6111525],[6.6473025,33.6119612],[6.6467645,33.6124193],[6.6462672,33.6129083],[6.6451836,33.6139045],[6.6445749,33.6143863],[6.6439122,33.6148159],[6.6414499,33.6162365],[6.6408437,33.6165715],[6.6402883,33.6168695],[6.6397279,33.6171612],[6.6367131,33.6186041],[6.6359724,33.6189905],[6.6352794,33.6194341],[6.6346639,33.6198281],[6.6330332,33.6209136],[6.6324036,33.6213364],[6.6317296,33.6217087],[6.6306943,33.6222135],[6.628688,33.6230801],[6.62673,33.6239422],[6.624096,33.6251617],[6.6197616,33.6271181],[6.6165858,33.6285296],[6.6152072,33.6291549],[6.6146672,33.6293841],[6.6141128,33.6295882],[6.6128951,33.6299946],[6.6076487,33.6315445],[6.602118,33.6331748],[6.5997255,33.6338939],[6.5983764,33.6343283],[6.5970662,33.6348385],[6.5960902,33.6353089],[6.5951604,33.6357206],[6.5910244,33.6372972],[6.5863627,33.6390435],[6.585312,33.6395099],[6.5843093,33.6400445],[6.5834391,33.6406334],[6.5826774,33.6412095],[6.5815026,33.642067],[6.5796465,33.6434112],[6.5775651,33.6449251],[6.5755051,33.6464078],[6.573531,33.6478457],[6.5714979,33.6493372],[6.5700978,33.6503733],[6.5691935,33.6509852],[6.5682149,33.651512],[6.567024,33.6520969],[6.5642667,33.6534098],[6.5611392,33.6548878],[6.5587091,33.65608],[6.5567994,33.6569775],[6.5546054,33.6580313],[6.553157,33.6587189],[6.5503997,33.6601343],[6.5480983,33.6613265],[6.5463388,33.6622552],[6.54437,33.6632732],[6.5431577,33.6638893],[6.541881,33.6645099],[6.5391719,33.6657512],[6.5362376,33.6671263],[6.5340489,33.6681264],[6.5299129,33.6700461],[6.5271503,33.6714078],[6.5250045,33.6724837],[6.5224189,33.6737784],[6.5202516,33.6748498],[6.5183365,33.6758275],[6.5153754,33.6772605],[6.5123016,33.6785952],[6.509909,33.6795193],[6.5074897,33.6803362],[6.5037078,33.6815414],[6.500929,33.6824253],[6.4995825,33.682827],[6.497485,33.6835189],[6.4955485,33.6842197],[6.4932471,33.6851304],[6.491096,33.6861481],[6.4897611,33.6867673],[6.4884728,33.6874515],[6.4865094,33.6885674],[6.4839023,33.6900939],[6.4814937,33.6913392],[6.4796215,33.6922497],[6.4778084,33.6930308],[6.4750369,33.6940869],[6.4734338,33.6946254],[6.4718351,33.6951267],[6.470628,33.6954756],[6.4693187,33.6958157],[6.4679925,33.6961274],[6.4663426,33.6964745],[6.4650312,33.6967243],[6.4632813,33.6970449],[6.460584,33.697516],[6.4587957,33.6978419],[6.4573311,33.6981341],[6.4561197,33.6984158],[6.4545742,33.6987983],[6.4506,33.6999509],[6.4460349,33.7013187],[6.4406356,33.702883],[6.4372568,33.7038913],[6.4354742,33.7044521]]},"properties":{"highway":"tertiary"}},{"type":"Feature","geometry":{"type":"LineString","coordinates":[[5.9627219,33.636988],[5.9641586,33.6371817],[5.9784792,33.6388304],[5.980071,33.6390106],[5.9803253,33.6391034],[5.9805035,33.6392513],[5.9805915,33.6394084],[5.9806382,33.6394916],[5.9806626,33.6397234],[5.9804977,33.6406707],[5.980478,33.6410205],[5.9805314,33.6412386],[5.9806621,33.6415001],[5.9807826,33.6416135],[5.980972,33.6417917],[5.9810566,33.6419694],[5.9810814,33.6421744],[5.9810328,33.6424458],[5.9799889,33.6489381],[5.9789584,33.6547238],[5.9789782,33.6550233],[5.9790365,33.6552062]]},"properties":{"highway":"secondary","ref":"CW 303"}},{"type":"Feature","geometry":{"type":"LineString","coordinates":[[5.8824486,33.9947989],[5.8832584,33.9950075],[5.900143,33.9992295],[5.9096216,34.001513],[5.9100269,34.0016485],[5.9105387,34.0018647],[5.9112878,34.0022838],[5.9156579,34.0048767],[5.9260895,34.0109528],[5.927941,34.0121122],[5.9282633,34.012314],[5.9287322,34.0125759],[5.9290288,34.0127346],[5.9294671,34.0129089],[5.9301858,34.0131534],[5.9364135,34.0151602],[5.937448,34.0155063],[5.9381337,34.0157358],[5.9389425,34.0160064],[5.9394747,34.0161609],[5.9398236,34.0162254],[5.9404422,34.0163096],[5.9414923,34.0164526],[5.9417054,34.0164816],[5.9420159,34.0165239],[5.943454,34.0167198],[5.9439119,34.0167436],[5.9442007,34.0167352],[5.9452891,34.0166497],[5.9464258,34.0165605],[5.9477513,34.0164476],[5.9479598,34.0164205],[5.9480113,34.0164205],[5.9481493,34.0164127],[5.948291,34.016422]]},"properties":{"highway":"secondary","maxspeed":"80","ref":"CW 301"}},{"type":"Feature","geometry":{"type":"LineString","coordinates":[[5.8057062,34.1541907],[5.8057774,34.1543525],[5.8058177,34.1543997],[5.8059059,34.1544385],[5.8060614,34.1544618]]},"properties":{"highway":"secondary_link"}},{"type":"Feature","geometry":{"type":"LineString","coordinates":[[5.9697035,34.0409711],[5.9697309,34.0408161],[5.9698997,34.0364078],[5.9698997,34.0361923],[5.9698404,34.0359768],[5.9697765,34.0358407],[5.9696579,34.0357462],[5.9694663,34.0356782],[5.9692108,34.0356366],[5.9677965,34.0355496],[5.9672855,34.0354513],[5.9665597,34.0353665],[5.9659446,34.0352457],[5.965378,34.0350177],[5.9644097,34.0344826],[5.9614764,34.0330724],[5.9600093,34.0323591],[5.9593881,34.0318917],[5.9583682,34.0313417],[5.9579796,34.0312612],[5.9559884,34.0312075],[5.9556646,34.0310734],[5.9554708,34.0308453],[5.9549847,34.0288194],[5.9546447,34.028162],[5.9545152,34.0280546],[5.9517793,34.0279607],[5.9514879,34.027907],[5.951236,34.0276928],[5.9498229,34.0237696],[5.9494855,34.0225425],[5.9487087,34.0185406],[5.948567,34.0178274],[5.948291,34.016422],[5.9479852,34.0149007],[5.9478617,34.0142798],[5.9477582,34.0137585],[5.9477195,34.0135635],[5.9476042,34.0129899],[5.9475811,34.0128932],[5.9475157,34.0126186],[5.9472557,34.0119967],[5.9472061,34.0118782],[5.9469167,34.0111583],[5.9466622,34.0105255],[5.9459155,34.0088375],[5.945298,34.0075844],[5.9446977,34.0063312],[5.9443571,34.0055988],[5.9439043,34.0045929],[5.9436249,34.0039632],[5.9434135,34.0034816],[5.943252,34.0030284],[5.9431308,34.0026455],[5.9430267,34.0023426],[5.9429087,34.001917],[5.9426201,34.0006438],[5.9417527,33.9966564],[5.940919,33.9929302],[5.9405151,33.9906512],[5.9401317,33.9881856],[5.9400456,33.9873617],[5.9398242,33.9856271],[5.939405,33.9820167],[5.9388298,33.9770727],[5.9387454,33.9762857],[5.9386477,33.9756242],[5.9385974,33.9754199],[5.9385431,33.975289],[5.9384667,33.9751918],[5.938376,33.9751217],[5.938258,33.9750646],[5.9381567,33.9750156],[5.9380265,33.9749594],[5.9379684,33.9749145],[5.9379075,33.9748105],[5.9378682,33.9747191],[5.937509,33.9738833],[5.9374148,33.9737095],[5.9366331,33.9725784],[5.9361771,33.9719977],[5.9359476,33.9717694],[5.9355078,33.9714132],[5.935394,33.971298],[5.9352788,33.9711329],[5.9351843,33.9709332],[5.9351121,33.9707129],[5.9350249,33.9703166],[5.9348685,33.9695823],[5.9348132,33.9693878],[5.9347535,33.9692783],[5.9346542,33.9691635],[5.9344183,33.968974],[5.9342708,33.968808],[5.9341954,33.968679],[5.9341594,33.9685488],[5.9341518,33.9683589],[5.9341825,33.9681819],[5.9342256,33.9679045],[5.9341893,33.9678068],[5.9340675,33.9677125],[5.9337951,33.9675963],[5.9332594,33.9674215],[5.9331373,33.967352],[5.933095,33.9672875],[5.933075,33.9671899],[5.9332061,33.9665017],[5.933261,33.966304],[5.9332564,33.966193],[5.93319,33.9661035],[5.9330781,33.9660352],[5.9328236,33.9659643],[5.9325706,33.9659582],[5.932373,33.9659763],[5.932261,33.9659466],[5.9321881,33.9659028],[5.9321123,33.9657809],[5.9320748,33.9656252],[5.9320834,33.9654483],[5.9321348,33.965159],[5.9321349,33.9649693],[5.932073,33.9648209],[5.9319615,33.9646288],[5.931831,33.9645216],[5.9314433,33.9642773],[5.9313371,33.9641817],[5.9312033,33.9639944],[5.9311496,33.9638378],[5.9311439,33.9636995],[5.9311845,33.9635334],[5.9314737,33.9627224],[5.9315422,33.9625448],[5.9316021,33.9622814],[5.9316286,33.9619853],[5.9316777,33.9612912],[5.9317595,33.9605859],[5.9317959,33.9603822],[5.9319415,33.9600081],[5.9319747,33.9598646],[5.9320525,33.9596219],[5.932118,33.9592598],[5.9321326,33.9592115],[5.9321096,33.9589201],[5.932038,33.9580134],[5.9320102,33.9576611]]},"properties":{"highway":"tertiary","maxspeed":"60"}},{"type":"Feature","geometry":{"type":"LineString","coordinates":[[5.7920562,33.5000284],[5.7875513,33.5161181],[5.7801667,33.5434933],[5.7762614,33.5579605],[5.7756011,33.5598752],[5.7751885,33.5610718],[5.7736006,33.5665609],[5.7735362,33.567151],[5.7738152,33.5697792]]},"properties":{"highway":"tertiary"}},{"type":"Feature","geometry":{"type":"LineString","coordinates":[[5.8061528,34.1764475],[5.7976961,34.1844353],[5.7860472,34.1953778],[5.7769399,34.2039522],[5.775668,34.2051697],[5.7738624,34.2068965],[5.7727064,34.2079079],[5.7723047,34.2082593],[5.768958,34.2111873]]},"properties":{"highway":"primary","maxspeed":"80","ref":"RN 46A"}},{"type":"Feature","geometry":{"type":"LineString","coordinates":[[5.9071033,34.434663],[5.9073991,34.4348346],[5.9077102,34.4350104],[5.9080173,34.4351896],[5.9083458,34.4353644],[5.9087386,34.4355779],[5.9100661,34.4362418],[5.9108343,34.4365942],[5.9125563,34.4371151],[5.9154825,34.4379369],[5.9176495,34.4385174],[5.9183454,34.4387261],[5.9188041,34.4388892],[5.9213665,34.4403372],[5.9252908,34.4425181],[5.9271797,34.443399],[5.9291728,34.4442585],[5.9311659,34.4450534],[5.9346571,34.4462889],[5.9379399,34.4474598],[5.9408319,34.4482333],[5.9472151,34.4499628],[5.951566,34.4511552],[5.9562557,34.4523905],[5.9606317,34.4536632],[5.965807,34.4550701],[5.9687324,34.4559569],[5.9739225,34.4576014],[5.9784026,34.4590419],[5.9824274,34.4602368],[5.9839451,34.4607769],[5.9846744,34.4611568],[5.9853557,34.4616484],[5.985796,34.4622241],[5.986748,34.4645283],[5.9875408,34.4667728],[5.9879023,34.468157],[5.9883159,34.4709797],[5.98877,34.4747121],[5.9895431,34.4795533],[5.9899624,34.4825053],[5.9901719,34.4840861],[5.9906033,34.4861723],[5.9916281,34.4897032],[5.9923768,34.4917948],[5.9931711,34.4934],[5.9937239,34.4941774],[5.9942908,34.4947345],[5.9955773,34.4958014],[5.9973346,34.497346],[5.9981182,34.4980447],[6.0000337,34.5001368],[6.0030212,34.503681],[6.0062336,34.5074763],[6.0119376,34.5143534],[6.0130493,34.5156631],[6.014151,34.5169776],[6.0163505,34.5196084],[6.0176472,34.5211257],[6.0187054,34.5224096],[6.0210506,34.5252155],[6.02599,34.5309929],[6.0276049,34.5328551],[6.0292129,34.5347299],[6.0324471,34.5384996],[6.0327206,34.538854],[6.0328379,34.5390374],[6.0329355,34.539232],[6.0329533,34.5393384],[6.0329647,34.5394461],[6.0329714,34.5395533],[6.0329665,34.5396589],[6.0312717,34.5482034],[6.031153,34.5487564]]},"properties":{"highway":"secondary","ref":"CW 9"}},{"type":"Feature","geometry":{"type":"LineString","coordinates":[[5.8992079,33.9604657],[5.8993115,33.96043],[5.8993434,33.9604183],[5.8993786,33.9603975],[5.8994074,33.9603782],[5.900741,33.9591887],[5.901923,33.9580676],[5.9032215,33.9568788],[5.9041271,33.9560605],[5.9043887,33.9558139],[5.9052883,33.9549947],[5.9065649,33.9538486],[5.9078079,33.9526835],[5.9079798,33.9525092],[5.9081443,33.9523242],[5.9083696,33.9520406],[5.9085244,33.9517928],[5.9086319,33.9516141]]},"properties":{"highway":"primary","maxspeed":"50","ref":"RN 3"}},{"type":"Feature","geometry":{"type":"LineString","coordinates":[[5.9880253,33.5177613],[5.9880786,33.5178166],[5.9881044,33.5178535],[5.9881208,33.517884],[5.9881349,33.5179184],[5.9881477,33.5179568],[5.9881577,33.5179995],[5.9881648,33.518042],[5.9881624,33.5180867],[5.9881501,33.5181582]]},"properties":{"highway":"primary","maxspeed":"50","ref":"RN 3"}},{"type":"Feature","geometry":{"type":"LineString","coordinates":[[5.98601,33.5477748],[5.9860518,33.5476663],[5.9863609,33.5468642],[5.9869794,33.5452829],[5.9872995,33.5444729],[5.9873731,33.5442914],[5.9874921,33.5439979],[5.9875915,33.5437532],[5.9877497,33.5433325],[5.9878083,33.5431645],[5.9879091,33.5428761],[5.9879899,33.5426542],[5.9881396,33.5422816],[5.9884486,33.5414824],[5.9884595,33.5414536],[5.9888163,33.5406511],[5.9888477,33.5405843],[5.9888745,33.5405202]]},"properties":{"highway":"primary","maxspeed":"50","ref":"RN 3"}},{"type":"Feature","geometry":{"type":"LineString","coordinates":[[5.9911533,33.5313791],[5.9912093,33.5313565],[5.9919484,33.531501],[5.9927918,33.5316799],[5.9932616,33.5317675],[5.9938479,33.5318684],[5.9941868,33.5319386],[5.9945415,33.5320057],[5.9947455,33.5320701],[5.9949012,33.532178],[5.9949746,33.5323301],[5.9949647,33.5324987],[5.9947688,33.5333263],[5.9946263,33.5339285],[5.9946279,33.5340488],[5.9946418,33.5341107],[5.9946906,33.5341876],[5.9947331,33.5342248],[5.9947921,33.5342561],[5.9948571,33.5342727]]},"properties":{"highway":"primary","ref":"RN 123"}},{"type":"Feature","geometry":{"type":"LineString","coordinates":[[5.8740073,34.222317],[5.8749627,34.2226716],[5.8996049,34.2317021]]},"properties":{"highway":"trunk","maxspeed":"80","ref":"RN 3"}},{"type":"Feature","geometry":{"type":"LineString","coordinates":[[6.0200116,33.5367222],[6.0200282,33.536648],[6.0202722,33.5356694],[6.020305,33.5355086],[6.0203506,33.5352639],[6.0204605,33.534869],[6.0205723,33.5344635],[6.0206609,33.5341045],[6.0206982,33.5340253],[6.0207282,33.53397],[6.0207981,33.5338143],[6.0209137,33.533671],[6.021099,33.5335361],[6.0213192,33.5334505],[6.022077,33.5335629],[6.0222967,33.5335878],[6.0223562,33.5335777],[6.0224023,33.5335557],[6.0225648,33.5333317],[6.0229732,33.5327686],[6.02452,33.530638],[6.0245598,33.5305841],[6.0251925,33.5297205]]},"properties":{"highway":"tertiary"}},{"type":"Feature","geometry":{"type":"LineString","coordinates":[[5.6662397,33.4674425],[5.6662985,33.4663042],[5.6663359,33.4655804],[5.6663485,33.4652976],[5.6663618,33.4649987],[5.6663744,33.4647156],[5.6663991,33.4644078],[5.6664392,33.4638952],[5.6664621,33.463756],[5.6664886,33.463647],[5.6665419,33.4635666],[5.666611,33.4634973],[5.6666853,33.4634474],[5.6671811,33.4631411],[5.6675669,33.4629168],[5.6676422,33.4628653],[5.6677278,33.4628148],[5.668089,33.4626016],[5.6684975,33.4623584],[5.6686091,33.4622856],[5.6688169,33.4621777],[5.6691984,33.4619485],[5.6696887,33.4616965],[5.6698383,33.4617141],[5.6699185,33.4617232],[5.6714866,33.4618982],[5.6715781,33.4619084],[5.6725258,33.4620228],[5.673434,33.4621324],[5.6741534,33.4622193]]},"properties":{"highway":"tertiary"}},{"type":"Feature","geometry":{"type":"LineString","coordinates":[[5.920308,34.2695627],[5.9201532,34.2702212],[5.9199543,34.2709121],[5.9195717,34.2722557],[5.9187701,34.2750564],[5.9167595,34.2823271],[5.9158892,34.2868718],[5.9153977,34.2899555],[5.9153201,34.2917101],[5.9152151,34.2923389],[5.9150166,34.2929777],[5.914238,34.2949356],[5.9136089,34.2968545],[5.9125727,34.3005555],[5.9112607,34.3053296],[5.9100968,34.3097039],[5.9098982,34.3109648],[5.9098496,34.3123982],[5.9098994,34.3186019],[5.9100263,34.3266514],[5.9102008,34.3416012],[5.9102837,34.348537],[5.910187,34.3495446],[5.9097702,34.3516733],[5.9075691,34.3628481],[5.9049357,34.3762791],[5.9046114,34.3778335],[5.9039275,34.3800626],[5.9019618,34.3866399]]},"properties":{"highway":"trunk","maxspeed":"80","ref":"RN 3"}},{"type":"Feature","geometry":{"type":"LineString","coordinates":[[5.9186383,34.2546327],[5.9190228,34.2574002],[5.9197826,34.2614481],[5.9198141,34.2616162],[5.9199612,34.2624001],[5.9201025,34.2631926],[5.9201183,34.2632763],[5.9204089,34.2648123],[5.920533,34.2654681]]},"properties":{"highway":"primary","maxspeed":"50","ref":"RN 3"}},{"type":"Feature","geometry":{"type":"LineString","coordinates":[[5.9187541,34.2614486],[5.9187298,34.261266],[5.9186553,34.2607855],[5.9185484,34.2600967],[5.9184948,34.259751],[5.9183671,34.2589725],[5.9182421,34.2581814],[5.918123,34.2574953]]},"properties":{"highway":"tertiary"}},{"type":"Feature","geometry":{"type":"LineString","coordinates":[[5.9088058,34.2584527],[5.9095188,34.2583793],[5.909924,34.2583375],[5.9100651,34.258323],[5.9104257,34.2582859],[5.9107932,34.258248],[5.9113762,34.2581879],[5.9116643,34.2581583],[5.911979,34.2581258],[5.9126376,34.258058],[5.9128999,34.258031],[5.9131648,34.2580037],[5.9134889,34.2579703],[5.9137564,34.2579428],[5.9148116,34.257834],[5.9152873,34.257785],[5.9157538,34.257737],[5.9161225,34.257699],[5.9164138,34.257669],[5.917183,34.2575898],[5.9175317,34.2575538],[5.918123,34.2574953],[5.9184036,34.2574656],[5.9185067,34.2574547],[5.9190228,34.2574002]]},"properties":{"highway":"tertiary"}},{"type":"Feature","geometry":{"type":"LineString","coordinates":[[5.9000708,34.2649778],[5.8993372,34.2652724],[5.8990603,34.2653576],[5.8992967,34.2652076],[5.9005294,34.264712],[5.9006453,34.2646245],[5.9008195,34.2644958],[5.9025079,34.2639213],[5.9055437,34.2628884],[5.9058645,34.2627863],[5.9067644,34.2625001],[5.9082855,34.262029],[5.9088196,34.2618636],[5.9090457,34.2617936],[5.9095119,34.2616843],[5.9098871,34.2616122],[5.9100574,34.2615795],[5.9113363,34.2614581],[5.9125348,34.2614392],[5.9154942,34.2614447],[5.9155472,34.2614448],[5.9156167,34.2614449],[5.9172817,34.2614469],[5.9187153,34.2614486],[5.9187541,34.2614486],[5.9187906,34.2614492],[5.9191419,34.2614473],[5.9192402,34.2614474],[5.9197826,34.2614481]]},"properties":{"highway":"tertiary","maxspeed":"50"}},{"type":"Feature","geometry":{"type":"LineString","coordinates":[[5.8990603,34.2653576],[5.8988509,34.2654609],[5.8985402,34.2656254],[5.897929,34.2659564],[5.8977514,34.2660526]]},"properties":{"highway":"tertiary"}},{"type":"Feature","geometry":{"type":"LineString","coordinates":[[5.916153,34.2408502],[5.9163279,34.2413033]]},"properties":{"highway":"primary","maxspeed":"60","ref":"RN 3"}},{"type":"Feature","geometry":{"type":"LineString","coordinates":[[5.9163279,34.2413033],[5.916666,34.2424502],[5.9174705,34.2476163],[5.9177365,34.249244]]},"properties":{"highway":"primary","maxspeed":"50","ref":"RN 3"}},{"type":"Feature","geometry":{"type":"LineString","coordinates":[[5.8996049,34.2317021],[5.9026887,34.2328322],[5.9048217,34.2336194],[5.9092124,34.2352328],[5.9107573,34.2358109],[5.911749,34.2362779],[5.9122358,34.2365539],[5.9133224,34.2372942],[5.9139963,34.2378317],[5.9142607,34.2380698]]},"properties":{"highway":"trunk","maxspeed":"80","ref":"RN 3"}},{"type":"Feature","geometry":{"type":"LineString","coordinates":[[5.916153,34.2408502],[5.9155933,34.2399538],[5.9152562,34.2394584],[5.9149481,34.2390057]]},"properties":{"highway":"primary","maxspeed":"60","ref":"RN 3"}},{"type":"Feature","geometry":{"type":"LineString","coordinates":[[5.9155018,34.2389206],[5.9158835,34.2389232],[5.9167825,34.2388295]]},"properties":{"highway":"primary","maxspeed":"40","ref":"RN 48"}},{"type":"Feature","geometry":{"type":"LineString","coordinates":[[5.9155803,34.2390705],[5.915388,34.2390987],[5.9151596,34.2390786]]},"properties":{"highway":"primary","maxspeed":"20","ref":"RN 3"}},{"type":"Feature","geometry":{"type":"LineString","coordinates":[[5.9152562,34.2394584],[5.9151332,34.2391865],[5.9151596,34.2390786]]},"properties":{"highway":"primary","maxspeed":"30","ref":"RN 48"}},{"type":"Feature","geometry":{"type":"LineString","coordinates":[[5.8087018,34.1760971],[5.8088891,34.1763785],[5.8094233,34.1772622],[5.8099195,34.1781089],[5.8109599,34.1798876],[5.8174298,34.1908138],[5.8176709,34.191138],[5.8180298,34.1915265],[5.8183776,34.1918448],[5.8186828,34.1920762],[5.8204459,34.1930964],[5.8221238,34.1941012],[5.8275551,34.1972642],[5.8280175,34.1975037],[5.8285161,34.1977179],[5.8290519,34.1979222],[5.8296502,34.19811],[5.8352128,34.1997777],[5.8399605,34.2011997],[5.8443284,34.2025026],[5.8465021,34.203147]]},"properties":{"highway":"trunk","maxspeed":"80","ref":"RN 3"}},{"type":"Feature","geometry":{"type":"LineString","coordinates":[[5.8076815,34.1748842],[5.8078621,34.1747597],[5.8079228,34.1747179],[5.8087301,34.1740149],[5.8090288,34.1738371]]},"properties":{"highway":"tertiary","maxspeed":"30","ref":"CC 930"}},{"type":"Feature","geometry":{"type":"LineString","coordinates":[[5.8090288,34.1738371],[5.8088151,34.1740793],[5.8080813,34.1747439],[5.8079858,34.1748364],[5.8078287,34.1749885]]},"properties":{"highway":"tertiary","maxspeed":"30","ref":"CC 930"}},{"type":"Feature","geometry":{"type":"LineString","coordinates":[[5.8237427,34.1599899],[5.8235063,34.1604144],[5.823253,34.1608089],[5.82283,34.161374],[5.8225249,34.1617349],[5.8221941,34.16208],[5.8211137,34.1630131],[5.8199663,34.164043],[5.8090288,34.1738371]]},"properties":{"name":"نهج الشهيد بشراير محمد","highway":"tertiary","ref":"CC 930"}},{"type":"Feature","geometry":{"type":"LineString","coordinates":[[5.8310987,34.152463],[5.8319499,34.1523967],[5.8327958,34.1523289],[5.8336562,34.1522531],[5.8345311,34.1521738],[5.8353871,34.1520998]]},"properties":{"name":"نهج الشهيد فرطاس بوناب","highway":"secondary","maxspeed":"40"}},{"type":"Feature","geometry":{"type":"LineString","coordinates":[[5.8276628,34.1526598],[5.8280752,34.1527094]]},"properties":{"highway":"secondary","maxspeed":"30"}},{"type":"Feature","geometry":{"type":"LineString","coordinates":[[5.8274092,34.1526058],[5.8274432,34.1525023],[5.8274642,34.1524216],[5.8274992,34.1522149]]},"properties":{"highway":"tertiary","maxspeed":"30","ref":"CC 930"}},{"type":"Feature","geometry":{"type":"LineString","coordinates":[[5.8275447,34.1529152],[5.8274937,34.1529196],[5.827443,34.1529132],[5.8273959,34.1528964],[5.8273556,34.1528702],[5.8273392,34.1528545],[5.8273089,34.1528075],[5.8272982,34.152755],[5.8273082,34.1527024],[5.8273378,34.1526551],[5.82737,34.152627],[5.8274092,34.1526058],[5.827465,34.1525908],[5.8275236,34.1525898],[5.82758,34.1526029],[5.8276295,34.152629],[5.8276628,34.1526598],[5.8276895,34.1527053],[5.8276984,34.1527554],[5.8276885,34.1528054],[5.8276609,34.1528506],[5.8276344,34.1528755],[5.8275926,34.1529001],[5.8275447,34.1529152]]},"properties":{"highway":"secondary","maxspeed":"30","ref":"CC 930"}},{"type":"Feature","geometry":{"type":"LineString","coordinates":[[5.8284128,34.1526856],[5.828419,34.1530018],[5.8283765,34.1532829],[5.8281772,34.1539466],[5.8279576,34.1545837],[5.8278149,34.1550586],[5.8277322,34.1553509],[5.8276537,34.155639],[5.8275651,34.1560255],[5.8275571,34.1562109],[5.8276135,34.1564008],[5.8278313,34.1566407],[5.8280987,34.15693],[5.8281359,34.1569777],[5.8287347,34.1576436],[5.8288681,34.157792]]},"properties":{"name":"شارع الشهيد شهرة ابراهيم","highway":"tertiary","maxspeed":"40"}},{"type":"Feature","geometry":{"type":"LineString","coordinates":[[5.8271522,34.1571644],[5.8288681,34.157792],[5.829475,34.1580253],[5.8298125,34.1581603],[5.8307685,34.1580727],[5.8308828,34.1580622],[5.8311939,34.158033],[5.8315454,34.158013],[5.831962,34.1579763],[5.8325505,34.1579368],[5.8330938,34.1579073],[5.8334763,34.1578696]]},"properties":{"name":"شارع الشهيد تقار بريق","highway":"tertiary","maxspeed":"40"}},{"type":"Feature","geometry":{"type":"LineString","coordinates":[[5.8353871,34.1520998],[5.8354172,34.1520524],[5.8354519,34.1520172],[5.835494,34.1519877],[5.835542,34.151965],[5.835594,34.15195],[5.8362423,34.1519038],[5.8363054,34.1519123],[5.8363669,34.1519295],[5.8364261,34.1519559],[5.83649,34.1519991]]},"properties":{"name":"نهج الشهيد فرطاس بوناب","highway":"secondary","maxspeed":"30"}},{"type":"Feature","geometry":{"type":"LineString","coordinates":[[5.83649,34.1519991],[5.8371446,34.1519359],[5.8382651,34.151839]]},"properties":{"name":"نهج الشهيد فرطاس بونابV","highway":"secondary"}},{"type":"Feature","geometry":{"type":"LineString","coordinates":[[5.83649,34.1519991],[5.8363721,34.15086],[5.8363109,34.1502297],[5.8362941,34.1499724],[5.8363091,34.1496718],[5.8361502,34.1488665],[5.836,34.1480122],[5.8356841,34.1480182],[5.8348433,34.1480369],[5.8339824,34.1480726],[5.8331185,34.1481371],[5.8322447,34.1481971],[5.832081,34.1482378],[5.8317628,34.1483832],[5.8315721,34.1485018],[5.8306642,34.1489914],[5.8303161,34.1490962],[5.8298409,34.149196],[5.8299829,34.1504219],[5.830119,34.1515176],[5.8301612,34.1519706],[5.8302142,34.1525387]]},"properties":{"highway":"tertiary"}},{"type":"Feature","geometry":{"type":"LineString","coordinates":[[5.8180464,34.1224859],[5.8180368,34.1227974],[5.8180531,34.1231785],[5.8180803,34.1235177]]},"properties":{"highway":"trunk_link","maxspeed":"30","ref":"CW 300"}},{"type":"Feature","geometry":{"type":"LineString","coordinates":[[5.8298409,34.149196],[5.8290335,34.1493267],[5.8272179,34.1496206]]},"properties":{"highway":"tertiary"}},{"type":"Feature","geometry":{"type":"LineString","coordinates":[[5.9260961,33.9585189],[5.9261431,33.9587712],[5.9261436,33.9587936]]},"properties":{"highway":"secondary","maxspeed":"40"}},{"type":"Feature","geometry":{"type":"LineString","coordinates":[[5.9317775,33.9575477],[5.9317968,33.9575125],[5.9318291,33.9574845],[5.9318706,33.9574668],[5.9319168,33.9574615],[5.9319626,33.957469],[5.9320029,33.9574886],[5.9320332,33.9575181],[5.93205,33.9575542],[5.9320517,33.9575929],[5.9320379,33.9576299],[5.9320102,33.9576611],[5.9319737,33.9576822],[5.931931,33.9576927],[5.9318865,33.9576916],[5.9318447,33.957679],[5.9318078,33.9576575],[5.9317844,33.9576237],[5.9317732,33.9575862],[5.9317775,33.9575477]]},"properties":{"highway":"secondary","maxspeed":"30"}},{"type":"Feature","geometry":{"type":"LineString","coordinates":[[5.9317968,33.9575125],[5.9318118,33.9573189],[5.9318342,33.9572256],[5.9318756,33.9568567],[5.9320261,33.9554791]]},"properties":{"highway":"secondary","maxspeed":"50"}},{"type":"Feature","geometry":{"type":"LineString","coordinates":[[5.9321797,33.9554938],[5.9319652,33.9571229],[5.9319652,33.9572135],[5.9320029,33.9574886]]},"properties":{"highway":"secondary","maxspeed":"50"}},{"type":"Feature","geometry":{"type":"LineString","coordinates":[[5.8943785,33.9650793],[5.8937957,33.9656229],[5.8925822,33.9667642],[5.8918783,33.9675522],[5.8913758,33.9682668],[5.8911139,33.9687302],[5.8907477,33.9694878],[5.8904954,33.9702251],[5.887045,33.9806632],[5.8844907,33.9885566]]},"properties":{"highway":"primary","maxspeed":"80","ref":"RN 3"}},{"type":"Feature","geometry":{"type":"LineString","coordinates":[[5.9087789,33.951484],[5.9090218,33.9513244],[5.9090821,33.9512833],[5.9091538,33.9512242],[5.9112111,33.9493849],[5.9123542,33.9483349],[5.913723,33.9471009],[5.9155065,33.9454778]]},"properties":{"highway":"primary","maxspeed":"50","ref":"RN 3"}},{"type":"Feature","geometry":{"type":"LineString","coordinates":[[5.9180628,33.9431871],[5.918152,33.9431605]]},"properties":{"highway":"primary","maxspeed":"50","ref":"RN 3"}},{"type":"Feature","geometry":{"type":"LineString","coordinates":[[5.9222209,33.9325529],[5.9226219,33.9267295],[5.9230786,33.9205999],[5.9233012,33.9175428],[5.9234649,33.9144605],[5.9236123,33.9129475],[5.923674,33.9121183],[5.9237092,33.9113934],[5.9238806,33.910086],[5.9239247,33.9088189],[5.9244894,33.9019919],[5.9247442,33.8986046],[5.9248971,33.8969783],[5.9250133,33.8952813],[5.92516,33.8938747],[5.9251627,33.8932636],[5.9252371,33.8924893],[5.9253531,33.891164],[5.9254668,33.8898115],[5.9261302,33.8817335],[5.9263535,33.8786926],[5.926485,33.8771838],[5.9265587,33.8759601],[5.9266794,33.8745839],[5.9267532,33.8738757],[5.9268685,33.8727117],[5.9272668,33.8676],[5.9273111,33.8671824],[5.9273795,33.8666089],[5.9274184,33.8658895],[5.9274895,33.8645109],[5.9276129,33.8632336],[5.9276799,33.8623817],[5.9278007,33.8613821],[5.9278602,33.8605454],[5.9285049,33.8545474],[5.9287542,33.8524981]]},"properties":{"highway":"primary","maxspeed":"80","ref":"RN 3"}},{"type":"Feature","geometry":{"type":"LineString","coordinates":[[5.9222579,33.9356749],[5.9222367,33.9359573],[5.9222233,33.9362672],[5.9221883,33.9366936],[5.9221331,33.9371654],[5.9220849,33.9375303],[5.922019,33.9378429],[5.9219775,33.9380399],[5.9218193,33.938643],[5.9216885,33.939024],[5.9215468,33.9394422]]},"properties":{"highway":"primary","maxspeed":"50","ref":"RN 3"}},{"type":"Feature","geometry":{"type":"LineString","coordinates":[[5.9180895,33.9436079],[5.9178758,33.9437683],[5.9177899,33.9438395],[5.9177195,33.9439066],[5.9160663,33.9454403],[5.9160006,33.9454991]]},"properties":{"highway":"primary","maxspeed":"50","ref":"RN 3"}},{"type":"Feature","geometry":{"type":"LineString","coordinates":[[5.9157926,33.9456891],[5.9157016,33.9457724],[5.9156723,33.9458001],[5.9148499,33.9464857],[5.9139978,33.9473138],[5.9126401,33.9485437],[5.9103906,33.9505519],[5.9098918,33.9510086],[5.9093849,33.9515062],[5.9093496,33.951535],[5.9093086,33.9515652],[5.9092639,33.9515914],[5.9092073,33.9516167],[5.9091411,33.9516367]]},"properties":{"highway":"primary","maxspeed":"50","ref":"RN 3"}},{"type":"Feature","geometry":{"type":"LineString","coordinates":[[5.9089093,33.9519058],[5.9079334,33.9527761],[5.9066708,33.9539342],[5.9053966,33.9550619],[5.9053494,33.9551112],[5.9031819,33.9570981],[5.9028773,33.9573574],[5.902026,33.9581345],[5.9007963,33.9592758],[5.8995479,33.9604326],[5.8994997,33.960491],[5.8994624,33.9605446],[5.8994153,33.9606213]]},"properties":{"highway":"primary","maxspeed":"50","ref":"RN 3"}},{"type":"Feature","geometry":{"type":"LineString","coordinates":[[5.9083696,33.9520406],[5.9083558,33.9519915],[5.9083333,33.9519447],[5.9083026,33.9519011],[5.9082644,33.9518619],[5.9082195,33.9518279],[5.9081689,33.9517999]]},"properties":{"highway":"primary_link","maxspeed":"30"}},{"type":"Feature","geometry":{"type":"LineString","coordinates":[[5.8924247,33.953209],[5.8857719,33.9538287],[5.8856885,33.9538363],[5.8856341,33.9538408],[5.8846215,33.9539243],[5.8841851,33.9539462],[5.8836846,33.9539445],[5.8833161,33.9539026],[5.8828215,33.9538028],[5.8823399,33.9536603],[5.881638,33.9534505],[5.8774447,33.9519412],[5.876429,33.9515845],[5.8761046,33.9514341],[5.8757548,33.9512128],[5.8745156,33.950367],[5.8742559,33.950185],[5.873949,33.9499302],[5.8735024,33.9494692],[5.8653976,33.9408834],[5.8651338,33.9406986],[5.8649038,33.9405912],[5.8647143,33.9405353],[5.8644943,33.9404927],[5.8641822,33.9404872],[5.8637264,33.9405558],[5.8615497,33.9410823],[5.8602551,33.9413707],[5.8591762,33.9415696],[5.855628,33.9418281],[5.850393,33.9425705],[5.8497359,33.9427031],[5.8457937,33.9438227],[5.8450301,33.9440142],[5.8445759,33.9440936],[5.84313,33.9442646],[5.8411303,33.9443797],[5.8368214,33.9446406],[5.8358112,33.9446763],[5.8348567,33.9446812],[5.8336296,33.9446182],[5.8307706,33.9444561],[5.8233834,33.9440289],[5.8148951,33.9435575],[5.8145102,33.9435631],[5.8141848,33.943587],[5.8122847,33.94397],[5.8048797,33.9457378],[5.8040984,33.9458114],[5.8029086,33.9457672],[5.800973,33.945561],[5.7932346,33.9446128],[5.7928376,33.9445992],[5.7924671,33.9446329],[5.7908333,33.9450454],[5.7821853,33.9475055],[5.7816526,33.9475644],[5.7811376,33.9475202],[5.7788646,33.946931],[5.776268,33.9462075],[5.7746433,33.9456855],[5.7739971,33.945427],[5.7733245,33.9450898],[5.7702606,33.9432822],[5.7690268,33.942541],[5.7671044,33.9414478],[5.7585214,33.9363564],[5.7578331,33.9360006],[5.7572877,33.935763],[5.7566463,33.9355461],[5.7533072,33.9345583],[5.7481144,33.9330807],[5.7381082,33.9302911],[5.7374742,33.9301654],[5.7369065,33.9301313],[5.7363488,33.9301755],[5.7354648,33.9302976],[5.7344888,33.9304814],[5.7273863,33.9320837],[5.7263134,33.9323507],[5.7253049,33.9327246],[5.7241157,33.9333601],[5.7215283,33.9349144],[5.7138481,33.939463]]},"properties":{"name":"طريق البرقاجية","highway":"tertiary"}},{"type":"Feature","geometry":{"type":"LineString","coordinates":[[5.9263273,33.9587506],[5.9261436,33.9587936],[5.925972,33.9588338],[5.9241963,33.9591575],[5.923313,33.9593513],[5.9230067,33.9594738],[5.9228149,33.9595624],[5.9213126,33.9603223],[5.9206794,33.9607049],[5.92046,33.9607073],[5.9203468,33.960647],[5.9200945,33.9604499],[5.9195564,33.9600293],[5.9190792,33.9596378],[5.9189963,33.9595601],[5.9188746,33.959462],[5.918542,33.9592085],[5.918031,33.9587971],[5.9172145,33.958137],[5.9167927,33.9577969],[5.9162561,33.9573583],[5.9160412,33.9571908],[5.915569,33.9567996],[5.9151411,33.9564742],[5.9147378,33.9561444],[5.9144746,33.9559305],[5.914295,33.9557925],[5.9139936,33.9555484]]},"properties":{"highway":"secondary","maxspeed":"40"}},{"type":"Feature","geometry":{"type":"LineString","coordinates":[[5.9157439,33.9452813],[5.9175573,33.9436173],[5.917613,33.9435637],[5.9176652,33.9435046],[5.9177982,33.9433246]]},"properties":{"highway":"primary","maxspeed":"50","ref":"RN 3"}},{"type":"Feature","geometry":{"type":"LineString","coordinates":[[5.9159634,33.9455954],[5.9159338,33.9456271],[5.9158974,33.9456534],[5.9158648,33.9456698],[5.9158296,33.9456817],[5.9157926,33.9456891],[5.9157198,33.9456897],[5.91565,33.9456728],[5.9155892,33.9456397],[5.9155425,33.9455934],[5.9155141,33.9455378],[5.9155065,33.9454778],[5.9155205,33.9454177],[5.9155551,33.945364],[5.9156071,33.945321],[5.9156721,33.9452926],[5.9157439,33.9452813],[5.9158256,33.94529],[5.9158993,33.9453205],[5.9159569,33.9453693],[5.915992,33.9454312],[5.9160006,33.9454991],[5.9159892,33.9455492],[5.9159634,33.9455954]]},"properties":{"highway":"primary","maxspeed":"30"}},{"type":"Feature","geometry":{"type":"LineString","coordinates":[[5.9159634,33.9455954],[5.9160999,33.9457049]]},"properties":{"highway":"secondary","maxspeed":"30"}},{"type":"Feature","geometry":{"type":"LineString","coordinates":[[5.9174103,33.951126],[5.9172328,33.9501001],[5.9170922,33.9492861],[5.916917,33.9483753],[5.9169075,33.9483285],[5.9169001,33.9482651],[5.9168978,33.9481981],[5.9168978,33.9473441],[5.916846,33.9469791],[5.916749,33.9463922],[5.9167365,33.9463614],[5.916724,33.9463365],[5.9167042,33.9463055],[5.9166312,33.9462175],[5.9160883,33.9457875]]},"properties":{"highway":"secondary","maxspeed":"50"}},{"type":"Feature","geometry":{"type":"LineString","coordinates":[[5.9160999,33.9457049],[5.9166932,33.946164],[5.916789,33.94623],[5.9168156,33.9462531],[5.9168317,33.9462768],[5.9168398,33.9462987],[5.9168458,33.9463266],[5.9168479,33.9463795],[5.9169318,33.9469754],[5.9169828,33.9473423],[5.9170659,33.9477963],[5.9171174,33.9481788],[5.9171422,33.9483766],[5.917445,33.9498753],[5.91748,33.9500708],[5.9175542,33.9504856],[5.917662,33.9510859]]},"properties":{"highway":"secondary","maxspeed":"50"}},{"type":"Feature","geometry":{"type":"LineString","coordinates":[[5.9187255,33.9430049],[5.9187291,33.9430431],[5.918737,33.9431329],[5.9187641,33.9432057],[5.9188129,33.9432704],[5.9188801,33.9433224],[5.9189612,33.9433584]]},"properties":{"highway":"primary_link","maxspeed":"30"}},{"type":"Feature","geometry":{"type":"LineString","coordinates":[[5.9243343,33.9502201],[5.9240808,33.9486992],[5.9240417,33.9484951],[5.9239445,33.9479881],[5.9237242,33.9468727],[5.9236679,33.9465875],[5.9234253,33.9453796],[5.9233623,33.9450662],[5.9231639,33.9438643],[5.923144,33.943744],[5.9230888,33.9434667],[5.923013,33.9433094],[5.9228768,33.9432426],[5.9225321,33.9431828],[5.9222925,33.9431162],[5.9222239,33.9431008],[5.9220232,33.9430558],[5.9216463,33.9430761],[5.9203871,33.943285],[5.9193171,33.9434273],[5.9186611,33.9435146],[5.9183263,33.9435629],[5.918163,33.9435854]]},"properties":{"highway":"secondary","maxspeed":"50"}},{"type":"Feature","geometry":{"type":"LineString","coordinates":[[5.91748,33.9500708],[5.9172328,33.9501001],[5.9166124,33.950179],[5.9161719,33.9502351],[5.9152105,33.9503575],[5.9141757,33.9504892],[5.9136049,33.9505619],[5.9129202,33.9506491],[5.912534,33.9506983],[5.912143,33.9507481],[5.9116059,33.9508164],[5.911046,33.9508741],[5.9109672,33.9508822],[5.9106353,33.950912]]},"properties":{"highway":"tertiary","maxspeed":"50"}},{"type":"Feature","geometry":{"type":"LineString","coordinates":[[5.9103906,33.9505519],[5.9104265,33.9506257],[5.9104621,33.9506865],[5.9105047,33.950744],[5.9106353,33.950912]]},"properties":{"highway":"tertiary","maxspeed":"30"}},{"type":"Feature","geometry":{"type":"LineString","coordinates":[[5.9188746,33.959462],[5.9188583,33.9593572],[5.918681,33.9582188],[5.918511,33.9571262],[5.9184306,33.9566433],[5.9182822,33.9557519],[5.9182072,33.9553798],[5.9181339,33.955016],[5.9179286,33.9538836],[5.9178119,33.9532397],[5.9177544,33.9529224],[5.9177174,33.9527182],[5.9176378,33.9522793],[5.9175437,33.9518084],[5.9174425,33.9513022]]},"properties":{"highway":"secondary","maxspeed":"50"}},{"type":"Feature","geometry":{"type":"LineString","coordinates":[[5.9177219,33.9511604],[5.9177277,33.9512055],[5.9177159,33.9512498],[5.9176878,33.9512887],[5.9176464,33.9513183],[5.9175958,33.9513355],[5.9175412,33.9513385],[5.9174883,33.951327],[5.9174425,33.9513022],[5.917407,33.9512644],[5.9173888,33.9512189],[5.9173899,33.9511709],[5.9174103,33.951126],[5.9174475,33.9510894],[5.9174973,33.9510652],[5.917554,33.9510562],[5.9176111,33.9510633],[5.917662,33.9510859],[5.9176992,33.9511191],[5.9177219,33.9511604]]},"properties":{"highway":"secondary","maxspeed":"30"}},{"type":"Feature","geometry":{"type":"LineString","coordinates":[[5.9176464,33.9513183],[5.9178849,33.9526872],[5.9179168,33.9528705],[5.9181206,33.954271],[5.9181797,33.9546316],[5.9183026,33.9553817],[5.9183616,33.9557418],[5.9184705,33.9563948],[5.9185868,33.9570925],[5.9187057,33.9578057],[5.9187729,33.9582084],[5.9188375,33.958604],[5.9189787,33.9594543],[5.9189963,33.9595601]]},"properties":{"highway":"secondary","maxspeed":"50"}},{"type":"Feature","geometry":{"type":"LineString","coordinates":[[5.9156441,33.9514299],[5.9163738,33.9513345],[5.916778,33.9512694],[5.9173899,33.9511709]]},"properties":{"highway":"tertiary","maxspeed":"40"}},{"type":"Feature","geometry":{"type":"LineString","coordinates":[[5.917407,33.9512644],[5.9163833,33.9513862],[5.9156555,33.951493]]},"properties":{"highway":"tertiary","maxspeed":"40"}},{"type":"Feature","geometry":{"type":"LineString","coordinates":[[5.9176992,33.9511191],[5.9195926,33.9508704],[5.9202911,33.9507786],[5.9208806,33.9507012],[5.9216874,33.9505952],[5.9217765,33.9505835],[5.9224725,33.9504921],[5.923579,33.9503344],[5.9243254,33.9502342]]},"properties":{"highway":"tertiary","maxspeed":"40"}},{"type":"Feature","geometry":{"type":"LineString","coordinates":[[5.9243668,33.9503628],[5.9217586,33.9506942],[5.9213612,33.9507447],[5.9209067,33.9508024],[5.9200661,33.9509092],[5.919605,33.9509678],[5.9187508,33.951076],[5.9177277,33.9512055]]},"properties":{"highway":"tertiary","maxspeed":"40"}},{"type":"Feature","geometry":{"type":"LineString","coordinates":[[5.9177174,33.9527182],[5.9178849,33.9526872],[5.919847,33.9524515],[5.9201447,33.9524157],[5.9206054,33.9523624],[5.9211225,33.9522983],[5.9216012,33.9522408],[5.9218177,33.9522148],[5.9222593,33.9521617],[5.92258,33.9521232],[5.9226891,33.9521101],[5.9230282,33.9520694],[5.9233104,33.9520355],[5.9236231,33.9519979],[5.9237617,33.9519813],[5.9239745,33.9519557],[5.9242088,33.9519276],[5.924676,33.9518715],[5.9248013,33.9518564]]},"properties":{"highway":"tertiary"}},{"type":"Feature","geometry":{"type":"LineString","coordinates":[[5.920114,33.9490984],[5.9208906,33.9489971],[5.9213125,33.9489421],[5.9214308,33.9489267],[5.9218577,33.948871],[5.9223636,33.9488051],[5.9225744,33.9487776],[5.922728,33.9488538],[5.9223683,33.9488999],[5.9214949,33.949012],[5.9214182,33.9490218],[5.9209393,33.9490833],[5.9205603,33.949132],[5.920128,33.9491875]]},"properties":{"highway":"tertiary"}},{"type":"Feature","geometry":{"type":"LineString","coordinates":[[5.922728,33.9488538],[5.9232553,33.9488093],[5.9240808,33.9486992],[5.9242283,33.9486763],[5.9252546,33.9485414],[5.9269481,33.9483188]]},"properties":{"highway":"tertiary"}},{"type":"Feature","geometry":{"type":"LineString","coordinates":[[5.9254689,33.9501935],[5.9255488,33.9501914],[5.9257454,33.9501894],[5.9259828,33.9501835],[5.9262305,33.9501839],[5.9265968,33.9501806],[5.9267697,33.9501926],[5.9277357,33.9502597],[5.9280397,33.9502808],[5.928177,33.9503029],[5.9284014,33.9503391],[5.9285014,33.9503553],[5.9286324,33.9503764],[5.9288255,33.9504216],[5.929325,33.9505384],[5.9296301,33.9506097],[5.929781,33.9506442],[5.9302116,33.9506843],[5.9309215,33.9506732],[5.9310138,33.9506631],[5.9315094,33.9506086],[5.9319542,33.9505523],[5.932508,33.9505042],[5.9326403,33.9505171],[5.9327555,33.9505283]]},"properties":{"highway":"tertiary","maxspeed":"40"}},{"type":"Feature","geometry":{"type":"LineString","coordinates":[[5.9326404,33.9516825],[5.9324949,33.9516704],[5.9317589,33.9517588],[5.9313523,33.9518182],[5.9306904,33.9519067],[5.9302064,33.9519477],[5.9297486,33.9519884],[5.9296805,33.9519944],[5.9292287,33.9520432],[5.9287607,33.9521022],[5.9279359,33.9522064],[5.9275596,33.952248],[5.9271912,33.9522832],[5.9266379,33.9523467],[5.9262864,33.9523893],[5.9259395,33.9524394],[5.9255468,33.9524832],[5.9252387,33.9525029],[5.925187,33.9525083],[5.9249412,33.9525205],[5.924794,33.9525083],[5.9249332,33.9524716],[5.9251651,33.9524359],[5.9259555,33.952352],[5.9267345,33.9522694],[5.9279376,33.9521268],[5.9297405,33.9519093],[5.9307389,33.9518139],[5.9308794,33.9518028],[5.9313601,33.9517477],[5.9317465,33.9516999],[5.932502,33.9516084],[5.9326463,33.9516149]]},"properties":{"highway":"tertiary","maxspeed":"40"}},{"type":"Feature","geometry":{"type":"LineString","coordinates":[[5.9243422,33.9503428],[5.9243248,33.9503181],[5.9243158,33.9502904],[5.9243161,33.9502618],[5.9243254,33.9502342],[5.9243343,33.9502201],[5.9243593,33.9501958],[5.9243918,33.9501786],[5.9244289,33.9501702],[5.9244674,33.9501712],[5.9245038,33.9501816],[5.9245341,33.9501996],[5.9245568,33.9502241],[5.9245703,33.9502529],[5.9245732,33.9502837],[5.9245655,33.9503139],[5.9245461,33.9503428],[5.924517,33.9503655],[5.9244809,33.9503796],[5.9244414,33.950384],[5.9244021,33.9503782],[5.9243668,33.9503628],[5.9243422,33.9503428]]},"properties":{"highway":"secondary","maxspeed":"20"}},{"type":"Feature","geometry":{"type":"LineString","coordinates":[[5.924517,33.9503655],[5.9246438,33.9510303],[5.9248013,33.9518564],[5.9248718,33.9521854],[5.9249332,33.9524716],[5.9249412,33.9525205],[5.9251301,33.9534422],[5.9252001,33.9537838],[5.9254838,33.955168],[5.9255293,33.9553902],[5.9255903,33.9556876],[5.9256018,33.9557439],[5.9256821,33.9561477],[5.9257591,33.9565345],[5.9260078,33.9577848],[5.9260806,33.9583271],[5.9260941,33.9584298],[5.9260961,33.9585189],[5.9260274,33.9584333],[5.9259666,33.9582919],[5.9257983,33.9574461],[5.925612,33.9565615],[5.9255252,33.9561491],[5.9255072,33.9560638],[5.9254011,33.9555347],[5.9249855,33.9534632],[5.924794,33.9525083],[5.924676,33.9518715],[5.9244331,33.9505469],[5.9244021,33.9503782]]},"properties":{"highway":"secondary","maxspeed":"50"}},{"type":"Feature","geometry":{"type":"LineString","coordinates":[[5.928177,33.9503029],[5.9281012,33.9507084],[5.9280721,33.9509921],[5.9279556,33.951795],[5.9279383,33.9520601],[5.9279376,33.9521268],[5.9279359,33.9522064],[5.9279248,33.9524589],[5.9279077,33.9531778],[5.9278973,33.9536121],[5.9278904,33.9539033]]},"properties":{"highway":"tertiary"}},{"type":"Feature","geometry":{"type":"LineString","coordinates":[[5.9267697,33.9501926],[5.9268017,33.9498565],[5.9268284,33.9495754],[5.9269481,33.9483188],[5.9270094,33.9477794],[5.9270671,33.9472717],[5.9272206,33.9459211]]},"properties":{"highway":"tertiary"}},{"type":"Feature","geometry":{"type":"LineString","coordinates":[[5.9237866,33.9463547],[5.924655,33.9462419],[5.9254236,33.946148],[5.9272206,33.9459211],[5.9276793,33.9459339],[5.9283425,33.9459523],[5.9285233,33.9459574],[5.928909,33.9459936],[5.9296535,33.9460392],[5.9297442,33.946047],[5.9303589,33.9460822],[5.9307353,33.9461052],[5.9319371,33.9461787],[5.9331506,33.9462529],[5.9332536,33.9462592]]},"properties":{"highway":"tertiary"}},{"type":"Feature","geometry":{"type":"LineString","coordinates":[[5.9303589,33.9460822],[5.9302989,33.9468569],[5.9302825,33.9470645],[5.9302481,33.9473621],[5.9302004,33.9474685],[5.9301274,33.9477415],[5.930068,33.9481297],[5.9300442,33.9484627],[5.9299642,33.9490241],[5.9299423,33.9493079],[5.9299251,33.9496033],[5.9299205,33.9496822],[5.92983,33.9502734],[5.9298041,33.9504428],[5.929781,33.9506442]]},"properties":{"highway":"tertiary","maxspeed":"40"}},{"type":"Feature","geometry":{"type":"LineString","coordinates":[[5.9321077,33.955289],[5.9321463,33.9552914],[5.9321824,33.955303],[5.9322167,33.9553261],[5.93224,33.9553573],[5.9322497,33.9553931],[5.9322446,33.9554295],[5.9322254,33.9554626],[5.9322023,33.9554784],[5.9321797,33.9554938],[5.9321532,33.9555048],[5.9321081,33.9555088],[5.932064,33.9554998],[5.9320261,33.9554791],[5.9320119,33.9554635],[5.9319992,33.9554496],[5.9319856,33.9554144],[5.9319868,33.9553774],[5.9320027,33.9553429],[5.9320315,33.9553146],[5.9320699,33.9552959],[5.9321077,33.955289]]},"properties":{"highway":"secondary","maxspeed":"30"}},{"type":"Feature","geometry":{"type":"LineString","coordinates":[[5.9320699,33.9552959],[5.9321221,33.954925],[5.9321577,33.9546154],[5.9322048,33.9542058],[5.932306,33.953325],[5.9323374,33.9530518],[5.9324118,33.95243],[5.9324484,33.9520855],[5.9324949,33.9516704],[5.932502,33.9516084],[5.9326403,33.9505171],[5.9326838,33.9501721],[5.9327497,33.9496501],[5.9329042,33.9484265],[5.9329315,33.9481643],[5.932997,33.9476208],[5.9331506,33.9462529],[5.9332608,33.9453959],[5.9334418,33.9439326],[5.9334363,33.943863],[5.9334232,33.9437916],[5.9334067,33.943737],[5.9333888,33.9436922]]},"properties":{"highway":"secondary","maxspeed":"50"}},{"type":"Feature","geometry":{"type":"LineString","coordinates":[[5.9333888,33.9436922],[5.9333595,33.9436431],[5.9333079,33.9436019],[5.9332475,33.9435763],[5.9331841,33.9435554],[5.9302515,33.9432509],[5.9301643,33.9432409],[5.930083,33.9432284],[5.9299866,33.9432059],[5.9299035,33.9431769],[5.9279231,33.9423291],[5.927651,33.942217],[5.9274679,33.9421421],[5.9262335,33.9416266],[5.925459,33.9412992],[5.9251571,33.9411808],[5.9244238,33.9408795],[5.9239503,33.9406789],[5.92371,33.940573],[5.9229698,33.9402738],[5.9224449,33.9400514],[5.9220438,33.9398873],[5.9218031,33.939804]]},"properties":{"highway":"secondary","maxspeed":"40"}},{"type":"Feature","geometry":{"type":"LineString","coordinates":[[5.9215316,33.939561],[5.9216288,33.9396297],[5.9216691,33.9396567],[5.9217255,33.9396882],[5.9217741,33.9397137]]},"properties":{"highway":"secondary","maxspeed":"30"}},{"type":"Feature","geometry":{"type":"LineString","coordinates":[[5.9244238,33.9408795],[5.9244439,33.9409835],[5.9245022,33.9413155],[5.9246161,33.941919],[5.924729,33.9425173],[5.9248441,33.9431188],[5.9249877,33.9438696],[5.9250213,33.944045],[5.9251268,33.9445966],[5.9254236,33.946148]]},"properties":{"highway":"tertiary"}},{"type":"Feature","geometry":{"type":"LineString","coordinates":[[5.9217586,33.9506942],[5.9216874,33.9505952],[5.9215713,33.9499592],[5.9214957,33.9494964],[5.9214577,33.9492635],[5.9214182,33.9490218],[5.9214308,33.9489267],[5.9214949,33.949012],[5.9215374,33.949253],[5.9215781,33.9494838],[5.9216247,33.9497479],[5.92166,33.9499482],[5.9217765,33.9505835],[5.9217586,33.9506942]]},"properties":{"highway":"tertiary","maxspeed":"40"}},{"type":"Feature","geometry":{"type":"LineString","coordinates":[[5.9329315,33.9481643],[5.9330473,33.9481893],[5.9340257,33.94825],[5.9348172,33.948388],[5.9355639,33.9486748],[5.9358097,33.9487935],[5.9358798,33.9488307],[5.936091,33.9487047],[5.9361812,33.9486376],[5.936261,33.9483563],[5.9365002,33.9467863],[5.9366168,33.9459471],[5.9369048,33.9439044],[5.9371263,33.942566],[5.9374505,33.9413522],[5.9377036,33.9409979],[5.9380753,33.9407748],[5.9383802,33.9406823],[5.9387629,33.9405669],[5.9391599,33.940449],[5.9394904,33.9403398],[5.9400424,33.940161],[5.9407563,33.9399678],[5.9412466,33.939771],[5.9417026,33.939542],[5.9420561,33.9393645],[5.9424488,33.9391674],[5.9426934,33.9390355],[5.9435492,33.9385742],[5.944472,33.9381576],[5.945781,33.9376636],[5.9462618,33.9375149],[5.9465542,33.9374296],[5.9472255,33.9372515],[5.948396,33.9369824],[5.950476,33.9364903],[5.9523187,33.936077],[5.9541693,33.935657],[5.9562334,33.9350599],[5.9576807,33.9345481],[5.9598793,33.9337148],[5.9613108,33.9329865],[5.9629637,33.9318382],[5.9644426,33.9307883],[5.9648617,33.9303814],[5.9659294,33.92901],[5.9666016,33.9280913],[5.9670603,33.9275138],[5.9683573,33.9258339],[5.9690058,33.9251777],[5.9711332,33.9230121],[5.9746051,33.9197177],[5.9754909,33.9188842],[5.9757677,33.9185233],[5.9767325,33.9168366],[5.9779821,33.9145002],[5.9792554,33.912039],[5.9802756,33.9099256],[5.9809003,33.9083766],[5.9811376,33.9075955],[5.9815647,33.9056986],[5.9816912,33.904504],[5.9817545,33.9016421],[5.9817877,33.8993809],[5.9819297,33.897907],[5.9820289,33.8972409],[5.9822488,33.8963771],[5.9826855,33.8949603],[5.9827069,33.8947492],[5.9827563,33.8940457],[5.9828207,33.8932442],[5.982649,33.8924248],[5.9825417,33.8916589],[5.9828207,33.8908218],[5.9831586,33.8903976],[5.9837057,33.8897697],[5.9841092,33.8892452],[5.9854651,33.8871023],[5.9855199,33.8869582],[5.9855246,33.8868254],[5.9854946,33.8866655],[5.9853877,33.8861126],[5.9853536,33.885872],[5.9853441,33.8855813],[5.9853731,33.8849279],[5.9853462,33.8841996],[5.9853218,33.8839145],[5.9852836,33.8836969],[5.9852218,33.8835168],[5.9847098,33.8825779],[5.9846523,33.8824067],[5.9846282,33.8822308],[5.9846067,33.8819479],[5.9845314,33.8806874],[5.9835953,33.880615],[5.9829586,33.880577],[5.9822861,33.8805729],[5.9820956,33.8805602],[5.9819247,33.8805185],[5.9817728,33.8804453],[5.9816775,33.8803423],[5.9815961,33.880208],[5.9814918,33.8799729],[5.9811881,33.879188],[5.9807822,33.878299],[5.9805269,33.8781612],[5.9795764,33.8776509],[5.9792395,33.8774036],[5.9785168,33.8769007],[5.9783026,33.8767749],[5.9767794,33.8758799],[5.9764427,33.8756465],[5.9761546,33.8754131],[5.9756753,33.8749854],[5.9753641,33.8746556],[5.9742675,33.8735256],[5.9740331,33.8733073],[5.9737933,33.8731308],[5.9735141,33.872967],[5.972732,33.8725884],[5.9723737,33.8723909],[5.9720776,33.8722185],[5.9718301,33.8720315],[5.9716108,33.8718208],[5.9684869,33.868536],[5.9641099,33.8679468],[5.9605694,33.866664],[5.9560015,33.8643866],[5.9449268,33.858931],[5.9338484,33.8535142],[5.9332157,33.8532049],[5.9324373,33.8528243],[5.9315464,33.8523886],[5.931196,33.8522173],[5.9303229,33.8517904],[5.9294525,33.8513856]]},"properties":{"highway":"secondary","maxspeed":"60"}},{"type":"Feature","geometry":{"type":"LineString","coordinates":[[5.9811881,33.879188],[5.9814799,33.8791241],[5.9819736,33.8790158],[5.9826726,33.8788625],[5.9830702,33.8787754],[5.983151,33.8787577],[5.9837766,33.8786205],[5.9845589,33.878449],[5.9850575,33.8783396],[5.9857686,33.8781837]]},"properties":{"highway":"tertiary"}},{"type":"Feature","geometry":{"type":"LineString","coordinates":[[5.9684869,33.868536],[5.9679994,33.8678766],[5.9674693,33.8670402],[5.9669568,33.8662038],[5.9654723,33.8631075],[5.9650128,33.8614639],[5.9647831,33.861053],[5.962468,33.8590132],[5.9599585,33.8568559],[5.9592693,33.85599],[5.958315,33.8542435]]},"properties":{"highway":"tertiary"}},{"type":"Feature","geometry":{"type":"LineString","coordinates":[[5.9560015,33.8643866],[5.9563003,33.8642227],[5.9564594,33.8640466],[5.9576434,33.8579859],[5.958315,33.8542435],[5.9610253,33.8413339],[5.9612935,33.8400685],[5.9613579,33.8391863],[5.9614772,33.8386745],[5.9616072,33.8381167],[5.9618256,33.8371799],[5.9620316,33.8362962],[5.9621524,33.8357781],[5.9622055,33.8355504],[5.9623406,33.8349625],[5.962462,33.8344343],[5.9626561,33.8335897],[5.9631174,33.8308537]]},"properties":{"highway":"tertiary","maxspeed":"60"}},{"type":"Feature","geometry":{"type":"LineString","coordinates":[[5.9623406,33.8349625],[5.9616711,33.8353454],[5.9603394,33.8361076],[5.9592906,33.8367078],[5.9584793,33.8371721],[5.9581848,33.8373406],[5.9576043,33.8376729],[5.9572858,33.8378552]]},"properties":{"highway":"tertiary"}},{"type":"Feature","geometry":{"type":"LineString","coordinates":[[5.9584793,33.8371721],[5.9581622,33.8367671],[5.9579901,33.8365609],[5.9577386,33.8362597],[5.9568823,33.8366462],[5.9566509,33.8364302],[5.9564918,33.83626],[5.9561807,33.8361887],[5.9553009,33.8363313],[5.9547161,33.8365626],[5.9541744,33.8367769],[5.953595,33.8371512],[5.953076,33.8376569],[5.9530371,33.8376948],[5.9527689,33.8379443],[5.9526606,33.8379973],[5.951811,33.8383361],[5.9515749,33.8382871],[5.9486205,33.8369854],[5.9473835,33.8363688],[5.9419757,33.8334183],[5.935234,33.8295465]]},"properties":{"highway":"tertiary"}},{"type":"Feature","geometry":{"type":"LineString","coordinates":[[5.9279389,33.8605869],[5.9286043,33.8604619],[5.9286737,33.8598478],[5.9287804,33.8589028],[5.9290699,33.8563381],[5.9291652,33.8554937],[5.9291816,33.8553488],[5.9292634,33.8546243],[5.9293466,33.8538867],[5.929257,33.8537257],[5.9292317,33.8535558],[5.92922,33.8533721],[5.9292913,33.8526323],[5.9294525,33.8513856]]},"properties":{"highway":"tertiary"}},{"type":"Feature","geometry":{"type":"LineString","coordinates":[[5.9286234,33.8546094],[5.9292634,33.8546243],[5.9296812,33.8546508],[5.9301642,33.8546814],[5.9307508,33.8547481],[5.9309105,33.854756]]},"properties":{"highway":"tertiary"}},{"type":"Feature","geometry":{"type":"LineString","coordinates":[[5.9622825,33.6490441],[5.9649371,33.6501321],[5.9732961,33.6535156],[5.9766892,33.6548837],[5.9776365,33.6552765],[5.9778534,33.6553665],[5.9782788,33.6555317],[5.9783503,33.6555508],[5.9784199,33.6555633]]},"properties":{"highway":"secondary"}},{"type":"Feature","geometry":{"type":"LineString","coordinates":[[5.9793457,33.6614429],[5.9794995,33.6607352],[5.9796962,33.6594922],[5.9798583,33.6585285],[5.9800125,33.6576377],[5.9802024,33.6563217],[5.9802152,33.6561884],[5.9802191,33.6561143]]},"properties":{"highway":"tertiary","maxspeed":"40"}},{"type":"Feature","geometry":{"type":"LineString","coordinates":[[5.9822603,33.6569982],[5.9832815,33.6574079],[5.985961,33.6584829],[5.9882347,33.6593951],[5.9967962,33.6628299],[6.0055836,33.6663838],[6.0063216,33.6666375],[6.0069221,33.6668177],[6.0075353,33.6669446],[6.0092948,33.6672214],[6.0131443,33.6677866],[6.0200448,33.6687002],[6.0203656,33.6687513],[6.020682,33.6688188],[6.0209927,33.6689025],[6.0212966,33.669002],[6.0215926,33.6691169],[6.0218795,33.6692468],[6.0221562,33.6693911],[6.0226027,33.6696559]]},"properties":{"highway":"secondary","ref":"CW 303"}},{"type":"Feature","geometry":{"type":"LineString","coordinates":[[5.9793052,33.6556327],[5.9794767,33.6557663],[5.9795577,33.6558204],[5.9796336,33.6558657],[5.9797262,33.6559126],[5.9802191,33.6561143],[5.9808859,33.6563886],[5.9814575,33.656623],[5.9822603,33.6569982]]},"properties":{"highway":"secondary","maxspeed":"40","ref":"CW 303"}},{"type":"Feature","geometry":{"type":"LineString","coordinates":[[5.9790835,33.6557283],[5.9788914,33.6556838],[5.9786627,33.6556263],[5.9784199,33.6555633]]},"properties":{"highway":"secondary","maxspeed":"30"}},{"type":"Feature","geometry":{"type":"LineString","coordinates":[[5.9786136,33.6555472],[5.9787357,33.6555056],[5.9787933,33.655483],[5.9788466,33.6554539],[5.9788944,33.6554189],[5.978936,33.6553788],[5.9789704,33.6553342],[5.978997,33.655286],[5.9790365,33.6552062]]},"properties":{"highway":"secondary_link","maxspeed":"30"}},{"type":"Feature","geometry":{"type":"LineString","coordinates":[[5.9790633,33.6556177],[5.9790639,33.6555586],[5.9790636,33.6554732],[5.9790589,33.655384],[5.9790497,33.655295],[5.9790365,33.6552062]]},"properties":{"highway":"secondary","maxspeed":"30","ref":"CW 303"}},{"type":"Feature","geometry":{"type":"LineString","coordinates":[[5.9790365,33.6552062],[5.9790878,33.6553021],[5.9791431,33.6553963],[5.9792026,33.6554888],[5.9792659,33.6555795]]},"properties":{"highway":"secondary","maxspeed":"30","ref":"CW 303"}},{"type":"Feature","geometry":{"type":"LineString","coordinates":[[5.9808859,33.6563886],[5.9808672,33.656449],[5.9808377,33.6565455],[5.9807691,33.6567607],[5.9806006,33.6577476],[5.9804542,33.658604],[5.9802829,33.659608],[5.9800788,33.6608513],[5.9799801,33.6614968]]},"properties":{"highway":"tertiary","maxspeed":"40"}},{"type":"Feature","geometry":{"type":"LineString","coordinates":[[5.9822603,33.6569982],[5.9814489,33.6566784],[5.9808672,33.656449],[5.9802152,33.6561884],[5.9798141,33.6560279],[5.9795121,33.6558921],[5.9792144,33.6557624]]},"properties":{"highway":"secondary","maxspeed":"40","ref":"CW 303"}},{"type":"Feature","geometry":{"type":"LineString","coordinates":[[6.0340136,33.6770802],[6.0339768,33.6770789],[6.033941,33.6770719],[6.0339075,33.6770593],[6.0337522,33.6769589],[6.033151,33.6765701],[6.0325291,33.6761706],[6.0318946,33.6757507],[6.0315577,33.6755289],[6.0314552,33.675467],[6.0314206,33.6754483],[6.031385,33.6754309],[6.0313484,33.6754149],[6.0313222,33.6754021],[6.0312984,33.6753864],[6.0312775,33.675368],[6.0312634,33.6753519],[6.0312375,33.6753253],[6.0312088,33.6753006],[6.0311776,33.675278],[6.0309352,33.6751157],[6.0300693,33.6745646],[6.0298209,33.6743958],[6.0294947,33.6741742],[6.0291608,33.6739556],[6.0278184,33.6730912],[6.0275051,33.6728853],[6.0272165,33.6726949],[6.0267555,33.6723908],[6.0257785,33.6717464],[6.0245446,33.6709468],[6.0233438,33.6701386],[6.0226027,33.6696559]]},"properties":{"highway":"secondary","maxspeed":"60","ref":"CW 303"}},{"type":"Feature","geometry":{"type":"LineString","coordinates":[[6.0226027,33.6696559],[6.0226636,33.6696504],[6.0227153,33.6696527],[6.0227693,33.6696652],[6.0233916,33.6700817],[6.024599,33.6708896],[6.0258276,33.6716911],[6.0268096,33.6723326],[6.0272739,33.6726378],[6.0275608,33.6728263],[6.0278748,33.6730347],[6.0292115,33.6739004],[6.0295549,33.67413],[6.0298723,33.6743432],[6.0309812,33.6750693],[6.031221,33.6752223],[6.0312575,33.6752409],[6.0312958,33.6752567],[6.0313358,33.6752696],[6.0313671,33.6752811],[6.031395,33.6752977],[6.0314185,33.6753186],[6.0314364,33.6753428],[6.0314577,33.6753671],[6.0314811,33.67539],[6.0315085,33.6754084],[6.0316095,33.6754775],[6.0319295,33.6756874],[6.0325748,33.676117],[6.0331343,33.6764778],[6.0339551,33.6770072],[6.033979,33.6770291],[6.0339987,33.6770539],[6.0340136,33.6770802]]},"properties":{"highway":"secondary","maxspeed":"60","ref":"CW 303"}},{"type":"Feature","geometry":{"type":"LineString","coordinates":[[6.0357019,33.6770354],[6.0356968,33.6764105],[6.0356862,33.6759809],[6.035672,33.6753824],[6.0356693,33.6747769],[6.0356674,33.6740288],[6.0356601,33.6735028],[6.0356536,33.6729707],[6.0356406,33.6719792]]},"properties":{"highway":"tertiary"}},{"type":"Feature","geometry":{"type":"LineString","coordinates":[[6.0294947,33.6741742],[6.0295549,33.67413],[6.0296406,33.6740974],[6.0297346,33.674085],[6.0304079,33.6740874],[6.0312044,33.6740902],[6.0315576,33.6740912],[6.032131,33.6740933],[6.0330655,33.6740765],[6.0337211,33.6740652],[6.0343578,33.6740533],[6.0350119,33.6740412],[6.0356674,33.6740288],[6.0360659,33.6740275],[6.0364427,33.6740241],[6.0369968,33.6740091],[6.0377037,33.6739927],[6.0380666,33.6739852]]},"properties":{"highway":"tertiary"}},{"type":"Feature","geometry":{"type":"LineString","coordinates":[[6.0256736,33.6857837],[6.0253908,33.6860484],[6.0253554,33.6866366],[6.0250373,33.6870925],[6.0238737,33.6873171],[6.0216089,33.6877542],[6.0206546,33.6878571],[6.0169964,33.6888717],[6.0140206,33.6897453],[6.0106872,33.6907239]]},"properties":{"highway":"tertiary"}},{"type":"Feature","geometry":{"type":"LineString","coordinates":[[6.0104237,33.6908013],[6.01044,33.6902539],[6.010546,33.6898275],[6.0106874,33.6893276],[6.0138448,33.6851462],[6.0190818,33.6782103],[6.0232473,33.6725945],[6.0245446,33.6709468],[6.024599,33.6708896]]},"properties":{"highway":"tertiary","maxspeed":"60"}},{"type":"Feature","geometry":{"type":"LineString","coordinates":[[6.0667024,33.5719926],[6.0376717,33.5785409],[6.0365053,33.5787618],[6.0347911,33.5790415],[6.0329885,33.5792477],[6.0306911,33.5793802],[6.0279755,33.5792625],[6.0148043,33.5782526],[6.0145307,33.5782472],[6.0144124,33.5782299],[6.0143467,33.5782256]]},"properties":{"highway":"secondary","maxspeed":"60"}},{"type":"Feature","geometry":{"type":"LineString","coordinates":[[6.0140686,33.5782179],[6.0140267,33.5782112],[6.0138264,33.5782784],[6.0136802,33.5784047],[6.0133678,33.5786851],[6.0127079,33.579293],[6.0114221,33.5804392],[6.0111491,33.5806844],[6.0105483,33.5811997],[6.0102302,33.5815236],[6.008728,33.5837908],[6.0072791,33.5859238],[6.0071375,33.5861611],[6.0068371,33.5866469],[6.006731,33.587015],[6.0062973,33.5896242],[6.0052801,33.5957434],[6.0052399,33.5958902],[6.0052006,33.5959643],[6.0051259,33.596037],[6.005048,33.5960757],[6.0049339,33.5961071],[6.0047789,33.596115],[6.0008815,33.5957005],[5.9994677,33.595568],[5.9983013,33.5954649],[5.9889217,33.5943609],[5.9886009,33.5943231],[5.9884225,33.5942873],[5.9881574,33.5943315],[5.9879453,33.594567],[5.9856479,33.5976877],[5.9849057,33.598512],[5.9845346,33.5986887],[5.984421,33.5986921],[5.9835449,33.5987181],[5.9798161,33.5984237],[5.9791799,33.5982912],[5.978632,33.5980851],[5.9782432,33.5978643],[5.9680773,33.5897625],[5.9679692,33.5896763]]},"properties":{"highway":"secondary","maxspeed":"60"}},{"type":"Feature","geometry":{"type":"LineString","coordinates":[[6.0143467,33.5782256],[6.0140686,33.5782179]]},"properties":{"highway":"secondary","maxspeed":"40"}},{"type":"Feature","geometry":{"type":"LineString","coordinates":[[6.0140267,33.5782112],[6.013667,33.5782338],[6.0132001,33.578274],[6.0124334,33.5782852],[6.0115595,33.5783275],[6.0090932,33.578447],[6.0059104,33.5786013],[6.0015613,33.5788121],[5.9972787,33.5790196]]},"properties":{"highway":"tertiary","maxspeed":"60"}},{"type":"Feature","geometry":{"type":"LineString","coordinates":[[5.9914465,33.5742929],[5.991147,33.5742553],[5.9853049,33.5731764],[5.9850001,33.5731186],[5.9847872,33.5730783],[5.9847434,33.573069],[5.9844356,33.5730039],[5.9843083,33.5729769],[5.9809955,33.5722759],[5.9765558,33.5713363],[5.9765194,33.5713292],[5.9761719,33.5712614]]},"properties":{"highway":"tertiary","maxspeed":"50"}},{"type":"Feature","geometry":{"type":"LineString","coordinates":[[5.9925758,33.574922],[5.9926758,33.5749388],[5.9927169,33.5749474],[5.9927479,33.5749556],[5.9927829,33.5749667],[5.9932456,33.5751714],[5.9936639,33.5753549],[5.994478,33.5757256],[5.9953049,33.5760602],[5.9955271,33.5761611],[5.9957564,33.5762505],[5.9960112,33.576341],[5.9962967,33.5764247],[5.9966105,33.5765022],[5.996955,33.5768617],[5.9972458,33.5773731],[5.9973147,33.5775432],[5.9973335,33.5776863],[5.9973617,33.5778259],[5.9973687,33.577909],[5.9973375,33.5782263],[5.9973382,33.5783575],[5.9973177,33.5785853],[5.9972911,33.5788816],[5.9972787,33.5790196],[5.9972151,33.5791637],[5.9970733,33.5794852],[5.9969315,33.5798067],[5.9967155,33.5802963],[5.9965734,33.5806184],[5.9964795,33.5808312]]},"properties":{"highway":"tertiary"}},{"type":"Feature","geometry":{"type":"LineString","coordinates":[[5.9925274,33.5742745],[5.992435,33.5733678],[5.9924033,33.5728966],[5.9924179,33.5726892],[5.9924536,33.5724717],[5.9927808,33.5708502],[5.9928565,33.5703731],[5.992963,33.5697622],[5.993073,33.5691482],[5.9932737,33.5680005],[5.9934674,33.5668498],[5.9935067,33.5664658],[5.9935376,33.5657918],[5.9935375,33.5654515],[5.9935108,33.5651248],[5.9934616,33.5648555],[5.9933769,33.5645548],[5.993241,33.5642028],[5.9930214,33.5636161],[5.9928877,33.5632452],[5.9927349,33.5628473],[5.9926489,33.5626234],[5.992492,33.5622698],[5.992215,33.5616325],[5.9921078,33.5613475],[5.9920623,33.5612124],[5.9919381,33.5608876],[5.9918507,33.560666],[5.9912072,33.5591272],[5.991128,33.5589236],[5.9910558,33.5587499],[5.990814,33.5581658],[5.9905912,33.5576526],[5.9903299,33.5570258],[5.9900509,33.5563856],[5.9899161,33.5560852],[5.9898336,33.5558732],[5.9897848,33.5557361],[5.9897396,33.555602],[5.98968,33.5553692],[5.989565,33.5549237],[5.9894029,33.5545209],[5.9890617,33.5537005],[5.9887253,33.55288],[5.9885721,33.5525066],[5.9884678,33.5521453],[5.9884308,33.5519372],[5.9884125,33.5517291],[5.9883556,33.551297],[5.9882728,33.5507469],[5.9882321,33.5503602],[5.9882349,33.5501016],[5.9882751,33.5498935],[5.9883701,33.5496418]]},"properties":{"highway":"tertiary"}},{"type":"Feature","geometry":{"type":"LineString","coordinates":[[5.9862707,33.5478858],[5.9862619,33.5479156],[5.9862448,33.5479429],[5.9862206,33.5479661],[5.9861904,33.5479839],[5.9861785,33.5479888],[5.9861346,33.5479987],[5.986089,33.5479976],[5.9860458,33.5479856],[5.9860087,33.5479637],[5.9859807,33.5479338],[5.9859734,33.5479218],[5.9859613,33.5478838],[5.9859634,33.5478445],[5.9859795,33.5478075],[5.9860081,33.5477763],[5.98601,33.5477748],[5.9860488,33.5477527],[5.9860937,33.5477413],[5.9861407,33.5477416],[5.9861854,33.5477535],[5.9862239,33.547776],[5.9862525,33.547807],[5.9862652,33.547832],[5.9862714,33.5478586],[5.9862707,33.5478858]]},"properties":{"highway":"primary","maxspeed":"40"}},{"type":"Feature","geometry":{"type":"LineString","coordinates":[[5.9861785,33.5479888],[5.9859171,33.5486729],[5.9856654,33.5493393],[5.9853728,33.5500654],[5.9848407,33.551422],[5.9843211,33.5527501],[5.9838671,33.55398],[5.9834254,33.5551793]]},"properties":{"highway":"primary","maxspeed":"60","ref":"RN 3"}},{"type":"Feature","geometry":{"type":"LineString","coordinates":[[5.978056,33.5417439],[5.978076,33.541837],[5.9781692,33.5425119],[5.9781907,33.5427874],[5.9782184,33.543146],[5.9782274,33.5437762],[5.9782094,33.5440746],[5.9781699,33.5443854],[5.9781356,33.5445356],[5.9780981,33.5446675],[5.9780152,33.5449545],[5.9776727,33.546002],[5.9775299,33.5465075],[5.9774291,33.5470519],[5.9773956,33.5473878],[5.9773879,33.5475981],[5.9774051,33.5479009],[5.977438,33.548253],[5.9774571,33.5484096],[5.9775333,33.5487992],[5.9777018,33.5492787],[5.977827,33.5495167],[5.9779269,33.5496952],[5.9780294,33.5498479],[5.9781576,33.5500149],[5.9783136,33.5501998],[5.9786439,33.5505524],[5.9789472,33.5508573],[5.9796521,33.5515772],[5.9804085,33.55234],[5.9828658,33.5547796]]},"properties":{"name":"Evitement de Djamaa","highway":"primary","maxspeed":"80"}},{"type":"Feature","geometry":{"type":"LineString","coordinates":[[5.9833869,33.5552544],[5.9828773,33.5565881],[5.9828279,33.5567161],[5.9826035,33.5572673],[5.9825005,33.5575202],[5.9821512,33.5582843],[5.9820895,33.5583787],[5.9817495,33.5588992],[5.9814763,33.5593271]]},"properties":{"highway":"primary","maxspeed":"60","ref":"RN 3"}},{"type":"Feature","geometry":{"type":"LineString","coordinates":[[5.9814763,33.5593271],[5.9818849,33.558317],[5.9821116,33.5576982],[5.9821861,33.5574948],[5.9825838,33.5565237],[5.9828091,33.5559737],[5.9829327,33.5556719],[5.9830492,33.5553715],[5.9830621,33.5553442],[5.9830742,33.5553077],[5.9830918,33.5552448]]},"properties":{"highway":"primary","maxspeed":"60","ref":"RN 3"}},{"type":"Feature","geometry":{"type":"LineString","coordinates":[[5.983264,33.555007],[5.9833201,33.55502],[5.9833685,33.5550469],[5.9834043,33.5550852],[5.9834239,33.5551308],[5.9834254,33.5551793],[5.9833869,33.5552544],[5.9833269,33.5552952]]},"properties":{"highway":"primary","maxspeed":"40"}},{"type":"Feature","geometry":{"type":"LineString","coordinates":[[5.9828091,33.5559737],[5.9828847,33.5555809],[5.9828803,33.5551843],[5.9827919,33.5549908],[5.9826266,33.5547812]]},"properties":{"highway":"primary_link","maxspeed":"30"}},{"type":"Feature","geometry":{"type":"LineString","coordinates":[[5.9830667,33.5551996],[5.9826266,33.5547812],[5.9823328,33.5544759],[5.9806099,33.5527416],[5.9791066,33.5512178],[5.9781684,33.5502384],[5.9780071,33.5500428],[5.9778738,33.5498688],[5.9778131,33.5497762],[5.9777779,33.5497225],[5.9777121,33.5495692],[5.9776181,33.5492969],[5.9774483,33.5488202],[5.9773722,33.5484181],[5.9773578,33.5482498],[5.977319,33.5479122],[5.9772974,33.5476071],[5.9773055,33.5474221],[5.9773409,33.5470492],[5.9774416,33.5464857],[5.9779322,33.5449443],[5.9780243,33.5446507],[5.9780651,33.544447],[5.9781021,33.5442338],[5.9781148,33.5440512],[5.9781303,33.5436494],[5.978122,33.5431381],[5.9781022,33.5427799],[5.9780761,33.5425068],[5.9779595,33.5418303],[5.9779398,33.5417393]]},"properties":{"highway":"primary","maxspeed":"80"}},{"type":"Feature","geometry":{"type":"LineString","coordinates":[[5.9828658,33.5547796],[5.9829097,33.5548266],[5.9829586,33.5548702],[5.9830119,33.55491],[5.9830721,33.5549598],[5.9831507,33.5550271]]},"properties":{"highway":"primary","maxspeed":"30"}},{"type":"Feature","geometry":{"type":"LineString","coordinates":[[5.9825831,33.5251503],[5.9824124,33.5253573],[5.9822427,33.5255424],[5.9820841,33.5257084],[5.9820294,33.525765],[5.9815099,33.526283],[5.9807182,33.527097],[5.9803726,33.5274502],[5.980209,33.5276341],[5.9800574,33.5278085],[5.97987,33.528044],[5.9797047,33.5282389],[5.9795277,33.5284441],[5.979499,33.5284757],[5.9794729,33.5285089],[5.9794496,33.5285435],[5.9794291,33.5285794],[5.9794132,33.5286155],[5.9794003,33.5286503],[5.9793852,33.5286907],[5.9793705,33.5287298],[5.9793567,33.5287616],[5.9793388,33.5287942],[5.9793191,33.5288214],[5.9792981,33.5288516],[5.9792155,33.528956],[5.9791753,33.529007],[5.9791424,33.5290606],[5.9791072,33.5291182],[5.9790792,33.5291871],[5.9790643,33.5292346],[5.9790514,33.5292825],[5.9790387,33.5293289],[5.9790281,33.5293813],[5.9789845,33.5296235],[5.9789363,33.5298449],[5.9789145,33.5299472],[5.9788852,33.5300482],[5.9788482,33.5301475],[5.9788039,33.5302446],[5.9782558,33.531368],[5.9770084,33.5339074],[5.9769682,33.533999],[5.976934,33.5340976],[5.9769107,33.5341646],[5.9768906,33.5342322],[5.9768737,33.5343005]]},"properties":{"name":"Evitement de Djamaa","highway":"primary","maxspeed":"40"}},{"type":"Feature","geometry":{"type":"LineString","coordinates":[[5.9788947,33.5293541],[5.979182,33.5287845],[5.9791938,33.5287593],[5.9792067,33.5287343],[5.9792204,33.5287098],[5.9792352,33.5286856],[5.9792833,33.5286215],[5.9793343,33.5285592],[5.9793991,33.5284835],[5.979588,33.5282417],[5.9796698,33.5281355],[5.9797624,33.5280053],[5.9799568,33.5277386],[5.980153,33.5274934],[5.9802184,33.5274149]]},"properties":{"name":"Evitement de Djamaa","highway":"primary","maxspeed":"40"}},{"type":"Feature","geometry":{"type":"LineString","coordinates":[[5.9802184,33.5274149],[5.9804679,33.5271268],[5.9805414,33.5270369],[5.9806117,33.5269453],[5.9807325,33.5267821],[5.9807857,33.5267156],[5.9808357,33.5266491],[5.9808923,33.5265762],[5.9821556,33.525274],[5.9823259,33.525113],[5.9825076,33.5249472],[5.9826538,33.5248084],[5.9827772,33.5246821],[5.9828885,33.5245557],[5.9829998,33.5244115],[5.983614,33.5235529],[5.9841438,33.5228295],[5.9847379,33.5220569],[5.9852998,33.521385],[5.9861058,33.5204849],[5.986366,33.5201875],[5.9867884,33.519662],[5.9874476,33.518857],[5.987526,33.5187754],[5.9876113,33.5186871],[5.9877071,33.518601],[5.9877978,33.5185206],[5.987927,33.5184098],[5.9879807,33.518356],[5.9880229,33.5183008],[5.9880549,33.5182248],[5.9880688,33.518164],[5.988078,33.5181257],[5.9880942,33.5180531]]},"properties":{"name":"Evitement de Djamaa","highway":"primary","maxspeed":"40"}},{"type":"Feature","geometry":{"type":"LineString","coordinates":[[5.9900264,33.5237901],[5.9900179,33.5237315],[5.9900091,33.5236741],[5.9899977,33.5236171],[5.9899838,33.5235604],[5.9899071,33.5233208],[5.9895789,33.5223472],[5.9892184,33.5212776],[5.9886904,33.5197254],[5.9886592,33.5196347],[5.9883334,33.5186872],[5.9881997,33.5182888],[5.9881501,33.5181582],[5.9880942,33.5180531]]},"properties":{"highway":"primary","maxspeed":"50","ref":"RN 3"}},{"type":"Feature","geometry":{"type":"LineString","coordinates":[[5.9904238,33.5239985],[5.9908197,33.525259],[5.9912994,33.5266606],[5.9913258,33.5267378],[5.9917384,33.5279801],[5.9917947,33.5281909],[5.9918202,33.5283446],[5.9918296,33.5285067],[5.991812,33.5286911]]},"properties":{"highway":"primary","maxspeed":"50","ref":"RN 3"}},{"type":"Feature","geometry":{"type":"LineString","coordinates":[[5.9901876,33.5240727],[5.9901726,33.5240696],[5.9901091,33.5240461],[5.9900566,33.524008],[5.9900197,33.5239589],[5.9900016,33.5239029],[5.9900039,33.523845],[5.9900264,33.5237901],[5.9900668,33.5237435],[5.9901216,33.5237085],[5.9901862,33.5236884],[5.990255,33.5236847],[5.9903222,33.5236977],[5.9903827,33.523727],[5.9904306,33.5237701],[5.990461,33.5238231],[5.9904712,33.5238812],[5.9904604,33.5239392],[5.9904238,33.5239985],[5.9903768,33.5240376],[5.9903186,33.5240642],[5.9902539,33.5240762],[5.9901876,33.5240727]]},"properties":{"highway":"primary","maxspeed":"30"}},{"type":"Feature","geometry":{"type":"LineString","coordinates":[[5.9903827,33.523727],[5.9904267,33.5237154],[5.9904705,33.5237019],[5.9905125,33.5236851],[5.9905524,33.523665],[5.9905935,33.5236392],[5.9906311,33.52361],[5.9906649,33.5235777],[5.9912416,33.5229602],[5.9915745,33.5226101],[5.9919268,33.5222396],[5.9919714,33.5221981],[5.9920709,33.5221092],[5.9922306,33.5219654],[5.9923753,33.5218414],[5.9925225,33.5217195],[5.9927318,33.5215593],[5.9932015,33.5212005],[5.9945588,33.5201562],[5.9946942,33.5200584],[5.9948067,33.5199816],[5.9949925,33.5198547],[5.9950423,33.5198197],[5.9950934,33.519786],[5.9951457,33.5197535],[5.9953314,33.5196413],[5.9953599,33.5196239],[5.9953916,33.5196112],[5.9954314,33.5196027],[5.9954724,33.5196015]]},"properties":{"highway":"secondary","maxspeed":"30"}},{"type":"Feature","geometry":{"type":"LineString","coordinates":[[5.9952441,33.5182846],[5.9948374,33.5142113],[5.9949237,33.5140674],[5.9950538,33.5139834],[5.9952329,33.5138995],[5.9952976,33.5137616],[5.9954918,33.5121906],[5.9958658,33.5101458],[5.9962351,33.5084682],[5.9963536,33.507836],[5.9965786,33.5074212],[5.9968748,33.5071149],[5.9976922,33.5066408],[5.9994691,33.5060087],[6.0003612,33.5055418],[6.0005826,33.5054259],[6.0011868,33.5047838],[6.0020843,33.5033139],[6.0025017,33.5026304],[6.0037456,33.5006449],[6.004587,33.4994596],[6.0048058,33.4991575],[6.004836,33.499089]]},"properties":{"highway":"secondary","maxspeed":"70"}},{"type":"Feature","geometry":{"type":"LineString","coordinates":[[5.9903009,33.5245155],[5.9902098,33.5245204],[5.9901198,33.5245335],[5.990032,33.5245546],[5.9899475,33.5245834],[5.9898672,33.5246196]]},"properties":{"highway":"primary_link","maxspeed":"30"}},{"type":"Feature","geometry":{"type":"LineString","coordinates":[[5.989978,33.5242928],[5.9899226,33.5245054],[5.9898979,33.5245636],[5.9898672,33.5246196],[5.9898315,33.524674],[5.9897903,33.5247254],[5.9897442,33.5247737],[5.9895794,33.5249537],[5.9893833,33.5251579],[5.9892216,33.5253203],[5.9890412,33.5254874],[5.988831,33.5256898],[5.9887951,33.5257272],[5.9885006,33.5260141],[5.9884421,33.5260719],[5.9883888,33.5261245],[5.9883618,33.5261503],[5.9883041,33.5262028],[5.9882516,33.5262505]]},"properties":{"highway":"secondary","maxspeed":"40"}},{"type":"Feature","geometry":{"type":"LineString","coordinates":[[5.9852974,33.5309212],[5.9852708,33.5310053],[5.9852612,33.5310394],[5.9852529,33.5310774],[5.9851768,33.5313942],[5.9851296,33.5315982],[5.9850795,33.5317854],[5.9849826,33.5321421],[5.9848941,33.5325296],[5.9848424,33.5329526],[5.9848161,33.5331683],[5.9848044,33.5332934],[5.9847919,33.5334099],[5.9847793,33.5336633],[5.9847445,33.5344331],[5.9847394,33.534567],[5.9847037,33.5353803],[5.9846963,33.5355502],[5.9847241,33.535871],[5.9847659,33.5360925],[5.9848366,33.5365459],[5.9849225,33.5370512],[5.9850081,33.5376452],[5.9850587,33.5379694],[5.9851433,33.5385117],[5.9853141,33.539437],[5.9854803,33.540337],[5.9855759,33.5408551],[5.9855825,33.5409342]]},"properties":{"highway":"secondary","maxspeed":"50"}},{"type":"Feature","geometry":{"type":"LineString","coordinates":[[5.9854299,33.5409572],[5.9854179,33.5408798],[5.9852381,33.5397191],[5.9851973,33.5394557],[5.9850527,33.5385227],[5.9848969,33.5375468],[5.9848183,33.537056],[5.9846659,33.5361046],[5.9846478,33.5358713],[5.9846172,33.5354962],[5.9846209,33.5353927],[5.9846265,33.5351381],[5.9846403,33.5346184],[5.9846779,33.5336728],[5.9847144,33.533286],[5.9847772,33.5327028],[5.9848086,33.5324738],[5.9850023,33.5317782],[5.985055,33.531576],[5.985096,33.5313753],[5.9851527,33.5310533],[5.9851583,33.5310173],[5.9851603,33.5309801],[5.9851601,33.530901]]},"properties":{"highway":"secondary","maxspeed":"50"}},{"type":"Feature","geometry":{"type":"LineString","coordinates":[[5.9913567,33.5275775],[5.9911183,33.5275578],[5.990671,33.5274902],[5.9903524,33.5274421],[5.9899223,33.5273772],[5.9894133,33.5272922],[5.9886457,33.5271639],[5.9881225,33.5270562],[5.9876076,33.5269733]]},"properties":{"highway":"tertiary"}},{"type":"Feature","geometry":{"type":"LineString","coordinates":[[5.9820841,33.5257084],[5.9841472,33.5262132],[5.9850538,33.5264284],[5.9856633,33.5265691],[5.9861995,33.5266929],[5.9875168,33.5269499],[5.98754,33.5269545],[5.9875628,33.52696],[5.9875854,33.5269662],[5.9876076,33.5269733]]},"properties":{"highway":"tertiary","maxspeed":"50"}},{"type":"Feature","geometry":{"type":"LineString","coordinates":[[5.9853046,33.5303962],[5.9854289,33.5304193],[5.9860303,33.5305187],[5.9865292,33.5306025],[5.9868848,33.5306622],[5.9873046,33.5307327],[5.9875608,33.5307758],[5.9878151,33.5308185],[5.9882826,33.530897],[5.9885329,33.530939],[5.9889449,33.5310082],[5.9898397,33.5311585],[5.9911533,33.5313791]]},"properties":{"highway":"tertiary"}},{"type":"Feature","geometry":{"type":"LineString","coordinates":[[5.9855551,33.5291035],[5.9856615,33.5291247],[5.9862951,33.5292336],[5.9868281,33.5293199],[5.987573,33.5294405],[5.9880913,33.5295245],[5.9888385,33.5296456],[5.9892302,33.529709],[5.9893662,33.529731],[5.9897907,33.5297998],[5.9901227,33.5298536],[5.9905328,33.52992],[5.9913354,33.53005],[5.991369,33.530052],[5.9914015,33.5300508],[5.9914368,33.5300442],[5.9915432,33.5300206],[5.9915835,33.5300114],[5.9916204,33.5300089],[5.991662,33.5300091],[5.9924301,33.5301789],[5.993128,33.5303026],[5.9935987,33.5303861],[5.994092,33.5304731],[5.994511,33.5305474],[5.9948369,33.530605],[5.9948869,33.5306139],[5.9954949,33.5307215]]},"properties":{"highway":"tertiary"}},{"type":"Feature","geometry":{"type":"LineString","coordinates":[[5.9847793,33.5336633],[5.9846779,33.5336728],[5.9842725,33.5337286],[5.98421,33.5337385],[5.9833737,33.5338406],[5.9822155,33.5339721],[5.9817862,33.5340206],[5.9813773,33.5340668],[5.9812844,33.5340773],[5.9808258,33.5341297],[5.9806747,33.5341469],[5.9803777,33.5341806],[5.9793831,33.5342935],[5.979203,33.534314],[5.9788074,33.5343589],[5.9783572,33.5344103],[5.9781297,33.5344359],[5.9777398,33.5344802],[5.9773346,33.5345133],[5.9770477,33.5345454],[5.976825,33.534565]]},"properties":{"highway":"tertiary"}},{"type":"Feature","geometry":{"type":"LineString","coordinates":[[5.994511,33.5305474],[5.9947649,33.5302627],[5.994974,33.5300096]]},"properties":{"highway":"tertiary"}},{"type":"Feature","geometry":{"type":"LineString","coordinates":[[5.9955435,33.5210114],[5.9955531,33.5218149],[5.99554,33.522303],[5.9955361,33.5224854],[5.995528,33.5226677],[5.995517,33.5228331],[5.9955026,33.5229983],[5.9954848,33.5231633],[5.9954461,33.5234246],[5.9954292,33.5235243],[5.9954062,33.5236231],[5.995377,33.5237208],[5.9953418,33.523817],[5.9953006,33.5239117],[5.9952536,33.5240044],[5.9952008,33.524095],[5.994755,33.524833],[5.9947009,33.5249224],[5.994669,33.524989],[5.994645,33.5250578],[5.9946292,33.5251283],[5.9946218,33.5251997],[5.994623,33.5252733],[5.9946331,33.5253463],[5.994652,33.5254182],[5.9947913,33.5258723],[5.9953837,33.5278034],[5.9953839,33.528409],[5.9952976,33.5288526],[5.9949964,33.5299293],[5.994974,33.5300096],[5.9948369,33.530605]]},"properties":{"highway":"tertiary"}},{"type":"Feature","geometry":{"type":"LineString","coordinates":[[5.9901627,33.5376465],[5.9905973,33.5377097],[5.9910118,33.5377719],[5.9912407,33.5378063],[5.991721,33.5378786],[5.9922199,33.5379543],[5.9925876,33.5380096],[5.9927624,33.5380308],[5.9932103,33.538085],[5.9932836,33.538084],[5.993348,33.5380673],[5.9934106,33.5380321],[5.9934471,33.5379965],[5.9935842,33.5377152],[5.9939697,33.5368942],[5.9940148,33.5367919],[5.9941081,33.5365468],[5.9942503,33.5361846],[5.9943597,33.5358857],[5.9944944,33.5354535],[5.9946483,33.5348108],[5.9947177,33.5345318],[5.9947921,33.5342561]]},"properties":{"highway":"tertiary","maxspeed":"80"}},{"type":"Feature","geometry":{"type":"LineString","coordinates":[[5.9847659,33.5360925],[5.9846659,33.5361046],[5.9837875,33.5362116],[5.9826309,33.5363524],[5.9817013,33.5364656],[5.9807958,33.5365759],[5.9796227,33.5367187],[5.9787781,33.5368215],[5.9779618,33.5369209],[5.977024,33.5370351]]},"properties":{"highway":"tertiary","maxspeed":"40"}},{"type":"Feature","geometry":{"type":"LineString","coordinates":[[5.9779398,33.5417393],[5.9779906,33.5417432],[5.978056,33.5417439],[5.9781223,33.5417467],[5.9782027,33.5417445],[5.9782829,33.5417389],[5.9795968,33.5415938],[5.980456,33.5414926],[5.9816294,33.5413515],[5.9825344,33.5412386],[5.983465,33.5411306],[5.9846195,33.5409782],[5.9854179,33.5408798],[5.9855759,33.5408551],[5.9863553,33.5407547],[5.9875952,33.5405951],[5.9877307,33.5405776],[5.988418,33.5404987],[5.9887137,33.5404726],[5.9887733,33.5404742],[5.9888256,33.5404798],[5.9888858,33.5404922]]},"properties":{"highway":"secondary","maxspeed":"50"}},{"type":"Feature","geometry":{"type":"LineString","coordinates":[[5.9812844,33.5340773],[5.9814464,33.5350058],[5.981535,33.535513],[5.9817013,33.5364656],[5.9818684,33.537423],[5.9819523,33.5379039],[5.9821223,33.5388781],[5.9822796,33.539779],[5.9823725,33.540311],[5.9825344,33.5412386],[5.9825494,33.5413249]]},"properties":{"highway":"tertiary","maxspeed":"40"}},{"type":"Feature","geometry":{"type":"LineString","coordinates":[[5.9825494,33.5413249],[5.9816638,33.5414351],[5.9809011,33.5415299],[5.9804713,33.5415802],[5.9796141,33.5416803],[5.978287,33.5418233],[5.9782109,33.5418332],[5.978134,33.5418359],[5.978076,33.541837],[5.9779595,33.5418303]]},"properties":{"highway":"secondary","maxspeed":"50"}},{"type":"Feature","geometry":{"type":"LineString","coordinates":[[5.9847273,33.5511444],[5.9843136,33.5510429],[5.9839404,33.5509512],[5.9835377,33.5508524],[5.983235,33.5507781],[5.9830228,33.550726],[5.981771,33.5504186],[5.9811283,33.5503072],[5.9809857,33.5507099],[5.9804085,33.55234]]},"properties":{"highway":"tertiary"}},{"type":"Feature","geometry":{"type":"LineString","coordinates":[[5.9830228,33.550726],[5.9831622,33.5503085],[5.9834061,33.5495779],[5.9836644,33.5488045],[5.9838441,33.5482664],[5.9840877,33.5471971]]},"properties":{"highway":"tertiary"}},{"type":"Feature","geometry":{"type":"LineString","coordinates":[[5.9777018,33.5492787],[5.9784399,33.5491631],[5.9797134,33.5489472],[5.9803297,33.5488502],[5.9804677,33.5488273],[5.9812132,33.5487035],[5.9838441,33.5482664],[5.9844222,33.5481834],[5.9844857,33.5481867],[5.9845553,33.5481979],[5.9846219,33.5482224],[5.9846804,33.5482557],[5.9847606,33.5483031],[5.9848317,33.5483404],[5.9849162,33.5483772],[5.9850917,33.5484363],[5.9856915,33.5486093]]},"properties":{"highway":"tertiary"}},{"type":"Feature","geometry":{"type":"LineString","coordinates":[[5.9844222,33.5481834],[5.9844603,33.5480833],[5.9844831,33.5480341],[5.984509,33.5479976],[5.9847392,33.5478229],[5.9847748,33.5477994],[5.984815,33.5477793],[5.9848568,33.5477632],[5.9853502,33.5477818],[5.9856803,33.5477912]]},"properties":{"highway":"tertiary","maxspeed":"30"}},{"type":"Feature","geometry":{"type":"LineString","coordinates":[[5.9880529,33.5489812],[5.9877211,33.5488438],[5.9863509,33.5480373],[5.9863043,33.5480151],[5.9862627,33.5480006],[5.9861904,33.5479839]]},"properties":{"highway":"tertiary"}},{"type":"Feature","geometry":{"type":"LineString","coordinates":[[5.9874456,33.5443245],[5.9873731,33.5442914],[5.987286,33.5442517],[5.9872626,33.5442452],[5.987238,33.5442435],[5.9872132,33.5442468],[5.9871901,33.544255],[5.9870806,33.5443287],[5.9865757,33.544663],[5.9860579,33.5450092],[5.9853892,33.5454266],[5.9848448,33.5457765],[5.9841454,33.5462261],[5.9835591,33.5466007]]},"properties":{"highway":"tertiary","maxspeed":"40"}},{"type":"Feature","geometry":{"type":"LineString","coordinates":[[5.9872995,33.5444729],[5.9872657,33.5444349],[5.9872262,33.5444009],[5.9871817,33.5443715],[5.9871328,33.5443473],[5.9870806,33.5443287]]},"properties":{"highway":"primary_link","maxspeed":"30"}},{"type":"Feature","geometry":{"type":"LineString","coordinates":[[5.9835062,33.5465384],[5.9840968,33.5461735],[5.9847946,33.5457216],[5.9853243,33.545375],[5.9859991,33.5449454],[5.9865275,33.5446123],[5.9872039,33.5441858],[5.9874921,33.5439979]]},"properties":{"highway":"tertiary","maxspeed":"30"}},{"type":"Feature","geometry":{"type":"LineString","coordinates":[[5.9791989,33.5392326],[5.9800436,33.5391302],[5.9812168,33.5389879],[5.9821223,33.5388781],[5.9830521,33.5387653],[5.9842088,33.5386251],[5.9850527,33.5385227],[5.9851433,33.5385117],[5.9859936,33.5384086],[5.9871798,33.5382648],[5.9880551,33.5381543],[5.9883731,33.53812],[5.9887479,33.5380746],[5.9898146,33.5379441]]},"properties":{"highway":"tertiary"}},{"type":"Feature","geometry":{"type":"LineString","coordinates":[[5.9887479,33.5380746],[5.9887202,33.5376033],[5.9887174,33.5375495],[5.9886957,33.5373293],[5.9886568,33.5369092],[5.988645,33.5367818],[5.9886324,33.5366458],[5.9884923,33.5356809]]},"properties":{"highway":"tertiary"}},{"type":"Feature","geometry":{"type":"LineString","coordinates":[[5.6941718,33.4786665],[5.6942801,33.4786421],[5.6943413,33.4786294],[5.6944112,33.478619],[5.6950375,33.4785419],[5.6963109,33.4784247],[5.6969074,33.4783883],[5.6976804,33.4783567],[5.6979797,33.4783459]]},"properties":{"highway":"tertiary"}},{"type":"Feature","geometry":{"type":"LineString","coordinates":[[5.7006225,33.4764649],[5.7006031,33.4767681],[5.7005726,33.4771278],[5.7004602,33.4780627],[5.7004482,33.4781341],[5.7004373,33.4781848],[5.7004107,33.4782637],[5.700379,33.4783202],[5.7001621,33.4786638],[5.7000351,33.4788997],[5.6997913,33.4793029],[5.6994383,33.4798869],[5.6990758,33.4804865],[5.6987299,33.4810586],[5.6984931,33.4814314],[5.6981386,33.4820326]]},"properties":{"highway":"tertiary","maxspeed":"50"}},{"type":"Feature","geometry":{"type":"LineString","coordinates":[[5.6980469,33.4819781],[5.6984059,33.4813948],[5.6986218,33.4810333],[5.6989714,33.480448],[5.6993333,33.4798474],[5.6996801,33.4792614],[5.7002614,33.4783249],[5.7002958,33.4782662],[5.7003185,33.4782129],[5.7003337,33.4781748],[5.7003467,33.4781362],[5.7003576,33.478097],[5.7003664,33.4780576],[5.7004014,33.4778649],[5.7004791,33.4772635],[5.700499,33.4771272],[5.700511,33.4769794],[5.7005484,33.4764663],[5.7005566,33.476455],[5.7005694,33.4764473],[5.7005849,33.4764444],[5.7006004,33.4764467],[5.7006137,33.4764539],[5.7006225,33.4764649]]},"properties":{"highway":"tertiary","maxspeed":"50"}},{"type":"Feature","geometry":{"type":"LineString","coordinates":[[5.6662397,33.4674425],[5.6670601,33.4666512],[5.6671478,33.4665907],[5.6672448,33.4665512],[5.6673378,33.4665377],[5.6674295,33.4665393],[5.6675366,33.4665518],[5.6687235,33.4668147],[5.6688191,33.4668359],[5.6703879,33.4671796],[5.6724555,33.4676415],[5.6725177,33.4676506],[5.6725557,33.467646],[5.6725837,33.4676427],[5.6726307,33.4676182],[5.6726514,33.4675704],[5.6729618,33.4663208],[5.6729794,33.4662503],[5.6730662,33.4659008],[5.6732169,33.4654094],[5.6734505,33.4646513],[5.6736071,33.4641428],[5.6737647,33.4636311],[5.67381,33.4634665],[5.6739586,33.4629267],[5.6741534,33.4622193]]},"properties":{"highway":"tertiary"}},{"type":"Feature","geometry":{"type":"LineString","coordinates":[[5.6658944,33.4748762],[5.6658791,33.476177]]},"properties":{"highway":"primary","maxspeed":"30","ref":"RN 123"}},{"type":"Feature","geometry":{"type":"LineString","coordinates":[[5.6668497,33.4762101],[5.6720718,33.4763809],[5.677272,33.4765224],[5.6865145,33.4767732],[5.6893255,33.4768561],[5.6900222,33.4769427],[5.6902012,33.4769649],[5.6911265,33.4771549],[5.6918517,33.4773876],[5.6926423,33.4777349],[5.6932218,33.47804],[5.6935033,33.4782022],[5.6937483,33.4783634],[5.6941718,33.4786665],[5.6947436,33.4791585],[5.6964664,33.4806923],[5.6972342,33.4813554],[5.6976419,33.4816824],[5.6977307,33.4817516],[5.6978341,33.4818306],[5.6980469,33.4819781],[5.6981386,33.4820326],[5.6984899,33.4823024],[5.6995118,33.4830023],[5.700555,33.4836735],[5.7015666,33.4842884],[5.7041108,33.4858239],[5.7046581,33.4861426],[5.7051324,33.4863949],[5.7056444,33.4866273],[5.7062304,33.4868502],[5.7069862,33.4870544],[5.708086,33.4872606],[5.7089164,33.4873305],[5.7098345,33.487312],[5.7158896,33.4866904],[5.7309566,33.4851888],[5.7377658,33.4845122],[5.7397856,33.4843425],[5.7407256,33.4843329],[5.7422669,33.4844061],[5.7486952,33.4848615],[5.7497853,33.4850159],[5.7506879,33.4852074],[5.7520381,33.4855659],[5.7533082,33.4860369],[5.7550648,33.4867146],[5.7565558,33.4872547],[5.7583061,33.4878264],[5.7642128,33.4895475],[5.7662329,33.4901638],[5.7676225,33.4906787],[5.7689239,33.491228],[5.7720376,33.4926691],[5.7760304,33.4944867],[5.7773074,33.4950342],[5.7793737,33.495779],[5.7920562,33.5000284],[5.7955855,33.501185],[5.7972329,33.5018243],[5.7984945,33.5023806],[5.7998833,33.5030819],[5.8019943,33.504202],[5.8035364,33.5049033],[5.8045784,33.505306],[5.8055901,33.5056302],[5.806887,33.5059795],[5.8112636,33.5069837],[5.8161134,33.50812],[5.8195854,33.5089863],[5.8207809,33.5093079],[5.8264053,33.5111274],[5.8276585,33.5114804],[5.8285744,33.5117019],[5.8292869,33.5118546],[5.8310985,33.5121654],[5.8334675,33.5126375],[5.8347979,33.5130848],[5.837051,33.5138719],[5.8381024,33.5142119],[5.8389607,33.5144265],[5.8398619,33.5146412],[5.8415785,33.5149811],[5.8516207,33.516949],[5.8531871,33.5171995],[5.8553544,33.5174678],[5.8596244,33.5179687],[5.8606544,33.5180761],[5.8617487,33.5182729],[5.8639374,33.5187201],[5.8652678,33.5190421],[5.8671775,33.5195251],[5.8700314,33.5202765],[5.8718768,33.5207058],[5.8731428,33.5209384],[5.8742586,33.5211351],[5.8759966,33.5212961],[5.8773914,33.5214035],[5.8785286,33.5214571],[5.8799448,33.5214929],[5.883657,33.5214392],[5.8845582,33.5214035],[5.885845,33.5212208],[5.8866397,33.5210682],[5.8886065,33.5206213],[5.8894161,33.5204654],[5.8902219,33.5203634],[5.8910135,33.5203208],[5.8918229,33.5203356],[5.8926293,33.5204022],[5.8934579,33.5204898],[5.8951988,33.5209031],[5.8980305,33.5216529],[5.8989783,33.5218636],[5.8999411,33.5219972],[5.9008736,33.5220516],[5.9015886,33.5220566],[5.9021997,33.5220196],[5.902914,33.5219419],[5.9057374,33.5214938],[5.9089442,33.5209869],[5.9099649,33.5208696],[5.9112631,33.5207648],[5.9125209,33.5207085],[5.9138172,33.5206759],[5.9149435,33.5206917],[5.9162867,33.5207585],[5.9245255,33.5213625],[5.9286745,33.5216563],[5.9298595,33.5216608],[5.9307302,33.5216375],[5.9317187,33.5215667],[5.9326408,33.5214781],[5.9335737,33.5213385],[5.9344595,33.5211834],[5.9354559,33.5209642],[5.9391344,33.5199685],[5.9444884,33.5185236],[5.9457192,33.5182333],[5.9475432,33.5178895],[5.9489545,33.5176827]]},"properties":{"highway":"primary","maxspeed":"80","ref":"RN 123"}},{"type":"Feature","geometry":{"type":"LineString","coordinates":[[5.6658791,33.476177],[5.664376,33.4761586]]},"properties":{"highway":"tertiary","maxspeed":"40"}},{"type":"Feature","geometry":{"type":"LineString","coordinates":[[5.664376,33.4761586],[5.6640404,33.4762236],[5.6633092,33.4762486],[5.662548,33.4762286],[5.6617783,33.4763794],[5.6610535,33.4765214],[5.6607619,33.4765785],[5.6605281,33.4765785],[5.6604202,33.4764285],[5.6601884,33.4760068],[5.6599642,33.4755989],[5.6598569,33.4754037]]},"properties":{"highway":"tertiary","maxspeed":"40"}},{"type":"Feature","geometry":{"type":"LineString","coordinates":[[5.6599647,33.4753437],[5.6601794,33.4757356],[5.6604022,33.4761423],[5.6606001,33.4765035],[5.6607679,33.4764935],[5.6611799,33.4764097],[5.6617298,33.476298],[5.6624401,33.4761536],[5.6625589,33.4761449],[5.6626439,33.4761386],[5.663382,33.4761284],[5.6640883,33.4761186],[5.664376,33.4761586]]},"properties":{"highway":"tertiary","maxspeed":"40"}},{"type":"Feature","geometry":{"type":"LineString","coordinates":[[5.9857947,33.5310356],[5.985849,33.5310518],[5.9862296,33.5311527],[5.9867083,33.5312666],[5.9873691,33.531396],[5.988097,33.5315313],[5.9887554,33.5316344],[5.9889437,33.5316662],[5.9896756,33.531781],[5.9909773,33.531972],[5.9910581,33.5319839]]},"properties":{"highway":"primary","maxspeed":"50","ref":"RN 123"}},{"type":"Feature","geometry":{"type":"LineString","coordinates":[[6.0167231,33.4963119],[6.0165905,33.4967409],[6.0165398,33.4969049],[6.0165051,33.4970174],[6.0163648,33.4974712],[6.0163438,33.4975394],[6.01614,33.4982013],[6.0159574,33.4987894],[6.0157811,33.49936],[6.0156239,33.4998641],[6.0154678,33.5003737],[6.0152425,33.5004901],[6.0145832,33.5005619],[6.0133542,33.5007406],[6.0128071,33.5007942],[6.0123135,33.5009463],[6.0107686,33.5014115],[6.01061,33.5014115],[6.0104253,33.5014115],[6.0098995,33.5013579],[6.0097958,33.5013302],[6.0096313,33.5012863],[6.0093777,33.5011742],[6.0073672,33.5002858]]},"properties":{"highway":"secondary","maxspeed":"50"}},{"type":"Feature","geometry":{"type":"LineString","coordinates":[[5.9858181,33.495721],[5.9859713,33.4957521]]},"properties":{"highway":"secondary","maxspeed":"50"}},{"type":"Feature","geometry":{"type":"LineString","coordinates":[[5.994555,33.4974307],[5.9945492,33.4973103],[5.9942484,33.4962331],[5.993898,33.4945434],[5.99387,33.494367],[5.9937988,33.4942046],[5.9936083,33.4938536],[5.9932797,33.493391],[5.990691,33.4891607],[5.9895492,33.4872946],[5.9877145,33.4834559],[5.9871566,33.4822389],[5.9866953,33.4815588],[5.9864807,33.4813888]]},"properties":{"highway":"tertiary"}},{"type":"Feature","geometry":{"type":"LineString","coordinates":[[5.9961423,33.4976927],[5.99617,33.4976044],[5.9964279,33.495862],[5.9964627,33.4957418],[5.9965762,33.4953494],[5.9966102,33.4952319],[5.9966954,33.4950557],[5.9969229,33.4945855],[5.9973332,33.493912],[5.9979129,33.4930374],[5.9982972,33.4922661],[5.9984666,33.4917827],[5.9987076,33.4907809],[5.9997898,33.4906597],[6.0001858,33.4906154],[6.0011452,33.490508],[6.0027845,33.4903245]]},"properties":{"highway":"tertiary"}},{"type":"Feature","geometry":{"type":"LineString","coordinates":[[6.0025684,33.4983123],[6.0027389,33.4982488],[6.0031498,33.4981945],[6.0036796,33.4981244],[6.0048159,33.4979665],[6.0056737,33.4978473],[6.0064173,33.497744],[6.0071994,33.4976353],[6.0076967,33.4975662],[6.0084315,33.4974641],[6.0092068,33.4973564],[6.0101462,33.4972258],[6.0107067,33.4971479],[6.01197,33.4969724],[6.0128375,33.4968518],[6.0136877,33.4967337],[6.0145123,33.4966191],[6.0167231,33.4963119]]},"properties":{"highway":"tertiary","maxspeed":"50"}},{"type":"Feature","geometry":{"type":"LineString","coordinates":[[6.0073672,33.5002858],[6.0068311,33.5000606],[6.0061066,33.4997484],[6.0058762,33.4996491],[6.0056825,33.4995601],[6.0048058,33.4991575],[6.0047352,33.4991251],[6.0037061,33.4986688],[6.0030091,33.4984407],[6.0027442,33.4983965],[6.0026509,33.4983809],[6.0025573,33.4983733],[6.0020215,33.4983296],[6.0017846,33.4983103],[6.0014781,33.4983019],[6.0009126,33.4982921],[6.0001909,33.4982742],[5.9994072,33.4982343],[5.9989512,33.4981854],[5.9982888,33.4980692],[5.9961423,33.4976927],[5.9951474,33.4975177],[5.9947891,33.497452],[5.994555,33.4974307],[5.9943966,33.4974042],[5.9936366,33.4972733],[5.9864201,33.4959881],[5.9859674,33.4958725]]},"properties":{"highway":"secondary","maxspeed":"50"}},{"type":"Feature","geometry":{"type":"LineString","coordinates":[[6.004836,33.499089],[6.0049667,33.4988551],[6.0048159,33.4979665],[6.0046657,33.4970817]]},"properties":{"highway":"tertiary"}},{"type":"Feature","geometry":{"type":"LineString","coordinates":[[6.0089288,33.4937878],[6.009137,33.4938535],[6.0097828,33.4940572],[6.0114751,33.4945868],[6.0121539,33.4948128],[6.0125233,33.4949287],[6.0134473,33.4952186],[6.0142722,33.4954816],[6.0143839,33.4955155],[6.0167231,33.4963119]]},"properties":{"highway":"tertiary","maxspeed":"50"}},{"type":"Feature","geometry":{"type":"LineString","coordinates":[[6.0079096,33.4999837],[6.0077405,33.4994063],[6.0076416,33.4990975],[6.0071994,33.4976353],[6.0069174,33.4967066],[6.0066147,33.4957019]]},"properties":{"highway":"tertiary"}},{"type":"Feature","geometry":{"type":"LineString","coordinates":[[5.9852816,33.4760373],[5.9851342,33.4760295],[5.9850086,33.4759554],[5.9849236,33.4758812],[5.984817,33.4757616],[5.9816018,33.4697355],[5.9804555,33.4673991],[5.9789364,33.4660476],[5.978254,33.4654405],[5.978024,33.4652358],[5.9773728,33.4646564],[5.9777605,33.4643445],[5.9781106,33.4640629],[5.978454,33.4639827],[5.9786065,33.463966],[5.9789856,33.4639245],[5.9830315,33.4634666]]},"properties":{"highway":"secondary","maxspeed":"40"}},{"type":"Feature","geometry":{"type":"LineString","coordinates":[[5.9793969,33.4771177],[5.9792986,33.4770044],[5.9791489,33.4768988],[5.9790226,33.4768057],[5.9788462,33.4766683],[5.9786101,33.4765388],[5.9778479,33.4762446],[5.9769802,33.4759225],[5.9761473,33.4756366],[5.9752312,33.4753111],[5.9740159,33.474825],[5.9735606,33.4746874],[5.9734219,33.474608],[5.9733177,33.4745133],[5.9731739,33.4744546],[5.9730276,33.4744324],[5.9729027,33.4744281],[5.9727818,33.4744036],[5.9726716,33.4743568],[5.9724723,33.4742109],[5.9716533,33.4735264],[5.9712877,33.473162],[5.9708988,33.4728621],[5.9698743,33.4723295],[5.9684421,33.471585],[5.9681315,33.4713701],[5.9678289,33.4710708],[5.9674512,33.4706686],[5.9670735,33.47032],[5.966413,33.4697652],[5.9653911,33.468907],[5.9649639,33.4684874],[5.9645378,33.4678849],[5.9641129,33.4672616],[5.9640816,33.46715],[5.9641256,33.4670829],[5.9645885,33.4667001],[5.9646621,33.4666367],[5.9646973,33.4665678],[5.9648262,33.4661741],[5.9648908,33.4659416],[5.9649822,33.4655345],[5.9650359,33.4653713],[5.965095,33.4652662],[5.9654103,33.4649297],[5.9654433,33.464846],[5.9654604,33.4647557],[5.9654411,33.4646223],[5.9652088,33.4637156],[5.9651833,33.4634689],[5.9651487,33.462712],[5.9651275,33.4625791],[5.9650881,33.4624765],[5.9650352,33.4624387],[5.9649581,33.4624262],[5.9641925,33.4625122],[5.9640383,33.4624762],[5.9639599,33.4624149],[5.9637454,33.4621863],[5.9635228,33.4619127],[5.963352,33.4617356],[5.9633077,33.4616746],[5.9633031,33.4616321],[5.9635484,33.4613064],[5.9637664,33.4609782],[5.9638663,33.4609639],[5.9640873,33.4609899],[5.9645413,33.4611027],[5.9655721,33.4614106],[5.9657348,33.4613874],[5.9658343,33.4613354],[5.9659157,33.461238],[5.9671859,33.4593334],[5.9672278,33.4593116],[5.9672929,33.4593104],[5.967382,33.4593399],[5.9679514,33.4597707],[5.9698504,33.461271],[5.9703667,33.4617439],[5.9704744,33.4618548],[5.9708951,33.4622876],[5.9710645,33.462393],[5.9712702,33.4624781],[5.9716302,33.462548],[5.9720024,33.4625877],[5.9724669,33.4627402],[5.9726831,33.4628524],[5.9729697,33.4630807],[5.9735606,33.4626993],[5.9739513,33.4625008],[5.974344,33.4627674],[5.9752935,33.4633839],[5.9756826,33.4636674],[5.9762501,33.4640808],[5.9766823,33.4643956],[5.9769547,33.4643355],[5.9773728,33.4646564]]},"properties":{"highway":"tertiary","maxspeed":"50"}},{"type":"Feature","geometry":{"type":"LineString","coordinates":[[5.9851342,33.4760295],[5.9848691,33.4760118],[5.9846834,33.4760138],[5.9844897,33.476026],[5.9820537,33.4761456],[5.9819632,33.4761561],[5.9814024,33.4762216],[5.9815885,33.4768619],[5.9816697,33.477141],[5.9818548,33.4777776],[5.9820352,33.4783983],[5.9821444,33.4787737],[5.9822174,33.4790247],[5.982404,33.4795901]]},"properties":{"highway":"tertiary","maxspeed":"40"}},{"type":"Feature","geometry":{"type":"LineString","coordinates":[[5.9771194,33.4461201],[5.9766736,33.4460999],[5.9766292,33.4460974],[5.9759797,33.4460673],[5.9734211,33.4459486],[5.9713751,33.4458467],[5.9704122,33.4458176],[5.9695136,33.4457661],[5.9690411,33.4457323],[5.9686468,33.4456853],[5.9668846,33.4455511],[5.9656998,33.4455117],[5.9656079,33.4455086],[5.9636638,33.4454684],[5.9632856,33.4454595],[5.9630276,33.4454347],[5.9626792,33.4453829],[5.9620352,33.445287],[5.9590311,33.4448964],[5.958973,33.4449033],[5.9588143,33.4449223],[5.9581514,33.4450856]]},"properties":{"highway":"tertiary"}},{"type":"Feature","geometry":{"type":"LineString","coordinates":[[5.9745387,33.4347134],[5.97516,33.4347318],[5.9753885,33.4347474],[5.9769658,33.4348552],[5.9769702,33.4349594],[5.9770088,33.4358758],[5.9772511,33.4358631],[5.9776152,33.4358439],[5.9779932,33.435824],[5.9780986,33.4358185],[5.9784502,33.4358],[5.9793196,33.4357542],[5.9793906,33.4357505],[5.979449,33.4365704],[5.9794673,33.4368283],[5.9794853,33.4370807],[5.9794939,33.4372012],[5.9795177,33.4375363]]},"properties":{"highway":"tertiary","maxspeed":"30"}},{"type":"Feature","geometry":{"type":"LineString","coordinates":[[5.9734053,33.4182282],[5.9720913,33.4180096],[5.9717492,33.4179241],[5.9709287,33.4177191],[5.9692659,33.4177943],[5.96881,33.417815],[5.9685508,33.4176545],[5.9682955,33.4174688],[5.9680264,33.417273],[5.9677288,33.4170565],[5.9674732,33.4168706],[5.9671839,33.4166601],[5.966913,33.416463],[5.9666343,33.4162603],[5.9679709,33.4149598],[5.9678918,33.4147486],[5.967667,33.4145717],[5.9674806,33.4144251],[5.9668971,33.4140788],[5.9664683,33.4138244],[5.9662736,33.4137372],[5.9655983,33.4134349],[5.9653848,33.4134613],[5.9650171,33.4136369],[5.9626484,33.4147684],[5.9602258,33.4158887],[5.9591734,33.4163753],[5.9590994,33.4164095],[5.9589475,33.416569],[5.9586956,33.4168336]]},"properties":{"highway":"tertiary","maxspeed":"40"}},{"type":"Feature","geometry":{"type":"LineString","coordinates":[[5.9677288,33.4170565],[5.9684468,33.4163777],[5.968791,33.4160522],[5.9694351,33.4155841],[5.9698132,33.4151332],[5.9701646,33.4147142],[5.9698315,33.4145129],[5.9692686,33.4141729],[5.9691746,33.4141161],[5.9691273,33.4140625],[5.9689477,33.4138592],[5.9687279,33.4136102],[5.9685344,33.413391],[5.9683183,33.4131462],[5.9681033,33.4129026],[5.9678979,33.4126699]]},"properties":{"highway":"tertiary"}},{"type":"Feature","geometry":{"type":"LineString","coordinates":[[5.9666343,33.4162603],[5.966009,33.4169106],[5.9662723,33.4170924],[5.9665672,33.4172961],[5.9667067,33.4173924],[5.966859,33.4174976],[5.9671336,33.4176872],[5.9673887,33.4178634],[5.9676797,33.4180644],[5.9679606,33.4182584],[5.9681975,33.418422],[5.96881,33.417815]]},"properties":{"highway":"tertiary"}},{"type":"Feature","geometry":{"type":"LineString","coordinates":[[6.0460632,33.2647084],[6.045631,33.2653979],[6.0450982,33.2666066],[6.0439096,33.2697731],[6.0425802,33.2736903],[6.0422714,33.2743368],[6.0405915,33.2793247],[6.037294,33.2885925],[6.0368821,33.2895203],[6.0360115,33.2913401],[6.034605,33.2942046],[6.0337951,33.295854],[6.0326224,33.2982422],[6.0319119,33.2993056],[6.0308891,33.3004118],[6.0291721,33.3016613],[6.018717,33.309239],[6.0118282,33.314239],[6.0041122,33.3198338],[5.9989967,33.3235272],[5.9956481,33.3262534],[5.9930918,33.3284629],[5.9866351,33.3338822],[5.9842625,33.3359266],[5.9836903,33.3365631],[5.9833086,33.3370774],[5.9828851,33.3377163],[5.9826652,33.3381943],[5.9822896,33.3390088],[5.9819971,33.339896],[5.9813212,33.3430436],[5.9803697,33.3476718],[5.9789381,33.3542662],[5.9779823,33.3585566],[5.9763072,33.3662969],[5.9761953,33.3672525],[5.9762362,33.3683994],[5.9765205,33.3711325],[5.9773341,33.3793173],[5.977862,33.3845581],[5.9778511,33.3855097],[5.9776976,33.3865895],[5.9774708,33.3875918],[5.9767279,33.3903749],[5.9742425,33.3995844],[5.9740709,33.4007846],[5.9738992,33.4032746],[5.9735158,33.4114468],[5.9734418,33.4130248],[5.973283,33.4156297],[5.9733938,33.4175771],[5.9734053,33.4182282],[5.9734118,33.4183124],[5.974064,33.4267194],[5.9743574,33.4316601],[5.9745387,33.4347134],[5.9746097,33.4354866],[5.9748343,33.4385904],[5.974878,33.4388902],[5.9749222,33.4391939],[5.9749418,33.4393285],[5.9750036,33.4397523],[5.9752727,33.4407683],[5.9753247,33.4409645],[5.9769756,33.445715],[5.9771194,33.4461201],[5.9772566,33.4464586],[5.9785774,33.4503935],[5.9830315,33.4634666],[5.9841581,33.4668357],[5.9842568,33.4671719],[5.9843364,33.4675558],[5.9843805,33.4678572],[5.9846757,33.4704252],[5.9851268,33.4747678],[5.9852816,33.4760373],[5.985833,33.4810162],[5.9858477,33.4811203],[5.9858974,33.4815563],[5.9861333,33.4836704],[5.9861267,33.4846753],[5.9860551,33.4889509],[5.9859713,33.4957521]]},"properties":{"highway":"primary","maxspeed":"100","ref":"RN 3"}},{"type":"Feature","geometry":{"type":"LineString","coordinates":[[5.8274992,34.1522149],[5.8275517,34.1524313],[5.8275669,34.1524828],[5.827586,34.1525374],[5.8276295,34.152629]]},"properties":{"highway":"tertiary","maxspeed":"30","ref":"CC 930"}},{"type":"Feature","geometry":{"type":"LineString","coordinates":[[5.8268487,34.1528167],[5.8270167,34.152779],[5.8271139,34.1527504],[5.827227,34.1527105],[5.8273378,34.1526551]]},"properties":{"highway":"secondary","maxspeed":"30","ref":"CW 300"}},{"type":"Feature","geometry":{"type":"LineString","coordinates":[[5.8280752,34.1527094],[5.8279513,34.1527408],[5.8278512,34.1527715],[5.827754,34.1528081],[5.8276609,34.1528506]]},"properties":{"highway":"secondary","maxspeed":"30"}},{"type":"Feature","geometry":{"type":"LineString","coordinates":[[5.9071033,34.434663],[5.907009,34.4346327],[5.9069128,34.4346066],[5.9068151,34.4345849],[5.9067167,34.4345681]]},"properties":{"highway":"secondary","ref":"CW 9"}},{"type":"Feature","geometry":{"type":"LineString","coordinates":[[5.9948571,33.5342727],[5.9949003,33.5342738],[5.9949767,33.5342471],[5.9950751,33.5341924],[5.9951395,33.5341421],[5.9952102,33.5340784],[5.9959224,33.5331789]]},"properties":{"highway":"primary","maxspeed":"80","ref":"RN 123"}},{"type":"Feature","geometry":{"type":"LineString","coordinates":[[6.6111561,33.7852202],[6.6103943,33.7904009],[6.6101369,33.7911766],[6.6098257,33.7917027],[6.609579,33.7920415],[6.6060752,33.7957844],[6.6053563,33.7965779],[6.6049375,33.797175],[6.6046681,33.7978916],[6.6045517,33.798263],[6.604498,33.798584],[6.6044712,33.7990877],[6.6044819,33.7996182],[6.6046396,33.8023823],[6.6045578,33.8031053],[6.6043227,33.803983],[6.603872,33.8047305],[6.6031341,33.8054754],[6.6018038,33.8064049],[6.5938408,33.8112184],[6.5924083,33.8119885],[6.591671,33.8122686],[6.5905545,33.8125661],[6.5896066,33.8126536],[6.5867637,33.8127267],[6.5859072,33.812762],[6.5850932,33.8128619],[6.5842721,33.8130619],[6.5834652,33.8134618],[6.5826724,33.8140264],[6.5822882,33.8143871],[6.5819221,33.8148086],[6.5816699,33.8151588],[6.5814795,33.8154687],[6.5811534,33.816262],[6.5809316,33.8173696],[6.5807427,33.8183642],[6.5800379,33.8223699],[6.5795094,33.8253651],[6.5790882,33.8278033],[6.5786027,33.8304203],[6.5781213,33.8330362],[6.5776,33.8359868],[6.577273,33.8377813],[6.5771847,33.8382804],[6.5770212,33.839007],[6.5768754,33.8394327],[6.5766943,33.8399318],[6.5765794,33.8401776],[6.5760713,33.8412125],[6.5754528,33.8423354],[6.5750993,33.8429849],[6.5746045,33.8437995],[6.5742334,33.8442765],[6.5730935,33.8454728],[6.5709861,33.8477221],[6.5704648,33.8483202],[6.5699788,33.8490137],[6.5693956,33.8500044],[6.5668129,33.854664],[6.5645569,33.8587614],[6.5636909,33.8602843],[6.5629122,33.8615836],[6.562461,33.8621274],[6.5609982,33.8635354],[6.5606562,33.8638316],[6.5584584,33.8658378],[6.557083,33.8671128],[6.5559841,33.8680373],[6.5540847,33.8692881],[6.5497619,33.8720616],[6.5449589,33.875137],[6.5436999,33.8759225],[6.5363352,33.8806654],[6.5320051,33.8834385],[6.5295235,33.8850153],[6.526518,33.8869364],[6.5241455,33.8884528],[6.5235706,33.8888515],[6.5233159,33.889069],[6.5227046,33.8897274],[6.5215402,33.8912316],[6.5196772,33.8936601],[6.5190877,33.8946145],[6.5184109,33.8961186],[6.5179961,33.8970912],[6.5163442,33.9008845],[6.5146558,33.9047864],[6.5144011,33.9054847],[6.5142401,33.9061303],[6.5141757,33.9067403],[6.5140095,33.9090954],[6.5137949,33.9121361],[6.5136715,33.9136765],[6.5133818,33.9176029],[6.5133174,33.9181504],[6.5132155,33.9185333],[6.5130278,33.9190541],[6.5114453,33.9222636],[6.510485,33.9241821],[6.5100666,33.9250279],[6.5082159,33.9287],[6.5063383,33.9324566],[6.5054368,33.9342655],[6.5048109,33.9352195],[6.5040977,33.936113],[6.5024967,33.9376949],[6.5012013,33.9389628],[6.4999642,33.9405326],[6.4980429,33.9431769],[6.4975917,33.9440101],[6.4970969,33.945459],[6.4965147,33.9472218],[6.4961654,33.9479704],[6.495525,33.9490329],[6.494739,33.9499746],[6.493822,33.950856],[6.4924539,33.952003],[6.491697,33.9527032],[6.4906782,33.9539226],[6.4898486,33.9548522],[6.4888152,33.9556973],[6.4879128,33.956313],[6.4866611,33.9569287],[6.4848187,33.9577578],[6.483721,33.9582567],[6.4825275,33.9590535],[6.4813923,33.9600555],[6.4806645,33.9608643],[6.4799513,33.9619508],[6.479471,33.9630734],[6.4788306,33.9644375],[6.4782775,33.9653067],[6.4771859,33.966719],[6.4754462,33.9691709],[6.474542,33.969986],[6.4734614,33.9707984],[6.4722829,33.9714463],[6.4711515,33.9718936],[6.4699959,33.9722301],[6.4688598,33.972452],[6.4642327,33.9730523],[6.4588755,33.9737535],[6.457669,33.973966],[6.4536548,33.9749062],[6.4526716,33.975194],[6.4514807,33.9757456],[6.4501718,33.9763951],[6.4479308,33.9775462],[6.4471885,33.9780169],[6.446388,33.9788014],[6.4458349,33.9796583],[6.4446414,33.9827239],[6.4433461,33.9860428],[6.4428366,33.9869721],[6.4417159,33.9886375],[6.4397326,33.9914031],[6.4393034,33.9919502],[6.4388528,33.9924528],[6.4373454,33.9940495],[6.437045,33.9943297],[6.4367285,33.9945699],[6.4350441,33.9955928],[6.4345184,33.9958552],[6.4336923,33.9961532],[6.4312082,33.9968407],[6.4295532,33.9971377],[6.4274679,33.9974732],[6.4263376,33.9976831],[6.4257797,33.9978699],[6.4250985,33.9982257],[6.4245835,33.9986393],[6.4241436,33.9990574],[6.4238432,33.9995332],[6.4236447,33.9999424],[6.4234891,34.0003604],[6.4226684,34.0025618],[6.4204904,34.0085164],[6.4200827,34.0096903],[6.419836,34.0105085],[6.4196965,34.0132566],[6.4196107,34.0138613],[6.4194283,34.0145194],[6.4185056,34.016547],[6.4180657,34.0171339],[6.4177009,34.0175074],[6.4155766,34.0193038],[6.4133236,34.0211623],[6.4123151,34.021767],[6.40896,34.0233769],[6.4074275,34.0243473],[6.4065799,34.0250142],[6.4062902,34.0253254],[6.4058718,34.0260012],[6.4042839,34.0290955],[6.4010653,34.0355861],[6.3978895,34.0418451],[6.3967094,34.0433208],[6.3876893,34.0517839],[6.3783742,34.0607163],[6.3763783,34.0628986],[6.375167,34.064554],[6.3744403,34.0656883],[6.3734352,34.0678747],[6.3727018,34.0693748],[6.3719094,34.0704362],[6.3707314,34.0717319],[6.3683442,34.074363],[6.3669857,34.0760694],[6.3638713,34.0806937],[6.3626898,34.0823254],[6.3618787,34.083066],[6.3608855,34.0838475],[6.359577,34.0845613],[6.3545221,34.086827],[6.3531185,34.0873489],[6.3517063,34.0876639],[6.3465198,34.0886414],[6.3451434,34.0888671],[6.3443777,34.0888983],[6.343913,34.0888392],[6.3434726,34.0887733],[6.3427106,34.0885935],[6.3419928,34.0883156],[6.3412798,34.0879244],[6.3366143,34.0846641],[6.3355778,34.0839438],[6.3281621,34.07879],[6.323791,34.0757845],[6.322765,34.0751432],[6.3214772,34.074594],[6.3192015,34.0738442],[6.3182235,34.073621],[6.3173192,34.0735344],[6.3163661,34.0735816],[6.3151828,34.0738768],[6.3139308,34.0744566],[6.3108463,34.0761726],[6.3090843,34.0773796],[6.305849,34.0799535],[6.3021579,34.0829786],[6.2988679,34.0856589],[6.2979664,34.0863135],[6.2972072,34.0866731],[6.2889999,34.0900845],[6.2810391,34.0933783],[6.2802887,34.0935623],[6.2753885,34.0942833],[6.2600332,34.0966313],[6.2501095,34.0983867],[6.2480096,34.0987859],[6.2472122,34.0990222],[6.246411,34.0993606],[6.2450798,34.1001947],[6.2422701,34.1018198],[6.2389299,34.1038045],[6.237832,34.104453],[6.2373913,34.1047264],[6.2371914,34.1048645],[6.2370208,34.1049981],[6.2368506,34.1051445],[6.2366464,34.1053312],[6.2359302,34.1059889]]},"properties":{"name":"RN 48","highway":"primary","maxspeed":"80","ref":"RN 48"}},{"type":"Feature","geometry":{"type":"LineString","coordinates":[[6.0186343,33.5459618],[6.0189321,33.545973],[6.0192633,33.545854],[6.0195845,33.5456768],[6.0201016,33.5453828],[6.0202126,33.5453197],[6.0203392,33.54506],[6.0203483,33.5450251],[6.0203889,33.5448251],[6.0205189,33.5438555],[6.0205628,33.5435294],[6.0207217,33.54235],[6.0208827,33.5411461],[6.0210581,33.539943],[6.0212297,33.5387637],[6.0214263,33.5374145],[6.0215562,33.5369324],[6.0216089,33.5368465],[6.0217009,33.5364589],[6.0217539,33.5362575]]},"properties":{"highway":"tertiary"}},{"type":"Feature","geometry":{"type":"LineString","coordinates":[[5.2696489,34.5097991],[5.27042,34.5100367],[5.2711415,34.5102522],[5.2731371,34.5108666],[5.2753969,34.5115418],[5.2761894,34.5117816],[5.2772891,34.5121264],[5.2783003,34.5124601],[5.2798963,34.5129276],[5.2819012,34.5135398],[5.2829459,34.5139255],[5.283654,34.5142028],[5.2842025,34.5144625],[5.2850193,34.5149112],[5.285667,34.5152692],[5.2861029,34.5155145],[5.2871785,34.5161554],[5.288242,34.5167698],[5.2890422,34.5171603],[5.2930785,34.5195377],[5.2969072,34.521743],[5.2978306,34.5223728],[5.2980706,34.5225365],[5.2991481,34.5234629],[5.3002646,34.5246517],[5.3021789,34.5271645],[5.3059813,34.532187],[5.3061558,34.5324175],[5.3109554,34.5387242],[5.3122255,34.5404837],[5.3128907,34.5417036],[5.3138959,34.544228],[5.3151006,34.5472547],[5.315369,34.5479231],[5.315825,34.5490585],[5.3166136,34.5510222],[5.3182626,34.5551022],[5.3183832,34.5554038],[5.3193012,34.5576985],[5.3204178,34.5604897],[5.3216245,34.5637636],[5.3225567,34.5654923],[5.3235141,34.5665589],[5.3243992,34.5672597],[5.3261964,34.5683727],[5.3278863,34.5692777],[5.3317363,34.5709667],[5.3319774,34.5710792],[5.3322885,34.5712034],[5.3324894,34.57129],[5.335073,34.5723431],[5.3356091,34.5725495],[5.3383003,34.5735115],[5.3399438,34.5741194],[5.3408345,34.5745023],[5.3423183,34.575213],[5.3456752,34.57686],[5.3493928,34.5786436],[5.34967,34.5787773],[5.3525007,34.5801429],[5.3540474,34.5808959],[5.3553951,34.5815675],[5.356037,34.5819024],[5.3562383,34.5820218],[5.357122,34.5825459],[5.3593307,34.5839803],[5.3614098,34.5853709],[5.3636806,34.5869033],[5.3646971,34.5875641],[5.3651722,34.5879448],[5.3654891,34.5882553],[5.3659497,34.5886943],[5.3667471,34.5896293],[5.3683459,34.5915734],[5.3700299,34.5936293],[5.3713681,34.5952366],[5.3718827,34.5957743],[5.3726455,34.5964814],[5.3729932,34.5967714],[5.3737655,34.5974156],[5.3754452,34.5988372],[5.3766525,34.5998435],[5.3772575,34.6002841],[5.3782644,34.6010202],[5.3789528,34.6014581],[5.3803398,34.6022043],[5.3814848,34.6027889],[5.3819078,34.6030285],[5.3822299,34.6032694],[5.3826264,34.6036825],[5.3831147,34.6042251],[5.3834559,34.6044958],[5.3838455,34.6046846],[5.3841224,34.6047324],[5.3842881,34.604761],[5.3867116,34.6050643],[5.3872228,34.6051719],[5.3876956,34.6053646],[5.3884454,34.6057391],[5.3909486,34.6071017],[5.3914439,34.6073452],[5.3919038,34.6075126],[5.3928529,34.6077683],[5.3935632,34.6079957],[5.3942,34.6083061],[5.3946632,34.6086337],[5.3949879,34.6089769],[5.3950438,34.609036],[5.395582,34.6098381],[5.396789,34.6117364],[5.3979846,34.6137407],[5.398273,34.6143048]]},"properties":{"highway":"primary","maxspeed":"80","ref":"RN 116"}},{"type":"Feature","geometry":{"type":"LineString","coordinates":[[5.768958,34.2111873],[5.7689172,34.2112225],[5.7670533,34.2128298],[5.7670088,34.2128694],[5.7669936,34.2128813],[5.7663244,34.2134639],[5.7652571,34.2143864],[5.7646973,34.2148695],[5.7641996,34.215291],[5.7636368,34.215789],[5.7629906,34.2163607]]},"properties":{"name":"الشهيد فرطاس غربي","highway":"primary","maxspeed":"50","ref":"RN 46A"}},{"type":"Feature","geometry":{"type":"LineString","coordinates":[[5.7605682,34.2184082],[5.7597516,34.2189195],[5.7590195,34.2192334],[5.758264,34.2194691],[5.757915,34.2195215],[5.7565872,34.219721],[5.7451073,34.2211091],[5.7430739,34.2213909],[5.7387037,34.2221181],[5.7288865,34.2237518],[5.712589,34.2264412],[5.7119624,34.2265302],[5.7116064,34.2265808],[5.7061958,34.2273495],[5.6957048,34.2288282],[5.6786306,34.231159],[5.6776696,34.2313161],[5.6767652,34.2315385],[5.6741466,34.2325504],[5.6641397,34.236767],[5.6268791,34.2522984],[5.5988173,34.2650844],[5.5837164,34.2721115],[5.5645955,34.2812737],[5.5408552,34.2926024],[5.5395393,34.2931146],[5.5385941,34.2933752],[5.5348459,34.2941761],[5.5195637,34.2976029],[5.4964803,34.3028164],[5.4724574,34.308132],[5.4563504,34.3116472],[5.455492,34.3118686],[5.4528831,34.3127207],[5.4476896,34.3143671],[5.4253356,34.3214876],[5.399591,34.329696],[5.3754965,34.3373805],[5.357864,34.342963],[5.3568426,34.3432565],[5.3540352,34.3438073],[5.3313734,34.3483696],[5.302252,34.3546369],[5.2900767,34.357367],[5.2891821,34.3575099],[5.2721515,34.3591472],[5.2512157,34.361361],[5.2498017,34.3615002],[5.2470105,34.3617441],[5.2454748,34.3618606],[5.2410756,34.362089],[5.238737,34.3622103],[5.2358189,34.3623674],[5.234705,34.3624274],[5.2291917,34.3626934],[5.228088,34.3627528],[5.2239775,34.3629741],[5.2115484,34.3636432],[5.1863757,34.3653678],[5.1846512,34.3657104],[5.1830824,34.3660082],[5.1797727,34.3666366],[5.1708286,34.3683145],[5.1619545,34.3700605],[5.1533077,34.3716721],[5.149872,34.3723125],[5.133978,34.375341],[5.1327242,34.3756121],[5.1284856,34.3767507]]},"properties":{"highway":"primary","maxspeed":"80","ref":"RN 46A"}},{"type":"Feature","geometry":{"type":"LineString","coordinates":[[5.7629906,34.2163607],[5.7629247,34.2164164],[5.7605682,34.2184082]]},"properties":{"highway":"primary","maxspeed":"50","ref":"RN 46A"}},{"type":"Feature","geometry":{"type":"LineString","coordinates":[[5.9023618,34.7469659],[5.9021594,34.746415],[5.9017845,34.745345],[5.9017395,34.7452356],[5.9016893,34.7451075],[5.9016471,34.7449753],[5.9016062,34.7448397],[5.9015311,34.7445824],[5.9014204,34.7441229],[5.9013731,34.7439156],[5.9013373,34.7436424],[5.9013157,34.7434089],[5.9013067,34.7433109],[5.9012166,34.7426043],[5.9011897,34.7422605],[5.9011924,34.7419211],[5.9012434,34.7416345],[5.9013467,34.7413403],[5.9015813,34.7408653],[5.9022197,34.7399198],[5.9026167,34.7393004],[5.9026985,34.7391505],[5.9027749,34.7389786],[5.9028205,34.7387648],[5.9028467,34.7385097],[5.902852,34.7382617],[5.9028178,34.7380562],[5.9027642,34.7378203],[5.9027099,34.7375988],[5.9026978,34.7374456],[5.9027065,34.7373145],[5.9027387,34.7371602],[5.9028192,34.7369332],[5.9031142,34.7362036],[5.9031444,34.7360901],[5.9031471,34.7360058],[5.9031263,34.7359198],[5.9030629,34.7358302],[5.9029546,34.7357374],[5.9027977,34.735593],[5.9026583,34.7353836],[5.9024316,34.7349174],[5.9022479,34.7344617],[5.9021848,34.7342506],[5.9021339,34.7339685],[5.9020776,34.7336323],[5.901981,34.7331198],[5.9019327,34.7328708],[5.9018831,34.7326327],[5.9017973,34.7321037],[5.9016672,34.7316386],[5.9015357,34.7312875],[5.9011334,34.7302983],[5.9001705,34.7279749],[5.8998468,34.7271627],[5.8993491,34.7259788],[5.8977613,34.7219574],[5.8966273,34.7191994],[5.8954217,34.71615],[5.8946773,34.7143218],[5.8939979,34.7126152],[5.8937434,34.7118253],[5.893131,34.7099171],[5.8922733,34.7072442],[5.8917692,34.706011],[5.8910417,34.7040695],[5.8902427,34.7019163],[5.8892137,34.6993015],[5.8879085,34.696058],[5.8872331,34.6943851],[5.8867053,34.6928911],[5.8861438,34.691261],[5.8855411,34.6895205],[5.8849838,34.6879705],[5.8848135,34.687375],[5.8847076,34.6869004],[5.884488,34.6856959],[5.8842722,34.6846606],[5.883966,34.6835652],[5.8836529,34.6824891],[5.8828979,34.6801722],[5.8821654,34.678125],[5.8806934,34.6740353],[5.8800772,34.6722606],[5.8797816,34.6713554],[5.8796646,34.670948],[5.8795887,34.6704613],[5.8795179,34.6697329],[5.8793895,34.6659338],[5.8793351,34.6647468],[5.8792976,34.6643299],[5.8792077,34.6639648],[5.8790843,34.6637099],[5.878863,34.6633636],[5.8781657,34.6625853],[5.8732116,34.657227],[5.8727275,34.6566615],[5.8724416,34.6562356],[5.872169,34.6557307],[5.8709472,34.6532136],[5.8701807,34.6515367],[5.8699742,34.6510094],[5.8697945,34.6504269],[5.8697301,34.6498962],[5.8696979,34.6492376],[5.8697355,34.6477724],[5.8697596,34.6469935],[5.869875,34.64608],[5.8700332,34.6454666],[5.870221,34.644959],[5.8705294,34.6443853],[5.8708379,34.6439506],[5.8715326,34.6432687],[5.8729059,34.6418702],[5.8770991,34.6375946],[5.8800325,34.634702],[5.8806574,34.6340774],[5.8809109,34.6338612],[5.8813159,34.6336725],[5.8817705,34.6335577],[5.8822359,34.6335125],[5.88283,34.6335036],[5.8837152,34.633561],[5.8885995,34.6340068],[5.8893438,34.6340973],[5.8897952,34.6341948],[5.8901681,34.634345],[5.8905467,34.6345663],[5.891578,34.6352294],[5.8923706,34.6356421],[5.8936002,34.6362011],[5.8947556,34.6366271],[5.8956184,34.6368957],[5.8962827,34.637038],[5.8970225,34.6371023],[5.8977758,34.6371019],[5.8984503,34.6370271],[5.8992431,34.6368396],[5.9003054,34.6365303],[5.9008706,34.6362715],[5.9013426,34.6359864],[5.9019703,34.6355031],[5.9044862,34.6334485],[5.9063748,34.6318801],[5.908141,34.6304598],[5.9105427,34.6286985],[5.9136432,34.626461],[5.9143352,34.625971],[5.9150895,34.6254821],[5.916479,34.6248184],[5.9223123,34.6220824],[5.9290203,34.6189609],[5.9323543,34.6174224],[5.9413987,34.6132051],[5.9449768,34.6115373],[5.9479755,34.6101422],[5.9513873,34.6085814],[5.9538227,34.607463],[5.9558925,34.6067598],[5.9578595,34.6061619],[5.9590758,34.6057722],[5.959769,34.6055143],[5.9603311,34.6052534],[5.9645952,34.6033164],[5.9699484,34.6009033],[5.9731149,34.5995255],[5.9772878,34.5976991],[5.980913,34.5961319],[5.9820047,34.5956572],[5.98304,34.595178],[5.9837186,34.5947762],[5.9847593,34.5940807],[5.9859451,34.5932179],[5.99005,34.5901937],[5.9923768,34.5884759],[5.9932696,34.5878446],[5.9942523,34.5872815],[5.9971121,34.5857131],[5.9984523,34.585131],[5.999431,34.58483],[6.0025497,34.5839215],[6.0074519,34.582522],[6.0136806,34.580567],[6.0164595,34.5795839],[6.0172197,34.5792888],[6.0175385,34.5790998],[6.0179032,34.5788552],[6.0195006,34.577295],[6.0231979,34.5731508],[6.0257625,34.5702192],[6.0260605,34.569855],[6.0263366,34.5695756],[6.0264925,34.5694427],[6.0266636,34.5693216],[6.0268479,34.5692289],[6.0270423,34.5691505],[6.0274852,34.5690218],[6.0284472,34.5687974],[6.029358,34.5685849],[6.0300908,34.568414],[6.0350101,34.5672664],[6.0353731,34.567188],[6.0404353,34.5660545],[6.0414532,34.565827],[6.0419977,34.5657033],[6.0426307,34.5654713],[6.0431966,34.5651665],[6.043658,34.5648816],[6.0441166,34.5646431],[6.0447657,34.5644067],[6.0460526,34.5640008],[6.0462877,34.5639312],[6.0473858,34.5636059],[6.0476074,34.5635499],[6.0484424,34.5633389],[6.0485678,34.563296],[6.050117,34.5627661],[6.0519219,34.5620113],[6.0520869,34.5619423],[6.0530859,34.5614293],[6.0535741,34.5611156],[6.054537,34.5604662],[6.055567,34.5597571],[6.0563797,34.5592027],[6.0568464,34.5588935],[6.0573345,34.5585687],[6.0579219,34.5581976],[6.058335,34.5579414],[6.0594481,34.5571329],[6.0601616,34.5565365],[6.0606682,34.5561667],[6.0609582,34.5559865],[6.0611895,34.5558909],[6.0613488,34.5558588],[6.0614967,34.5558567],[6.0616489,34.5558716],[6.0617981,34.5558995],[6.0619694,34.5559544],[6.0630027,34.556357],[6.0633333,34.5564349],[6.0638013,34.5564658],[6.0642265,34.5564393],[6.0646167,34.5563476],[6.0650023,34.5561941],[6.0652497,34.5560804],[6.0654496,34.5560284],[6.0658331,34.5559743],[6.0676745,34.5558252],[6.0690419,34.5556629],[6.0785186,34.5541265],[6.0875818,34.5525691],[6.0881451,34.5524564],[6.0885152,34.5523493],[6.0888371,34.5521637],[6.0891643,34.5519903],[6.0895331,34.551871],[6.0899314,34.5518368],[6.090205,34.5518865],[6.0904236,34.5519782],[6.0906664,34.5521483],[6.0919109,34.5534881],[6.0920933,34.5536416],[6.0922515,34.5537366],[6.0924272,34.5537973],[6.0926794,34.553836],[6.0931434,34.5538481],[6.0984035,34.553831],[6.1086505,34.5538592],[6.113559,34.5538664],[6.1156172,34.553791],[6.1172175,34.5537244],[6.1189286,34.5535539],[6.1202766,34.5533798],[6.1208206,34.5533197],[6.1226586,34.5530279],[6.1238187,34.5528438],[6.1242525,34.5527749],[6.1245258,34.5527315],[6.1255878,34.5525629],[6.1257902,34.5525308],[6.1263734,34.5524382],[6.1271308,34.552318],[6.1275489,34.5522516],[6.131843,34.5515693],[6.1325383,34.5514778],[6.1327784,34.5514783],[6.1329366,34.5514966],[6.1330808,34.5515446],[6.1332444,34.5516457],[6.1342225,34.5524973],[6.1352433,34.5533666],[6.1353707,34.5534483],[6.1355122,34.5534997],[6.1355907,34.5535135],[6.135653,34.5535115],[6.1357291,34.5534994],[6.1358079,34.5534928],[6.1358998,34.5535005],[6.1359622,34.5535295],[6.1360252,34.5535792],[6.1362164,34.5538431],[6.1363055,34.5539796],[6.1364302,34.5541309],[6.1365784,34.5542309],[6.1367252,34.5542828],[6.1369331,34.5543154],[6.1374079,34.5543198],[6.1387282,34.5542629],[6.1388288,34.5542629],[6.1389214,34.5542679],[6.1389937,34.5542938],[6.1390688,34.5543341],[6.1391205,34.5543778],[6.1393109,34.5545987],[6.1394336,34.5547295],[6.1395476,34.5548262],[6.140129,34.5551791],[6.1421031,34.5563289],[6.1427388,34.5566911],[6.1429051,34.5567961],[6.1430459,34.5569043],[6.1431961,34.5570733],[6.1437057,34.557715],[6.1438747,34.5579083],[6.1440463,34.5580806],[6.1442663,34.5582672],[6.1480281,34.5613453],[6.1528212,34.5652902],[6.1569674,34.5685108],[6.1581212,34.5694094],[6.1594216,34.5705197],[6.1612618,34.5720124],[6.1619885,34.572659],[6.1624315,34.5731287],[6.162748,34.5735594],[6.1632147,34.5743257],[6.1640918,34.5757999],[6.1649904,34.5771658],[6.1652264,34.5775501],[6.1654544,34.5779586],[6.1656234,34.5783385],[6.1659425,34.5792108],[6.1664146,34.5804673],[6.1667794,34.5814611],[6.1671227,34.5825156],[6.1673346,34.5830577],[6.1675371,34.583453],[6.1680695,34.5842789],[6.1691451,34.585977],[6.1703575,34.5877104],[6.1714844,34.5892014],[6.1727745,34.5907155],[6.1732696,34.5914041],[6.1749338,34.5937973],[6.1755497,34.594791],[6.1762744,34.5960789],[6.1776128,34.5983861],[6.1783344,34.5997506],[6.178624,34.6001921],[6.1789419,34.6006204],[6.1795096,34.6012492],[6.1822815,34.6043646],[6.1843075,34.6065369],[6.1852481,34.6076867],[6.1858162,34.6084607],[6.1864974,34.6094218],[6.1874841,34.610921],[6.1883826,34.6122566],[6.1888593,34.613098],[6.1890525,34.613513],[6.1891758,34.6139038],[6.1892644,34.6144998],[6.1894065,34.6161112],[6.1894923,34.616599],[6.1896157,34.6169434],[6.1897981,34.6172745],[6.1900663,34.61761],[6.1907641,34.6185903],[6.1915737,34.6197268],[6.1927298,34.6213999],[6.1940896,34.6233688],[6.1955729,34.6255627],[6.1961415,34.6263838],[6.1966002,34.627068],[6.1969382,34.6276242],[6.1972439,34.6282201],[6.1979037,34.6295818],[6.1991402,34.6320051],[6.1997813,34.6333271],[6.2004277,34.6344173],[6.2011948,34.6355671],[6.20175,34.6363991],[6.2021041,34.6370965],[6.2022892,34.6376217],[6.2024716,34.6384272],[6.2026676,34.6396927],[6.2035225,34.6441418],[6.2037812,34.6454818],[6.2038341,34.6465191],[6.2038562,34.647207],[6.2038261,34.6475816],[6.203763,34.6478563],[6.2036598,34.6481895],[6.2032803,34.6489889],[6.202713,34.6501069],[6.202544,34.6504953],[6.202426,34.6508737],[6.2023723,34.6512477],[6.2023857,34.6516471],[6.2027371,34.6535799],[6.2031555,34.6577619],[6.2037241,34.6623035],[6.2037858,34.6629124],[6.2037644,34.6635654],[6.2037215,34.6643023],[6.2036034,34.6659194],[6.2035632,34.6666231],[6.2035793,34.667307],[6.203708,34.6679732],[6.2043303,34.6705674],[6.2045585,34.6714803],[6.2047246,34.6720101],[6.2050009,34.6725902],[6.2051966,34.673052],[6.2053953,34.6735799],[6.2054885,34.6740434],[6.2056795,34.6750586],[6.2057868,34.6754755],[6.2059718,34.6759277],[6.2065224,34.6770266],[6.2069056,34.6778381],[6.2070188,34.6781943],[6.2070726,34.6784763],[6.2070863,34.6789628],[6.2071051,34.6792474],[6.2071641,34.6795374],[6.2072901,34.6799322],[6.2080693,34.6816626],[6.2086487,34.6830808]]},"properties":{"highway":"secondary","ref":"CW 36"}},{"type":"Feature","geometry":{"type":"LineString","coordinates":[[5.8084988,34.1760425],[5.8082348,34.1757344],[5.8079171,34.1754157],[5.807818,34.1753433],[5.8077265,34.1752848],[5.8076426,34.1752313]]},"properties":{"highway":"trunk","maxspeed":"40","ref":"RN 3"}},{"type":"Feature","geometry":{"type":"LineString","coordinates":[[5.8674464,34.218853],[5.8681185,34.2191992]]},"properties":{"highway":"trunk","maxspeed":"80","ref":"RN 3"}},{"type":"Feature","geometry":{"type":"LineString","coordinates":[[5.8078385,34.1750974],[5.8078824,34.1751802],[5.8079218,34.1752386],[5.8080031,34.1753213],[5.8081726,34.1754936],[5.8084468,34.1758004],[5.8087018,34.1760971]]},"properties":{"highway":"trunk","maxspeed":"40","ref":"RN 3"}},{"type":"Feature","geometry":{"type":"LineString","coordinates":[[5.8076168,34.1752311],[5.8075418,34.1752811],[5.80749,34.1753214],[5.8069004,34.1757959],[5.8061528,34.1764475]]},"properties":{"highway":"primary","maxspeed":"30","ref":"RN 46A"}},{"type":"Feature","geometry":{"type":"LineString","coordinates":[[5.8061528,34.1764475],[5.8068421,34.1757381],[5.8073336,34.1752395],[5.8073741,34.1751724],[5.8074224,34.1750875]]},"properties":{"highway":"primary","maxspeed":"30","ref":"RN 46A"}},{"type":"Feature","geometry":{"type":"LineString","coordinates":[[5.9167825,34.2388295],[5.9158623,34.2389817],[5.9155803,34.2390705]]},"properties":{"highway":"primary","maxspeed":"40","ref":"RN 3"}},{"type":"Feature","geometry":{"type":"LineString","coordinates":[[5.9335164,33.9436632],[5.9335314,33.9437261],[5.9335493,33.9437972],[5.9335546,33.9438639],[5.9335523,33.9439311],[5.9334414,33.9447952],[5.9333674,33.9453725],[5.9332536,33.9462592],[5.9331935,33.9468211],[5.9330473,33.9481893],[5.9330186,33.9484326],[5.9328873,33.949544],[5.9327759,33.9503952],[5.9327555,33.9505283],[5.9326463,33.9516149],[5.9326404,33.9516825],[5.932591,33.9521058],[5.9323865,33.9538105],[5.9322636,33.9548352],[5.9321824,33.955303]]},"properties":{"highway":"secondary","maxspeed":"50"}},{"type":"Feature","geometry":{"type":"LineString","coordinates":[[5.9296301,33.9506097],[5.9297055,33.9515],[5.9297313,33.9517523],[5.9297405,33.9519093],[5.9297486,33.9519884]]},"properties":{"highway":"tertiary","maxspeed":"40"}},{"type":"Feature","geometry":{"type":"LineString","coordinates":[[5.9916343,33.5287424],[5.9916286,33.5287071],[5.9916061,33.5285087],[5.9915551,33.5282449],[5.9914988,33.5279699],[5.9913567,33.5275775],[5.9910529,33.5266317],[5.9910375,33.5265836],[5.9908497,33.5260313],[5.99066,33.5255518],[5.9905009,33.5250929],[5.9903009,33.5245155],[5.9901928,33.5241655],[5.9901871,33.524144],[5.9901851,33.5241208],[5.9901876,33.5240727]]},"properties":{"highway":"primary","maxspeed":"50","ref":"RN 3"}},{"type":"Feature","geometry":{"type":"LineString","coordinates":[[5.9917972,33.5288851],[5.9916763,33.5293827],[5.9915432,33.5300206],[5.9913349,33.5308299],[5.9912093,33.5313565],[5.9910581,33.5319839],[5.991023,33.5321377],[5.9909217,33.5325397],[5.9908862,33.5326805],[5.9907365,33.5332779],[5.9905187,33.5341157],[5.9904695,33.5343033],[5.9904282,33.5344887],[5.9903627,33.5348279],[5.9903314,33.5349932],[5.9902523,33.5354991],[5.9902385,33.535603],[5.9901837,33.5360234],[5.990138,33.5363694],[5.9901103,33.536588],[5.9900875,33.5368071],[5.9900599,33.5371659],[5.9900282,33.5374684],[5.9900255,33.5375114],[5.9900258,33.537546],[5.9900222,33.5375788],[5.9900195,33.5375988],[5.990013,33.5376271],[5.9900027,33.5376539],[5.9899897,33.5376783],[5.9899769,33.5377008],[5.9899648,33.5377266],[5.9899562,33.5377509],[5.9897938,33.5383263],[5.9897605,33.5384233],[5.9897112,33.5385524],[5.9895675,33.5389436],[5.9893692,33.539445],[5.9891594,33.5399556],[5.989135,33.5400175],[5.9891126,33.5400801],[5.9889986,33.5404322],[5.9889689,33.540525]]},"properties":{"highway":"primary","maxspeed":"90","ref":"RN 3"}},{"type":"Feature","geometry":{"type":"LineString","coordinates":[[5.9917885,33.5286675],[5.991812,33.5286911],[5.9918229,33.5287144],[5.991826,33.5287469],[5.991826,33.5287715],[5.991822,33.5288195],[5.9918097,33.5288625],[5.9917972,33.5288851],[5.9917763,33.5289028],[5.9917494,33.5289135],[5.9917198,33.528916],[5.9916932,33.5289108],[5.9916699,33.528899],[5.9916477,33.528881],[5.9916329,33.5288564],[5.9916276,33.528824],[5.9916283,33.5288011],[5.9916343,33.5287424],[5.9916463,33.5287055],[5.9916661,33.528677],[5.9916843,33.5286622],[5.9917071,33.5286528],[5.9917322,33.5286498],[5.9917597,33.5286541],[5.9917885,33.5286675]]},"properties":{"highway":"primary","maxspeed":"30"}},{"type":"Feature","geometry":{"type":"LineString","coordinates":[[5.9970655,33.5325644],[5.9968646,33.5325614],[5.9966919,33.5325789],[5.9965818,33.5326088]]},"properties":{"name":"طريق الوادي","highway":"primary","maxspeed":"80","ref":"RN 123"}},{"type":"Feature","geometry":{"type":"LineString","coordinates":[[5.9965468,33.5324477],[5.996726,33.5324832],[5.9968397,33.5325107],[5.9970655,33.5325644]]},"properties":{"name":"طريق الوادي","highway":"primary","ref":"RN 123"}},{"type":"Feature","geometry":{"type":"LineString","coordinates":[[6.0354647,33.5469809],[6.035523,33.547009],[6.0362333,33.5473519],[6.0367713,33.5477379],[6.0371604,33.548076],[6.0375633,33.5485461],[6.0384045,33.5497191],[6.0386176,33.5500163],[6.0391849,33.5506821],[6.0396275,33.551127],[6.0399444,33.5514136],[6.0404751,33.5518295],[6.0428452,33.5536865],[6.0442625,33.5547806],[6.0474034,33.5572165],[6.0480044,33.5576532],[6.0484941,33.5579011],[6.0504514,33.5588064],[6.0539212,33.5604847],[6.0550511,33.561047],[6.056656,33.5620128],[6.0587572,33.563281],[6.0600578,33.5641512],[6.0610041,33.5649265],[6.0617646,33.5656399],[6.0625116,33.5664584],[6.064474,33.5690573],[6.0665099,33.5717022],[6.0667024,33.5719926],[6.0673609,33.5729861],[6.0706449,33.5786228],[6.0711598,33.5793151],[6.0718402,33.5798441],[6.0728818,33.5805068],[6.0737647,33.5808998],[6.0743535,33.5810634],[6.0751329,33.5811916],[6.0760227,33.5812471],[6.0766015,33.5812501],[6.0780223,33.5810653],[6.0804232,33.5808066],[6.0827288,33.5805036],[6.0853481,33.5801884],[6.0871684,33.5800457],[6.0888869,33.5799448],[6.0899086,33.5799532],[6.0922083,33.5799978],[6.0946708,33.5801726],[6.0987015,33.5805645],[6.1052966,33.5812001],[6.1081761,33.5814547],[6.1094394,33.5815885],[6.1105988,33.5817595],[6.1120539,33.5820884],[6.1206942,33.5840993],[6.1227572,33.5845607],[6.1238614,33.584867],[6.1264087,33.5856344],[6.1292783,33.5864576],[6.1310298,33.5869525],[6.132222,33.5872178],[6.1339569,33.5875897],[6.1344071,33.5876674],[6.14053,33.5887239],[6.1417277,33.5889055],[6.1421765,33.5889518],[6.1430423,33.5889293],[6.1441961,33.5888689],[6.1452858,33.5888687],[6.1462257,33.5889021],[6.1474366,33.5890015],[6.1487461,33.5891596],[6.1498005,33.589335],[6.1511554,33.5896446],[6.1532289,33.5902284],[6.1546354,33.590618],[6.1551844,33.5907059],[6.1569326,33.5908236],[6.1623676,33.5911777],[6.1655429,33.591389],[6.1674854,33.5915541],[6.1693748,33.5917549],[6.1741021,33.5923047],[6.1793422,33.5929223],[6.1822347,33.5932632],[6.1844913,33.5935115],[6.1862966,33.5937385],[6.188592,33.5941991],[6.1902008,33.5946406],[6.191283,33.5949939],[6.1920906,33.5952967],[6.1926104,33.5955372],[6.1933369,33.5958309],[6.195157,33.5967566],[6.1961415,33.5973494],[6.1997828,33.5996681],[6.2007706,33.6003356],[6.2029827,33.6017783],[6.2059519,33.6036265],[6.2166058,33.6104811],[6.2196475,33.6123704],[6.2205192,33.6128282],[6.2219552,33.6134448],[6.2234165,33.6139438],[6.2239931,33.614132],[6.2249606,33.614365],[6.2264982,33.6146326],[6.2280267,33.6148099],[6.2296149,33.6148738],[6.230922,33.6148348],[6.2322249,33.6147142],[6.2338499,33.6144992],[6.2364225,33.6140964],[6.2381321,33.6138528],[6.2392511,33.6137384],[6.2396744,33.6137329],[6.2412233,33.6139003],[6.2436838,33.6142835],[6.246484,33.6148348],[6.2482042,33.6152815],[6.2491707,33.6155439],[6.2512697,33.616214],[6.2555317,33.617767],[6.2569879,33.6182351],[6.2579927,33.6185506],[6.2611136,33.6193555],[6.2670826,33.6208765],[6.2819771,33.6247492],[6.2872447,33.6261848],[6.2887804,33.6267312],[6.293265,33.6285047],[6.2945931,33.6290816],[6.2970779,33.6303573],[6.3024174,33.6330789],[6.3095939,33.6367611],[6.3122589,33.6382064],[6.3179069,33.6418228],[6.320901,33.6437012],[6.324596,33.6458621],[6.3293497,33.6486941],[6.3316777,33.6501856],[6.3365047,33.6534435],[6.3393229,33.6552587],[6.3401634,33.6557976],[6.3411022,33.6563245],[6.3450533,33.6585611],[6.3465807,33.6594597],[6.3493367,33.6612412],[6.3546211,33.6646641],[6.3556397,33.6652823],[6.3581822,33.6666267],[6.3633093,33.6692331],[6.3773009,33.6763207],[6.3803351,33.6779408],[6.382885,33.6795417],[6.3854523,33.6811245],[6.3904964,33.6840076],[6.3927558,33.6854223],[6.3964391,33.6878742],[6.3991453,33.6897275],[6.4006334,33.6906922],[6.4020283,33.6914567],[6.4103618,33.6957125],[6.4117723,33.6963954],[6.4131635,33.6969917],[6.4204519,33.7001809],[6.4290609,33.7035554],[6.432954,33.7050847],[6.4335264,33.7053095],[6.43377,33.7053986],[6.4340579,33.7055029],[6.4374149,33.7067185],[6.4436189,33.7087575],[6.4507429,33.7111047],[6.453959,33.7121634],[6.4558559,33.7127113],[6.4600081,33.7137228],[6.4653041,33.7150441],[6.4666662,33.7153047],[6.4678827,33.7154323],[6.4688689,33.7154444],[6.4700239,33.7153529],[6.4708157,33.715259],[6.4822846,33.7134666],[6.4883373,33.7125471],[6.4941297,33.7117578],[6.4964573,33.7114521],[6.5009417,33.7109939],[6.5081287,33.7102867],[6.5091279,33.710181],[6.511654,33.7098153],[6.5157362,33.7090785],[6.521991,33.7079515],[6.5248731,33.7074648],[6.5255764,33.7073715],[6.5308345,33.7069851],[6.5363962,33.7066143],[6.5427774,33.7062884],[6.5450472,33.7061259],[6.545884,33.7060099],[6.5496118,33.705336],[6.5509624,33.7051318],[6.5519187,33.70501],[6.5531021,33.7049185],[6.5551675,33.7048359],[6.5670177,33.7045701],[6.5794858,33.7042462],[6.5834295,33.7042297],[6.5887173,33.7041893],[6.591533,33.7042442],[6.5931041,33.704335],[6.5945524,33.7044977],[6.5977559,33.7049479],[6.604437,33.7058925],[6.6121614,33.7069625],[6.6151661,33.7073202],[6.6169849,33.70743],[6.6296753,33.7078413],[6.6330057,33.7080102],[6.6402789,33.7084641],[6.6459563,33.7088093],[6.6475482,33.7089011],[6.6482913,33.7090026],[6.6536848,33.7101133],[6.6578395,33.711047],[6.6587952,33.7112458],[6.6597463,33.7114621],[6.6607035,33.7116692],[6.6616933,33.7118784],[6.6617649,33.711894],[6.6627408,33.7120942],[6.6630281,33.7121586],[6.6633138,33.7122277],[6.6635972,33.7123041],[6.6638802,33.7123795],[6.6641607,33.7124621],[6.6644392,33.7125492],[6.6647156,33.712638],[6.6649899,33.7127317],[6.6652601,33.7128277]]},"properties":{"name":"طريق الوادي","highway":"primary","maxspeed":"80","ref":"RN 123"}},{"type":"Feature","geometry":{"type":"LineString","coordinates":[[5.9966088,33.5325402],[5.9966022,33.5325763],[5.9965818,33.5326088],[5.9965718,33.5326156],[5.9965418,33.5326339],[5.9965067,33.5326514],[5.9964779,33.5326544],[5.9964748,33.5326538],[5.9964368,33.5326484],[5.9964003,33.5326339],[5.9963707,33.532611],[5.9963506,33.5325818],[5.9963419,33.5325489],[5.9963455,33.5325153],[5.9963499,33.5325066],[5.9963616,33.5324832],[5.9963888,33.5324568],[5.9964172,33.5324414],[5.9964492,33.5324325],[5.996483,33.5324306],[5.9965162,33.5324358],[5.9965468,33.5324477],[5.9965795,33.5324722],[5.996601,33.5325041],[5.9966088,33.5325402]]},"properties":{"highway":"primary","maxspeed":"80"}},{"type":"Feature","geometry":{"type":"LineString","coordinates":[[5.9959224,33.5331789],[5.9962154,33.5327029],[5.9963455,33.5325153]]},"properties":{"highway":"primary","ref":"RN 123"}},{"type":"Feature","geometry":{"type":"LineString","coordinates":[[5.9307494,34.5525785],[5.9303366,34.5543339],[5.9303147,34.5544647],[5.9303147,34.5546135],[5.930353,34.5547579],[5.9304516,34.5549608],[5.9312292,34.5560568],[5.9315194,34.5564085],[5.9316673,34.5565889],[5.9320068,34.5570129],[5.932078,34.5571301],[5.9321985,34.5572925],[5.9323792,34.5575315],[5.932653,34.557969],[5.9331021,34.5586996],[5.9337482,34.5597369],[5.934367,34.5607471],[5.9349201,34.561658],[5.935068,34.5619061],[5.9353309,34.5624157],[5.9355992,34.5630019],[5.9359551,34.5637595],[5.9362837,34.5643954],[5.9366342,34.5650853],[5.9370011,34.5658475],[5.937242,34.5663255],[5.9374392,34.5667088],[5.9377075,34.5672544],[5.9380361,34.5679579],[5.9383866,34.5686478],[5.9386604,34.569207],[5.9389835,34.5698563],[5.9392463,34.5703704],[5.9396242,34.5711685],[5.9399035,34.5717366],[5.9402047,34.5723499],[5.9404018,34.5727557],[5.9406427,34.5732382],[5.9410097,34.5739461],[5.9412835,34.5744782],[5.941612,34.575132],[5.9417873,34.5754747],[5.9419406,34.5757723],[5.9420885,34.5760473],[5.9421651,34.5762773],[5.9422035,34.5765523],[5.9422637,34.5772692],[5.9423185,34.5777562],[5.9423896,34.5783694],[5.9424554,34.5790367],[5.942532,34.5799384],[5.9426032,34.5807725],[5.9426525,34.5813677],[5.9427292,34.5822018],[5.9427456,34.5825625],[5.9427566,34.5830088],[5.9427566,34.5833244],[5.9427566,34.5835543],[5.9427237,34.5839105],[5.9426744,34.5853262],[5.9426251,34.5867148],[5.9425977,34.5879636],[5.9425649,34.5887751],[5.942532,34.5892935],[5.9424992,34.590132],[5.9424663,34.5906956],[5.9424335,34.5916197],[5.9423896,34.5924402],[5.9423787,34.5929812],[5.9423349,34.5936889],[5.9423185,34.5944102],[5.942313,34.5946536],[5.942313,34.5947979],[5.9423458,34.5949331],[5.942417,34.5950683],[5.9425156,34.5952261],[5.9428661,34.5957671],[5.9432001,34.5962133],[5.9433918,34.5964523],[5.9435396,34.5965965]]},"properties":{"highway":"secondary"}},{"type":"Feature","geometry":{"type":"LineString","coordinates":[[5.3471641,34.5089894],[5.3474252,34.5090851],[5.3475413,34.509305],[5.3472976,34.5097496],[5.3464505,34.5113035],[5.3460443,34.5120446],[5.3459689,34.5122358],[5.3459921,34.5123315],[5.3460965,34.5124414],[5.3468856,34.5130104],[5.3476225,34.5135936],[5.3496591,34.5150518],[5.3502172,34.5155381],[5.3505113,34.5157893],[5.350739,34.515965],[5.3512612,34.5163008],[5.3514172,34.5163929],[5.3515659,34.5164789],[5.3517936,34.5165961],[5.3525276,34.5169546],[5.3537156,34.5175188],[5.3547846,34.5180339],[5.356418,34.5187056],[5.3577772,34.5192028],[5.3594105,34.5198362],[5.3600879,34.5200944],[5.3603011,34.52019],[5.3603983,34.520276],[5.3605042,34.5204386],[5.3608132,34.5210505],[5.36089,34.5211855],[5.361009,34.5213481],[5.3611802,34.5216158],[5.3613586,34.5219982],[5.3616124,34.5225551],[5.3619374,34.5232818],[5.3622753,34.524049],[5.3625103,34.5246215],[5.3626278,34.5249286],[5.3627772,34.5253337],[5.3628454,34.5254377],[5.3630238,34.5257078],[5.3634735,34.5263209],[5.363678,34.5265874],[5.3640668,34.5271072],[5.3648443,34.52827],[5.3655391,34.5293216],[5.3660149,34.5301581],[5.3663877,34.5309743],[5.3669374,34.5321538],[5.3674437,34.5332842],[5.3678281,34.5342808],[5.3679514,34.5345306],[5.3681791,34.535336],[5.3685084,34.5363098],[5.3686988,34.5370643],[5.3687525,34.5374487],[5.3687822,34.5378472],[5.3688319,34.5381691],[5.3689972,34.5389291],[5.3690552,34.5394106],[5.3690146,34.5397475],[5.3689363,34.5400307],[5.3688217,34.5402303],[5.3685722,34.5404955],[5.3679789,34.5411145],[5.3673552,34.5417776],[5.3665777,34.5426056],[5.3656928,34.5436188],[5.3653215,34.5441243],[5.3651489,34.5443967],[5.3651692,34.5445962],[5.365323,34.5447097],[5.3661672,34.5453657],[5.3669418,34.5461901],[5.3675017,34.5467146],[5.3676293,34.5469308],[5.3676526,34.5470383],[5.3674292,34.5475174],[5.3670578,34.5481304],[5.3666285,34.548748],[5.3662267,34.5493741],[5.3659728,34.5498795],[5.3655362,34.5507707],[5.3652055,34.5514648],[5.3649502,34.5520216],[5.36489,34.5521348],[5.364866,34.5523416],[5.3649142,34.552505],[5.3650323,34.5526641],[5.365153,34.5527524],[5.3653353,34.5528607],[5.3655097,34.5529557],[5.3658369,34.5531346],[5.3662741,34.5533732],[5.3669098,34.5537399],[5.3674918,34.5540668],[5.3680283,34.5543739],[5.3687873,34.5547759],[5.3694981,34.555189],[5.3699139,34.5554143],[5.3703296,34.5556352],[5.3705576,34.5557788],[5.3710619,34.5561256],[5.3714669,34.5563907],[5.3718504,34.5566514],[5.3724003,34.5570777],[5.3726551,34.5573074],[5.3727731,34.55744],[5.372867,34.5576145],[5.3729126,34.557842],[5.3729019,34.5580695],[5.3728187,34.5584053],[5.3726712,34.5586704],[5.3724271,34.559174],[5.3723305,34.5594324],[5.3722903,34.5595915],[5.3722849,34.5597351],[5.3723064,34.5598941],[5.3723922,34.5600951],[5.3725317,34.5603314],[5.3727409,34.5606341],[5.3730547,34.5610692],[5.373441,34.5615662],[5.3741974,34.5627104],[5.3750074,34.5637176],[5.3752059,34.5638987],[5.3766382,34.5651224],[5.3781885,34.5665315],[5.3784406,34.5667612],[5.3787678,34.5669247],[5.3795403,34.567256],[5.3816432,34.5679539],[5.3820187,34.5681262],[5.382024,34.5682941],[5.3819489,34.5688374],[5.3819114,34.5700566],[5.3817505,34.572115],[5.3817022,34.574668],[5.3816995,34.5756398],[5.3816271,34.5769759],[5.3815225,34.5780845],[5.3814554,34.5792594],[5.3813582,34.5798588],[5.3813506,34.5799147],[5.3813558,34.5799708],[5.3813736,34.5800252],[5.3814035,34.5800758],[5.3814444,34.5801209],[5.3814947,34.580159],[5.3815528,34.5801886],[5.3818215,34.5803106],[5.3820455,34.5804221],[5.3822869,34.5805446],[5.3825484,34.5806827],[5.382814,34.5808317],[5.3837138,34.5813838],[5.3846231,34.5819325],[5.384713,34.5819922],[5.3847914,34.5820541],[5.3848628,34.5821258],[5.3849369,34.5822042],[5.3849865,34.5822726],[5.3850268,34.5823323],[5.3851139,34.5824846],[5.3851783,34.5826094],[5.3852514,34.5827628],[5.3853346,34.5829175],[5.3854277,34.5830698],[5.3854915,34.5831521],[5.3855659,34.5832388],[5.3856216,34.5832885],[5.3856839,34.583337],[5.3858167,34.5834265],[5.3861278,34.5836131],[5.386722,34.5839786],[5.3870223,34.5841707],[5.38719,34.5842722],[5.3873496,34.5843606],[5.3875105,34.5844334],[5.3876755,34.5845074],[5.3878659,34.5845803],[5.3880684,34.584652],[5.3884238,34.5847768],[5.3885834,34.5848386],[5.3887403,34.5849115],[5.3888771,34.5849899],[5.3890005,34.5850606],[5.3892572,34.5852]]},"properties":{"highway":"tertiary"}},{"type":"Feature","geometry":{"type":"LineString","coordinates":[[6.0251925,33.5297205],[6.0253623,33.5295016],[6.0255652,33.5292405],[6.0256947,33.5290739],[6.0259866,33.5286979],[6.0260452,33.5286224],[6.0260775,33.5285746],[6.0263024,33.5282413],[6.0266192,33.5277727],[6.0267426,33.5276084],[6.0267828,33.5273669],[6.0269947,33.5255133],[6.0270537,33.5251466],[6.0271342,33.5246994],[6.0274095,33.5238691]]},"properties":{"highway":"tertiary"}},{"type":"Feature","geometry":{"type":"LineString","coordinates":[[6.0217539,33.5362575],[6.0219095,33.535541],[6.0220139,33.5351452],[6.0220459,33.5350404],[6.0221186,33.5347448],[6.0223808,33.533645],[6.0224023,33.5335557]]},"properties":{"highway":"tertiary"}},{"type":"Feature","geometry":{"type":"LineString","coordinates":[[6.0186343,33.5459618],[6.0182172,33.5459177],[6.0181,33.5460894],[6.0176861,33.5468722],[6.0167996,33.5484524],[6.0164684,33.5490406],[6.0152668,33.5511195],[6.0151058,33.5514324],[6.0149771,33.5515889],[6.0137647,33.5525769]]},"properties":{"highway":"tertiary"}},{"type":"Feature","geometry":{"type":"LineString","coordinates":[[5.985293,33.5307533],[5.9853277,33.5307748],[5.9853456,33.5307967],[5.9853554,33.5308219],[5.9853564,33.5308484],[5.9853466,33.5308777],[5.9853261,33.5309029],[5.9852974,33.5309212],[5.9852693,33.5309299],[5.9852395,33.5309322],[5.98521,33.5309278],[5.9851829,33.5309172],[5.9851601,33.530901],[5.9851402,33.5308749],[5.9851316,33.5308449],[5.985135,33.5308141],[5.9851502,33.530786],[5.9851756,33.5307634],[5.9852082,33.5307489],[5.9852511,33.5307442],[5.985293,33.5307533]]},"properties":{"highway":"primary","maxspeed":"50"}},{"type":"Feature","geometry":{"type":"LineString","coordinates":[[5.9882516,33.5262505],[5.9882053,33.5263383],[5.9881644,33.5263859],[5.9881157,33.5264378],[5.9876076,33.5269733]]},"properties":{"highway":"secondary","maxspeed":"50"}},{"type":"Feature","geometry":{"type":"LineString","coordinates":[[5.9852082,33.5307489],[5.9853046,33.5303962],[5.9853979,33.5298396],[5.9854853,33.5293223],[5.9855197,33.5291975],[5.9855551,33.5291035],[5.9856127,33.5289771],[5.9858126,33.5287499],[5.9858757,33.528686],[5.9865032,33.5280201],[5.98688,33.5276214],[5.9874695,33.5269977]]},"properties":{"highway":"secondary","maxspeed":"50"}},{"type":"Feature","geometry":{"type":"LineString","coordinates":[[5.9857947,33.5310356],[5.9857149,33.5310296],[5.985678,33.5310248],[5.9856384,33.5310176],[5.9854619,33.53097],[5.9854264,33.5309572],[5.9853937,33.530941],[5.9853261,33.5309029]]},"properties":{"highway":"primary","maxspeed":"50","ref":"RN 123"}},{"type":"Feature","geometry":{"type":"LineString","coordinates":[[5.9853564,33.5308484],[5.985435,33.5308999],[5.9854585,33.5309129],[5.9854861,33.5309231],[5.9856706,33.5309818],[5.9856991,33.530993],[5.9857316,33.5310061],[5.9857947,33.5310356]]},"properties":{"highway":"primary","maxspeed":"50","ref":"RN 123"}},{"type":"Feature","geometry":{"type":"LineString","coordinates":[[5.9851402,33.5308749],[5.9851087,33.5308447],[5.9850731,33.5308177],[5.9850365,33.5307959],[5.9849971,33.5307775],[5.9849555,33.530763],[5.984367,33.5305654],[5.984323,33.5305516],[5.9842785,33.530539],[5.984226,33.5305259],[5.9841733,33.5305134],[5.9838689,33.5304412],[5.9838289,33.53043],[5.9837796,33.5304152],[5.9837308,33.5303992],[5.9836826,33.5303822],[5.982712,33.5300517],[5.9816477,33.5296889],[5.9810522,33.5294858],[5.9798921,33.5290849],[5.9794981,33.5289488],[5.9794271,33.5289187],[5.9793621,33.5288857],[5.9792981,33.5288516],[5.979182,33.5287845],[5.9791273,33.5287543],[5.9790906,33.5287352],[5.9790529,33.5287177],[5.9788902,33.5286402],[5.9788014,33.5285989],[5.9787133,33.5285636],[5.9784415,33.528454],[5.9782709,33.5283848],[5.978101,33.5283146],[5.9779316,33.5282433],[5.9773296,33.5279902],[5.9772144,33.5279395],[5.9771016,33.5278851],[5.976964,33.5278118],[5.9768307,33.527733],[5.9765788,33.5275793],[5.9764489,33.5275016],[5.9763173,33.5274259],[5.9761841,33.5273521],[5.9750542,33.5267552],[5.9749686,33.5267084],[5.9748801,33.5266611],[5.9746432,33.5265229],[5.9736031,33.5259196],[5.9735796,33.5259067],[5.9735543,33.5258965],[5.9735276,33.5258891],[5.9734999,33.5258847],[5.9734718,33.5258836],[5.9734354,33.5258784],[5.9734017,33.5258658],[5.9733727,33.5258466],[5.9733504,33.5258221],[5.973314,33.5257665],[5.9732923,33.5257395],[5.9732687,33.5257174],[5.9714979,33.524639],[5.9708066,33.52423],[5.970456,33.5240237],[5.9699428,33.523701],[5.9688638,33.5230482],[5.9681819,33.5226439],[5.9678359,33.5224371],[5.9675141,33.5222459],[5.9669555,33.5219243],[5.9656446,33.5211316],[5.9646212,33.5205126],[5.9630412,33.5195727],[5.9627769,33.5194197],[5.9625098,33.5192701],[5.9622399,33.519124],[5.9619673,33.5189814],[5.9616964,33.5188369],[5.9614746,33.5187222],[5.9612515,33.5186093],[5.960337,33.5181463],[5.9600913,33.5180246],[5.9598431,33.5179067],[5.9595922,33.5177925],[5.9593336,33.5176871],[5.9590679,33.5175862],[5.9587988,33.5174918],[5.9585265,33.5174042],[5.9582512,33.5173232],[5.9580726,33.5172742],[5.9578933,33.5172273],[5.9577132,33.5171824],[5.9575324,33.5171396],[5.9570436,33.5170384],[5.9568927,33.5170085],[5.9567448,33.5169875],[5.9565961,33.5169711],[5.9564468,33.5169592],[5.9562971,33.5169518],[5.9560315,33.5169462],[5.9558362,33.5169439],[5.9556409,33.5169466],[5.9554457,33.5169543],[5.955251,33.5169671],[5.9550568,33.5169849],[5.9548634,33.5170077],[5.9541561,33.5170997],[5.9539121,33.5171314],[5.9536926,33.5171588],[5.9528625,33.517266],[5.9525929,33.5173012],[5.9523853,33.517326],[5.9501193,33.5175661],[5.9500305,33.5175778],[5.9499422,33.5175917],[5.9497311,33.5176305],[5.9495978,33.5176503],[5.9494635,33.5176652],[5.9493286,33.5176749],[5.9491932,33.5176797],[5.9489545,33.5176827]]},"properties":{"highway":"primary","maxspeed":"50","ref":"RN 123"}},{"type":"Feature","geometry":{"type":"LineString","coordinates":[[5.9489545,33.5176827],[5.9491383,33.5176428],[5.9491835,33.5176322],[5.9492274,33.5176199],[5.949331,33.5175917],[5.9494526,33.5175655],[5.9495766,33.5175488],[5.9497019,33.5175416],[5.9498143,33.5175392],[5.9498752,33.5175349],[5.9499333,33.5175286],[5.9516777,33.5173394],[5.952377,33.5172643],[5.9525836,33.5172391],[5.9528591,33.5172011],[5.9533357,33.5171353],[5.9536855,33.5170931],[5.9539105,33.517065],[5.9541532,33.5170344],[5.9548629,33.5169451],[5.9550614,33.5169204],[5.9552609,33.5169011],[5.955461,33.5168873],[5.9556615,33.5168788],[5.9558622,33.5168759],[5.956063,33.5168784],[5.9563104,33.5168845],[5.9564675,33.5168916],[5.9566241,33.5169042],[5.9567799,33.5169223],[5.9569347,33.5169459],[5.9570881,33.516975],[5.9575642,33.5170785],[5.9577461,33.517118],[5.9579265,33.5171622],[5.9581054,33.5172105],[5.9582827,33.5172626],[5.9585578,33.5173417],[5.9588288,33.5174302],[5.9590967,33.5175251],[5.9593612,33.5176262],[5.9596222,33.5177335],[5.9598909,33.5178527],[5.9601563,33.5179768],[5.960419,33.5181048],[5.9612943,33.5185523],[5.9615507,33.5186834],[5.9618072,33.5188144],[5.9620615,33.5189484],[5.9623135,33.5190853],[5.9625632,33.5192251],[5.962819,33.5193713],[5.9630867,33.5195259],[5.9646677,33.5204587],[5.9670058,33.5218614],[5.9675706,33.5221939],[5.9678818,33.5223827],[5.9682277,33.5225916],[5.9699921,33.5236498],[5.9708586,33.5241744],[5.9715458,33.5245877],[5.971973,33.5248493],[5.9723419,33.5250724],[5.9728548,33.5253802],[5.9734186,33.525713],[5.9734851,33.5257518],[5.9735433,33.5257858],[5.9745161,33.5263698],[5.974687,33.5264697],[5.974927,33.5266078],[5.9750229,33.5266615],[5.9751268,33.5267168],[5.9756088,33.5269698],[5.9762306,33.5273013],[5.9763727,33.5273775],[5.9765134,33.5274555],[5.9766528,33.5275352],[5.9768955,33.5276616],[5.9770384,33.5277354],[5.9771698,33.5278003],[5.9772941,33.5278583],[5.9774061,33.5279085],[5.9779714,33.5281768],[5.9781416,33.5282531],[5.9783143,33.5283255],[5.9784892,33.5283939],[5.9790539,33.5286252],[5.9790997,33.5286417],[5.9791481,33.5286568],[5.9792352,33.5286856],[5.9793705,33.5287298],[5.9794107,33.5287445],[5.9794612,33.5287637],[5.9795193,33.5287879],[5.9796649,33.5288545],[5.9797148,33.5288773],[5.9797771,33.5289019],[5.981115,33.5293646],[5.9812869,33.5294246],[5.9827653,33.5299406],[5.9834012,33.530159],[5.9843157,33.5304731],[5.9850074,33.5307107],[5.9850628,33.5307298],[5.9851188,33.5307474],[5.9851756,33.5307634]]},"properties":{"highway":"primary","maxspeed":"50","ref":"RN 123"}},{"type":"Feature","geometry":{"type":"LineString","coordinates":[[5.3892572,34.5852],[5.3905858,34.5832096],[5.3922953,34.580617],[5.3927668,34.5799541],[5.3931108,34.5793937],[5.3933796,34.5789973],[5.393473,34.5788515],[5.3938717,34.5782911],[5.3940311,34.5780269],[5.3942567,34.5777079],[5.3946576,34.5770974],[5.3947829,34.5769289],[5.3949856,34.5766487],[5.3951565,34.5763913],[5.3954412,34.5759288],[5.3956098,34.5756987],[5.3957829,34.5754254],[5.3959606,34.5751361],[5.3962021,34.5747921],[5.3963889,34.5745279],[5.3966075,34.5742044],[5.39689,34.5737738],[5.39707,34.5735005],[5.397414,34.5730267],[5.3976828,34.5726121],[5.3980267,34.5721063],[5.3980974,34.571997],[5.3983548,34.5716075],[5.3984801,34.5714229],[5.3985849,34.5712521],[5.3987238,34.5710539],[5.3992865,34.5702293],[5.399897,34.5693226],[5.4003503,34.5686529],[5.4005576,34.5683157],[5.4007945,34.5679854],[5.401405,34.5670492],[5.4021978,34.5658236],[5.4024916,34.5653976],[5.4027855,34.5649853],[5.4032616,34.564204],[5.4039723,34.5631925],[5.4046033,34.5622426],[5.4048835,34.5618212],[5.4054462,34.5609943],[5.4056353,34.5606662],[5.4064553,34.5594908],[5.4069406,34.5587094],[5.4074167,34.5580442],[5.4077675,34.5575157],[5.4080887,34.5570396],[5.4085466,34.5563357],[5.4087288,34.5560874],[5.4092254,34.5553516],[5.4097516,34.5544928],[5.4101275,34.5539689],[5.4103234,34.5537457],[5.4105421,34.5533561],[5.4108929,34.5527707],[5.4109658,34.5526704],[5.4114761,34.5519028],[5.4118884,34.551274],[5.4124009,34.5505337],[5.4127563,34.5500393],[5.4129932,34.5496202],[5.4131618,34.5493924],[5.4135878,34.5487363],[5.4138611,34.5483103],[5.4143327,34.5476566],[5.4145217,34.5473217],[5.4150639,34.5465016],[5.4152735,34.5462009],[5.4154466,34.5459617],[5.4160184,34.5451189],[5.4169159,34.5437748],[5.4175948,34.5427907],[5.4181597,34.5419752],[5.4187588,34.54108],[5.4190527,34.540638],[5.4197999,34.5395173],[5.4200208,34.5391801],[5.4206063,34.5382803],[5.4209457,34.5377814],[5.4218296,34.5364944],[5.4229002,34.5348155],[5.4272888,34.5282651],[5.4311067,34.5224812],[5.43174,34.5215472],[5.4334121,34.5190369],[5.4347789,34.5169958],[5.4364236,34.5144353],[5.4377175,34.5125036],[5.4382187,34.5117382],[5.4395946,34.5096834],[5.4406288,34.508107],[5.4415172,34.5067721],[5.4427838,34.5048632],[5.4431346,34.5043301],[5.4443556,34.5024622],[5.4446745,34.5020066],[5.445244,34.501191],[5.4457907,34.5003846],[5.4461233,34.4998242],[5.4466336,34.4990725],[5.4475266,34.4977102],[5.4482737,34.4965895],[5.4486382,34.4960336],[5.4498137,34.4942431],[5.4504971,34.493218],[5.4512944,34.4920562],[5.4524835,34.4902931],[5.4526885,34.489965],[5.4536453,34.4885253],[5.4553823,34.4859637],[5.4572274,34.4831481],[5.4584624,34.4812173],[5.4595191,34.4796446],[5.4613142,34.4768791],[5.4623074,34.4754029],[5.4641298,34.4726784],[5.4708328,34.4624491],[5.4722452,34.4603943],[5.4737988,34.4580434],[5.47553,34.4554374],[5.4770745,34.4530683],[5.4791794,34.4499018],[5.4806601,34.447674],[5.4822775,34.4451864],[5.4837035,34.4431134],[5.485166,34.4409174],[5.4860225,34.4395871],[5.487321,34.4376371],[5.4890295,34.4351586],[5.4903006,34.4332588],[5.4915125,34.4314546],[5.492,34.4307028],[5.4931709,34.4288896],[5.4939545,34.4277278],[5.4951801,34.4259099],[5.4957496,34.4251172],[5.4968066,34.4235089],[5.4974171,34.4225157],[5.4978909,34.4218915],[5.4983738,34.4213038],[5.4988203,34.4206113],[5.4990122,34.4202428]]},"properties":{"highway":"tertiary"}},{"type":"Feature","geometry":{"type":"LineString","coordinates":[[5.920533,34.2654681],[5.9206131,34.2667845],[5.9206075,34.2668657],[5.9204975,34.2684507],[5.920308,34.2695627]]},"properties":{"highway":"primary","maxspeed":"50","ref":"RN 3"}},{"type":"Feature","geometry":{"type":"LineString","coordinates":[[6.4341478,33.7051016],[6.434038,33.7053251],[6.4340346,33.7054192],[6.4340579,33.7055029]]},"properties":{"highway":"primary_link"}},{"type":"Feature","geometry":{"type":"LineString","coordinates":[[6.432954,33.7050847],[6.4331813,33.7051142],[6.4334008,33.7050904],[6.4338301,33.7049793]]},"properties":{"highway":"primary_link"}},{"type":"Feature","geometry":{"type":"LineString","coordinates":[[6.4335264,33.7053095],[6.4336443,33.7051423],[6.4338301,33.7049793],[6.4346192,33.7047178],[6.4354742,33.7044521]]},"properties":{"highway":"tertiary"}},{"type":"Feature","geometry":{"type":"LineString","coordinates":[[6.4354742,33.7044521],[6.434653,33.7048064],[6.4342863,33.7050144],[6.4341478,33.7051016],[6.4339771,33.7052323],[6.43377,33.7053986]]},"properties":{"highway":"tertiary"}},{"type":"Feature","geometry":{"type":"LineString","coordinates":[[5.9844897,33.476026],[5.9846636,33.4759844],[5.9847313,33.4759429],[5.9847779,33.4758996],[5.9848045,33.4758306],[5.984817,33.4757616]]},"properties":{"highway":"tertiary"}},{"type":"Feature","geometry":{"type":"LineString","coordinates":[[5.9888294,33.5494537],[5.9906391,33.5504929],[5.9923962,33.5514067],[5.9943035,33.5524815],[5.9952274,33.5527976],[5.9954289,33.5528666],[5.9955853,33.5529662],[5.9956455,33.5530998],[5.9956989,33.5533403],[5.9955863,33.5541265],[5.9952526,33.555427],[5.995219,33.555558],[5.9951443,33.5557351],[5.995065,33.5559232],[5.9948992,33.5566143],[5.9943778,33.5593032],[5.9940833,33.5605649],[5.9939889,33.5611799],[5.9938738,33.5641742],[5.9938597,33.5643698],[5.9937883,33.5646101],[5.9937092,33.5647143],[5.9936135,33.5648057],[5.9934616,33.5648555]]},"properties":{"highway":"tertiary"}},{"type":"Feature","geometry":{"type":"LineString","coordinates":[[5.9884833,33.5493376],[5.9884771,33.5493401],[5.9884219,33.5493346],[5.9883856,33.5493191],[5.9883574,33.5492945],[5.9883424,33.549269],[5.9883362,33.5492411],[5.9883395,33.5492128],[5.9883566,33.54918],[5.9883861,33.549154],[5.9883986,33.5491468],[5.9884384,33.5491354],[5.9884803,33.5491353],[5.9885198,33.549147],[5.9885523,33.5491689],[5.9885742,33.5491987],[5.9885828,33.5492329],[5.9885806,33.5492565],[5.9885684,33.549285],[5.9885468,33.5493094],[5.9885176,33.5493274],[5.9884833,33.5493376]]},"properties":{"highway":"tertiary"}},{"type":"Feature","geometry":{"type":"LineString","coordinates":[[5.9887017,33.5488531],[5.98865,33.5490071],[5.9886352,33.5490516],[5.9886159,33.549099],[5.9885828,33.5492329]]},"properties":{"highway":"tertiary"}},{"type":"Feature","geometry":{"type":"LineString","coordinates":[[5.9883986,33.5491468],[5.9884796,33.5490772],[5.9885572,33.549005],[5.9886312,33.5489303],[5.9887017,33.5488531]]},"properties":{"highway":"tertiary"}},{"type":"Feature","geometry":{"type":"LineString","coordinates":[[5.9964748,33.5326538],[5.9962622,33.5328628],[5.9959224,33.5331789]]},"properties":{"highway":"primary","maxspeed":"80","ref":"RN 123"}},{"type":"Feature","geometry":{"type":"LineString","coordinates":[[5.9966355,33.5329991],[5.9966421,33.5330666],[5.9966455,33.5331539],[5.9966433,33.5332455],[5.996522,33.5345132],[5.9964859,33.5354917],[5.9964521,33.5366603],[5.9964191,33.536786],[5.9963869,33.5368428],[5.9963397,33.5368906],[5.9962732,33.5369291],[5.9962196,33.5369421],[5.9961445,33.5369461],[5.9960372,33.5369291],[5.9955383,33.5368441]]},"properties":{"name":"طريق اجتنابي نحو بسكرة","highway":"tertiary"}},{"type":"Feature","geometry":{"type":"LineString","coordinates":[[5.9762358,33.5711196],[5.9765777,33.5711863],[5.9766902,33.5712083],[5.9770666,33.5712784],[5.9788696,33.5716597],[5.9810531,33.5721089],[5.9843724,33.5727966],[5.9845025,33.5728169],[5.9847216,33.57286],[5.9853216,33.5729878],[5.9911758,33.5741994],[5.9914465,33.5742929]]},"properties":{"highway":"tertiary"}},{"type":"Feature","geometry":{"type":"LineString","coordinates":[[5.9063091,34.436406],[5.9063651,34.4362061],[5.9064081,34.4360119],[5.9064321,34.4358455],[5.9064569,34.4356262],[5.906475,34.4353832],[5.9064851,34.4348926],[5.9064818,34.4348151],[5.9064749,34.4347377],[5.9064643,34.4346606],[5.90645,34.4345838]]},"properties":{"highway":"primary","maxspeed":"80","ref":"RN 3"}},{"type":"Feature","geometry":{"type":"LineString","coordinates":[[5.9065924,34.4323533],[5.906632,34.4330309],[5.9066044,34.4337626],[5.9065973,34.433891],[5.9066011,34.4339912],[5.9066105,34.4340824],[5.9066226,34.4341742],[5.906634,34.4342351],[5.9066458,34.4342878],[5.9066618,34.434348]]},"properties":{"highway":"primary","maxspeed":"80","ref":"RN 3"}},{"type":"Feature","geometry":{"type":"LineString","coordinates":[[5.9066676,34.4346041],[5.9066513,34.4346516],[5.9066373,34.4346994],[5.9066255,34.4347477],[5.9066162,34.4347963],[5.9066092,34.4348452],[5.9066046,34.4348943],[5.9065778,34.4353991],[5.9065622,34.4356387],[5.9065301,34.435859],[5.9065068,34.4360331],[5.9064595,34.4362213],[5.9063907,34.4364326]]},"properties":{"highway":"primary","maxspeed":"80","ref":"RN 3"}},{"type":"Feature","geometry":{"type":"LineString","coordinates":[[5.9067286,34.4344012],[5.9068302,34.4344586],[5.9069268,34.4345215],[5.907018,34.4345898],[5.9071033,34.434663]]},"properties":{"highway":"secondary","ref":"CW 9"}},{"type":"Feature","geometry":{"type":"LineString","coordinates":[[5.9064458,34.4343745],[5.906465,34.4342859],[5.9064777,34.4342074],[5.9064938,34.4340979],[5.9065019,34.433984],[5.9065086,34.4338866],[5.9065107,34.4337426],[5.9065325,34.4330259],[5.9065924,34.4323533]]},"properties":{"highway":"primary","maxspeed":"80","ref":"RN 3"}},{"type":"Feature","geometry":{"type":"LineString","coordinates":[[5.8626967,34.2158773],[5.8625029,34.2157858],[5.8623943,34.215727],[5.8623219,34.2156815],[5.8621462,34.2155717],[5.8602623,34.2139921],[5.8572797,34.2115688],[5.8540203,34.2088825],[5.8513104,34.2066556],[5.8485424,34.2043573],[5.8479417,34.2039291],[5.8474715,34.203642],[5.8470232,34.2034456],[5.8463511,34.2032098],[5.8450716,34.2028295],[5.8444381,34.2026445]]},"properties":{"highway":"trunk","maxspeed":"80","ref":"RN 3"}},{"type":"Feature","geometry":{"type":"LineString","coordinates":[[5.9142607,34.2380698],[5.914819,34.2386484],[5.9151596,34.2390786]]},"properties":{"highway":"trunk","maxspeed":"60","ref":"RN 3"}},{"type":"Feature","geometry":{"type":"LineString","coordinates":[[5.9151596,34.2390786],[5.9149481,34.2390057]]},"properties":{"highway":"primary","maxspeed":"20","ref":"RN 3"}},{"type":"Feature","geometry":{"type":"LineString","coordinates":[[5.9151596,34.2390786],[5.9152323,34.2389758],[5.9153385,34.2389407],[5.9155018,34.2389206]]},"properties":{"highway":"primary","maxspeed":"30","ref":"RN 48"}},{"type":"Feature","geometry":{"type":"LineString","coordinates":[[5.9151596,34.2390786],[5.9153718,34.2393755],[5.9154424,34.2394596],[5.9157449,34.2399731],[5.916153,34.2408502]]},"properties":{"highway":"primary","maxspeed":"60","ref":"RN 3"}},{"type":"Feature","geometry":{"type":"LineString","coordinates":[[5.9149481,34.2390057],[5.9145141,34.2384784],[5.9144274,34.2383731],[5.9141792,34.2381369]]},"properties":{"highway":"trunk","maxspeed":"60","ref":"RN 3"}},{"type":"Feature","geometry":{"type":"LineString","coordinates":[[5.8059245,34.1531133],[5.8058779,34.1534634],[5.8057062,34.1541907]]},"properties":{"highway":"trunk_link","maxspeed":"80"}},{"type":"Feature","geometry":{"type":"LineString","coordinates":[[5.8060614,34.1544618],[5.8057775,34.1545636],[5.8056837,34.1546189],[5.8055443,34.1547487]]},"properties":{"highway":"secondary_link"}},{"type":"Feature","geometry":{"type":"LineString","coordinates":[[5.8060614,34.1544618],[5.8142049,34.1538379],[5.8151001,34.1537647],[5.8152962,34.1537463],[5.8167036,34.1536284],[5.8180372,34.1535166],[5.8183343,34.1534838],[5.8195746,34.153386],[5.8212851,34.1532571],[5.8218476,34.1532141],[5.822384,34.1531731],[5.8229531,34.1531209],[5.8233716,34.1530892],[5.8239239,34.1530491],[5.8245042,34.1530051],[5.8268487,34.1528167]]},"properties":{"name":"نهج الشهيد صماري ابراهيم","highway":"secondary","maxspeed":"50","ref":"CW 300"}},{"type":"Feature","geometry":{"type":"LineString","coordinates":[[5.8169336,34.1248037],[5.8168108,34.1249362],[5.8167255,34.1250956],[5.8161133,34.1263231],[5.8111149,34.1363633],[5.8102892,34.1380395],[5.809523,34.1396019],[5.8092496,34.1403557],[5.8088942,34.1416896],[5.8059245,34.1531133],[5.8058185,34.1534882],[5.8055479,34.1544987]]},"properties":{"highway":"trunk","maxspeed":"80","ref":"RN 3"}},{"type":"Feature","geometry":{"type":"LineString","coordinates":[[5.8056131,34.1545076],[5.8060614,34.1544618]]},"properties":{"highway":"secondary","ref":"CW 300"}},{"type":"Feature","geometry":{"type":"LineString","coordinates":[[5.8056131,34.1545076],[5.8055443,34.1547487],[5.8054245,34.1552135],[5.8052994,34.1555869],[5.8052056,34.1558555]]},"properties":{"highway":"trunk_link","maxspeed":"80"}},{"type":"Feature","geometry":{"type":"LineString","coordinates":[[5.8057062,34.1541907],[5.8056131,34.1545076]]},"properties":{"highway":"trunk_link","maxspeed":"80"}},{"type":"Feature","geometry":{"type":"LineString","coordinates":[[5.8189257,34.1206997],[5.8180464,34.1224859],[5.8178542,34.1228911]]},"properties":{"highway":"trunk","maxspeed":"80","ref":"RN 3"}},{"type":"Feature","geometry":{"type":"LineString","coordinates":[[5.8180803,34.1235177],[5.8179351,34.1232737],[5.8178657,34.1232014],[5.8178018,34.1231686],[5.8177043,34.1231528]]},"properties":{"highway":"trunk_link","maxspeed":"30","ref":"CW 300"}},{"type":"Feature","geometry":{"type":"LineString","coordinates":[[5.8180803,34.1235177],[5.818122,34.1236513],[5.8183653,34.1243123],[5.8186288,34.1248664],[5.8191559,34.12591],[5.8191996,34.1259945],[5.8197119,34.1268975],[5.8200306,34.1274155],[5.8209933,34.1290066],[5.8215799,34.1298659],[5.8228989,34.1318677],[5.8233213,34.1325892],[5.8235942,34.133277],[5.8239387,34.1343828],[5.8245494,34.1365661],[5.8248801,34.137825],[5.8251853,34.1389831],[5.8256958,34.1408305],[5.8260689,34.142092],[5.8264299,34.1434925],[5.8265256,34.1439581]]},"properties":{"highway":"tertiary","maxspeed":"70","ref":"CC 930"}},{"type":"Feature","geometry":{"type":"LineString","coordinates":[[5.8177043,34.1231528],[5.8170779,34.1243983],[5.817034,34.1245066],[5.8170318,34.1246394]]},"properties":{"highway":"trunk","maxspeed":"80","ref":"RN 3"}},{"type":"Feature","geometry":{"type":"LineString","coordinates":[[5.8178542,34.1228911],[5.8177043,34.1231528]]},"properties":{"highway":"trunk","maxspeed":"80","ref":"RN 3"}},{"type":"Feature","geometry":{"type":"LineString","coordinates":[[5.8178542,34.1228911],[5.8180803,34.1235177]]},"properties":{"highway":"tertiary","maxspeed":"70"}},{"type":"Feature","geometry":{"type":"LineString","coordinates":[[5.9101049,33.9524513],[5.9095455,33.9520484],[5.9095019,33.9520272],[5.9094566,33.9520122],[5.9094102,33.9520005],[5.9091224,33.9519574],[5.9090758,33.9519471],[5.9090312,33.951933],[5.908943,33.9519011]]},"properties":{"highway":"secondary","maxspeed":"30"}},{"type":"Feature","geometry":{"type":"LineString","coordinates":[[5.909113,33.9515774],[5.9091411,33.9516367],[5.9091428,33.9516436],[5.9091464,33.951711],[5.9091251,33.9517761],[5.9090811,33.9518329],[5.9090185,33.9518759],[5.908943,33.9519011],[5.9089093,33.9519058],[5.9088369,33.9519037],[5.9087679,33.9518854],[5.9087074,33.9518522],[5.90866,33.9518068],[5.9086268,33.951746],[5.9086172,33.9516797],[5.9086319,33.9516141],[5.9086571,33.9515704],[5.9086933,33.9515323],[5.9087386,33.9515017],[5.9087789,33.951484],[5.9088533,33.9514679],[5.9089301,33.9514701],[5.9090029,33.9514905],[5.9090656,33.9515273],[5.909113,33.9515774]]},"properties":{"highway":"primary","maxspeed":"30"}},{"type":"Feature","geometry":{"type":"LineString","coordinates":[[5.9093849,33.9515062],[5.9094204,33.9516347],[5.9094529,33.9517288],[5.9094938,33.9518206],[5.9095521,33.9519197]]},"properties":{"highway":"primary_link","maxspeed":"30"}},{"type":"Feature","geometry":{"type":"LineString","coordinates":[[5.9160883,33.9457875],[5.9158974,33.9456534]]},"properties":{"highway":"secondary","maxspeed":"30"}},{"type":"Feature","geometry":{"type":"LineString","coordinates":[[5.9184167,33.9433099],[5.9182926,33.9434309]]},"properties":{"highway":"primary","maxspeed":"50","ref":"RN 3"}},{"type":"Feature","geometry":{"type":"LineString","coordinates":[[5.9184167,33.9433099],[5.9185906,33.9433344],[5.9187838,33.9433537],[5.9189612,33.9433584],[5.9191778,33.9433396],[5.9200113,33.9432181],[5.9203929,33.9431625],[5.92048,33.9431498],[5.9208215,33.9431117],[5.9212429,33.9430447],[5.9216666,33.9429773],[5.9218825,33.9429737],[5.9220232,33.9429713],[5.9222561,33.9430256],[5.9225281,33.9431028],[5.9227854,33.9431272],[5.9229971,33.9431733],[5.923137,33.9432581],[5.9231949,33.9433576],[5.9232313,33.9434361],[5.9233095,33.9438473],[5.9233241,33.9439239],[5.9234455,33.9445619],[5.9235928,33.9453363],[5.9237866,33.9463547],[5.9242283,33.9486763],[5.924427,33.9497619],[5.9245038,33.9501816]]},"properties":{"highway":"secondary","maxspeed":"50"}},{"type":"Feature","geometry":{"type":"LineString","coordinates":[[5.9178514,33.9432535],[5.9179125,33.9432137],[5.9179852,33.9431908],[5.9180628,33.9431871],[5.918124,33.9431982],[5.9181801,33.9432213],[5.9182278,33.943255],[5.9182428,33.9432699],[5.9182767,33.9433192],[5.9182937,33.9433742],[5.9182926,33.9434309],[5.9182693,33.9434927],[5.9182248,33.9435459],[5.918163,33.9435854],[5.9180895,33.9436079],[5.9180118,33.9436109],[5.9179367,33.9435945],[5.9178709,33.9435602],[5.9178205,33.9435112],[5.91779,33.9434519],[5.9177824,33.9433878],[5.9177982,33.9433246],[5.9178205,33.9432869],[5.9178514,33.9432535]]},"properties":{"highway":"primary","maxspeed":"30"}},{"type":"Feature","geometry":{"type":"LineString","coordinates":[[5.918152,33.9431605],[5.9182698,33.9431237]]},"properties":{"highway":"primary","maxspeed":"50","ref":"RN 3"}},{"type":"Feature","geometry":{"type":"LineString","coordinates":[[5.9182698,33.9431237],[5.918313,33.9431057],[5.9183552,33.9430817],[5.9184135,33.9430393],[5.9186316,33.9428409],[5.9187127,33.9427671],[5.9196065,33.941954],[5.9197989,33.9417634],[5.9199552,33.9415803],[5.9204715,33.9409339],[5.9206147,33.9407226],[5.9210104,33.9400689],[5.9211113,33.9398787],[5.9211326,33.9398319],[5.9211474,33.9397852],[5.9211757,33.9396784]]},"properties":{"highway":"primary","maxspeed":"50","ref":"RN 3"}},{"type":"Feature","geometry":{"type":"LineString","coordinates":[[5.921415,33.9397548],[5.9213308,33.9398707],[5.9211563,33.9401496],[5.9207531,33.9407959],[5.9205895,33.9410351],[5.9200807,33.941687],[5.9199075,33.9418741],[5.9197339,33.9420475],[5.9190862,33.9426616],[5.9189531,33.9427873],[5.9188542,33.9428807],[5.9187255,33.9430049],[5.9184167,33.9433099]]},"properties":{"highway":"primary","maxspeed":"50","ref":"RN 3"}},{"type":"Feature","geometry":{"type":"LineString","coordinates":[[5.921256,33.9394649],[5.9213291,33.9393607],[5.9213546,33.9393168],[5.9213841,33.9392599],[5.9215015,33.9389666],[5.9216181,33.9386118],[5.9217898,33.9379821],[5.9218161,33.9378187],[5.9218683,33.9374948],[5.9219132,33.9371532],[5.9219603,33.9367582],[5.9219745,33.9366754],[5.9220654,33.9347015],[5.9222209,33.9325529]]},"properties":{"highway":"primary","maxspeed":"50","ref":"RN 3"}},{"type":"Feature","geometry":{"type":"LineString","coordinates":[[5.9218031,33.939804],[5.921734,33.9397779],[5.9216611,33.9397485],[5.9215899,33.9397162],[5.9215173,33.9396797]]},"properties":{"highway":"secondary","maxspeed":"30"}},{"type":"Feature","geometry":{"type":"LineString","coordinates":[[5.9218031,33.939804],[5.9216832,33.9397908],[5.9216042,33.9397925],[5.9215165,33.9398063],[5.9214276,33.9398317],[5.9213308,33.9398707]]},"properties":{"highway":"primary_link","maxspeed":"30"}},{"type":"Feature","geometry":{"type":"LineString","coordinates":[[5.9215468,33.9394422],[5.9215227,33.9395407]]},"properties":{"highway":"primary","maxspeed":"50","ref":"RN 3"}},{"type":"Feature","geometry":{"type":"LineString","coordinates":[[5.8998314,33.9523967],[5.899856,33.9507912],[5.8998806,33.9503867],[5.899915,33.9501901],[5.9000146,33.949928],[5.9001381,33.9497238],[5.9002768,33.949531],[5.9005459,33.949259],[5.9011817,33.9486835],[5.9023062,33.9476956],[5.9031233,33.9469523],[5.9040888,33.9460843],[5.9041659,33.9460149],[5.9042704,33.945921],[5.9056084,33.9447311],[5.9059484,33.9444215],[5.9063293,33.9440746],[5.9076042,33.9429528],[5.909156,33.9415531],[5.9094896,33.9412586],[5.9095669,33.9411903],[5.910331,33.9405157],[5.9122995,33.9386841],[5.9132457,33.9378365],[5.9142394,33.9369235],[5.9142643,33.9369093],[5.9142928,33.9369009],[5.9143228,33.9368989],[5.9143526,33.9369033],[5.9159617,33.9375707]]},"properties":{"highway":"secondary"}},{"type":"Feature","geometry":{"type":"LineString","coordinates":[[5.9169324,33.9378884],[5.9169748,33.937923],[5.9170203,33.9379548],[5.9170686,33.9379836],[5.9171194,33.9380094],[5.9176149,33.9382256],[5.9177678,33.9382942],[5.9179254,33.938355],[5.9180871,33.9384078],[5.9182697,33.9384566],[5.9184558,33.9384952],[5.9186445,33.9385235],[5.9188352,33.9385413],[5.9194508,33.9385818],[5.9195509,33.9385937],[5.9196486,33.9386154],[5.9197424,33.9386466],[5.9198312,33.9386868],[5.9208374,33.9393318],[5.9209111,33.9393707],[5.920988,33.9394051],[5.9210677,33.9394347],[5.9211498,33.9394594],[5.9212323,33.9394774]]},"properties":{"highway":"secondary"}},{"type":"Feature","geometry":{"type":"LineString","coordinates":[[5.9213786,33.9394482],[5.9214382,33.9394651],[5.921488,33.9394971],[5.9215227,33.9395407],[5.9215316,33.939561],[5.9215392,33.9396011],[5.9215343,33.9396416],[5.9215173,33.9396797],[5.9214909,33.9397114],[5.9214561,33.939737],[5.921415,33.9397548],[5.9213697,33.9397641],[5.921323,33.9397639],[5.9212778,33.9397545],[5.9212366,33.9397363],[5.9212019,33.9397105],[5.9211757,33.9396784],[5.9211692,33.9396666],[5.9211549,33.9396153],[5.9211615,33.939563],[5.9211883,33.9395153],[5.9212323,33.9394774],[5.921256,33.9394649],[5.9213156,33.9394481],[5.9213786,33.9394482]]},"properties":{"highway":"primary","maxspeed":"50"}},{"type":"Feature","geometry":{"type":"LineString","coordinates":[[5.9311191,33.8546857],[5.9312003,33.8546366],[5.9313404,33.8545488]]},"properties":{"highway":"tertiary"}},{"type":"Feature","geometry":{"type":"LineString","coordinates":[[5.9309105,33.854756],[5.9310675,33.8547199]]},"properties":{"highway":"tertiary"}},{"type":"Feature","geometry":{"type":"LineString","coordinates":[[5.9313404,33.8545488],[5.9316199,33.8540639],[5.9318554,33.8537106],[5.9320684,33.8533911],[5.9324373,33.8528243],[5.9329478,33.8522138],[5.9330144,33.852134],[5.9334213,33.8518071],[5.9339168,33.8514088],[5.934128,33.8509793],[5.934269,33.8506034],[5.9343832,33.8503028],[5.9345321,33.8498982]]},"properties":{"highway":"tertiary"}},{"type":"Feature","geometry":{"type":"LineString","coordinates":[[5.9310619,33.8548023],[5.9309105,33.854756]]},"properties":{"highway":"tertiary"}},{"type":"Feature","geometry":{"type":"LineString","coordinates":[[5.9313404,33.8545488],[5.9312503,33.8547395]]},"properties":{"highway":"tertiary"}},{"type":"Feature","geometry":{"type":"LineString","coordinates":[[5.9311717,33.8548484],[5.93114,33.854849],[5.9311096,33.8548415],[5.9310817,33.8548253],[5.9310619,33.8548023],[5.9310523,33.8547748],[5.9310542,33.8547463],[5.9310675,33.8547199],[5.9310898,33.8546992],[5.9311191,33.8546857],[5.9311511,33.8546807],[5.9311833,33.8546845],[5.9312125,33.8546964],[5.9312356,33.8547154],[5.9312503,33.8547395],[5.931255,33.8547605],[5.9312532,33.8547818],[5.931245,33.8548021],[5.9312269,33.8548237],[5.9312016,33.8548397],[5.9311717,33.8548484]]},"properties":{"highway":"tertiary","maxspeed":"30"}},{"type":"Feature","geometry":{"type":"LineString","coordinates":[[5.9290816,33.851399],[5.9289505,33.852015],[5.9288741,33.8525256],[5.9287764,33.8532504],[5.9286234,33.8546094],[5.9284329,33.8560934],[5.9281272,33.8588887],[5.9280655,33.8595965],[5.9279501,33.8604456],[5.9279389,33.8605869],[5.9250802,33.8965436],[5.9224597,33.9325129],[5.9223685,33.9338025],[5.9222579,33.9356749]]},"properties":{"highway":"primary","maxspeed":"80","ref":"RN 3"}},{"type":"Feature","geometry":{"type":"LineString","coordinates":[[5.9344813,33.8304993],[5.9329049,33.8361012],[5.9295208,33.8483361],[5.9293717,33.8489108],[5.9292536,33.8494975],[5.9292275,33.849711],[5.9292031,33.8499]]},"properties":{"highway":"primary","maxspeed":"80","ref":"RN 3"}},{"type":"Feature","geometry":{"type":"LineString","coordinates":[[5.9292031,33.8499],[5.9291598,33.8502724],[5.9291423,33.8504497],[5.9291115,33.851056]]},"properties":{"highway":"primary","maxspeed":"80","ref":"RN 3"}},{"type":"Feature","geometry":{"type":"LineString","coordinates":[[5.9294136,33.8513678],[5.929344,33.85137]]},"properties":{"highway":"secondary"}},{"type":"Feature","geometry":{"type":"LineString","coordinates":[[5.929344,33.85137],[5.9291761,33.8513716],[5.9291065,33.85137]]},"properties":{"highway":"secondary"}},{"type":"Feature","geometry":{"type":"LineString","coordinates":[[5.9294525,33.8513856],[5.9294136,33.8513678]]},"properties":{"highway":"secondary","maxspeed":"60"}},{"type":"Feature","geometry":{"type":"LineString","coordinates":[[5.9293375,33.8513268],[5.9294136,33.8513678]]},"properties":{"highway":"secondary"}},{"type":"Feature","geometry":{"type":"LineString","coordinates":[[5.9288713,33.8515792],[5.9288525,33.8513431]]},"properties":{"highway":"primary","maxspeed":"80","ref":"RN 3"}},{"type":"Feature","geometry":{"type":"LineString","coordinates":[[5.9287542,33.8524981],[5.9288037,33.8521864],[5.9288274,33.852019],[5.9288713,33.8515792]]},"properties":{"highway":"primary","maxspeed":"80","ref":"RN 3"}},{"type":"Feature","geometry":{"type":"LineString","coordinates":[[5.9289419,33.8508421],[5.9289747,33.8506338],[5.9290043,33.8504184],[5.9290471,33.8501861],[5.9290807,33.8498987],[5.9291142,33.8495757],[5.9292363,33.8489732],[5.9295273,33.8478438],[5.9298706,33.8466074],[5.9301522,33.8455938],[5.9303132,33.8449723],[5.9306297,33.8439164],[5.9308335,33.8431166],[5.9310213,33.8424973],[5.9312573,33.8415772],[5.9317803,33.8398551],[5.932129,33.8384828],[5.9327084,33.8364019],[5.933159,33.8347889],[5.9335238,33.833412],[5.9341246,33.8313845],[5.9346114,33.8295797]]},"properties":{"highway":"primary","maxspeed":"80","ref":"RN 3"}},{"type":"Feature","geometry":{"type":"LineString","coordinates":[[5.9291164,33.8512193],[5.9293375,33.8513268]]},"properties":{"highway":"secondary"}},{"type":"Feature","geometry":{"type":"LineString","coordinates":[[5.9291115,33.851056],[5.9291122,33.8511267],[5.9291053,33.8512043]]},"properties":{"highway":"primary","maxspeed":"80","ref":"RN 3"}},{"type":"Feature","geometry":{"type":"LineString","coordinates":[[5.9346114,33.8295797],[5.9346802,33.829313]]},"properties":{"highway":"primary","maxspeed":"80","ref":"RN 3"}},{"type":"Feature","geometry":{"type":"LineString","coordinates":[[5.9351147,33.8282449],[5.9358319,33.8255704],[5.9372874,33.8204],[5.9383436,33.816553],[5.9384634,33.8160562],[5.9385551,33.8155516],[5.9388288,33.809865],[5.9393598,33.797649],[5.9399466,33.7860476],[5.9400667,33.7834129],[5.9402022,33.7823385],[5.9422148,33.7744272],[5.9439106,33.7674749],[5.9443617,33.7657846],[5.9453094,33.7630153],[5.9500859,33.7485099],[5.951444,33.7443937],[5.9544542,33.7352418],[5.9548814,33.7339565],[5.9549903,33.7332275],[5.9555808,33.7270351],[5.9561339,33.7221479],[5.9583412,33.7084533],[5.9601285,33.6972667],[5.9608004,33.6931677],[5.9609039,33.6923212],[5.9611748,33.6836138],[5.9612949,33.6792991],[5.9616864,33.6685562],[5.962074,33.6559686],[5.9622825,33.6490441],[5.9624503,33.6434731],[5.9627219,33.636988],[5.9627406,33.6366452],[5.9630137,33.6316381],[5.9634981,33.6210694],[5.9640244,33.6100715],[5.9640679,33.6080473],[5.964243,33.6059496],[5.9645395,33.5998059],[5.9645476,33.5986997],[5.9647723,33.597144],[5.9650345,33.5962843],[5.9679692,33.5896763],[5.9728734,33.5787132],[5.9761719,33.5712614],[5.9762358,33.5711196],[5.9766473,33.5701873],[5.9785248,33.5659596],[5.9801905,33.5622408],[5.9802284,33.562155],[5.9814763,33.5593271]]},"properties":{"highway":"primary","maxspeed":"80","ref":"RN 3"}},{"type":"Feature","geometry":{"type":"LineString","coordinates":[[5.9351147,33.8282449],[5.935058,33.8285391],[5.9348653,33.8291808]]},"properties":{"highway":"primary","maxspeed":"80","ref":"RN 3"}},{"type":"Feature","geometry":{"type":"LineString","coordinates":[[5.9348653,33.8291808],[5.9349382,33.8292986],[5.9350118,33.829399],[5.9351041,33.8294661],[5.935234,33.8295465]]},"properties":{"highway":"tertiary"}},{"type":"Feature","geometry":{"type":"LineString","coordinates":[[5.935234,33.8295465],[5.9348062,33.8293962]]},"properties":{"highway":"tertiary"}},{"type":"Feature","geometry":{"type":"LineString","coordinates":[[5.935234,33.8295465],[5.9350521,33.8295306],[5.9349339,33.8295322],[5.9348334,33.8295751],[5.934732,33.8296538]]},"properties":{"highway":"tertiary"}},{"type":"Feature","geometry":{"type":"LineString","coordinates":[[5.9348062,33.8293962],[5.9346802,33.829313]]},"properties":{"highway":"tertiary"}},{"type":"Feature","geometry":{"type":"LineString","coordinates":[[5.9348062,33.8293962],[5.934732,33.8296538],[5.9345852,33.8301563],[5.9344813,33.8304993]]},"properties":{"highway":"primary","maxspeed":"80","ref":"RN 3"}},{"type":"Feature","geometry":{"type":"LineString","coordinates":[[5.9348653,33.8291808],[5.9348062,33.8293962]]},"properties":{"highway":"primary","maxspeed":"80","ref":"RN 3"}},{"type":"Feature","geometry":{"type":"LineString","coordinates":[[5.9346802,33.829313],[5.9350118,33.8285264],[5.9351147,33.8282449]]},"properties":{"highway":"primary","maxspeed":"80","ref":"RN 3"}},{"type":"Feature","geometry":{"type":"LineString","coordinates":[[5.9786136,33.6555472],[5.9787346,33.6555432],[5.9788068,33.6555419],[5.9789014,33.6555443],[5.9789839,33.6555486],[5.9790639,33.6555586]]},"properties":{"highway":"secondary","maxspeed":"30"}},{"type":"Feature","geometry":{"type":"LineString","coordinates":[[5.9792659,33.6555795],[5.9792903,33.6556037],[5.9793052,33.6556327],[5.979309,33.6556657],[5.9793005,33.6556981],[5.9792805,33.6557268],[5.9792508,33.6557489],[5.9792144,33.6557624],[5.9791893,33.6557658],[5.9791499,33.6557628],[5.9791134,33.6557499],[5.9790835,33.6557283],[5.9790646,33.6557035],[5.9790546,33.6556754],[5.9790541,33.6556461],[5.9790633,33.6556177],[5.9790841,33.6555899],[5.9791141,33.6555686],[5.9791438,33.6555575],[5.9791758,33.6555529],[5.9792083,33.6555552],[5.979239,33.6555643],[5.9792659,33.6555795]]},"properties":{"highway":"secondary","maxspeed":"30"}},{"type":"Feature","geometry":{"type":"LineString","coordinates":[[5.9925758,33.574922],[5.9926323,33.5755157],[5.9926347,33.5756392],[5.9926646,33.5764916],[5.9926792,33.5769359],[5.992679,33.5774377],[5.9926855,33.5778395],[5.992677,33.5781024],[5.9926674,33.5783977],[5.9926573,33.5787043],[5.9926362,33.5793587],[5.9926253,33.5796941],[5.9926177,33.5799296],[5.9926112,33.5799777],[5.9924085,33.5814689],[5.9923649,33.5817896],[5.9923557,33.5818576],[5.9922482,33.5825552],[5.9921646,33.5830973],[5.992152,33.5831793],[5.992113,33.5838262]]},"properties":{"highway":"tertiary","maxspeed":"50"}},{"type":"Feature","geometry":{"type":"LineString","coordinates":[[5.9828658,33.5547796],[5.9829195,33.5547956],[5.9829549,33.5548065],[5.9830298,33.554818],[5.9831131,33.5548137],[5.983175,33.5547984],[5.9832161,33.5547816],[5.9832947,33.5547331]]},"properties":{"highway":"primary_link","maxspeed":"30"}},{"type":"Feature","geometry":{"type":"LineString","coordinates":[[5.9832054,33.5550094],[5.9832403,33.5548838],[5.9832947,33.5547331],[5.9847273,33.5511444],[5.9848882,33.5507383],[5.9851723,33.5500208],[5.9854474,33.5492764],[5.9856915,33.5486093],[5.9859807,33.5479338]]},"properties":{"highway":"primary","maxspeed":"60","ref":"RN 3"}},{"type":"Feature","geometry":{"type":"LineString","coordinates":[[5.9833269,33.5552952],[5.9832637,33.5553109],[5.9831979,33.555307],[5.983138,33.555284],[5.9830918,33.5552448]]},"properties":{"highway":"primary","maxspeed":"40"}},{"type":"Feature","geometry":{"type":"LineString","coordinates":[[5.9830918,33.5552448],[5.9830667,33.5551996],[5.9830605,33.5551501],[5.9830736,33.5551015],[5.9831048,33.555059],[5.9831507,33.5550271]]},"properties":{"highway":"primary","maxspeed":"40"}},{"type":"Feature","geometry":{"type":"LineString","coordinates":[[5.9831507,33.5550271],[5.9831772,33.5550165],[5.9832054,33.5550094]]},"properties":{"highway":"primary","maxspeed":"40"}},{"type":"Feature","geometry":{"type":"LineString","coordinates":[[5.9862707,33.5478858],[5.9863076,33.5479134],[5.9863418,33.5479374],[5.9863782,33.5479608],[5.9877799,33.5488011],[5.9880529,33.5489812]]},"properties":{"highway":"tertiary"}},{"type":"Feature","geometry":{"type":"LineString","coordinates":[[5.9880529,33.5489812],[5.9881192,33.5490288],[5.98821,33.5490859]]},"properties":{"highway":"tertiary"}},{"type":"Feature","geometry":{"type":"LineString","coordinates":[[5.9883701,33.5496418],[5.9883739,33.5495549],[5.988373,33.5494679],[5.9883675,33.549381],[5.9883574,33.5492945]]},"properties":{"highway":"tertiary"}},{"type":"Feature","geometry":{"type":"LineString","coordinates":[[5.9884771,33.5493401],[5.9884661,33.5494122],[5.9884561,33.5494513],[5.9884413,33.5494905],[5.9883701,33.5496418]]},"properties":{"highway":"tertiary"}},{"type":"Feature","geometry":{"type":"LineString","coordinates":[[5.9889689,33.540525],[5.9889402,33.5406005],[5.98891,33.5406748],[5.988521,33.5415135],[5.9882112,33.5423189],[5.988073,33.5426816],[5.9878922,33.5431651],[5.9878294,33.5433497],[5.9876655,33.5437856],[5.9874456,33.5443245],[5.9870583,33.5453054],[5.9865212,33.5466806],[5.9865019,33.5467442],[5.9864837,33.5468254],[5.9864732,33.5468958],[5.9864676,33.5469603],[5.9864451,33.5472109],[5.9864397,33.5472897],[5.9864236,33.5473786],[5.9864026,33.5474483],[5.9862525,33.547807]]},"properties":{"highway":"primary","maxspeed":"50","ref":"RN 3"}},{"type":"Feature","geometry":{"type":"LineString","coordinates":[[5.9889689,33.540525],[5.9888745,33.5405202]]},"properties":{"highway":"secondary","maxspeed":"50"}},{"type":"Feature","geometry":{"type":"LineString","coordinates":[[5.9888745,33.5405202],[5.9888858,33.5404922]]},"properties":{"highway":"primary","maxspeed":"50","ref":"RN 3"}},{"type":"Feature","geometry":{"type":"LineString","coordinates":[[5.9888745,33.5405202],[5.9888054,33.5405194],[5.9887391,33.5405228],[5.988684,33.5405285],[5.988412,33.5405636],[5.9876684,33.5406518],[5.9867634,33.5407838],[5.9860009,33.540885],[5.9855825,33.5409342],[5.9854299,33.5409572],[5.9850494,33.5410066],[5.984634,33.5410608],[5.9842814,33.541106],[5.9834577,33.5412122],[5.9825494,33.5413249]]},"properties":{"highway":"secondary","maxspeed":"50"}},{"type":"Feature","geometry":{"type":"LineString","coordinates":[[5.9888858,33.5404922],[5.9889689,33.540525]]},"properties":{"highway":"secondary","maxspeed":"50"}},{"type":"Feature","geometry":{"type":"LineString","coordinates":[[5.9888858,33.5404922],[5.9889368,33.5403536],[5.9890335,33.5400558],[5.9890562,33.5399913],[5.9890784,33.5399365],[5.9892806,33.5394386],[5.989482,33.5389322],[5.9896315,33.5385341],[5.9896783,33.5384017],[5.9897093,33.5383073],[5.9898146,33.5379441],[5.9898323,33.5378689],[5.9898569,33.5377651],[5.9898622,33.5377316],[5.9898649,33.5376936],[5.9898643,33.5376606],[5.989867,33.5376287],[5.989875,33.537598],[5.989885,33.5375741],[5.989904,33.5375241],[5.9899165,33.5374963],[5.9899266,33.5374611],[5.9899369,33.5373809],[5.989998,33.5367943],[5.9900297,33.5365066],[5.9900899,33.5360252],[5.9901482,33.5355899],[5.9901596,33.535511],[5.990235,33.5349929],[5.9903029,33.5346333],[5.9903383,33.5344563],[5.9903801,33.534268],[5.9904118,33.5341214],[5.9907421,33.5329166],[5.9908044,33.5326639],[5.99084,33.5325265],[5.9909773,33.531972],[5.9911533,33.5313791],[5.9912601,33.5308196],[5.9914368,33.5300442],[5.99154,33.5294446],[5.9915493,33.5293776],[5.9915567,33.5292987],[5.9915721,33.5290791],[5.9915775,33.5290282],[5.9915873,33.5289783],[5.9916276,33.528824]]},"properties":{"highway":"primary","maxspeed":"90","ref":"RN 3"}},{"type":"Feature","geometry":{"type":"LineString","coordinates":[[5.9881648,33.518042],[5.9882004,33.518104],[5.9882415,33.5181728],[5.9882643,33.518206],[5.9882854,33.5182368],[5.98832,33.5182779],[5.9883662,33.518331],[5.988438,33.5184114],[5.9884638,33.5184419],[5.9884884,33.5184793],[5.9885131,33.5185171],[5.9885353,33.518562],[5.9885543,33.5186052],[5.9885721,33.5186524],[5.9889095,33.5196687],[5.9894805,33.5213466],[5.9901935,33.5234422],[5.990214,33.5234941],[5.9902377,33.523545],[5.9902632,33.5235925],[5.9903222,33.5236977]]},"properties":{"highway":"primary","maxspeed":"50","ref":"RN 3"}},{"type":"Feature","geometry":{"type":"LineString","coordinates":[[5.9881501,33.5181582],[5.9881208,33.5182605],[5.988095,33.5183352],[5.9880642,33.518416],[5.988035,33.5184836],[5.9880061,33.5185423],[5.9879673,33.5186038],[5.9879302,33.518648],[5.9878898,33.5186838],[5.9878521,33.5187196],[5.9878145,33.5187566],[5.9877595,33.5188162],[5.9874119,33.5192251],[5.9862442,33.5205215],[5.9848645,33.5221114],[5.9842434,33.5228752],[5.9829948,33.5245954],[5.9825831,33.5251503]]},"properties":{"name":"Evitement de Djamaa","highway":"primary","maxspeed":"40"}},{"type":"Feature","geometry":{"type":"LineString","coordinates":[[5.9880942,33.5180531],[5.9880866,33.5179715],[5.9880792,33.5179301],[5.9880663,33.5178874],[5.9880494,33.5178315],[5.9880253,33.5177613]]},"properties":{"highway":"primary","maxspeed":"50","ref":"RN 3"}},{"type":"Feature","geometry":{"type":"LineString","coordinates":[[5.9859674,33.4958725],[5.9858181,33.495721]]},"properties":{"highway":"secondary","maxspeed":"50"}},{"type":"Feature","geometry":{"type":"LineString","coordinates":[[5.9859674,33.4958725],[5.9859455,33.4970741],[5.9859263,33.4981291],[5.9858633,33.5015889],[5.9857716,33.5098367],[5.9857767,33.5099191],[5.9858343,33.5108573],[5.9859971,33.5117346],[5.9876108,33.5165576],[5.9880253,33.5177613]]},"properties":{"highway":"primary","maxspeed":"100","ref":"RN 3"}},{"type":"Feature","geometry":{"type":"LineString","coordinates":[[5.9859713,33.4957521],[5.9862231,33.4958267],[5.9864649,33.4958878],[5.9928728,33.4970063],[5.9945492,33.4973103],[5.994814,33.4973707],[5.99617,33.4976044],[5.9973817,33.497829],[5.9983072,33.4979921],[5.9990639,33.4981237],[5.9994612,33.4981617],[6.000173,33.4982001],[6.0003666,33.4982106],[6.0008952,33.4982229],[6.00144,33.4982356],[6.001767,33.4982432],[6.0020128,33.4982644],[6.0023405,33.4982927],[6.0025684,33.4983123],[6.0027538,33.4983283],[6.0029003,33.4983409],[6.0036884,33.4985799],[6.003768,33.4986152],[6.004836,33.499089],[6.0049084,33.4991211],[6.0057291,33.4994905],[6.0061763,33.4996918],[6.006385,33.4997857],[6.0068996,33.5000139],[6.0069659,33.5000524],[6.0070648,33.50011],[6.0073672,33.5002858]]},"properties":{"highway":"secondary","maxspeed":"50"}},{"type":"Feature","geometry":{"type":"LineString","coordinates":[[5.9859713,33.4957521],[5.9859674,33.4958725]]},"properties":{"highway":"primary","maxspeed":"100","ref":"RN 3"}},{"type":"Feature","geometry":{"type":"LineString","coordinates":[[5.995477,33.5197083],[5.9954447,33.5197284],[5.9954109,33.5197465],[5.9953756,33.5197626],[5.9953389,33.5197765],[5.995183,33.5198422],[5.9951081,33.5198796],[5.9950355,33.51992],[5.9948696,33.5200364],[5.9947299,33.5201333],[5.994617,33.520223],[5.9932391,33.5212692],[5.992802,33.5216061],[5.9925664,33.5217879],[5.9924215,33.5219088],[5.9922817,33.5220314],[5.9921462,33.5221573],[5.9920816,33.52222],[5.992018,33.5222834],[5.9916084,33.5226911],[5.991346,33.5229805],[5.9906923,33.5236571],[5.9906025,33.5237485],[5.9905576,33.5237977],[5.9905167,33.5238491],[5.990486,33.5238932],[5.9904604,33.5239392]]},"properties":{"highway":"secondary","maxspeed":"30"}},{"type":"Feature","geometry":{"type":"LineString","coordinates":[[5.989978,33.5242928],[5.989973,33.5240657],[5.9899749,33.5240191],[5.9899813,33.5239743],[5.9900016,33.5239029]]},"properties":{"highway":"secondary","maxspeed":"30"}},{"type":"Feature","geometry":{"type":"LineString","coordinates":[[5.9876076,33.5269733],[5.9871526,33.5274691],[5.9866068,33.5280374],[5.9865307,33.5281166],[5.9863792,33.5282724],[5.9860234,33.5286656],[5.9859062,33.5287951],[5.9857123,33.5290123],[5.9856615,33.5291247],[5.985631,33.5292244],[5.9856007,33.5293482],[5.9855117,33.5298717],[5.9854289,33.5304193],[5.9853277,33.5307748]]},"properties":{"highway":"secondary","maxspeed":"50"}},{"type":"Feature","geometry":{"type":"LineString","coordinates":[[5.9874695,33.5269977],[5.9875168,33.5269499]]},"properties":{"highway":"secondary","maxspeed":"50"}},{"type":"Feature","geometry":{"type":"LineString","coordinates":[[5.9876076,33.5269733],[5.9875744,33.5269838],[5.9875401,33.5269914],[5.987505,33.5269961],[5.9874695,33.5269977],[5.9873615,33.5269789],[5.9861765,33.526761],[5.9856392,33.5266329],[5.985024,33.5264856],[5.9841219,33.5262697],[5.9834048,33.5260958],[5.9827154,33.5259252],[5.9820294,33.525765]]},"properties":{"highway":"tertiary","maxspeed":"50"}},{"type":"Feature","geometry":{"type":"LineString","coordinates":[[5.9875168,33.5269499],[5.9875981,33.5268651],[5.9880493,33.526377],[5.9881,33.52633],[5.988155,33.526292],[5.9882516,33.5262505]]},"properties":{"highway":"secondary","maxspeed":"50"}},{"type":"Feature","geometry":{"type":"LineString","coordinates":[[5.8273392,34.1528545],[5.8272208,34.1528337],[5.8271261,34.1528223],[5.8270238,34.1528146],[5.8268487,34.1528167]]},"properties":{"highway":"secondary","maxspeed":"30","ref":"CW 300"}},{"type":"Feature","geometry":{"type":"LineString","coordinates":[[5.8255474,34.1565058],[5.8255701,34.1565212],[5.8255851,34.1565419],[5.8255908,34.1565657],[5.825587,34.156592],[5.8255747,34.1566083],[5.8255576,34.1566228],[5.8255346,34.1566333],[5.8255096,34.1566373],[5.8254844,34.1566351],[5.8254556,34.1566238],[5.8254339,34.1566045],[5.8254223,34.1565799],[5.8254225,34.1565535],[5.8254345,34.1565291],[5.8254564,34.15651],[5.8254852,34.1564991],[5.8255172,34.1564975],[5.8255474,34.1565058]]},"properties":{"highway":"tertiary"}},{"type":"Feature","geometry":{"type":"LineString","coordinates":[[5.8255576,34.1566228],[5.8239039,34.1597847],[5.8237427,34.1599899]]},"properties":{"name":"نهج الشهيد بشراير محمد","highway":"tertiary","ref":"CC 930"}},{"type":"Feature","geometry":{"type":"LineString","coordinates":[[5.8254852,34.1564991],[5.826797,34.1540498]]},"properties":{"name":"نهج الشهيد بشراير محمد","highway":"tertiary","ref":"CC 930"}},{"type":"Feature","geometry":{"type":"LineString","coordinates":[[5.8268188,34.1539933],[5.8272781,34.1531651],[5.8273131,34.1530947],[5.827338,34.1530213],[5.8273522,34.1529461],[5.8273556,34.1528702]]},"properties":{"name":"نهج الشهيد بشراير محمد","highway":"tertiary","ref":"CC 930"}},{"type":"Feature","geometry":{"type":"LineString","coordinates":[[5.8276344,34.1528755],[5.8274856,34.1531045],[5.8274192,34.1532091],[5.8269555,34.1540243]]},"properties":{"name":"نهج الشهيد بشراير محمد","highway":"tertiary","ref":"CC 930"}},{"type":"Feature","geometry":{"type":"LineString","coordinates":[[5.8268861,34.1539733],[5.8269099,34.1539787],[5.8269305,34.1539897],[5.8269462,34.1540054],[5.8269555,34.1540243],[5.8269577,34.1540387],[5.8269561,34.1540531],[5.8269489,34.1540702],[5.8269364,34.154085],[5.8269161,34.1540982],[5.8268918,34.1541055],[5.826866,34.154106],[5.8268413,34.1540998],[5.8268202,34.1540874],[5.8268049,34.1540701],[5.826797,34.1540498],[5.8267962,34.1540374],[5.8267992,34.1540213],[5.8268069,34.1540063],[5.8268188,34.1539933],[5.8268384,34.153981],[5.8268616,34.1539741],[5.8268861,34.1539733]]},"properties":{"highway":"tertiary"}},{"type":"Feature","geometry":{"type":"LineString","coordinates":[[5.8269364,34.154085],[5.8255851,34.1565419]]},"properties":{"name":"نهج الشهيد بشراير محمد","highway":"tertiary","ref":"CC 930"}},{"type":"Feature","geometry":{"type":"LineString","coordinates":[[5.8237427,34.1599899],[5.8238357,34.1597731],[5.8243576,34.1587371],[5.824456,34.1585442],[5.8254339,34.1566045]]},"properties":{"name":"نـــهــج الشهيد بشراير محمد","highway":"tertiary","ref":"CC 930"}},{"type":"Feature","geometry":{"type":"LineString","coordinates":[[5.9245341,33.9501996],[5.9246413,33.9501994],[5.9253281,33.9501564],[5.9254689,33.9501935],[5.9253429,33.9502276],[5.9251387,33.9502481],[5.9250414,33.9502567],[5.9245655,33.9503139]]},"properties":{"highway":"tertiary","maxspeed":"40"}},{"type":"Feature","geometry":{"type":"LineString","coordinates":[[5.9182428,33.9432699],[5.9184167,33.9433099]]},"properties":{"highway":"secondary","maxspeed":"50"}},{"type":"Feature","geometry":{"type":"LineString","coordinates":[[5.9901726,33.5240696],[5.9901396,33.5241281],[5.9901256,33.5241493],[5.9901077,33.5241711],[5.989978,33.5242928]]},"properties":{"highway":"secondary","maxspeed":"30"}},{"type":"Feature","geometry":{"type":"LineString","coordinates":[[5.8989513,33.9605979],[5.8988846,33.9605631],[5.898855,33.9605473],[5.8988256,33.9605307],[5.8948658,33.9577917],[5.8947658,33.9577214],[5.8946694,33.9576477],[5.8945767,33.9575707],[5.8944879,33.9574907],[5.894376,33.9573796],[5.8942717,33.9572637],[5.8941752,33.9571431],[5.8940869,33.9570184],[5.8935279,33.9562417],[5.8932746,33.9558637],[5.8932255,33.9557749],[5.8931821,33.9556841],[5.8931446,33.9555915],[5.8931132,33.9554974],[5.8930878,33.955402],[5.8925939,33.9532652],[5.8925794,33.9531991]]},"properties":{"highway":"tertiary"}},{"type":"Feature","geometry":{"type":"LineString","coordinates":[[5.9317844,33.9576237],[5.9315516,33.9576627],[5.9308985,33.9577951],[5.9302455,33.9579276],[5.930042,33.9579689],[5.9283592,33.9583101],[5.926831,33.9586528],[5.9263273,33.9587506]]},"properties":{"highway":"secondary","maxspeed":"40"}},{"type":"Feature","geometry":{"type":"LineString","coordinates":[[5.9095521,33.9519197],[5.91014,33.9523605],[5.9101877,33.9523963],[5.9103917,33.9525502],[5.9105069,33.9526399],[5.9105675,33.952687],[5.9110343,33.9530501],[5.9111254,33.9531269],[5.9114141,33.9533565],[5.9114856,33.9534132],[5.911624,33.9535257],[5.9116743,33.9535662],[5.9121844,33.9539775],[5.9122385,33.954021],[5.912461,33.9542004],[5.9128152,33.9544843],[5.9128805,33.9545374],[5.9131401,33.9547483],[5.9134994,33.9550382],[5.9139699,33.9554167],[5.9140012,33.9554415]]},"properties":{"highway":"secondary","maxspeed":"40"}},{"type":"Feature","geometry":{"type":"LineString","coordinates":[[5.9139229,33.9555016],[5.9138975,33.9554797],[5.9134983,33.9551664],[5.9124595,33.954312],[5.9121203,33.9540323],[5.9114063,33.9534713],[5.9110401,33.9531702],[5.9103567,33.9526404],[5.9101049,33.9524513]]},"properties":{"highway":"secondary","maxspeed":"40"}},{"type":"Feature","geometry":{"type":"LineString","coordinates":[[5.9139433,33.9554547],[5.9139605,33.9554452],[5.9139805,33.9554406],[5.9140012,33.9554415],[5.9140199,33.9554473],[5.9140356,33.9554576],[5.9140468,33.9554714],[5.9140512,33.955482],[5.9140526,33.9555004],[5.9140464,33.9555181],[5.9140334,33.9555331],[5.914015,33.9555436],[5.9139936,33.9555484],[5.9139816,33.9555484],[5.9139635,33.9555448],[5.9139474,33.9555371],[5.9139346,33.955526],[5.913926,33.9555123],[5.9139229,33.9555016],[5.9139235,33.9554844],[5.9139305,33.9554683],[5.9139433,33.9554547]]},"properties":{"highway":"secondary","maxspeed":"40"}},{"type":"Feature","geometry":{"type":"LineString","coordinates":[[5.9140512,33.955482],[5.9142958,33.9556798],[5.9145388,33.9558757],[5.9147801,33.9560721],[5.9151512,33.9563695],[5.9155183,33.9566603],[5.9156616,33.956776],[5.9161216,33.9571474],[5.9162645,33.9572631],[5.9163594,33.9573403],[5.916408,33.957369],[5.9167055,33.9576168],[5.9168164,33.9577091],[5.9172339,33.958046],[5.9172787,33.9580822],[5.9178115,33.9585123],[5.9180456,33.9587012],[5.9180954,33.9587415],[5.9186062,33.9591537],[5.9188583,33.9593572],[5.918861,33.9593594],[5.9189787,33.9594543],[5.9189827,33.9594575],[5.9190858,33.9595409],[5.9191424,33.9595865],[5.9192443,33.9596688],[5.9195277,33.9598975],[5.9201524,33.9603902],[5.9203925,33.9605805],[5.9205257,33.9606326],[5.9205708,33.9606314],[5.9206495,33.9606293],[5.9212625,33.9602582],[5.9212952,33.9602387],[5.9227717,33.9594948],[5.9229821,33.9594121],[5.9232195,33.9593086],[5.9233474,33.9592646],[5.9241803,33.9590967],[5.9241962,33.9590935],[5.9259043,33.9588015],[5.9261431,33.9587712],[5.9263273,33.9587506]]},"properties":{"highway":"secondary","maxspeed":"40"}},{"type":"Feature","geometry":{"type":"LineString","coordinates":[[5.9091428,33.9516436],[5.9092411,33.9516854],[5.909286,33.9517132],[5.9093329,33.951745],[5.9095521,33.9519197]]},"properties":{"highway":"secondary"}},{"type":"Feature","geometry":{"type":"LineString","coordinates":[[5.8471067,34.0490798],[5.8470716,34.049318],[5.8467631,34.0511931],[5.8462831,34.0539378],[5.8454072,34.0591113],[5.8448236,34.0624117],[5.8442819,34.0657283],[5.8441124,34.0666066],[5.8439566,34.0672066],[5.8437841,34.067747],[5.8434958,34.0684275],[5.842194,34.0712141],[5.8410804,34.0735844],[5.8397927,34.0763606],[5.8384914,34.079198],[5.8358884,34.0847477],[5.8344216,34.0878678],[5.8329651,34.091011],[5.8306869,34.0959037],[5.8302141,34.096913],[5.8297817,34.0978349],[5.8288904,34.099737],[5.8268173,34.1041624],[5.8234987,34.1113048],[5.8225774,34.1132661],[5.821667,34.1151641],[5.8203413,34.1178476],[5.8189257,34.1206997]]},"properties":{"highway":"trunk","maxspeed":"80","ref":"RN 3"}},{"type":"Feature","geometry":{"type":"LineString","coordinates":[[5.8844907,33.9885566],[5.8844128,33.9887974]]},"properties":{"highway":"primary","maxspeed":"80","ref":"RN 3"}},{"type":"Feature","geometry":{"type":"LineString","coordinates":[[5.9019618,34.3866399],[5.9006123,34.391155],[5.9000656,34.3931908],[5.9000651,34.3939641],[5.9001407,34.394679],[5.9006766,34.3981724],[5.9011063,34.4068843],[5.901256,34.4091087],[5.9014277,34.4103165],[5.9026937,34.4169176],[5.9037236,34.4222558],[5.9038846,34.4228646],[5.9041099,34.423351],[5.9045176,34.4240178],[5.9063377,34.4270294],[5.906621,34.4276524],[5.9067175,34.4282984],[5.9067063,34.428952],[5.9065924,34.4323533]]},"properties":{"highway":"primary","maxspeed":"80","ref":"RN 3"}},{"type":"Feature","geometry":{"type":"LineString","coordinates":[[5.9019618,34.3866399],[5.9021071,34.3857936],[5.9040258,34.3794117],[5.9045355,34.3778052],[5.9057317,34.371811],[5.9070341,34.3651387],[5.9076499,34.3620302],[5.9082091,34.3590502],[5.9094762,34.3527684],[5.9101132,34.3495367],[5.9102194,34.348514],[5.9100166,34.3376034],[5.9097796,34.3206524],[5.9097236,34.3123905],[5.9097983,34.3109787],[5.9100038,34.3096363],[5.9111432,34.3051616],[5.9133683,34.2972905],[5.9141193,34.2948796],[5.9149133,34.2929296],[5.9150635,34.2923446],[5.9152137,34.2916709],[5.9152888,34.2899247],[5.9155463,34.2880544],[5.9159003,34.2859978],[5.9166728,34.2822037],[5.9167694,34.2817605],[5.9191941,34.2730368],[5.9195567,34.271834],[5.9198912,34.2706292],[5.9201578,34.2699053],[5.920308,34.2695627]]},"properties":{"highway":"trunk","maxspeed":"80","ref":"RN 3"}},{"type":"Feature","geometry":{"type":"LineString","coordinates":[[5.9765274,33.5342728],[5.9765286,33.5342329],[5.9765343,33.5341932],[5.9765445,33.5341542],[5.9765591,33.5341162],[5.976578,33.5340794],[5.9766731,33.5339144],[5.9767503,33.5337672],[5.9768261,33.5336196],[5.9769005,33.5334714],[5.9779526,33.5312847],[5.9781021,33.530974],[5.978253,33.5306665],[5.9784266,33.5303189],[5.9788947,33.5293541]]},"properties":{"name":"Evitement de Djamaa","highway":"primary","maxspeed":"80"}},{"type":"Feature","geometry":{"type":"LineString","coordinates":[[5.9779398,33.5417393],[5.9779235,33.5416495],[5.9779024,33.5415603],[5.9778766,33.5414719],[5.9778471,33.5413768],[5.9778198,33.5413012],[5.9777843,33.5412139],[5.9776259,33.5408742],[5.9775714,33.5407263],[5.9775232,33.540577],[5.977471,33.5403841],[5.9772943,33.5394671],[5.977048,33.5383468],[5.9770318,33.5382664],[5.9770138,33.5381863],[5.9769939,33.5381064],[5.9767805,33.5372356],[5.9767213,33.5369576],[5.9766686,33.5366787],[5.976514,33.5355669],[5.976479,33.5353401],[5.9764508,33.5351137],[5.9764254,33.5348701],[5.9764138,33.5346673],[5.9764211,33.5345672],[5.9764324,33.5344741],[5.9764634,33.5343972],[5.9765216,33.5343236]]},"properties":{"name":"الطريق الاجتنابي - جامعة","highway":"primary","maxspeed":"80"}},{"type":"Feature","geometry":{"type":"LineString","coordinates":[[5.9768408,33.5343973],[5.976825,33.534565],[5.97681,33.5346687],[5.9767897,33.5348805],[5.9767807,33.5350823],[5.9767833,33.5352961],[5.9767966,33.5354971],[5.976828,33.5357782],[5.9769273,33.5365356],[5.9769535,33.5367029],[5.9769857,33.5368695],[5.977024,33.5370351],[5.9773622,33.5385462],[5.9777479,33.540329],[5.9779753,33.5414178],[5.9779968,33.5415103],[5.9780191,33.5416067],[5.978056,33.5417439]]},"properties":{"name":"الطريق الاجتنابي - جامعة","highway":"primary","maxspeed":"80"}},{"type":"Feature","geometry":{"type":"LineString","coordinates":[[5.9767731,33.5341794],[5.9768229,33.534209],[5.9768576,33.534251],[5.9768737,33.5343005],[5.9768672,33.5343512],[5.9768408,33.5343973],[5.9767972,33.5344331],[5.9767415,33.5344543],[5.9766805,33.5344583],[5.9766215,33.5344447],[5.9765716,33.5344151],[5.9765369,33.534373],[5.9765216,33.5343236],[5.9765246,33.5342973],[5.9765274,33.5342728],[5.9765537,33.5342268],[5.9765974,33.534191],[5.9766531,33.5341698],[5.9767141,33.5341658],[5.9767731,33.5341794]]},"properties":{"highway":"primary","maxspeed":"40"}},{"type":"Feature","geometry":{"type":"LineString","coordinates":[[6.0309007,34.5499163],[6.0304454,34.5519947],[6.0303864,34.5523305],[6.0303557,34.5526888],[6.0303568,34.5530464],[6.0304354,34.5554004],[6.0304669,34.556457],[6.0304722,34.5567243],[6.0304589,34.5569452],[6.0303558,34.558739],[6.0303204,34.5603961],[6.0303607,34.5606276],[6.0304306,34.5608174],[6.0305177,34.5609852],[6.0306278,34.5611554],[6.0313331,34.562116],[6.0327694,34.5636587],[6.0332456,34.5641925],[6.0336862,34.564755],[6.0340038,34.5652126],[6.0343495,34.5657106],[6.0349306,34.5667452],[6.035099,34.5670451]]},"properties":{"highway":"secondary","ref":"CW 9"}},{"type":"Feature","geometry":{"type":"LineString","coordinates":[[6.031153,34.5487564],[6.030947,34.5497171],[6.0309007,34.5499163]]},"properties":{"highway":"secondary","ref":"CW 9"}},{"type":"Feature","geometry":{"type":"LineString","coordinates":[[5.9177855,34.2495362],[5.9179678,34.2509128],[5.9186383,34.2546327]]},"properties":{"highway":"primary","maxspeed":"50","ref":"RN 3"}},{"type":"Feature","geometry":{"type":"LineString","coordinates":[[5.9177365,34.249244],[5.9177855,34.2495362]]},"properties":{"highway":"primary","maxspeed":"50","ref":"RN 3"}},{"type":"Feature","geometry":{"type":"LineString","coordinates":[[6.0298209,33.6743958],[6.0298723,33.6743432]]},"properties":{"highway":"secondary_link"}},{"type":"Feature","geometry":{"type":"LineString","coordinates":[[6.0278184,33.6730912],[6.0278748,33.6730347]]},"properties":{"highway":"secondary_link"}},{"type":"Feature","geometry":{"type":"LineString","coordinates":[[6.0027442,33.4983965],[6.0027538,33.4983283]]},"properties":{"highway":"secondary_link"}},{"type":"Feature","geometry":{"type":"LineString","coordinates":[[6.0025573,33.4983733],[6.0025684,33.4983123]]},"properties":{"highway":"secondary_link"}},{"type":"Feature","geometry":{"type":"LineString","coordinates":[[6.0272165,33.6726949],[6.0272739,33.6726378]]},"properties":{"highway":"secondary_link"}},{"type":"Feature","geometry":{"type":"LineString","coordinates":[[6.0267555,33.6723908],[6.0268096,33.6723326]]},"properties":{"highway":"secondary_link"}},{"type":"Feature","geometry":{"type":"LineString","coordinates":[[6.0233438,33.6701386],[6.0233916,33.6700817]]},"properties":{"highway":"secondary_link"}},{"type":"Feature","geometry":{"type":"LineString","coordinates":[[6.0314364,33.6753428],[6.0314342,33.675362],[6.0314258,33.6753799],[6.0314117,33.6753952],[6.0313931,33.6754067],[6.0313715,33.6754134],[6.0313484,33.6754149]]},"properties":{"highway":"secondary_link"}},{"type":"Feature","geometry":{"type":"LineString","coordinates":[[6.0312634,33.6753519],[6.0312654,33.6753299],[6.0312746,33.6753092],[6.0312902,33.6752914],[6.0313112,33.6752778],[6.0313358,33.6752696]]},"properties":{"highway":"secondary_link"}},{"type":"Feature","geometry":{"type":"LineString","coordinates":[[5.9847144,33.533286],[5.9848044,33.5332934]]},"properties":{"highway":"secondary_link"}},{"type":"Feature","geometry":{"type":"LineString","coordinates":[[5.9897621,33.5376216],[5.9898083,33.5376061],[5.9898512,33.5375892],[5.989885,33.5375741],[5.9899078,33.5375671],[5.9899383,33.537562],[5.9899649,33.5375625],[5.989995,33.5375677],[5.9900222,33.5375788],[5.9900533,33.5375963],[5.9900795,33.53761],[5.9901131,33.5376259],[5.9901627,33.5376465]]},"properties":{"highway":"tertiary"}},{"type":"Feature","geometry":{"type":"LineString","coordinates":[[5.9901627,33.5376465],[5.9901014,33.5376504],[5.9900631,33.5376567],[5.9900271,33.5376667],[5.9899897,33.5376783],[5.9899669,33.5376812],[5.9899422,33.5376823],[5.9899179,33.5376787],[5.9898926,33.5376713],[5.9898643,33.5376606],[5.98983,33.5376452],[5.9897989,33.5376332],[5.9897621,33.5376216]]},"properties":{"highway":"tertiary"}},{"type":"Feature","geometry":{"type":"LineString","coordinates":[[5.9856007,33.5293482],[5.9854853,33.5293223]]},"properties":{"highway":"secondary_link"}},{"type":"Feature","geometry":{"type":"LineString","coordinates":[[5.9887174,33.5375495],[5.9887994,33.5375483],[5.9888973,33.5375522],[5.9897621,33.5376216]]},"properties":{"highway":"tertiary","maxspeed":"80"}},{"type":"Feature","geometry":{"type":"LineString","coordinates":[[5.9897112,33.5385524],[5.9896315,33.5385341]]},"properties":{"highway":"primary_link"}},{"type":"Feature","geometry":{"type":"LineString","coordinates":[[5.9888163,33.5406511],[5.9887972,33.5406217],[5.9887741,33.5405943],[5.9887473,33.5405695],[5.9887171,33.5405474],[5.988684,33.5405285]]},"properties":{"highway":"primary_link"}},{"type":"Feature","geometry":{"type":"LineString","coordinates":[[5.9887137,33.5404726],[5.9888088,33.5404378],[5.9888428,33.5404232],[5.9888745,33.5404054],[5.9889008,33.5403849],[5.9889368,33.5403536]]},"properties":{"highway":"primary_link"}},{"type":"Feature","geometry":{"type":"LineString","coordinates":[[5.9877497,33.5433325],[5.9878294,33.5433497]]},"properties":{"highway":"primary_link"}},{"type":"Feature","geometry":{"type":"LineString","coordinates":[[5.9879899,33.5426542],[5.988073,33.5426816]]},"properties":{"highway":"primary_link"}},{"type":"Feature","geometry":{"type":"LineString","coordinates":[[5.9878922,33.5431651],[5.9878083,33.5431645]]},"properties":{"highway":"primary_link"}},{"type":"Feature","geometry":{"type":"LineString","coordinates":[[5.9864732,33.5468958],[5.9863609,33.5468642]]},"properties":{"highway":"primary_link"}},{"type":"Feature","geometry":{"type":"LineString","coordinates":[[5.9859734,33.5479218],[5.9856803,33.5477912]]},"properties":{"highway":"tertiary"}},{"type":"Feature","geometry":{"type":"LineString","coordinates":[[5.9856803,33.5477912],[5.9860081,33.5477763]]},"properties":{"highway":"tertiary"}},{"type":"Feature","geometry":{"type":"LineString","coordinates":[[5.83649,34.1519991],[5.8364381,34.1520575],[5.8363878,34.1520957],[5.8363306,34.1521262],[5.8362681,34.1521484],[5.835636,34.1522013],[5.8355792,34.1521995],[5.8355239,34.1521882],[5.8354726,34.1521678],[5.8354277,34.1521394],[5.8353871,34.1520998]]},"properties":{"name":"نهج الشهيد فرطاس بوناب","highway":"secondary"}},{"type":"Feature","geometry":{"type":"LineString","coordinates":[[5.8297883,34.1582338],[5.8284823,34.1577385],[5.8274008,34.1573434],[5.8272807,34.157272],[5.8271749,34.1571835],[5.8271522,34.1571644]]},"properties":{"name":"شارع الشهيد تقار بريق","highway":"tertiary"}},{"type":"Feature","geometry":{"type":"LineString","coordinates":[[5.825587,34.156592],[5.8271522,34.1571644]]},"properties":{"name":"شارع الشهيد تقار بريق","highway":"tertiary","maxspeed":"40"}},{"type":"Feature","geometry":{"type":"LineString","coordinates":[[5.8334841,34.1579652],[5.8334493,34.1579752],[5.8325596,34.1580135],[5.8315503,34.1580813],[5.8308948,34.158124],[5.8297883,34.1582338]]},"properties":{"name":"شارع الشهيد تقار بريق","highway":"tertiary"}},{"type":"Feature","geometry":{"type":"LineString","coordinates":[[6.2275723,34.1119936],[6.2275183,34.1118917]]},"properties":{"highway":"primary_link"}},{"type":"Feature","geometry":{"type":"LineString","coordinates":[[6.2315884,34.1101359],[6.2315174,34.1100771]]},"properties":{"highway":"primary_link"}},{"type":"Feature","geometry":{"type":"LineString","coordinates":[[6.2231037,34.1136229],[6.2239556,34.1132324],[6.224142,34.1131608],[6.2243935,34.1130667],[6.2255056,34.1126514],[6.2264365,34.1122889],[6.2271117,34.1120433],[6.2275183,34.1118917],[6.2278271,34.1117765],[6.2287718,34.1114206],[6.2288346,34.1113969],[6.2293129,34.111216],[6.2294558,34.1111663],[6.2302671,34.1108382],[6.2304322,34.1107664],[6.2305946,34.1106865],[6.2309853,34.1104686],[6.2311443,34.1103701],[6.2312874,34.1102678],[6.2314305,34.1101553],[6.2315174,34.1100771],[6.2318775,34.1097528],[6.2330295,34.1086563],[6.233784,34.107961],[6.2357981,34.1060439],[6.2358342,34.1060172],[6.2358704,34.1060005],[6.2359302,34.1059889]]},"properties":{"highway":"primary","maxspeed":"50","ref":"RN 48"}},{"type":"Feature","geometry":{"type":"LineString","coordinates":[[6.2359302,34.1059889],[6.235921,34.1060469],[6.2359043,34.1060766],[6.2358835,34.1061019],[6.2340026,34.1078796],[6.2338597,34.1080191],[6.23327,34.1085834],[6.2331234,34.1087148],[6.232702,34.109127],[6.2325803,34.1092434],[6.2319548,34.1098097],[6.2315884,34.1101359],[6.2315001,34.1102146],[6.2313652,34.1103269],[6.2312047,34.110446],[6.2310521,34.1105394],[6.2306375,34.110768],[6.2304819,34.1108408],[6.2303196,34.1109107],[6.2299192,34.1110761],[6.229506,34.1112363],[6.2293396,34.1113047],[6.2288143,34.1115035],[6.2287071,34.1115438],[6.2278216,34.1119038],[6.2275723,34.1119936],[6.2271838,34.1121319],[6.2264964,34.1123874],[6.2260324,34.1125539],[6.2255535,34.1127271],[6.2247602,34.1130281]]},"properties":{"highway":"primary","maxspeed":"50","ref":"RN 48"}},{"type":"Feature","geometry":{"type":"LineString","coordinates":[[6.2099587,34.11965],[6.209024,34.120074],[6.2045974,34.1220824],[6.1967937,34.1256829],[6.1953895,34.1262782],[6.1941937,34.1269267],[6.1925952,34.1279642],[6.1890333,34.1303465],[6.1827701,34.1345437],[6.1781734,34.1376274],[6.1730648,34.1413368],[6.1656939,34.1466334],[6.1556051,34.1537335],[6.1476192,34.1592671],[6.1402143,34.1644013],[6.134493,34.1683819],[6.1278098,34.1729845],[6.1233854,34.176401],[6.1215651,34.177884],[6.1205251,34.1787176],[6.1194307,34.1792855],[6.1166632,34.1807572],[6.1154532,34.1814238],[6.1110384,34.1847538],[6.1097399,34.1861179],[6.1081006,34.1878412],[6.106999,34.1886908],[6.1055733,34.1894601],[6.087741,34.1979346],[6.079732,34.2017262],[6.0787046,34.202372],[6.0774775,34.2035659],[6.0708142,34.211249],[6.0697244,34.2120726],[6.0656301,34.2147931],[6.0632568,34.2161736],[6.0620441,34.2166828],[6.0610219,34.2170402],[6.0508053,34.2190355],[6.0467493,34.2198485],[6.0419215,34.2210145],[6.0343006,34.2228752],[6.0232524,34.2255762],[6.0176297,34.226778],[6.0078844,34.2288609],[6.0052115,34.2294319],[6.0003927,34.2304745],[5.9956035,34.2315726],[5.9886217,34.2333333],[5.983242,34.2346994],[5.9709777,34.2377561],[5.9688967,34.2382748],[5.9673986,34.2385409],[5.9628568,34.2391214],[5.9485172,34.2409334],[5.9466317,34.2411455],[5.945164,34.2412378],[5.943709,34.241246],[5.9421289,34.2411619],[5.9343388,34.2403532],[5.9315159,34.2400318],[5.9254296,34.2391367],[5.9225565,34.2387356],[5.9211885,34.2385784],[5.920011,34.2385021],[5.9188211,34.2385194],[5.9179018,34.2386592],[5.9167825,34.2388295]]},"properties":{"name":"RN 48","highway":"primary","maxspeed":"80","ref":"RN 48"}},{"type":"Feature","geometry":{"type":"LineString","coordinates":[[5.6740254,33.4561612],[5.6740683,33.4562485],[5.6741434,33.4563044],[5.674417,33.456338],[5.6748623,33.456394],[5.6759539,33.4566021],[5.6767076,33.4566759],[5.6771368,33.4566849],[5.6774425,33.4566312],[5.6785235,33.456517],[5.6800926,33.4563537],[5.6807658,33.4562955],[5.6811869,33.4563604],[5.6814873,33.4564365],[5.6818119,33.4566088],[5.6821793,33.4568348],[5.6823483,33.4568572],[5.6825146,33.4568191],[5.6827104,33.4567386],[5.6831905,33.4565394],[5.6840676,33.4562888],[5.6845424,33.4561433],[5.6849635,33.4560762],[5.6860149,33.4560695],[5.6868035,33.4560426],[5.6876242,33.4559598],[5.6886166,33.4558412],[5.6905049,33.4557092],[5.6914571,33.45566],[5.6923556,33.4555525],[5.693053,33.4554698],[5.6934929,33.4554183],[5.6942546,33.4554272],[5.6948367,33.4554608],[5.6951532,33.4555033],[5.6953114,33.455613],[5.6955314,33.455971],[5.6962609,33.4570541],[5.6970602,33.4581886],[5.6973204,33.4586295],[5.6975242,33.4588443],[5.6979319,33.459209],[5.6981224,33.4594485],[5.6982216,33.4597976],[5.6982484,33.460178],[5.6982002,33.4603995],[5.6980634,33.4607463],[5.6977576,33.4614937],[5.6974465,33.4622456],[5.6973579,33.4626506],[5.6972373,33.463116],[5.6970575,33.4637537],[5.6970468,33.4640424],[5.6972694,33.4647942],[5.697374,33.4651902],[5.6974196,33.4657138],[5.6974143,33.4663963],[5.6973687,33.4670004],[5.697307,33.4676694],[5.6972533,33.4680766],[5.697087,33.4682042],[5.696784,33.468278],[5.6961268,33.4684145],[5.6956843,33.4684749],[5.6953999,33.468504],[5.6951183,33.4685018],[5.6949171,33.468589],[5.6946623,33.4688553],[5.6942573,33.4696138],[5.6937665,33.4705781],[5.6932998,33.47152],[5.6931308,33.4719295],[5.6931469,33.4721689],[5.6933185,33.4729878],[5.6933373,33.4732697],[5.693222,33.4736634],[5.6930825,33.4739968],[5.6929377,33.4741109],[5.6926614,33.4741378],[5.6920364,33.4740885],[5.691677,33.4741512],[5.6914732,33.4743346],[5.6913847,33.4747687],[5.6912398,33.4754063],[5.6911379,33.4756189],[5.6909287,33.4756904],[5.69058,33.4756748],[5.6902876,33.4756904],[5.690175,33.4757598],[5.6901026,33.4759589],[5.6900543,33.4765003],[5.6900222,33.4769427]]},"properties":{"highway":"tertiary"}},{"type":"Feature","geometry":{"type":"LineString","coordinates":[[5.6702373,33.4599747],[5.6702089,33.4599129],[5.670179,33.4598708],[5.6700505,33.4597179],[5.6700137,33.4596411],[5.6700031,33.4596012],[5.6699968,33.4595773],[5.6700031,33.4595072],[5.670045,33.4592522],[5.6700561,33.4591148],[5.6700511,33.4588537],[5.6700641,33.4586898],[5.6701094,33.4583632],[5.6702355,33.4579693],[5.6703991,33.4577031],[5.6705922,33.4575777],[5.6710535,33.4574838],[5.671834,33.4573719],[5.6722096,33.4572824],[5.6723785,33.4571638],[5.6724617,33.4569064],[5.6725073,33.4564745],[5.6725073,33.4561747],[5.6725529,33.4560851],[5.672746,33.4560023],[5.6735721,33.4558591],[5.6738028,33.4558054],[5.6739369,33.455792],[5.6739852,33.4558524],[5.6740254,33.4561612]]},"properties":{"highway":"tertiary"}},{"type":"Feature","geometry":{"type":"LineString","coordinates":[[5.8280752,34.1527094],[5.8284128,34.1526856],[5.8291312,34.152627],[5.829355,34.1526088],[5.8298948,34.1525648],[5.8302142,34.1525387],[5.8303895,34.1525237],[5.8310987,34.152463]]},"properties":{"name":"نهج الشهيد فرطاس بوناب","highway":"secondary","maxspeed":"40"}},{"type":"Feature","geometry":{"type":"LineString","coordinates":[[5.9573096,33.4459388],[5.9574705,33.4457643],[5.9575778,33.4456837],[5.9577173,33.445536],[5.9580445,33.4451779],[5.9581514,33.4450856]]},"properties":{"highway":"tertiary"}},{"type":"Feature","geometry":{"type":"LineString","coordinates":[[5.9563762,33.4477337],[5.9564566,33.4476889],[5.956741,33.4476039],[5.9570038,33.4474561],[5.9574598,33.4471786],[5.9577066,33.4469727],[5.9579694,33.4466684],[5.9581733,33.4463103],[5.9581625,33.44627],[5.9582215,33.4459075],[5.9582215,33.445818],[5.9581514,33.4450856]]},"properties":{"highway":"tertiary"}},{"type":"Feature","geometry":{"type":"LineString","coordinates":[[5.9568053,33.4455942],[5.9569502,33.4452271],[5.957492,33.4445423],[5.9580928,33.4450168],[5.9581514,33.4450856]]},"properties":{"highway":"tertiary"}},{"type":"Feature","geometry":{"type":"LineString","coordinates":[[5.8990997,33.9608542],[5.8990013,33.9609173],[5.8989447,33.960956],[5.898892,33.9609973],[5.8951622,33.9643724],[5.8943785,33.9650793]]},"properties":{"highway":"primary","maxspeed":"80","ref":"RN 3"}},{"type":"Feature","geometry":{"type":"LineString","coordinates":[[5.8991514,33.9608641],[5.8991671,33.9609551],[5.8991637,33.9609898],[5.8991512,33.961023],[5.8991302,33.9610531],[5.8980093,33.9620705],[5.8967143,33.9632458],[5.8955495,33.964303],[5.8955004,33.9643304],[5.8954507,33.9643484],[5.8954056,33.964358],[5.8953572,33.9643621],[5.8951622,33.9643724]]},"properties":{"highway":"tertiary"}},{"type":"Feature","geometry":{"type":"LineString","coordinates":[[5.8951712,33.9642284],[5.895195,33.9639793],[5.8952027,33.9639208],[5.8952219,33.9638646],[5.8952452,33.963822],[5.8952743,33.9637831],[5.8966809,33.9625251],[5.8987057,33.9606843],[5.8987357,33.9606647],[5.8987693,33.9606496],[5.8988056,33.9606396],[5.8988434,33.9606349],[5.8989409,33.9606313]]},"properties":{"highway":"tertiary"}},{"type":"Feature","geometry":{"type":"LineString","coordinates":[[5.90866,33.9518068],[5.9085244,33.9517928],[5.9084393,33.951789],[5.90835,33.951789],[5.9082608,33.9517944],[5.9081689,33.9517999],[5.9051683,33.9520982],[5.9018214,33.9523936],[5.9008045,33.9525268],[5.9003394,33.9525895],[5.9002516,33.9526105],[5.9001718,33.9526362],[5.9000814,33.9526759],[5.8999422,33.9527529]]},"properties":{"name":"طريق البرقاجية","highway":"secondary","maxspeed":"30"}},{"type":"Feature","geometry":{"type":"LineString","coordinates":[[5.8995906,33.9524962],[5.8996373,33.9524466],[5.8997004,33.9524115],[5.8997736,33.9523946],[5.8998314,33.9523967],[5.8998494,33.9523974],[5.8999204,33.9524198],[5.8999794,33.9524595],[5.9000205,33.9525125],[5.9000395,33.9525734],[5.9000331,33.9526415],[5.8999994,33.9527038],[5.8999422,33.9527529],[5.8998684,33.9527831],[5.8997866,33.9527909],[5.8997065,33.9527752],[5.8996375,33.952738],[5.8995877,33.9526836],[5.899563,33.9526185],[5.899565,33.9525555],[5.8995906,33.9524962]]},"properties":{"highway":"secondary"}},{"type":"Feature","geometry":{"type":"LineString","coordinates":[[5.8997065,33.9527752],[5.8994419,33.9527126],[5.899354,33.9527036],[5.8992606,33.9526985],[5.899167,33.952701],[5.8927498,33.9532519],[5.8925939,33.9532652],[5.8924247,33.953209]]},"properties":{"highway":"tertiary"}},{"type":"Feature","geometry":{"type":"LineString","coordinates":[[5.8924247,33.953209],[5.8925794,33.9531991],[5.8927334,33.9531856],[5.8990885,33.9526285],[5.899165,33.9526193],[5.8992564,33.9526021],[5.8993528,33.9525761],[5.8994603,33.9525367],[5.8996373,33.9524466]]},"properties":{"name":"طريق البرقاجية","highway":"tertiary"}},{"type":"Feature","geometry":{"type":"LineString","coordinates":[[5.8999794,33.9524595],[5.9001746,33.9524944],[5.9002909,33.9525056],[5.9003866,33.9525059],[5.9004806,33.9524985],[5.9016342,33.952355],[5.9026323,33.9522326],[5.9034953,33.9521711],[5.9052009,33.9520049],[5.9052546,33.9520003],[5.9053165,33.9519896],[5.9067007,33.9517005],[5.9068054,33.9516787],[5.9069279,33.9516586],[5.9070533,33.9516437],[5.908358,33.9515258],[5.9087386,33.9515017]]},"properties":{"highway":"secondary"}},{"type":"Feature","geometry":{"type":"LineString","coordinates":[[5.9211692,33.9396666],[5.9210877,33.9396033],[5.9210445,33.9395705],[5.9210013,33.9395409],[5.9197697,33.938771],[5.9196899,33.938731],[5.9196046,33.9386999],[5.9195151,33.9386782],[5.9194229,33.9386665],[5.919209,33.9386534],[5.9188124,33.9386306],[5.9185972,33.938611],[5.9183844,33.9385778],[5.9181752,33.9385313],[5.9179709,33.9384717],[5.9177727,33.9383993],[5.9175818,33.9383147],[5.917055,33.9380885],[5.9170017,33.9380686],[5.9169471,33.9380513],[5.9168914,33.9380367],[5.9168345,33.9380245]]},"properties":{"highway":"secondary"}},{"type":"Feature","geometry":{"type":"LineString","coordinates":[[5.8927334,33.9531856],[5.8927498,33.9532519],[5.8932878,33.9553786],[5.8933109,33.9554691],[5.893339,33.9555585],[5.8933737,33.9556464],[5.8934149,33.9557322],[5.8934626,33.9558158],[5.8942262,33.9569178],[5.8943194,33.9570403],[5.8944195,33.9571591],[5.8945261,33.9572739],[5.8946391,33.9573844],[5.8947582,33.9574904],[5.8948831,33.9575917],[5.8950136,33.957688],[5.8989356,33.9604094],[5.8989676,33.9604313],[5.8989999,33.9604564],[5.8990517,33.9604944]]},"properties":{"highway":"tertiary"}},{"type":"Feature","geometry":{"type":"LineString","coordinates":[[5.899421,33.960672],[5.9002504,33.9612377],[5.9027088,33.9629423],[5.9034853,33.9634807],[5.9044788,33.9641712],[5.9048163,33.9644002],[5.905125,33.9646096],[5.9056207,33.964946],[5.9059127,33.9651441],[5.9059798,33.9651858],[5.9060496,33.9652242],[5.9061122,33.9652557],[5.9061943,33.965299]]},"properties":{"highway":"tertiary"}},{"type":"Feature","geometry":{"type":"LineString","coordinates":[[5.9061943,33.965299],[5.9061266,33.9653457],[5.9060838,33.9653616],[5.9060382,33.9653707],[5.9059898,33.9653727],[5.9059418,33.965367],[5.905896,33.9653539],[5.9057399,33.965271],[5.9048832,33.9647021],[5.9040262,33.9641244],[5.9028591,33.9632992],[5.9025245,33.9630667],[5.9018873,33.9626242],[5.9012552,33.962185],[5.9009021,33.9619398],[5.9005551,33.9616987],[5.9003308,33.9615429],[5.900137,33.9614083],[5.8998124,33.9611825],[5.8994316,33.9609339],[5.8993981,33.9609145],[5.8993595,33.9608968],[5.8992586,33.9608543]]},"properties":{"highway":"tertiary"}},{"type":"Feature","geometry":{"type":"LineString","coordinates":[[5.8943785,33.9650793],[5.8946891,33.9646997],[5.894758,33.9646235],[5.8948314,33.9645451],[5.8951712,33.9642284],[5.8987826,33.9609302],[5.8988287,33.9608844],[5.8988697,33.9608354],[5.8989509,33.9607308]]},"properties":{"highway":"primary","maxspeed":"50","ref":"RN 3"}},{"type":"Feature","geometry":{"type":"LineString","coordinates":[[5.9029994,33.9566979],[5.9032215,33.9568788]]},"properties":{"highway":"primary_link"}},{"type":"Feature","geometry":{"type":"LineString","coordinates":[[5.9078079,33.9526835],[5.9079334,33.9527761]]},"properties":{"highway":"primary_link"}},{"type":"Feature","geometry":{"type":"LineString","coordinates":[[5.9106353,33.950912],[5.9105064,33.9509356],[5.9104326,33.9509484],[5.9103756,33.9509557],[5.9098918,33.9510086]]},"properties":{"highway":"tertiary"}},{"type":"Feature","geometry":{"type":"LineString","coordinates":[[5.9171422,33.9483766],[5.9170828,33.948384],[5.9170228,33.9483858],[5.9169696,33.9483828],[5.916917,33.9483753]]},"properties":{"highway":"secondary_link"}},{"type":"Feature","geometry":{"type":"LineString","coordinates":[[5.9168978,33.9481981],[5.9169404,33.9481869],[5.9169841,33.9481794],[5.9170284,33.9481755],[5.917073,33.9481753],[5.9171174,33.9481788]]},"properties":{"highway":"secondary_link"}},{"type":"Feature","geometry":{"type":"LineString","coordinates":[[5.9160883,33.9457875],[5.9159808,33.9457681],[5.9159347,33.9457629],[5.9158882,33.9457603],[5.9158406,33.9457601],[5.915793,33.9457625],[5.9157016,33.9457724]]},"properties":{"highway":"primary_link"}},{"type":"Feature","geometry":{"type":"LineString","coordinates":[[5.9169442,33.9459618],[5.9168398,33.9462987]]},"properties":{"highway":"secondary_link"}},{"type":"Feature","geometry":{"type":"LineString","coordinates":[[5.9160663,33.9454403],[5.9160614,33.9454845],[5.9160619,33.9455289],[5.9160692,33.9455789],[5.916078,33.9456195],[5.9160999,33.9457049]]},"properties":{"highway":"primary_link"}},{"type":"Feature","geometry":{"type":"LineString","coordinates":[[5.9217741,33.9397137],[5.9220769,33.9398286],[5.9224556,33.9399869],[5.9237442,33.940511],[5.9250453,33.9410598],[5.9263179,33.9415854],[5.9275465,33.9420983],[5.9276578,33.9421439],[5.9279962,33.9422807],[5.9294001,33.9428737],[5.9299151,33.9431004],[5.9299982,33.9431294],[5.9300946,33.9431519],[5.9301759,33.9431644],[5.9302631,33.9431744],[5.9319154,33.9433501],[5.9332306,33.94349],[5.9332944,33.9435001],[5.933357,33.9435188],[5.9334174,33.9435444],[5.933469,33.9435855],[5.9335164,33.9436632]]},"properties":{"highway":"secondary","maxspeed":"40"}},{"type":"Feature","geometry":{"type":"LineString","coordinates":[[5.9333888,33.9436922],[5.9335164,33.9436632]]},"properties":{"highway":"secondary_link"}},{"type":"Feature","geometry":{"type":"LineString","coordinates":[[5.8993415,33.9605161],[5.8993747,33.9605467],[5.8993997,33.9605822],[5.8994153,33.9606213],[5.8994201,33.9606465],[5.899421,33.960672],[5.8994144,33.9607117],[5.8993985,33.9607496],[5.8993738,33.960784],[5.8993413,33.9608137],[5.8993024,33.9608374],[5.8992586,33.9608543],[5.8992056,33.9608642],[5.8991514,33.9608641],[5.8990997,33.9608542],[5.8990507,33.9608347],[5.8990082,33.9608066],[5.8989744,33.9607714],[5.8989509,33.9607308],[5.8989409,33.9606982],[5.8989375,33.9606648],[5.8989409,33.9606313],[5.8989513,33.9605979],[5.8989751,33.9605574],[5.8990091,33.9605223],[5.8990517,33.9604944],[5.8991089,33.9604729],[5.8991579,33.960465],[5.8992079,33.9604657],[5.8992563,33.9604747],[5.8993015,33.9604917],[5.8993415,33.9605161]]},"properties":{"highway":"primary"}},{"type":"Feature","geometry":{"type":"LineString","coordinates":[[5.9733504,33.5258221],[5.9733496,33.5257958],[5.9733566,33.5257702],[5.9733712,33.525747],[5.9733923,33.5257275],[5.9734186,33.525713]]},"properties":{"highway":"primary_link"}},{"type":"Feature","geometry":{"type":"LineString","coordinates":[[5.9735433,33.5257858],[5.9735363,33.5258085],[5.9735254,33.5258301],[5.9735108,33.52585],[5.9734928,33.525868],[5.9734718,33.5258836]]},"properties":{"highway":"primary_link"}},{"type":"Feature","geometry":{"type":"LineString","coordinates":[[5.9910529,33.5266317],[5.9911155,33.5266319],[5.9911777,33.5266369],[5.9912392,33.5266464],[5.9912994,33.5266606]]},"properties":{"highway":"primary_link"}},{"type":"Feature","geometry":{"type":"LineString","coordinates":[[5.9906923,33.5236571],[5.9906586,33.5236671],[5.9906232,33.5236718],[5.9905874,33.5236711],[5.9905524,33.523665]]},"properties":{"highway":"secondary_link"}},{"type":"Feature","geometry":{"type":"LineString","coordinates":[[5.9952441,33.5182846],[5.9952682,33.518334],[5.9952779,33.5183606],[5.9952873,33.5183947],[5.9953553,33.5186937],[5.9953696,33.5187632],[5.9953802,33.5188331],[5.9953877,33.518895],[5.9954724,33.5196015],[5.995477,33.5197083]]},"properties":{"highway":"secondary"}},{"type":"Feature","geometry":{"type":"LineString","coordinates":[[5.9953389,33.5197765],[5.9953314,33.5196413],[5.9953159,33.5194534],[5.9952733,33.5189179],[5.9952651,33.5188422],[5.9952589,33.5187663],[5.9952538,33.5186904],[5.995231,33.5183927],[5.995231,33.5183631],[5.995233,33.518336],[5.9952441,33.5182846]]},"properties":{"highway":"secondary"}},{"type":"Feature","geometry":{"type":"LineString","coordinates":[[5.9951457,33.5197535],[5.9952193,33.5196564],[5.9952517,33.5196087],[5.9952788,33.5195586],[5.9953002,33.5195067],[5.9953159,33.5194534]]},"properties":{"highway":"secondary_link"}},{"type":"Feature","geometry":{"type":"LineString","coordinates":[[5.9953648,33.5199649],[5.9953266,33.5199274],[5.9952831,33.5198941],[5.995235,33.5198655],[5.995183,33.5198422]]},"properties":{"highway":"secondary_link"}},{"type":"Feature","geometry":{"type":"LineString","coordinates":[[5.995477,33.5197083],[5.99556,33.5207198],[5.9955653,33.5208173],[5.9955598,33.5209148],[5.9955435,33.5210114]]},"properties":{"highway":"tertiary"}},{"type":"Feature","geometry":{"type":"LineString","coordinates":[[5.9955435,33.5210114],[5.9955056,33.5209149],[5.9954815,33.5208153],[5.9954677,33.5207145],[5.9953648,33.5199649],[5.9953389,33.5197765]]},"properties":{"highway":"tertiary"}},{"type":"Feature","geometry":{"type":"LineString","coordinates":[[5.9159617,33.9375707],[5.9160237,33.9375723],[5.916085,33.9375805],[5.9161445,33.9375951],[5.916365,33.9376793],[5.9164159,33.9376968],[5.9164679,33.937712],[5.9165208,33.9377248],[5.9165745,33.9377352]]},"properties":{"highway":"secondary"}},{"type":"Feature","geometry":{"type":"LineString","coordinates":[[5.916498,33.9378872],[5.9164559,33.9378524],[5.916411,33.9378202],[5.9163634,33.9377909],[5.9163134,33.9377645],[5.9160908,33.9376628],[5.9160434,33.9376365],[5.9160002,33.9376056],[5.9159617,33.9375707]]},"properties":{"highway":"secondary"}},{"type":"Feature","geometry":{"type":"LineString","coordinates":[[5.916904,33.9377829],[5.9169221,33.9378162],[5.9169317,33.9378519],[5.9169324,33.9378884],[5.9169171,33.9379414],[5.9168835,33.9379882],[5.9168345,33.9380245],[5.9167761,33.9380468],[5.9167124,33.938054],[5.916649,33.9380454],[5.9165913,33.9380219],[5.9165444,33.9379854],[5.9165124,33.9379391],[5.916498,33.9378872],[5.9165001,33.9378445],[5.9165142,33.9378035],[5.9165395,33.9377664],[5.9165745,33.9377352],[5.9166027,33.9377184],[5.9166667,33.937697],[5.9167356,33.9376932],[5.9168024,33.9377075],[5.9168605,33.9377384],[5.916904,33.9377829]]},"properties":{"highway":"secondary"}},{"type":"Feature","geometry":{"type":"LineString","coordinates":[[5.9925205,33.574564],[5.9924905,33.5745848],[5.9924545,33.5745973],[5.9924157,33.5746002],[5.9923775,33.5745934],[5.9923436,33.5745774],[5.9923152,33.5745516],[5.9922993,33.5745228],[5.9922942,33.5744913],[5.9923003,33.5744599],[5.9923171,33.5744314],[5.9923431,33.5744082],[5.9923761,33.5743923],[5.9924048,33.574386],[5.9924445,33.5743863],[5.9924822,33.5743966],[5.9925144,33.5744159],[5.992538,33.5744425],[5.9925507,33.574473],[5.992552,33.5745053],[5.9925416,33.5745367],[5.9925205,33.574564]]},"properties":{"highway":"tertiary"}},{"type":"Feature","geometry":{"type":"LineString","coordinates":[[5.9914465,33.5742929],[5.991969,33.5743864],[5.9920493,33.5744027]]},"properties":{"highway":"tertiary"}},{"type":"Feature","geometry":{"type":"LineString","coordinates":[[5.9923152,33.5745516],[5.992254,33.5745082],[5.992189,33.5744687],[5.9921207,33.5744335],[5.9920493,33.5744027]]},"properties":{"highway":"tertiary"}},{"type":"Feature","geometry":{"type":"LineString","coordinates":[[5.9925758,33.574922],[5.9924481,33.574697],[5.9924019,33.574638],[5.9923436,33.5745774]]},"properties":{"highway":"tertiary"}},{"type":"Feature","geometry":{"type":"LineString","coordinates":[[5.9924048,33.574386],[5.9924378,33.5743713],[5.9924673,33.5743522],[5.9924925,33.5743293],[5.9925128,33.5743031],[5.9925274,33.5742745]]},"properties":{"highway":"tertiary"}},{"type":"Feature","geometry":{"type":"LineString","coordinates":[[5.9198141,34.2616162],[5.9193053,34.2616193],[5.9191747,34.2616201],[5.9187994,34.2616192],[5.9187223,34.2616198],[5.9172817,34.2616177],[5.9172074,34.2616176],[5.915629,34.2616153],[5.9155009,34.2616146],[5.9125459,34.2616111],[5.9114977,34.2616268],[5.9113661,34.261629],[5.9101211,34.2617528],[5.9099473,34.2617857],[5.9095929,34.2618527],[5.9093599,34.2619108],[5.9091269,34.261969],[5.908296,34.2622049],[5.9068588,34.2626654],[5.9057796,34.2630132],[5.9056449,34.2630566],[5.9025932,34.2640824],[5.9009521,34.264634],[5.9007713,34.2647071],[5.9000708,34.2649778]]},"properties":{"highway":"tertiary","maxspeed":"50"}},{"type":"Feature","geometry":{"type":"LineString","coordinates":[[5.9187223,34.2616198],[5.9187018,34.2615942],[5.9186886,34.2615655],[5.9186833,34.2615352],[5.9186861,34.2615046],[5.9186969,34.2614753],[5.9187153,34.2614486]]},"properties":{"highway":"tertiary_link"}},{"type":"Feature","geometry":{"type":"LineString","coordinates":[[5.9156167,34.2614449],[5.9156348,34.2614708],[5.9156469,34.261499],[5.9156524,34.2615286],[5.9156512,34.2615586],[5.9156433,34.2615878],[5.915629,34.2616153]]},"properties":{"highway":"tertiary_link"}},{"type":"Feature","geometry":{"type":"LineString","coordinates":[[5.9101211,34.2617528],[5.9100574,34.2615795],[5.9099311,34.2613229],[5.9098566,34.2611716],[5.9096996,34.2608366],[5.909508,34.2605035],[5.9093011,34.2602147],[5.9092486,34.2601167],[5.9091824,34.2599371],[5.9091135,34.2597148],[5.9088058,34.2584527]]},"properties":{"highway":"tertiary"}},{"type":"Feature","geometry":{"type":"LineString","coordinates":[[5.992552,33.5745053],[5.9925758,33.574922]]},"properties":{"highway":"tertiary"}},{"type":"Feature","geometry":{"type":"LineString","coordinates":[[5.9925274,33.5742745],[5.992538,33.5744425]]},"properties":{"highway":"tertiary"}},{"type":"Feature","geometry":{"type":"LineString","coordinates":[[5.9920493,33.5744027],[5.9923761,33.5743923]]},"properties":{"highway":"tertiary"}},{"type":"Feature","geometry":{"type":"LineString","coordinates":[[5.9155009,34.2616146],[5.9154805,34.2615893],[5.9154673,34.2615608],[5.915462,34.2615306],[5.9154649,34.2615002],[5.9154758,34.2614711],[5.9154942,34.2614447]]},"properties":{"highway":"tertiary_link"}},{"type":"Feature","geometry":{"type":"LineString","coordinates":[[5.9941422,33.5371382],[5.9938981,33.5374724],[5.9938319,33.5375762],[5.9937761,33.537678],[5.9929553,33.5394074],[5.991016,33.5438584],[5.9904724,33.5449179],[5.9898475,33.5460312],[5.9892995,33.5471312],[5.9892413,33.5472696],[5.9891984,33.547406],[5.9889186,33.5482936],[5.9887017,33.5488531]]},"properties":{"name":"طريق اجتنابي نحو بسكرة","highway":"tertiary"}},{"type":"Feature","geometry":{"type":"LineString","coordinates":[[5.9955383,33.5368441],[5.9950662,33.5368129],[5.9948954,33.5368161],[5.9947479,33.5368261],[5.9946143,33.5368452],[5.9944917,33.5368753],[5.9943871,33.5369256],[5.9942771,33.5370083],[5.9941422,33.5371382]]},"properties":{"name":"طريق اجتنابي نحو بسكرة","highway":"tertiary"}},{"type":"Feature","geometry":{"type":"LineString","coordinates":[[5.9966355,33.5329991],[5.9965193,33.5327671],[5.9965071,33.5327422],[5.996498,33.5327168],[5.9964779,33.5326544]]},"properties":{"name":"طريق اجتنابي نحو بسكرة","highway":"tertiary"}},{"type":"Feature","geometry":{"type":"LineString","coordinates":[[5.9965718,33.5326156],[5.9966006,33.5326564],[5.9966154,33.5326883],[5.9966254,33.5327185],[5.9966308,33.5327543],[5.9966355,33.5329991]]},"properties":{"name":"طريق اجتنابي نحو بسكرة","highway":"tertiary"}},{"type":"Feature","geometry":{"type":"LineString","coordinates":[[5.9941422,33.5371382],[5.9942396,33.5369983],[5.9944139,33.5367725],[5.994456,33.5367406],[5.9945044,33.5367158],[5.9945574,33.5366987],[5.9946003,33.5366913],[5.994644,33.5366889],[5.9946877,33.5366918],[5.9947304,33.5366998],[5.9953381,33.5368083],[5.9955383,33.5368441]]},"properties":{"name":"طريق اجتنابي نحو بسكرة","highway":"tertiary"}},{"type":"Feature","geometry":{"type":"LineString","coordinates":[[5.98821,33.5490859],[5.9883861,33.549154]]},"properties":{"highway":"tertiary"}},{"type":"Feature","geometry":{"type":"LineString","coordinates":[[5.9883395,33.5492128],[5.98821,33.5490859]]},"properties":{"highway":"tertiary"}},{"type":"Feature","geometry":{"type":"LineString","coordinates":[[5.9885806,33.5492565],[5.9888294,33.5494537]]},"properties":{"highway":"tertiary"}},{"type":"Feature","geometry":{"type":"LineString","coordinates":[[5.9888294,33.5494537],[5.9884833,33.5493376]]},"properties":{"highway":"tertiary"}},{"type":"Feature","geometry":{"type":"LineString","coordinates":[[5.9187906,34.2614492],[5.9188099,34.2614748],[5.9188225,34.2615032],[5.9188278,34.261533],[5.9188256,34.2615632],[5.918816,34.2615923],[5.9187994,34.2616192]]},"properties":{"highway":"tertiary_link"}},{"type":"Feature","geometry":{"type":"LineString","coordinates":[[5.6979797,33.4783459],[5.6980004,33.4783326],[5.6980245,33.4783214],[5.6980513,33.4783161],[5.6980788,33.4783139],[5.6981271,33.4783127],[5.698263,33.4783103],[5.6989815,33.4783034],[5.6992849,33.4782936],[5.6998596,33.478277],[5.7002958,33.4782662],[5.7004107,33.4782637],[5.700754,33.4782562],[5.7014344,33.4782414],[5.7019298,33.4782276],[5.7024971,33.4782172],[5.7029426,33.4782086]]},"properties":{"highway":"tertiary"}},{"type":"Feature","geometry":{"type":"LineString","coordinates":[[5.7029313,33.4782763],[5.702492,33.4782832],[5.7023561,33.4782855],[5.701899,33.4782891],[5.7014115,33.4782991],[5.700379,33.4783202],[5.7002614,33.4783249],[5.6995832,33.4783414],[5.6989463,33.4783695],[5.698261,33.4783765],[5.6981898,33.4783784],[5.698145,33.4783783],[5.6981062,33.4783763],[5.6980619,33.4783717],[5.6980185,33.4783613],[5.6979797,33.4783459]]},"properties":{"highway":"tertiary"}},{"type":"Feature","geometry":{"type":"LineString","coordinates":[[5.7029426,33.4782086],[5.7035431,33.4782141]]},"properties":{"highway":"tertiary"}},{"type":"Feature","geometry":{"type":"LineString","coordinates":[[5.9861936,33.481267],[5.9858477,33.4811203],[5.9856802,33.4810009],[5.9855163,33.4809139],[5.9848856,33.4807132],[5.9843834,33.4805335],[5.9843005,33.4805039],[5.9832446,33.4800952],[5.9828803,33.4799275],[5.9826342,33.4797632],[5.982404,33.4795901],[5.9818779,33.4792047],[5.9817109,33.4791099],[5.9815137,33.4784966],[5.9813112,33.4779058]]},"properties":{"highway":"tertiary"}},{"type":"Feature","geometry":{"type":"LineString","coordinates":[[5.9864807,33.4813888],[5.9861936,33.481267]]},"properties":{"highway":"tertiary"}},{"type":"Feature","geometry":{"type":"LineString","coordinates":[[5.8336464,34.5496245],[5.8335519,34.5497854],[5.8334181,34.5499745],[5.8314895,34.5529049],[5.8294609,34.5559823],[5.825913,34.5613923],[5.8246254,34.563354],[5.8220289,34.5672725],[5.8168848,34.5750604],[5.8122121,34.5821267],[5.8075707,34.5891903],[5.8069978,34.5899712],[5.8064953,34.5905168],[5.8061639,34.590819],[5.8050623,34.5916371],[5.8029685,34.5931643],[5.8005607,34.5950391],[5.7991179,34.596091],[5.7977022,34.5970067],[5.7961634,34.5981256],[5.7955156,34.5985949],[5.7951536,34.5988519],[5.7801695,34.6097557],[5.7789598,34.6106516],[5.7767359,34.6123049],[5.776632,34.612395],[5.7765341,34.6124866],[5.7764375,34.6125826],[5.7763563,34.6126936]]},"properties":{"highway":"trunk","maxspeed":"80","ref":"RN 3"}},{"type":"Feature","geometry":{"type":"LineString","coordinates":[[5.9063907,34.4364326],[5.9062884,34.4366966],[5.9061766,34.4369616],[5.9060454,34.4372137],[5.905885,34.437456],[5.9057165,34.4376958],[5.9054632,34.4380101],[5.9051869,34.438304],[5.9034239,34.4402427],[5.899909,34.4440787],[5.8991392,34.4449487],[5.8983754,34.4458274],[5.8980219,34.4463928],[5.8977531,34.4471492],[5.8970575,34.4501459]]},"properties":{"highway":"trunk","maxspeed":"80","ref":"RN 3"}},{"type":"Feature","geometry":{"type":"LineString","coordinates":[[5.776117,34.6125793],[5.776233,34.6125302],[5.776349,34.6124667],[5.7764127,34.6124242],[5.7764871,34.6123729],[5.7766137,34.6122778],[5.7788871,34.6105847],[5.7800969,34.6096887],[5.7950818,34.5987843],[5.7954439,34.5985272],[5.7960913,34.5980583],[5.7976323,34.5969377],[5.799048,34.596022],[5.8004871,34.5949729],[5.8028948,34.5930981],[5.8049896,34.5915702],[5.8060867,34.5907554],[5.8064112,34.5904595],[5.8069074,34.5899207],[5.807476,34.5891457],[5.8121163,34.5820838],[5.816789,34.5750175],[5.8182048,34.5728703],[5.8245295,34.5633112],[5.825817,34.5613497],[5.8292442,34.5561086],[5.8313937,34.5528621],[5.833323,34.5499305],[5.8334693,34.5497237],[5.8335592,34.5495857]]},"properties":{"highway":"trunk","maxspeed":"80","ref":"RN 3"}},{"type":"Feature","geometry":{"type":"LineString","coordinates":[[5.9832054,33.5550094],[5.9832346,33.5550063],[5.983264,33.555007]]},"properties":{"highway":"primary","maxspeed":"40"}},{"type":"Feature","geometry":{"type":"LineString","coordinates":[[5.8465021,34.203147],[5.8470867,34.2033452],[5.8474583,34.2035045],[5.8479232,34.2037744],[5.8484842,34.2041787],[5.861053,34.2145055],[5.8626967,34.2158773]]},"properties":{"highway":"trunk","maxspeed":"80","ref":"RN 3"}},{"type":"Feature","geometry":{"type":"LineString","coordinates":[[5.8444381,34.2026445],[5.842259,34.2020032],[5.8395506,34.2011972],[5.8372036,34.2004735],[5.8329337,34.1992177],[5.830281,34.1984103],[5.8290562,34.198029],[5.8284696,34.1978182],[5.8279545,34.1975912],[5.8274157,34.197323],[5.8266793,34.1968901],[5.8236912,34.1951479],[5.8219793,34.1941596],[5.8210965,34.1936193],[5.8195211,34.1927017],[5.8186248,34.192151],[5.8183078,34.1919293],[5.8180025,34.19167],[5.817683,34.1913323],[5.8174456,34.191029],[5.8171921,34.1906592],[5.8163845,34.189298],[5.8151144,34.1871508],[5.8136471,34.1846578],[5.8127513,34.1831302],[5.8116214,34.18121],[5.8103362,34.1790766],[5.8090129,34.1768204],[5.8087366,34.1763544],[5.8084988,34.1760425]]},"properties":{"highway":"trunk"}},{"type":"Feature","geometry":{"type":"LineString","coordinates":[[5.8076121,34.1748801],[5.8076815,34.1748842],[5.8077432,34.1749054],[5.8077939,34.1749413],[5.8078287,34.1749885],[5.807844,34.1750423],[5.8078385,34.1750974],[5.8078121,34.175149],[5.8077674,34.1751912],[5.8077089,34.1752196],[5.8076426,34.1752313],[5.8076168,34.1752311],[5.8075489,34.1752177],[5.8074899,34.1751868],[5.8074462,34.1751418],[5.8074224,34.1750875],[5.8074218,34.1750264],[5.8074443,34.174972],[5.8074868,34.1749264],[5.8075448,34.1748946],[5.8076121,34.1748801]]},"properties":{"highway":"trunk"}},{"type":"Feature","geometry":{"type":"LineString","coordinates":[[5.8074218,34.1750264],[5.8073439,34.1749176],[5.8072497,34.1747902],[5.8070217,34.1745535],[5.8068052,34.1743287],[5.8062944,34.1738347],[5.805794,34.1733506],[5.8045941,34.1721996],[5.8028775,34.1705263],[5.8022793,34.1699324],[5.8019956,34.1696127],[5.8017048,34.1692593],[5.801509,34.1689888],[5.8013963,34.168833],[5.8011368,34.1683793],[5.8008896,34.1679194],[5.8006936,34.1674562],[5.8005691,34.1670484],[5.8004617,34.1666272],[5.8003851,34.1662166],[5.800355,34.1658655],[5.8003292,34.1653837],[5.8003295,34.1649141],[5.8003684,34.1645279],[5.8004324,34.1640797],[5.8005603,34.1635573],[5.8006877,34.1631282],[5.8008567,34.1627161],[5.8010314,34.1623474],[5.801228,34.1619771],[5.8014247,34.1616613],[5.8017614,34.1612094],[5.8022233,34.1606279],[5.8032209,34.1594327],[5.8036474,34.1588705],[5.803991,34.1583723],[5.8042617,34.1579418],[5.8044751,34.1575071],[5.8046912,34.1570296],[5.8048713,34.156551],[5.8050199,34.1560759],[5.805212,34.1553688],[5.8054613,34.1544879],[5.8059802,34.1524666],[5.8063949,34.1508669],[5.8068217,34.1492183],[5.8071806,34.1478326],[5.807628,34.1461175],[5.8081178,34.1441829],[5.8085434,34.1425819],[5.8088548,34.1413329],[5.8090634,34.1405199],[5.8092367,34.1400004],[5.8094298,34.1395225],[5.8096358,34.1390754],[5.8101751,34.1380072],[5.8107544,34.1368138],[5.8113031,34.1357174],[5.8118645,34.1345742],[5.8124321,34.1334339],[5.8131705,34.1319391],[5.8140187,34.130231],[5.8148029,34.128663],[5.8155,34.1272729],[5.8160567,34.1261667],[5.816581,34.12513],[5.8166468,34.1249674],[5.816684,34.1247151]]},"properties":{"highway":"trunk","ref":"RN 3"}},{"type":"Feature","geometry":{"type":"LineString","coordinates":[[5.8055479,34.1544987],[5.8053179,34.1553543],[5.8052056,34.1558555],[5.8051035,34.1562441],[5.8049413,34.1567496],[5.8047764,34.1571599],[5.8047505,34.1572242],[5.8045285,34.1576747],[5.8043329,34.1580643],[5.8039638,34.1586204],[5.8036155,34.1591017],[5.8030145,34.1598624],[5.8024584,34.1605315],[5.8018745,34.161235],[5.8015232,34.1617461],[5.8012956,34.162101],[5.8010528,34.1625535],[5.8008801,34.1629568],[5.8007331,34.1633905],[5.8006071,34.1638601],[5.8005344,34.1642013],[5.8004742,34.164654],[5.8004453,34.1650263],[5.8004409,34.1653696],[5.8004691,34.1658045],[5.8005094,34.1661937],[5.8005551,34.1665073],[5.800621,34.1667875],[5.8007402,34.167186],[5.8008476,34.1674957],[5.8009517,34.1677527],[5.8010681,34.1679899],[5.8012334,34.1682954],[5.8014688,34.168715],[5.8016393,34.1689778],[5.8018009,34.169204],[5.8019876,34.1694356],[5.8022871,34.1697712],[5.8025472,34.1700359],[5.8028909,34.170383],[5.8041107,34.1715435],[5.8051887,34.1725913],[5.8060237,34.1734048],[5.8063858,34.173754],[5.8073128,34.1746476],[5.8073971,34.1747152],[5.8074891,34.174789],[5.8075711,34.1748325],[5.8076815,34.1748842]]},"properties":{"highway":"trunk","ref":"RN3"}},{"type":"Feature","geometry":{"type":"LineString","coordinates":[[5.8167602,34.1245429],[5.8168132,34.1245245],[5.8168706,34.1245209],[5.8169264,34.1245324],[5.816975,34.124558],[5.8170114,34.1245948],[5.8170318,34.1246394],[5.8170343,34.1246869],[5.8170185,34.1247327],[5.8169834,34.1247743],[5.8169336,34.1248037],[5.8168747,34.1248177],[5.8168136,34.1248144],[5.8167574,34.1247945],[5.8167124,34.12476],[5.816684,34.1247151],[5.8166754,34.124665],[5.8166877,34.1246153],[5.8167169,34.1245743],[5.8167602,34.1245429]]},"properties":{"highway":"trunk"}},{"type":"Feature","geometry":{"type":"LineString","coordinates":[[5.8167602,34.1245429],[5.8168623,34.1244211],[5.8169991,34.124262],[5.81706,34.1241361],[5.8175152,34.1232292],[5.8178803,34.1224858],[5.8183278,34.1216036],[5.8188633,34.1205123],[5.8199747,34.1182684],[5.8212277,34.1157657],[5.8225872,34.1128986],[5.8235262,34.1109186],[5.8244509,34.1089075],[5.8258426,34.1059341],[5.8271288,34.103184],[5.8279813,34.1013874],[5.8286913,34.0998474],[5.8293345,34.0984557],[5.8298019,34.0974598],[5.8302753,34.0964449],[5.8311331,34.094621],[5.8317938,34.0932052],[5.8327527,34.0911608],[5.8339621,34.088577],[5.8350976,34.0861445],[5.8364086,34.0833226],[5.8375111,34.0809416],[5.8390079,34.0777374],[5.8402663,34.0750377],[5.8410336,34.0733961],[5.8422243,34.0708423],[5.8430687,34.0690282],[5.8434082,34.0682935],[5.8436311,34.0677787],[5.8437726,34.0673554],[5.8438812,34.0669699],[5.8439966,34.0665164],[5.8441096,34.0659064],[5.8442654,34.0650123],[5.8446852,34.0625245],[5.8450211,34.0605666],[5.8453017,34.0588715],[5.8456352,34.0568737],[5.846028,34.0546025],[5.8463971,34.0524451],[5.8467077,34.0507141],[5.8469423,34.0493007],[5.8469635,34.0492543],[5.846983,34.0492209],[5.8470085,34.0491837],[5.8471067,34.0490798]]},"properties":{"highway":"trunk","ref":"RN3"}},{"type":"Feature","geometry":{"type":"LineString","coordinates":[[5.8844128,33.9887974],[5.8824486,33.9947989],[5.8796173,34.0033171],[5.8791391,34.004476],[5.8786883,34.0052503],[5.8780708,34.0060641],[5.8767447,34.0075043],[5.873717,34.0106922],[5.8653544,34.0195552],[5.8598741,34.0253761],[5.8592704,34.0261426],[5.8550373,34.0323259],[5.8501868,34.0396017],[5.8499252,34.0400317],[5.8497043,34.0405224],[5.849539,34.040958],[5.8490401,34.0425745],[5.8474929,34.0475302],[5.8471067,34.0490798]]},"properties":{"highway":"primary","maxspeed":"80","ref":"RN 3"}},{"type":"Feature","geometry":{"type":"LineString","coordinates":[[5.8191996,34.1259945],[5.818906,34.1256948],[5.8186316,34.1254668],[5.8183435,34.1252702],[5.8180176,34.1250875],[5.8176408,34.1249285],[5.8173528,34.1248291]]},"properties":{"highway":"tertiary"}},{"type":"Feature","geometry":{"type":"LineString","coordinates":[[5.8265256,34.1439581],[5.8270733,34.1482395],[5.8272179,34.1496206],[5.8274992,34.1522149]]},"properties":{"name":"نهج الشهيد كيحل عبد الرحمان","highway":"tertiary","maxspeed":"70","ref":"CC 930"}},{"type":"Feature","geometry":{"type":"LineString","coordinates":[[5.8173528,34.1248291],[5.8170895,34.1247913],[5.8169336,34.1248037]]},"properties":{"highway":"tertiary"}},{"type":"Feature","geometry":{"type":"LineString","coordinates":[[5.9155803,34.2390705],[5.9154971,34.2391518],[5.9154442,34.2392488],[5.9154255,34.2393541],[5.9154424,34.2394596]]},"properties":{"highway":"primary_link","maxspeed":"40","ref":"RN 3"}},{"type":"Feature","geometry":{"type":"LineString","coordinates":[[5.914819,34.2386484],[5.9149709,34.2387452],[5.9151375,34.2388238],[5.9153156,34.2388827],[5.9155018,34.2389206]]},"properties":{"highway":"trunk_link","maxspeed":"40","ref":"RN 48"}},{"type":"Feature","geometry":{"type":"LineString","coordinates":[[5.8740073,34.222317],[5.8736372,34.2221706],[5.873405,34.2220592],[5.8729456,34.2218521],[5.8725549,34.2216576],[5.8681185,34.2191992]]},"properties":{"highway":"trunk","maxspeed":"80","ref":"RN 3"}},{"type":"Feature","geometry":{"type":"LineString","coordinates":[[5.8626967,34.2158773],[5.8635831,34.216617],[5.8645756,34.2173208],[5.8647616,34.2174356],[5.8649695,34.2175554],[5.8674464,34.218853]]},"properties":{"highway":"trunk","maxspeed":"80","ref":"RN 3"}},{"type":"Feature","geometry":{"type":"LineString","coordinates":[[5.9141792,34.2381369],[5.9136351,34.2376754],[5.913254,34.2373567],[5.9128892,34.2371013],[5.9122111,34.2366669],[5.911711,34.2363781],[5.9110134,34.2360485],[5.9094054,34.235411],[5.9031994,34.2331448],[5.9014396,34.2324931],[5.8991427,34.2316552],[5.8958732,34.2304534],[5.8926131,34.2292685],[5.8885506,34.2277649],[5.8851371,34.2265074],[5.8815452,34.2251839],[5.8767347,34.2234287],[5.874878,34.222753],[5.874593,34.2226302],[5.8743086,34.2225082],[5.8742309,34.2224727],[5.8741343,34.2224195],[5.8740632,34.2223685],[5.8740073,34.222317]]},"properties":{"highway":"trunk","maxspeed":"80","ref":"RN 3"}},{"type":"Feature","geometry":{"type":"LineString","coordinates":[[5.8079858,34.1748364],[5.8079748,34.1749333],[5.807971,34.1750307],[5.8079745,34.175128],[5.8079852,34.175225],[5.8080031,34.1753213]]},"properties":{"highway":"trunk_link"}},{"type":"Feature","geometry":{"type":"LineString","coordinates":[[5.8073971,34.1747152],[5.8074881,34.1747354],[5.8075805,34.1747499],[5.807674,34.1747589],[5.8077681,34.1747621],[5.8078621,34.1747597]]},"properties":{"highway":"trunk_link"}},{"type":"Feature","geometry":{"type":"LineString","coordinates":[[5.6702373,33.4599747],[5.6702495,33.4600135],[5.6702556,33.4600387],[5.6702603,33.4600711],[5.6702603,33.4601131],[5.670256,33.4601495],[5.6699185,33.4617232],[5.6697723,33.4624015],[5.6696137,33.4631377],[5.6694439,33.4639257],[5.669242,33.4648176],[5.6690553,33.4656758],[5.6689858,33.4659953],[5.6688191,33.4668359]]},"properties":{"highway":"tertiary"}},{"type":"Feature","geometry":{"type":"LineString","coordinates":[[5.6687235,33.4668147],[5.6688895,33.465979],[5.6689578,33.4656692],[5.6690833,33.4651005],[5.6691486,33.4648043],[5.6693521,33.463914],[5.6695268,33.4631228],[5.6696896,33.462387],[5.6698383,33.4617141],[5.6701804,33.4601364],[5.6701908,33.4600951],[5.6702038,33.4600543],[5.6702193,33.4600141],[5.6702373,33.4599747]]},"properties":{"highway":"tertiary"}},{"type":"Feature","geometry":{"type":"LineString","coordinates":[[5.5949483,33.1403445],[5.5950363,33.1407034],[5.5950801,33.1409037],[5.5950925,33.1410238],[5.5950951,33.1411443],[5.595088,33.1412647],[5.5950712,33.1413844],[5.5950447,33.1415029],[5.5950088,33.1416196],[5.5949634,33.141734],[5.594909,33.1418455],[5.5945113,33.1425819],[5.5938596,33.1437858],[5.5935444,33.1443147],[5.5933151,33.14461],[5.5928752,33.1450771],[5.5921054,33.1457868],[5.5916119,33.1463864],[5.5912766,33.1469546],[5.5909359,33.1476261],[5.5905122,33.1487983],[5.5892837,33.152059],[5.588294,33.1546055],[5.587787,33.1560067],[5.5872908,33.1572529],[5.5868375,33.1584947],[5.5865157,33.1592716],[5.5861965,33.1601316],[5.5833614,33.1679654],[5.5816233,33.1724961],[5.5810547,33.1743416],[5.5805558,33.1765372],[5.5797833,33.1791638],[5.5795634,33.1799416],[5.5794829,33.1804321],[5.5794601,33.1809047],[5.5794936,33.1813368],[5.5795392,33.1818329],[5.5795956,33.1822392],[5.5797458,33.1837433],[5.5799375,33.1851384],[5.5799791,33.1858533],[5.5800006,33.1863562],[5.5799925,33.1870587],[5.5798852,33.1886592],[5.5796546,33.1916311],[5.5795044,33.1939116],[5.5794936,33.1957251],[5.5793622,33.1999267],[5.5793247,33.2005091],[5.5792683,33.2010489],[5.5791932,33.2014663],[5.5790484,33.2018916],[5.5788311,33.2025055],[5.5786112,33.2030452],[5.5783778,33.2035109],[5.5774981,33.2052143],[5.5768543,33.2064217],[5.5765352,33.2070478],[5.5762562,33.2075303],[5.5756903,33.2088297],[5.575469,33.2094682],[5.5747971,33.2113656],[5.5746777,33.2117661],[5.5745959,33.2121734],[5.5743331,33.2136769],[5.5741212,33.2158379],[5.5738986,33.2179136],[5.5737979,33.2185963],[5.573464,33.2201732],[5.5727506,33.2228658],[5.5722678,33.2245217],[5.5715382,33.2271827],[5.5713585,33.2280375],[5.5712593,33.2285917],[5.5712244,33.2291257],[5.5712163,33.2298998],[5.5712807,33.2307905],[5.5713907,33.2314456],[5.5716026,33.23226],[5.571911,33.2331417],[5.5726755,33.2352506],[5.5733406,33.2370813],[5.5742419,33.2395692],[5.5747434,33.2408367],[5.5756098,33.2432729],[5.5759558,33.2441747],[5.5761489,33.2447108],[5.5763407,33.2451763],[5.57668,33.2457965],[5.5770984,33.2464807],[5.5780801,33.2481676],[5.5784395,33.2487956],[5.5786541,33.2492914],[5.5788901,33.2501998],[5.5791718,33.2514604],[5.5792925,33.2527367],[5.57933,33.2532212],[5.5792952,33.253939],[5.5792388,33.2545636],[5.5791959,33.2548721],[5.5789787,33.2557423],[5.5788043,33.2564062],[5.5786997,33.2569468],[5.5785495,33.2580862],[5.5782786,33.2595014],[5.5781257,33.2602124],[5.5779594,33.2607574],[5.5777247,33.2612564],[5.5773774,33.2618878],[5.5761275,33.264135],[5.575406,33.265447],[5.5751726,33.2659426],[5.5750385,33.2663351],[5.5749473,33.2668173],[5.5748937,33.2674318],[5.574663,33.2700175],[5.5746308,33.2705154],[5.5745476,33.2711747],[5.5742794,33.2726884],[5.5741373,33.2734867],[5.5740756,33.273924],[5.5740206,33.2742884],[5.5739415,33.2746461],[5.5738905,33.274969],[5.5738677,33.2754231],[5.5738664,33.2758615],[5.5739361,33.2787945],[5.5739522,33.2811714],[5.5740219,33.2835303],[5.5740809,33.2843666],[5.5741963,33.2854316],[5.5743492,33.2866469],[5.5746469,33.288129],[5.5750841,33.290667],[5.5753362,33.2920458],[5.5756178,33.2932745],[5.5759907,33.2946107],[5.5767202,33.2970364],[5.5770314,33.2980004],[5.5774283,33.2989263],[5.5780989,33.3002019],[5.5799335,33.3037215],[5.5816179,33.3070257],[5.5823126,33.3083213],[5.5826533,33.3088279],[5.582839,33.3090521],[5.5831669,33.3093603],[5.5835572,33.3096641],[5.5845442,33.3104049],[5.5873364,33.3124839],[5.5886842,33.3134444],[5.5894554,33.3139599],[5.5907884,33.3147747],[5.5927303,33.3158864],[5.5941921,33.3167224],[5.5950263,33.3172671],[5.5959275,33.3179619],[5.5967027,33.3187083],[5.5990308,33.3210482],[5.6018391,33.3239349],[5.6030837,33.325255],[5.6038508,33.326259],[5.6046098,33.3273056],[5.6054065,33.3282693],[5.6063881,33.329531],[5.6080525,33.3317025],[5.6091911,33.3331659],[5.6100145,33.3342236],[5.6104249,33.334739],[5.6106636,33.3350841],[5.6109747,33.3357318],[5.6114119,33.3366416],[5.6123292,33.3385508],[5.6130749,33.3400118],[5.6137025,33.3411366],[5.6143784,33.3421001],[5.6154406,33.343579],[5.6199789,33.350032],[5.6212728,33.3517936],[5.6222266,33.3537959],[5.6228381,33.3550237],[5.6235731,33.3562156],[5.6248712,33.3579586],[5.6260886,33.3596802],[5.6267354,33.3607231],[5.627076,33.3613929],[5.6273657,33.3620246],[5.6292486,33.3670224],[5.6306273,33.3707319],[5.6314641,33.3727793],[5.6320167,33.3740784],[5.6333122,33.3766861],[5.6342268,33.3785267],[5.6364262,33.3833153],[5.6375045,33.3855325],[5.6383198,33.3873152],[5.6390923,33.3889277],[5.6397682,33.3900385],[5.6404334,33.3910821],[5.6412569,33.3920742],[5.6424719,33.3935679],[5.6436172,33.3951175],[5.645299,33.3974643],[5.6461921,33.3986512],[5.646911,33.3996275],[5.6473643,33.400447],[5.6475681,33.4010628],[5.6476539,33.4017413],[5.6476727,33.4026258],[5.6477022,33.4036401],[5.647725,33.4045906],[5.6477371,33.4054325],[5.6477646,33.4064272],[5.6477666,33.4071533],[5.6477344,33.4083399],[5.6477049,33.4095177],[5.6476834,33.4113671],[5.6476217,33.4133866],[5.6475869,33.4145597],[5.6475413,33.4151642],[5.647375,33.4163553],[5.6472033,33.4175038],[5.6470075,33.4188224],[5.6468895,33.4199283],[5.6468976,33.4206526],[5.6469204,33.4209481],[5.6469807,33.4212783],[5.6470424,33.4215492],[5.6471577,33.4218827],[5.6474555,33.4225745],[5.6480804,33.4239445],[5.6484425,33.4248847],[5.6486034,33.4255429],[5.6486571,33.4262077],[5.6486624,33.4270427],[5.6485712,33.4278598],[5.6482655,33.4310205],[5.6480643,33.4327262],[5.6480187,33.4331089],[5.6479973,33.4333731],[5.6480321,33.4337469],[5.6481287,33.4341699],[5.6483124,33.4346176],[5.6488422,33.4357927],[5.6492244,33.4367552],[5.6492981,33.4371525],[5.6493612,33.4376516],[5.6493518,33.4383847],[5.6492847,33.4392262],[5.6491573,33.4402525],[5.6489682,33.4420754],[5.6489548,33.4426036],[5.6489468,33.4430311],[5.6489763,33.443387],[5.6490514,33.4439555],[5.6493276,33.4456945],[5.6497541,33.4483779],[5.6498909,33.4493939],[5.6500062,33.4500272],[5.6501779,33.4513722],[5.6501846,33.45169],[5.6501739,33.4519183],[5.6501377,33.4521801],[5.6500518,33.4525158],[5.6499466,33.4527877],[5.6499244,33.4529578],[5.6499432,33.4530909],[5.6500431,33.4532694],[5.6501538,33.4533819],[5.6504166,33.4536056],[5.651857,33.4548834],[5.6543112,33.4570541],[5.6546773,33.4573047],[5.6550273,33.4574882],[5.6555825,33.4576896],[5.6561297,33.4578161],[5.6565616,33.4579537],[5.6568982,33.4581159],[5.6571691,33.4582804],[5.6574842,33.4585657],[5.6579322,33.459039],[5.6587127,33.4599945],[5.6597024,33.4612252],[5.6608316,33.4626394],[5.6614324,33.4633769],[5.661588,33.463568],[5.6618455,33.4639998],[5.6620252,33.4643937],[5.6622963,33.4649991],[5.6624034,33.4652383],[5.6626368,33.4657015],[5.6627977,33.4659756],[5.662964,33.4661669],[5.663196,33.4663314],[5.6635018,33.4664947],[5.664201,33.4667642],[5.6651245,33.4670899],[5.6662397,33.4674425],[5.6660834,33.4710278],[5.6658944,33.4748762]]},"properties":{"highway":"primary","maxspeed":"80","ref":"RN 123"}},{"type":"Feature","geometry":{"type":"LineString","coordinates":[[5.6658791,33.476177],[5.6668497,33.4762101]]},"properties":{"highway":"primary","maxspeed":"30","ref":"RN 123"}},{"type":"Feature","geometry":{"type":"LineString","coordinates":[[5.8170318,34.1246394],[5.8171397,34.124716],[5.8172146,34.1247604],[5.8173528,34.1248291]]},"properties":{"highway":"tertiary"}},{"type":"Feature","geometry":{"type":"LineString","coordinates":[[6.0093284,34.25758],[6.0096717,34.2572785],[6.0101116,34.2571366],[6.010415,34.2570586],[6.0110772,34.2568884],[6.0119974,34.2567816]]},"properties":{"highway":"tertiary"}},{"type":"Feature","geometry":{"type":"LineString","coordinates":[[5.8969914,34.4504069],[5.8963535,34.4533344],[5.8959667,34.4547976],[5.8957843,34.4553758],[5.8953981,34.4560795],[5.8905915,34.4633236],[5.8841006,34.4731083],[5.8820948,34.4761506],[5.8751957,34.4866141],[5.8680879,34.4974703]]},"properties":{"highway":"trunk","maxspeed":"80","ref":"RN 3"}},{"type":"Feature","geometry":{"type":"LineString","coordinates":[[5.867916,34.4974022],[5.8681764,34.4970707],[5.8751142,34.4865777],[5.8820133,34.4761141],[5.8820855,34.4760046],[5.8840192,34.4730717],[5.8905102,34.4632869],[5.8953151,34.4560453],[5.8956966,34.4553502],[5.8958765,34.4547798],[5.8962625,34.4533196],[5.8969055,34.4503809]]},"properties":{"highway":"trunk","maxspeed":"80","ref":"RN 3"}},{"type":"Feature","geometry":{"type":"LineString","coordinates":[[5.8968419,34.4502905],[5.8968411,34.450264],[5.8968532,34.4502214],[5.8968813,34.4501844],[5.8969008,34.4501712],[5.8969223,34.4501566],[5.8969609,34.4501445],[5.8969718,34.4501411],[5.8970191,34.450139],[5.8970575,34.4501459],[5.8970652,34.4501481],[5.8971063,34.4501677],[5.8971387,34.4501962],[5.89716,34.4502311],[5.8971678,34.450265],[5.8971651,34.4502994],[5.8971489,34.4503371],[5.8971199,34.4503691],[5.8970809,34.4503929],[5.8970352,34.4504061],[5.8969914,34.4504069],[5.8969613,34.4504037],[5.8969312,34.4503943],[5.8969055,34.4503809],[5.8969041,34.4503802],[5.8968808,34.450362],[5.8968622,34.4503404],[5.8968491,34.4503163],[5.8968419,34.4502905]]},"properties":{"highway":"trunk"}},{"type":"Feature","geometry":{"type":"LineString","coordinates":[[5.8969609,34.4501445],[5.8976933,34.4471381],[5.8979742,34.4463726],[5.8983373,34.4457994],[5.8990802,34.4449271],[5.8998345,34.4440332],[5.9033746,34.4402083],[5.9051518,34.4382775],[5.9054156,34.4379902],[5.9056672,34.4376734],[5.905842,34.4374339],[5.9059977,34.4371841],[5.906123,34.4369428],[5.9062189,34.4366768],[5.9063091,34.436406]]},"properties":{"highway":"trunk","maxspeed":"80","ref":"RN 3"}},{"type":"Feature","geometry":{"type":"LineString","coordinates":[[5.9064179,34.4344055],[5.9064458,34.4343745],[5.9064825,34.4343505],[5.9065254,34.4343351],[5.9065717,34.4343294],[5.9066183,34.4343338],[5.9066618,34.434348],[5.9066995,34.434371],[5.9067286,34.4344012],[5.9067462,34.4344335],[5.9067539,34.4344684],[5.9067514,34.4345038],[5.9067387,34.4345376],[5.9067167,34.4345681],[5.9066942,34.4345879],[5.9066676,34.4346041],[5.9066246,34.4346196],[5.9065782,34.4346254],[5.9065315,34.4346211],[5.9064878,34.4346069],[5.90645,34.4345838],[5.9064209,34.4345536],[5.9064023,34.4345181],[5.9063954,34.4344799],[5.9064007,34.4344415],[5.9064179,34.4344055]]},"properties":{"highway":"primary"}},{"type":"Feature","geometry":{"type":"LineString","coordinates":[[5.8680879,34.4974703],[5.8681014,34.4975021],[5.8681045,34.4975357],[5.8680969,34.4975688],[5.8680792,34.4975992],[5.8680526,34.4976247],[5.8680188,34.4976437],[5.8679802,34.4976549],[5.8679395,34.4976574]]},"properties":{"highway":"trunk","ref":"RN 3"}},{"type":"Feature","geometry":{"type":"LineString","coordinates":[[5.8679395,34.4976574],[5.8678993,34.4976512],[5.8678625,34.4976366],[5.8678314,34.4976146],[5.8678084,34.4975868],[5.8677949,34.497555],[5.8677918,34.4975214],[5.8677993,34.4974883],[5.867817,34.497458],[5.8678437,34.4974324],[5.8678774,34.4974134],[5.867916,34.4974022],[5.8679568,34.4973997],[5.8679969,34.4974059],[5.8680338,34.4974205],[5.8680648,34.4974425],[5.8680879,34.4974703]]},"properties":{"highway":"trunk","ref":"RN 3"}},{"type":"Feature","geometry":{"type":"LineString","coordinates":[[5.8679395,34.4976574],[5.867601,34.49817],[5.8642745,34.5032069],[5.8529881,34.520314],[5.8493191,34.525888],[5.8419999,34.5368923],[5.8336464,34.5496245]]},"properties":{"highway":"trunk","maxspeed":"80","ref":"RN 3"}},{"type":"Feature","geometry":{"type":"LineString","coordinates":[[5.8335592,34.5495857],[5.8419185,34.5368558],[5.8492377,34.5258514],[5.8529066,34.5202776],[5.8641931,34.5031704],[5.8674846,34.4981272],[5.8678084,34.4975868]]},"properties":{"highway":"trunk","maxspeed":"80","ref":"RN 3"}},{"type":"Feature","geometry":{"type":"LineString","coordinates":[[5.9291203,33.8513193],[5.9291065,33.85137],[5.9290816,33.851399],[5.9290084,33.8514126],[5.9289529,33.8514055],[5.928913,33.8513936],[5.9288786,33.8513717],[5.9288525,33.8513431],[5.9288421,33.85131]]},"properties":{"highway":"primary","maxspeed":"80","ref":"RN 3"}},{"type":"Feature","geometry":{"type":"LineString","coordinates":[[5.9288421,33.85131],[5.928838,33.8512752],[5.9288459,33.8512408],[5.9288651,33.8512097],[5.9288941,33.8511843],[5.9289306,33.8511667],[5.9289715,33.8511583],[5.9290136,33.8511599],[5.9290535,33.8511713],[5.9291053,33.8512043],[5.9291164,33.8512193],[5.9291224,33.8512417],[5.9291228,33.8512746],[5.9291203,33.8513193]]},"properties":{"highway":"primary","maxspeed":"80","ref":"RN 3"}},{"type":"Feature","geometry":{"type":"LineString","coordinates":[[5.9288459,33.8512408],[5.9289419,33.8508421]]},"properties":{"highway":"primary","maxspeed":"80","ref":"RN 3"}},{"type":"Feature","geometry":{"type":"LineString","coordinates":[[6.0233678,33.5380083],[6.0234823,33.5380231],[6.0235903,33.5380576],[6.0236876,33.5381097],[6.02377,33.5381771]]},"properties":{"name":"طريق الوادي","highway":"primary","maxspeed":"80","ref":"RN 123"}},{"type":"Feature","geometry":{"type":"LineString","coordinates":[[6.0236734,33.5382468],[6.023604,33.5381756],[6.0235279,33.5381106],[6.0234444,33.5380523],[6.0234067,33.5380296],[6.0233678,33.5380083]]},"properties":{"name":"طريق الوادي","highway":"primary","maxspeed":"80","ref":"RN 123"}},{"type":"Feature","geometry":{"type":"LineString","coordinates":[[6.02377,33.5381771],[6.023825,33.538195],[6.0238559,33.5382369],[6.0238501,33.5382858],[6.0238266,33.5383123],[6.0237921,33.5383282],[6.0237527,33.5383306],[6.0237157,33.5383192],[6.0236823,33.538288],[6.0236734,33.5382468],[6.0236893,33.5382104],[6.0237245,33.538185],[6.02377,33.5381771]]},"properties":{"name":"طريق الوادي","highway":"primary","maxspeed":"80","ref":"RN 123"}},{"type":"Feature","geometry":{"type":"LineString","coordinates":[[6.0238501,33.5382858],[6.0238655,33.5384133],[6.0238568,33.5386352],[6.0237825,33.5389979],[6.0236467,33.5397106],[6.0236364,33.539816],[6.023612,33.5399299],[6.0235997,33.5400207],[6.0235916,33.540117],[6.0235827,33.540211],[6.02359,33.5403499],[6.0236177,33.5404875],[6.0236565,33.5405939],[6.0237494,33.5407366],[6.0238586,33.5408565],[6.0239413,33.5409305],[6.0240207,33.541007],[6.0241871,33.5411333],[6.0242803,33.5412281]]},"properties":{"name":"طريق الوادي","highway":"primary","maxspeed":"80","ref":"RN 123"}},{"type":"Feature","geometry":{"type":"LineString","coordinates":[[6.0242803,33.5412281],[6.0239484,33.541038],[6.023871,33.5409568],[6.0238106,33.5409026],[6.0236949,33.5407743],[6.0235879,33.5406374],[6.0235297,33.5405204],[6.0235161,33.5403635],[6.0235073,33.5402104],[6.0235164,33.540114],[6.0235246,33.5400171],[6.023537,33.5399252],[6.0235534,33.5398136],[6.0235678,33.5397029],[6.0237109,33.5389913],[6.0237667,33.5386153],[6.0237609,33.5384126],[6.0237157,33.5383192]]},"properties":{"name":"طريق الوادي","highway":"primary","maxspeed":"80","ref":"RN 123"}},{"type":"Feature","geometry":{"type":"LineString","coordinates":[[5.9970655,33.5325644],[5.998974,33.5332351],[6.0007362,33.5338723],[6.0013692,33.5341003],[6.0017818,33.5342118],[6.0024394,33.5342836],[6.0038717,33.5344267],[6.0045935,33.5344974],[6.0049057,33.5345788],[6.005257,33.5347669],[6.0055534,33.5350749],[6.005941,33.5354663],[6.0061128,33.535591],[6.0063194,33.5356759],[6.0068214,33.5358165],[6.0071671,33.535962],[6.0077013,33.5362986],[6.0080563,33.5364507],[6.0084539,33.5365976],[6.0090233,33.5367286],[6.0095926,33.536807],[6.0106155,33.5368512],[6.0111753,33.5368572],[6.0119843,33.536797],[6.0125553,33.536723],[6.0132378,33.5365309],[6.013768,33.5363956],[6.0140163,33.5363544],[6.0143484,33.5363808],[6.0159523,33.5365417],[6.0166766,33.5365954],[6.0171014,33.5366],[6.0178333,33.5366079],[6.019397,33.5366311],[6.0196878,33.536638],[6.0199176,33.5366696],[6.0199489,33.5366878],[6.0200116,33.5367222],[6.0201896,33.5368611],[6.0204408,33.537059],[6.0207747,33.5371953],[6.0209248,33.5372458],[6.021349,33.5373822],[6.0214263,33.5374145],[6.0218671,33.5376171],[6.0219955,33.5376528],[6.0222068,33.537712],[6.022375,33.5377519],[6.0224914,33.5377699],[6.0228822,33.5379078],[6.0232053,33.5379736],[6.0233678,33.5380083]]},"properties":{"name":"طريق الوادي","highway":"primary","maxspeed":"80","ref":"RN 123"}},{"type":"Feature","geometry":{"type":"LineString","coordinates":[[6.0353405,33.5469152],[6.0354647,33.5469809]]},"properties":{"name":"طريق الوادي","highway":"primary","maxspeed":"80","ref":"RN 123"}},{"type":"Feature","geometry":{"type":"LineString","coordinates":[[6.0242803,33.5412281],[6.0261607,33.5421919],[6.0274886,33.5428583],[6.0297823,33.5440096],[6.0310019,33.5446217],[6.03329,33.5458313],[6.0351368,33.5468075],[6.0353405,33.5469152]]},"properties":{"name":"طريق الوادي","highway":"primary","maxspeed":"80","ref":"RN 123"}},{"type":"Feature","geometry":{"type":"LineString","coordinates":[[6.2227786,34.1140408],[6.2193984,34.1156527],[6.2116793,34.1191589],[6.2105455,34.1196978],[6.2104082,34.1197033],[6.2102459,34.1196833],[6.2099587,34.11965]]},"properties":{"name":"RN 48","highway":"primary","ref":"RN 48"}},{"type":"Feature","geometry":{"type":"LineString","coordinates":[[6.2227786,34.1140408],[6.2228818,34.1139309],[6.2230211,34.1137196],[6.2231037,34.1136229]]},"properties":{"highway":"primary","ref":"RN 48"}},{"type":"Feature","geometry":{"type":"LineString","coordinates":[[6.2247602,34.1130281],[6.2246548,34.1130926],[6.2245837,34.1131603],[6.2245367,34.1132225],[6.2244871,34.1132802],[6.2244402,34.1133069],[6.2235805,34.1136966],[6.2227786,34.1140408]]},"properties":{"highway":"primary","ref":"RN 48"}},{"type":"Feature","geometry":{"type":"LineString","coordinates":[[5.984421,33.5986921],[5.9842604,33.598848],[5.9839976,33.5991652],[5.9836703,33.5998265],[5.9834933,33.6003538],[5.9834504,33.6007916],[5.9833699,33.6019936],[5.9833217,33.6030123],[5.9833968,33.603879],[5.9833646,33.6048218],[5.9833002,33.6054696],[5.9828174,33.6079939],[5.9827477,33.6085613],[5.9826404,33.6101429],[5.9823561,33.612189],[5.9821361,33.6141815],[5.9820449,33.6159372],[5.9819698,33.6189838],[5.9818947,33.6216551],[5.9818411,33.6229595],[5.9817874,33.6243576],[5.9818411,33.6260595],[5.9817499,33.6275871],[5.9816372,33.6293023],[5.9815568,33.6301688],[5.9811973,33.6338448],[5.9807682,33.6372481],[5.9805429,33.6384629],[5.9805965,33.6389541],[5.9806395,33.6392188],[5.980626,33.6393628],[5.9805915,33.6394084]]},"properties":{"highway":"tertiary"}},{"type":"Feature","geometry":{"type":"LineString","coordinates":[[5.9790639,33.6555586],[5.9791141,33.6555686]]},"properties":{"highway":"secondary","maxspeed":"30"}},{"type":"Feature","geometry":{"type":"LineString","coordinates":[[5.9784199,33.6555633],[5.9786136,33.6555472]]},"properties":{"highway":"secondary","maxspeed":"30"}}]}