{
  "type": "FeatureCollection",
  "features": [
    {
      "type": "Feature",
      "geometry": {
        "type": "LineString",
        "coordinates": [
          [
            0.9399782,
            21.5092183
          ],
          [
            0.9408997,
            21.5110084
          ],
          [
            0.94196,
            21.5128478
          ],
          [
            0.9425825,
            21.5136524
          ],
          [
            0.9433939,
            21.5145559
          ],
          [
            0.9443202,
            21.5153729
          ],
          [
            0.9488818,
            21.5190455
          ],
          [
            0.9554712,
            21.5244517
          ],
          [
            0.9584318,
            21.526805
          ],
          [
            0.9678925,
            21.5341003
          ],
          [
            0.9691073,
            21.5353755
          ],
          [
            0.9696038,
            21.5359873
          ],
          [
            0.9700628,
            21.5366154
          ],
          [
            0.9760542,
            21.5465109
          ],
          [
            0.9822448,
            21.5564759
          ],
          [
            0.9863575,
            21.5635661
          ],
          [
            0.9871092,
            21.5651661
          ],
          [
            0.9876916,
            21.5665862
          ],
          [
            0.9883088,
            21.5684983
          ],
          [
            0.9888274,
            21.5706022
          ],
          [
            0.9890967,
            21.5722238
          ],
          [
            0.9892561,
            21.5738236
          ],
          [
            0.9892905,
            21.5747258
          ],
          [
            0.9892982,
            21.5757051
          ],
          [
            0.9892545,
            21.5775727
          ],
          [
            0.9891602,
            21.5786239
          ],
          [
            0.9890425,
            21.5796441
          ],
          [
            0.9886118,
            21.5825543
          ],
          [
            0.9882192,
            21.5850001
          ],
          [
            0.98756,
            21.5891857
          ],
          [
            0.9868674,
            21.5932655
          ],
          [
            0.9865613,
            21.5945078
          ],
          [
            0.9862273,
            21.5957429
          ],
          [
            0.9857104,
            21.5972109
          ],
          [
            0.9791544,
            21.6146256
          ],
          [
            0.9777367,
            21.6185831
          ],
          [
            0.9773631,
            21.6197537
          ],
          [
            0.9772038,
            21.6204443
          ],
          [
            0.977067,
            21.6211336
          ],
          [
            0.9769115,
            21.6221623
          ],
          [
            0.9767817,
            21.6231761
          ],
          [
            0.9767085,
            21.6243615
          ],
          [
            0.976633,
            21.6260404
          ],
          [
            0.9763755,
            21.631535
          ],
          [
            0.9762219,
            21.6350154
          ],
          [
            0.9762715,
            21.6357929
          ],
          [
            0.9763484,
            21.6365882
          ],
          [
            0.9765472,
            21.6376427
          ],
          [
            0.9768549,
            21.6387604
          ],
          [
            0.9772594,
            21.6399443
          ],
          [
            0.9799101,
            21.6465598
          ],
          [
            0.9805469,
            21.6483047
          ],
          [
            0.9809858,
            21.6497931
          ],
          [
            0.9812586,
            21.6514132
          ],
          [
            0.981339,
            21.6526097
          ],
          [
            0.9812986,
            21.6538972
          ],
          [
            0.9811535,
            21.6551948
          ],
          [
            0.9810441,
            21.6557872
          ],
          [
            0.9808505,
            21.6566676
          ],
          [
            0.9804915,
            21.6578665
          ],
          [
            0.9795975,
            21.6598497
          ],
          [
            0.9784861,
            21.6615987
          ],
          [
            0.9775871,
            21.6629896
          ],
          [
            0.976856,
            21.6645044
          ],
          [
            0.9764511,
            21.6656613
          ],
          [
            0.9761707,
            21.6667458
          ],
          [
            0.9751553,
            21.6712766
          ],
          [
            0.9743007,
            21.6749983
          ],
          [
            0.9735666,
            21.6786036
          ],
          [
            0.9734633,
            21.6800355
          ],
          [
            0.9735026,
            21.6817936
          ],
          [
            0.9736586,
            21.6839723
          ],
          [
            0.9737622,
            21.6862749
          ],
          [
            0.9730012,
            21.6991197
          ],
          [
            0.972177,
            21.7133214
          ],
          [
            0.9713327,
            21.7275353
          ],
          [
            0.9709924,
            21.7331071
          ],
          [
            0.9709929,
            21.7345621
          ],
          [
            0.9711189,
            21.7355396
          ],
          [
            0.9712609,
            21.7362197
          ],
          [
            0.971561,
            21.7372232
          ],
          [
            0.9721612,
            21.738641
          ],
          [
            0.9728081,
            21.7399923
          ],
          [
            0.9763492,
            21.7478134
          ],
          [
            0.9799376,
            21.7556717
          ],
          [
            0.9804054,
            21.7565236
          ],
          [
            0.9809423,
            21.7573645
          ],
          [
            0.9821225,
            21.7588651
          ],
          [
            0.9825279,
            21.7593849
          ],
          [
            0.982926,
            21.7600166
          ],
          [
            0.9832461,
            21.7606242
          ],
          [
            0.9833497,
            21.7608619
          ],
          [
            0.9836622,
            21.7615791
          ],
          [
            0.9840161,
            21.7625854
          ],
          [
            0.9843615,
            21.7636282
          ],
          [
            0.9848156,
            21.7649989
          ],
          [
            0.9850065,
            21.7655891
          ],
          [
            0.9860508,
            21.7685476
          ],
          [
            0.9881546,
            21.7759306
          ],
          [
            0.9893283,
            21.7799401
          ],
          [
            0.9904346,
            21.7839198
          ],
          [
            0.9911144,
            21.7864677
          ],
          [
            0.9924656,
            21.7914401
          ],
          [
            0.9937912,
            21.7964123
          ],
          [
            0.9950286,
            21.7998524
          ],
          [
            0.9974545,
            21.8066534
          ],
          [
            0.9986669,
            21.8100451
          ],
          [
            0.9999363,
            21.8134335
          ],
          [
            1.0026598,
            21.8209689
          ],
          [
            1.0030535,
            21.8221669
          ],
          [
            1.0034156,
            21.8233901
          ],
          [
            1.0037559,
            21.8246351
          ],
          [
            1.0042001,
            21.8266285
          ],
          [
            1.0050503,
            21.830971
          ],
          [
            1.0086071,
            21.8489672
          ],
          [
            1.0104992,
            21.8587393
          ],
          [
            1.0123029,
            21.8681285
          ],
          [
            1.0147766,
            21.8796887
          ],
          [
            1.018226,
            21.8949646
          ],
          [
            1.0199485,
            21.902547
          ],
          [
            1.0217948,
            21.9101876
          ],
          [
            1.0219858,
            21.9110656
          ],
          [
            1.0220764,
            21.9120499
          ],
          [
            1.0220537,
            21.913021
          ],
          [
            1.0219394,
            21.9140585
          ],
          [
            1.0214117,
            21.9196436
          ],
          [
            1.0208632,
            21.925046
          ],
          [
            1.0203862,
            21.9282304
          ],
          [
            1.020245,
            21.9293205
          ],
          [
            1.0201774,
            21.9310923
          ],
          [
            1.0202285,
            21.9321836
          ],
          [
            1.0207413,
            21.9393041
          ],
          [
            1.0209311,
            21.9419613
          ],
          [
            1.0210594,
            21.9429815
          ],
          [
            1.0212032,
            21.9436665
          ],
          [
            1.0213844,
            21.9442553
          ],
          [
            1.0216804,
            21.9450929
          ],
          [
            1.0218438,
            21.9454202
          ],
          [
            1.0220339,
            21.9457503
          ],
          [
            1.0224139,
            21.9463643
          ],
          [
            1.0326527,
            21.9608648
          ],
          [
            1.039032,
            21.9699173
          ],
          [
            1.0409625,
            21.9726389
          ],
          [
            1.0429445,
            21.9752686
          ],
          [
            1.0443577,
            21.9771287
          ],
          [
            1.0457921,
            21.9789402
          ],
          [
            1.0487277,
            21.9825157
          ],
          [
            1.0512383,
            21.9854281
          ],
          [
            1.0546399,
            21.9892014
          ],
          [
            1.056583,
            21.9912953
          ],
          [
            1.0585769,
            21.9932891
          ],
          [
            1.0625739,
            21.9972082
          ],
          [
            1.0749688,
            22.0090233
          ],
          [
            1.0774453,
            22.0113913
          ],
          [
            1.0798925,
            22.0137073
          ],
          [
            1.0828481,
            22.0164036
          ],
          [
            1.0907313,
            22.0228687
          ],
          [
            1.0951599,
            22.0268268
          ],
          [
            1.0961455,
            22.0277664
          ],
          [
            1.0971056,
            22.0287521
          ],
          [
            1.1013404,
            22.0331367
          ],
          [
            1.1022898,
            22.0340721
          ],
          [
            1.1053301,
            22.0368787
          ],
          [
            1.1061269,
            22.0376487
          ],
          [
            1.1064545,
            22.038008
          ],
          [
            1.1068726,
            22.0385288
          ],
          [
            1.1074167,
            22.0392909
          ],
          [
            1.1079052,
            22.0401523
          ],
          [
            1.1080932,
            22.0405508
          ],
          [
            1.1082834,
            22.0410076
          ],
          [
            1.1084202,
            22.0413656
          ],
          [
            1.1085641,
            22.0417217
          ],
          [
            1.1086844,
            22.0420344
          ],
          [
            1.1087957,
            22.0423476
          ],
          [
            1.1093804,
            22.0439636
          ],
          [
            1.1101904,
            22.0462011
          ],
          [
            1.11184,
            22.050671
          ],
          [
            1.1151945,
            22.0597182
          ],
          [
            1.1158525,
            22.0615742
          ],
          [
            1.116145,
            22.0627612
          ],
          [
            1.1161916,
            22.0630063
          ],
          [
            1.116216,
            22.0631751
          ],
          [
            1.1163276,
            22.0641051
          ],
          [
            1.1163593,
            22.0650851
          ],
          [
            1.1163193,
            22.0681143
          ],
          [
            1.1163486,
            22.0711299
          ],
          [
            1.1162143,
            22.0734011
          ],
          [
            1.116104,
            22.0747667
          ],
          [
            1.116072,
            22.075642
          ],
          [
            1.1161122,
            22.0765112
          ],
          [
            1.1162843,
            22.0776436
          ],
          [
            1.1165384,
            22.0785648
          ],
          [
            1.1178117,
            22.0826169
          ],
          [
            1.1182258,
            22.0839092
          ],
          [
            1.1185986,
            22.0848432
          ],
          [
            1.1191465,
            22.0858785
          ],
          [
            1.1197015,
            22.0868739
          ],
          [
            1.120123,
            22.0878184
          ],
          [
            1.1208619,
            22.0897928
          ],
          [
            1.1213752,
            22.0915251
          ],
          [
            1.1222554,
            22.0952636
          ],
          [
            1.1230471,
            22.0986487
          ],
          [
            1.1231893,
            22.0999455
          ],
          [
            1.123173,
            22.1011858
          ],
          [
            1.1230418,
            22.1023039
          ],
          [
            1.1227664,
            22.103339
          ],
          [
            1.1224107,
            22.1043671
          ],
          [
            1.1209197,
            22.1084558
          ],
          [
            1.1202571,
            22.1100105
          ],
          [
            1.1173075,
            22.1154374
          ],
          [
            1.1166334,
            22.1167238
          ],
          [
            1.1161486,
            22.1179433
          ],
          [
            1.1158261,
            22.1190707
          ],
          [
            1.1156779,
            22.1198944
          ],
          [
            1.1155605,
            22.1207387
          ],
          [
            1.1151918,
            22.1249199
          ],
          [
            1.1150803,
            22.1264983
          ],
          [
            1.1150408,
            22.1280499
          ],
          [
            1.1149049,
            22.1412465
          ],
          [
            1.1145201,
            22.1508184
          ],
          [
            1.1144694,
            22.1529105
          ],
          [
            1.1144552,
            22.1550918
          ],
          [
            1.1145311,
            22.1577547
          ],
          [
            1.1146269,
            22.1593657
          ],
          [
            1.1149159,
            22.1637309
          ],
          [
            1.1150979,
            22.1669012
          ],
          [
            1.11512,
            22.1681514
          ],
          [
            1.1150226,
            22.1692418
          ],
          [
            1.1147664,
            22.1707935
          ],
          [
            1.1147378,
            22.1715939
          ],
          [
            1.1148094,
            22.1725146
          ],
          [
            1.114915,
            22.1731031
          ],
          [
            1.1150997,
            22.1737084
          ],
          [
            1.1152885,
            22.1741916
          ],
          [
            1.1156979,
            22.1753421
          ],
          [
            1.1158545,
            22.1762402
          ],
          [
            1.115909,
            22.1768863
          ],
          [
            1.1158847,
            22.1774446
          ],
          [
            1.1154032,
            22.1886156
          ],
          [
            1.1153705,
            22.1906222
          ],
          [
            1.1153968,
            22.1938077
          ],
          [
            1.1150682,
            22.2022231
          ],
          [
            1.1150397,
            22.2114371
          ],
          [
            1.1157015,
            22.2307479
          ],
          [
            1.1158361,
            22.2341634
          ],
          [
            1.1159423,
            22.235611
          ],
          [
            1.1160882,
            22.2371023
          ],
          [
            1.1162018,
            22.2388765
          ],
          [
            1.1162071,
            22.2398058
          ],
          [
            1.1161767,
            22.2407319
          ],
          [
            1.1158734,
            22.2464006
          ],
          [
            1.1157726,
            22.2482931
          ],
          [
            1.1157477,
            22.2503728
          ],
          [
            1.1157478,
            22.2512977
          ],
          [
            1.1157631,
            22.2522318
          ],
          [
            1.115959,
            22.2559787
          ],
          [
            1.1162955,
            22.2609611
          ],
          [
            1.116325,
            22.2624434
          ],
          [
            1.1162691,
            22.2645766
          ],
          [
            1.1161685,
            22.2660073
          ],
          [
            1.1158366,
            22.2709603
          ],
          [
            1.115718,
            22.2743134
          ],
          [
            1.1156232,
            22.2758638
          ],
          [
            1.1151819,
            22.2805555
          ],
          [
            1.1148273,
            22.2831045
          ],
          [
            1.1138126,
            22.2930797
          ],
          [
            1.1136264,
            22.2949691
          ],
          [
            1.1135842,
            22.2957705
          ],
          [
            1.113573,
            22.2966108
          ],
          [
            1.113592,
            22.2980106
          ],
          [
            1.1135967,
            22.298358
          ],
          [
            1.1138519,
            22.3171696
          ],
          [
            1.1138651,
            22.3181425
          ],
          [
            1.1138822,
            22.3191577
          ],
          [
            1.1138958,
            22.3199661
          ],
          [
            1.1139081,
            22.320702
          ],
          [
            1.1139184,
            22.3213136
          ],
          [
            1.113916,
            22.3241404
          ],
          [
            1.1131964,
            22.3355393
          ],
          [
            1.1130493,
            22.3378687
          ],
          [
            1.1119337,
            22.3554024
          ],
          [
            1.1117995,
            22.3570461
          ],
          [
            1.1115842,
            22.3586892
          ],
          [
            1.1106274,
            22.364959
          ],
          [
            1.1105813,
            22.3660062
          ],
          [
            1.1108211,
            22.3789174
          ],
          [
            1.1108441,
            22.3807053
          ],
          [
            1.1108006,
            22.3824075
          ],
          [
            1.1106239,
            22.3844868
          ],
          [
            1.110029,
            22.390269
          ],
          [
            1.1091202,
            22.39911
          ],
          [
            1.1090567,
            22.4001746
          ],
          [
            1.109076,
            22.4013336
          ],
          [
            1.1091106,
            22.4018669
          ],
          [
            1.1092336,
            22.4029655
          ],
          [
            1.1095062,
            22.4047139
          ],
          [
            1.1097991,
            22.4065929
          ],
          [
            1.1112144,
            22.415684
          ],
          [
            1.1113152,
            22.4168489
          ],
          [
            1.1112572,
            22.4180022
          ],
          [
            1.1110342,
            22.4192268
          ],
          [
            1.1107939,
            22.4199805
          ],
          [
            1.1103268,
            22.4210183
          ],
          [
            1.107605,
            22.4261897
          ],
          [
            1.1070282,
            22.4273094
          ],
          [
            1.1067321,
            22.4281163
          ],
          [
            1.1065014,
            22.429108
          ],
          [
            1.1063916,
            22.4301945
          ],
          [
            1.1055958,
            22.4451016
          ],
          [
            1.1047618,
            22.4599231
          ],
          [
            1.1038321,
            22.4664301
          ],
          [
            1.1036586,
            22.468121
          ],
          [
            1.103538,
            22.4698387
          ],
          [
            1.1033152,
            22.4732612
          ],
          [
            1.1029248,
            22.4793471
          ],
          [
            1.1023539,
            22.4852196
          ],
          [
            1.1020466,
            22.4881609
          ],
          [
            1.1018164,
            22.4911249
          ],
          [
            1.1015701,
            22.4970368
          ],
          [
            1.1009123,
            22.513135
          ],
          [
            1.1003551,
            22.5255277
          ],
          [
            1.0998858,
            22.5382849
          ],
          [
            1.0991944,
            22.5580227
          ],
          [
            1.0988688,
            22.5707931
          ],
          [
            1.0988691,
            22.5836035
          ],
          [
            1.0994053,
            22.5967373
          ],
          [
            1.1002723,
            22.6095537
          ],
          [
            1.1012997,
            22.6199424
          ]
        ]
      },
      "properties": {
        "name": "La route de la Saoura",
        "highway": "primary",
        "ref": "RN 6"
      }
    },
    {
      "type": "Feature",
      "geometry": {
        "type": "LineString",
        "coordinates": [
          [
            1.0167602,
            20.7989407
          ],
          [
            1.0177316,
            20.8094536
          ],
          [
            1.0180237,
            20.8200587
          ],
          [
            1.0214808,
            20.8295316
          ],
          [
            1.0272654,
            20.8401639
          ],
          [
            1.0329894,
            20.8541366
          ],
          [
            1.0328269,
            20.8627049
          ],
          [
            1.0340586,
            20.8653416
          ],
          [
            1.0375896,
            20.8702801
          ],
          [
            1.046352,
            20.881236
          ],
          [
            1.0532744,
            20.8898906
          ],
          [
            1.0628794,
            20.9030146
          ],
          [
            1.1121164,
            20.9561816
          ],
          [
            1.1167808,
            20.9606466
          ],
          [
            1.1182989,
            20.9621614
          ],
          [
            1.122054,
            20.9660888
          ],
          [
            1.1234772,
            20.9677697
          ],
          [
            1.1238457,
            20.9690943
          ],
          [
            1.1238887,
            20.9706772
          ],
          [
            1.1235453,
            20.9726607
          ],
          [
            1.1220111,
            20.9753355
          ],
          [
            1.1216892,
            20.9764475
          ],
          [
            1.122017,
            20.9782472
          ],
          [
            1.1212598,
            20.983595
          ],
          [
            1.1212249,
            20.9874481
          ],
          [
            1.1199658,
            20.9913011
          ],
          [
            1.115839,
            20.9984844
          ],
          [
            1.1134235,
            21.0052832
          ],
          [
            1.1125948,
            21.0066727
          ],
          [
            1.1120635,
            21.0082597
          ],
          [
            1.1133944,
            21.0151817
          ],
          [
            1.112822,
            21.0192584
          ],
          [
            1.1100348,
            21.0234913
          ],
          [
            1.1057755,
            21.0329208
          ],
          [
            1.1055274,
            21.0413434
          ],
          [
            1.1052762,
            21.0503121
          ],
          [
            1.1062564,
            21.0537516
          ],
          [
            1.106258,
            21.0539075
          ],
          [
            1.1062973,
            21.0578393
          ],
          [
            1.1063715,
            21.0613471
          ],
          [
            1.1059017,
            21.0635972
          ],
          [
            1.1007084,
            21.0716279
          ],
          [
            1.0985322,
            21.079012
          ],
          [
            1.0974441,
            21.0845038
          ],
          [
            1.0970484,
            21.0916104
          ],
          [
            1.0948722,
            21.0953944
          ],
          [
            1.0925476,
            21.1003318
          ],
          [
            1.0920371,
            21.1108438
          ],
          [
            1.0920509,
            21.1135474
          ],
          [
            1.0918067,
            21.1179811
          ],
          [
            1.0894656,
            21.120883
          ],
          [
            1.0845241,
            21.1267495
          ],
          [
            1.0788764,
            21.136167
          ],
          [
            1.0761512,
            21.1423293
          ],
          [
            1.070312,
            21.1544591
          ],
          [
            1.0673595,
            21.1601019
          ],
          [
            1.0632979,
            21.1670811
          ],
          [
            1.0609471,
            21.1696858
          ],
          [
            1.0582541,
            21.1718629
          ],
          [
            1.0566145,
            21.1729737
          ],
          [
            1.052831,
            21.1761916
          ],
          [
            1.0528462,
            21.1765554
          ],
          [
            1.0528662,
            21.1767093
          ],
          [
            1.0529905,
            21.176851
          ],
          [
            1.0530915,
            21.1769731
          ],
          [
            1.0531024,
            21.1770964
          ],
          [
            1.0530225,
            21.1772988
          ],
          [
            1.0527736,
            21.1785895
          ],
          [
            1.0522732,
            21.1813181
          ],
          [
            1.0517989,
            21.1820383
          ],
          [
            1.0512839,
            21.1822184
          ],
          [
            1.0504471,
            21.1826686
          ],
          [
            1.049865,
            21.1832085
          ],
          [
            1.0492909,
            21.1835064
          ],
          [
            1.0488915,
            21.1839123
          ],
          [
            1.0484648,
            21.1844443
          ],
          [
            1.0483159,
            21.1845571
          ],
          [
            1.0479225,
            21.1848549
          ],
          [
            1.0476021,
            21.1850088
          ],
          [
            1.0472957,
            21.1851955
          ],
          [
            1.0471006,
            21.1852817
          ],
          [
            1.0467188,
            21.1854917
          ],
          [
            1.0466624,
            21.1855227
          ],
          [
            1.0466237,
            21.1855298
          ],
          [
            1.0463608,
            21.1855783
          ]
        ]
      },
      "properties": {
        "name": "Anefis - Tessalit - Algeria",
        "highway": "primary",
        "ref": "RN19"
      }
    },
    {
      "type": "Feature",
      "geometry": {
        "type": "LineString",
        "coordinates": [
          [
            1.037721,
            21.1879657
          ],
          [
            1.0367276,
            21.1884357
          ],
          [
            1.0363519,
            21.1884757
          ],
          [
            1.0357137,
            21.1884482
          ],
          [
            1.0355528,
            21.1884232
          ],
          [
            1.0346972,
            21.1878855
          ],
          [
            1.0345925,
            21.187768
          ],
          [
            1.0343404,
            21.1870409
          ],
          [
            1.0333691,
            21.1861685
          ],
          [
            1.0317906,
            21.1844136
          ],
          [
            1.0302888,
            21.1831559
          ],
          [
            1.0292657,
            21.1822991
          ],
          [
            1.0278729,
            21.181147
          ],
          [
            1.0265697,
            21.1801586
          ],
          [
            1.0262659,
            21.1799282
          ],
          [
            1.0258035,
            21.1795605
          ],
          [
            1.0248323,
            21.178788
          ],
          [
            1.0241038,
            21.1782984
          ],
          [
            1.0238252,
            21.1777323
          ],
          [
            1.0234756,
            21.1773245
          ],
          [
            1.0228557,
            21.1771719
          ],
          [
            1.0223759,
            21.1771766
          ],
          [
            1.021583,
            21.1772096
          ],
          [
            1.0213557,
            21.1771107
          ],
          [
            1.0209062,
            21.1766868
          ],
          [
            1.020386,
            21.1761876
          ],
          [
            1.0200931,
            21.1756225
          ],
          [
            1.0195123,
            21.1752646
          ],
          [
            1.0179023,
            21.1739056
          ],
          [
            1.017238,
            21.1736525
          ],
          [
            1.0165238,
            21.1734527
          ],
          [
            1.0157381,
            21.1732195
          ],
          [
            1.0148167,
            21.1723071
          ],
          [
            1.0142382,
            21.1715545
          ],
          [
            1.0138739,
            21.1710549
          ],
          [
            1.0130954,
            21.1698427
          ],
          [
            1.0123668,
            21.168504
          ],
          [
            1.0115669,
            21.1675915
          ],
          [
            1.0098527,
            21.1652736
          ],
          [
            1.0089027,
            21.1645143
          ],
          [
            1.0082813,
            21.164128
          ],
          [
            1.00696,
            21.1629623
          ],
          [
            1.0059193,
            21.1609246
          ],
          [
            1.0043194,
            21.1589796
          ],
          [
            1.0028052,
            21.1580204
          ],
          [
            1.0010053,
            21.1571145
          ],
          [
            0.999034,
            21.1564751
          ],
          [
            0.9976455,
            21.1561282
          ],
          [
            0.9961374,
            21.1551841
          ],
          [
            0.9926818,
            21.1536144
          ],
          [
            0.9895189,
            21.1514912
          ],
          [
            0.9864779,
            21.1499594
          ],
          [
            0.9855031,
            21.1494494
          ],
          [
            0.9797653,
            21.1458302
          ],
          [
            0.9782203,
            21.1449446
          ],
          [
            0.9773084,
            21.1445343
          ],
          [
            0.9756025,
            21.1435337
          ],
          [
            0.9748783,
            21.1433836
          ],
          [
            0.9740575,
            21.1430984
          ],
          [
            0.9714397,
            21.1420127
          ],
          [
            0.9697338,
            21.1410971
          ],
          [
            0.9690203,
            21.1406167
          ],
          [
            0.966719,
            21.1390056
          ],
          [
            0.965174,
            21.1377848
          ],
          [
            0.9649112,
            21.1375647
          ],
          [
            0.9633019,
            21.1362387
          ],
          [
            0.9624436,
            21.1354632
          ],
          [
            0.9614527,
            21.1346048
          ],
          [
            0.9602805,
            21.1335637
          ],
          [
            0.9600201,
            21.1333631
          ],
          [
            0.9584826,
            21.1321786
          ],
          [
            0.9582677,
            21.1319695
          ],
          [
            0.9570349,
            21.1310416
          ],
          [
            0.9565352,
            21.1307149
          ],
          [
            0.9559234,
            21.1302793
          ],
          [
            0.9532901,
            21.1282481
          ],
          [
            0.9514106,
            21.1269318
          ],
          [
            0.9505274,
            21.1266861
          ],
          [
            0.9494062,
            21.1259305
          ],
          [
            0.9474268,
            21.1241541
          ],
          [
            0.9459194,
            21.1230883
          ],
          [
            0.9456136,
            21.1228481
          ],
          [
            0.9451308,
            21.1218823
          ],
          [
            0.9443613,
            21.1211981
          ],
          [
            0.9431007,
            21.1195617
          ],
          [
            0.9418829,
            21.1182056
          ],
          [
            0.9408852,
            21.1169496
          ],
          [
            0.9399303,
            21.1155584
          ],
          [
            0.9392984,
            21.1147192
          ],
          [
            0.9385838,
            21.1142022
          ],
          [
            0.9373457,
            21.1134729
          ],
          [
            0.9358748,
            21.1123106
          ],
          [
            0.9336765,
            21.1110107
          ],
          [
            0.9317292,
            21.1099148
          ],
          [
            0.9297497,
            21.1088238
          ],
          [
            0.927619,
            21.1075915
          ],
          [
            0.9247007,
            21.1066306
          ],
          [
            0.9229841,
            21.105985
          ],
          [
            0.9221108,
            21.1055408
          ],
          [
            0.9210862,
            21.104605
          ],
          [
            0.91917,
            21.1033526
          ],
          [
            0.9174008,
            21.1022828
          ],
          [
            0.9151628,
            21.1009854
          ],
          [
            0.9128687,
            21.0994346
          ],
          [
            0.9123304,
            21.0989384
          ],
          [
            0.9112693,
            21.0978236
          ],
          [
            0.9097876,
            21.0971817
          ],
          [
            0.9077556,
            21.0959318
          ],
          [
            0.9056152,
            21.0948757
          ],
          [
            0.9032978,
            21.0937096
          ],
          [
            0.901211,
            21.0923582
          ],
          [
            0.9007895,
            21.0921411
          ],
          [
            0.8998699,
            21.0916675
          ],
          [
            0.8985127,
            21.0912021
          ],
          [
            0.8972735,
            21.0908868
          ],
          [
            0.8952511,
            21.0896805
          ],
          [
            0.8948447,
            21.0893116
          ],
          [
            0.8928854,
            21.0875333
          ],
          [
            0.8916623,
            21.0858015
          ],
          [
            0.8906538,
            21.0845752
          ],
          [
            0.8898062,
            21.0825331
          ],
          [
            0.8893503,
            21.0811266
          ],
          [
            0.8890499,
            21.079705
          ],
          [
            0.889066,
            21.0785388
          ],
          [
            0.8892913,
            21.0773124
          ],
          [
            0.8890338,
            21.0757507
          ],
          [
            0.8887334,
            21.0745293
          ],
          [
            0.8887656,
            21.073393
          ],
          [
            0.8886314,
            21.0727773
          ],
          [
            0.8879984,
            21.071616
          ],
          [
            0.8876068,
            21.0705148
          ],
          [
            0.8874364,
            21.0701325
          ],
          [
            0.8873142,
            21.06964
          ],
          [
            0.8872596,
            21.0692454
          ],
          [
            0.887123,
            21.0683118
          ],
          [
            0.887217,
            21.066961
          ],
          [
            0.8869839,
            21.0648517
          ],
          [
            0.8868958,
            21.0645818
          ],
          [
            0.8863602,
            21.0642424
          ],
          [
            0.8860639,
            21.0635545
          ],
          [
            0.8852505,
            21.06203
          ],
          [
            0.8849129,
            21.0612462
          ],
          [
            0.884695,
            21.0608487
          ],
          [
            0.8846052,
            21.0590166
          ],
          [
            0.883941,
            21.0575208
          ],
          [
            0.8837617,
            21.0558316
          ],
          [
            0.8835487,
            21.0554809
          ],
          [
            0.8826177,
            21.0541891
          ],
          [
            0.8824358,
            21.0535792
          ],
          [
            0.8823733,
            21.052826
          ],
          [
            0.8818182,
            21.0520329
          ],
          [
            0.8813138,
            21.0515284
          ],
          [
            0.8808356,
            21.0508845
          ],
          [
            0.8806548,
            21.0492005
          ],
          [
            0.8804704,
            21.0479715
          ],
          [
            0.8805226,
            21.0468913
          ],
          [
            0.8803888,
            21.0451514
          ],
          [
            0.880474,
            21.0435494
          ],
          [
            0.8800312,
            21.0407429
          ],
          [
            0.8806736,
            21.0380569
          ],
          [
            0.8815777,
            21.0273201
          ],
          [
            0.8821806,
            21.0242725
          ],
          [
            0.882518,
            21.0217734
          ],
          [
            0.882699,
            21.020602
          ],
          [
            0.8832852,
            21.0184269
          ],
          [
            0.8838374,
            21.0140898
          ],
          [
            0.8831898,
            21.0058221
          ],
          [
            0.8809538,
            20.9998196
          ],
          [
            0.8773476,
            20.9949232
          ],
          [
            0.8741962,
            20.9915861
          ],
          [
            0.8666533,
            20.9853873
          ],
          [
            0.8569873,
            20.9683921
          ],
          [
            0.851161,
            20.9483648
          ],
          [
            0.8493789,
            20.9433033
          ],
          [
            0.8478136,
            20.9377836
          ],
          [
            0.8450885,
            20.9308694
          ],
          [
            0.8427485,
            20.9261079
          ],
          [
            0.8403452,
            20.9227708
          ],
          [
            0.8381673,
            20.919594
          ],
          [
            0.8360752,
            20.9158158
          ],
          [
            0.8340152,
            20.9113059
          ],
          [
            0.8318598,
            20.9072784
          ],
          [
            0.8298954,
            20.9016362
          ],
          [
            0.8274921,
            20.8908112
          ],
          [
            0.8228551,
            20.8815892
          ],
          [
            0.8067189,
            20.8511127
          ],
          [
            0.7929131,
            20.8251105
          ],
          [
            0.7898232,
            20.819575
          ],
          [
            0.7832,
            20.8134507
          ],
          [
            0.7741033,
            20.7984058
          ],
          [
            0.7572804,
            20.7749746
          ],
          [
            0.7372819,
            20.7505767
          ],
          [
            0.7126485,
            20.7247298
          ],
          [
            0.6835648,
            20.6969394
          ],
          [
            0.6753475,
            20.6908113
          ],
          [
            0.6508504,
            20.6725409
          ],
          [
            0.6481452,
            20.6706849
          ],
          [
            0.6277748,
            20.6567081
          ],
          [
            0.6155836,
            20.6458733
          ],
          [
            0.60016,
            20.6168631
          ],
          [
            0.5811157,
            20.5858478
          ],
          [
            0.5801931,
            20.5845019
          ],
          [
            0.5780258,
            20.5809665
          ],
          [
            0.5750647,
            20.5734332
          ],
          [
            0.5743598,
            20.567993
          ],
          [
            0.5745068,
            20.5640915
          ],
          [
            0.5746173,
            20.5608609
          ],
          [
            0.5737772,
            20.5564368
          ],
          [
            0.572876,
            20.5519564
          ],
          [
            0.571978,
            20.5484041
          ],
          [
            0.5705586,
            20.5454063
          ],
          [
            0.5700221,
            20.5432161
          ],
          [
            0.5698322,
            20.540387
          ],
          [
            0.5674472,
            20.5339127
          ],
          [
            0.5657091,
            20.5307981
          ],
          [
            0.5654763,
            20.5278883
          ],
          [
            0.5642747,
            20.5258989
          ],
          [
            0.5609917,
            20.5207142
          ],
          [
            0.5585637,
            20.5170526
          ],
          [
            0.5526629,
            20.5093756
          ],
          [
            0.5480312,
            20.504958
          ],
          [
            0.5438223,
            20.4996279
          ],
          [
            0.5418729,
            20.496195
          ],
          [
            0.5386328,
            20.4940042
          ],
          [
            0.5361619,
            20.4856184
          ],
          [
            0.5359291,
            20.4820645
          ],
          [
            0.5356502,
            20.4772201
          ],
          [
            0.5341234,
            20.4711854
          ],
          [
            0.5311623,
            20.4655968
          ],
          [
            0.5304542,
            20.4642096
          ],
          [
            0.5304359,
            20.4632889
          ],
          [
            0.5302825,
            20.4625813
          ],
          [
            0.5293845,
            20.460213
          ],
          [
            0.5288019,
            20.4572738
          ],
          [
            0.5266776,
            20.4543787
          ],
          [
            0.524578,
            20.452714
          ],
          [
            0.5222359,
            20.4493927
          ],
          [
            0.5197683,
            20.4453313
          ],
          [
            0.5201974,
            20.4384549
          ],
          [
            0.5190978,
            20.4305935
          ],
          [
            0.5186849,
            20.4276413
          ],
          [
            0.5101739,
            20.4141438
          ],
          [
            0.4906045,
            20.3969286
          ],
          [
            0.4733654,
            20.382435
          ],
          [
            0.4606496,
            20.3742403
          ],
          [
            0.4452859,
            20.3591129
          ],
          [
            0.4371449,
            20.34534
          ],
          [
            0.4345699,
            20.3350387
          ],
          [
            0.4294072,
            20.3227366
          ],
          [
            0.4233261,
            20.3057407
          ],
          [
            0.4158588,
            20.2939072
          ],
          [
            0.3925,
            20.2732287
          ],
          [
            0.3803264,
            20.2594817
          ],
          [
            0.3697549,
            20.2475428
          ],
          [
            0.3622876,
            20.2364296
          ],
          [
            0.3501855,
            20.2204028
          ],
          [
            0.3446194,
            20.2079869
          ],
          [
            0.3433742,
            20.2052351
          ],
          [
            0.3360234,
            20.1889887
          ],
          [
            0.3349634,
            20.181545
          ],
          [
            0.3376671,
            20.176248
          ],
          [
            0.340757,
            20.1699639
          ],
          [
            0.3447782,
            20.161758
          ],
          [
            0.3461643,
            20.1464366
          ],
          [
            0.3475984,
            20.1381968
          ],
          [
            0.3504559,
            20.1217774
          ],
          [
            0.3497588,
            20.1144865
          ],
          [
            0.3460656,
            20.1080883
          ],
          [
            0.3385254,
            20.0839753
          ],
          [
            0.3334485,
            20.0718952
          ],
          [
            0.3343068,
            20.0571415
          ],
          [
            0.3343068,
            20.0348874
          ],
          [
            0.3317319,
            20.0122268
          ],
          [
            0.3293109,
            19.9922908
          ],
          [
            0.3284703,
            19.9853687
          ],
          [
            0.3227325,
            19.9699494
          ],
          [
            0.3168832,
            19.9523745
          ],
          [
            0.2899774,
            19.8863654
          ],
          [
            0.2868553,
            19.8657703
          ],
          [
            0.2832075,
            19.856164
          ],
          [
            0.2789911,
            19.8380113
          ],
          [
            0.2772745,
            19.8298162
          ],
          [
            0.2736696,
            19.8198847
          ],
          [
            0.2685197,
            19.8118907
          ],
          [
            0.2459463,
            19.7917825
          ],
          [
            0.2234586,
            19.7740142
          ],
          [
            0.2022091,
            19.7568538
          ],
          [
            0.1797215,
            19.7340727
          ],
          [
            0.1644436,
            19.7167827
          ],
          [
            0.1529487,
            19.7112439
          ],
          [
            0.1446231,
            19.7062341
          ],
          [
            0.1369091,
            19.7011717
          ],
          [
            0.1268133,
            19.695204
          ],
          [
            0.120681,
            19.6897863
          ],
          [
            0.1178547,
            19.686343
          ],
          [
            0.1151403,
            19.6825568
          ],
          [
            0.1146253,
            19.6774653
          ],
          [
            0.1132198,
            19.6715129
          ],
          [
            0.1123937,
            19.6632406
          ],
          [
            0.1118036,
            19.6615716
          ],
          [
            0.1088747,
            19.6579465
          ],
          [
            0.1038643,
            19.6538121
          ],
          [
            0.0974699,
            19.6451226
          ],
          [
            0.092878,
            19.6380494
          ],
          [
            0.088919,
            19.6280372
          ],
          [
            0.0874277,
            19.6247307
          ],
          [
            0.0870747,
            19.6230046
          ],
          [
            0.0858613,
            19.6204863
          ],
          [
            0.0838132,
            19.6160315
          ],
          [
            0.0829978,
            19.6134241
          ],
          [
            0.0814099,
            19.6081283
          ],
          [
            0.0802727,
            19.6050963
          ],
          [
            0.0779123,
            19.6021248
          ],
          [
            0.0761839,
            19.5989593
          ],
          [
            0.0738997,
            19.5943422
          ],
          [
            0.0726648,
            19.5911563
          ],
          [
            0.0694151,
            19.5866199
          ],
          [
            0.0659915,
            19.5833327
          ],
          [
            0.0619907,
            19.5788972
          ],
          [
            0.0587603,
            19.5749022
          ],
          [
            0.0570866,
            19.5740329
          ],
          [
            0.0538583,
            19.5727309
          ],
          [
            0.0496096,
            19.5704462
          ],
          [
            0.0468727,
            19.5682101
          ],
          [
            0.0449104,
            19.565978
          ],
          [
            0.0428934,
            19.5638146
          ],
          [
            0.0374217,
            19.5553831
          ],
          [
            0.034482,
            19.5522287
          ],
          [
            0.0330111,
            19.5498306
          ],
          [
            0.031273,
            19.5479096
          ],
          [
            0.0275941,
            19.543372
          ],
          [
            0.0234742,
            19.5370425
          ],
          [
            0.0193543,
            19.5320071
          ],
          [
            0.0170154,
            19.5295192
          ],
          [
            0.0152977,
            19.5284559
          ],
          [
            0.0119182,
            19.5252808
          ],
          [
            0.0100513,
            19.5237742
          ],
          [
            0.0083144,
            19.5216016
          ],
          [
            0.00326,
            19.5179799
          ],
          [
            0.0002248,
            19.5162522
          ],
          [
            -0.0054932,
            19.5127764
          ],
          [
            -0.0116515,
            19.5101643
          ],
          [
            -0.0146556,
            19.5086706
          ],
          [
            -0.0170844,
            19.5074405
          ],
          [
            -0.022481,
            19.5049347
          ],
          [
            -0.0282374,
            19.5022029
          ],
          [
            -0.035313,
            19.499226
          ],
          [
            -0.0367121,
            19.4979448
          ],
          [
            -0.04001,
            19.4941011
          ],
          [
            -0.0436877,
            19.4892588
          ],
          [
            -0.0458264,
            19.4866397
          ],
          [
            -0.0487046,
            19.4855845
          ],
          [
            -0.0521424,
            19.4851699
          ],
          [
            -0.0589381,
            19.4837944
          ],
          [
            -0.0630955,
            19.4839828
          ],
          [
            -0.0651942,
            19.4839263
          ],
          [
            -0.0677126,
            19.4832103
          ],
          [
            -0.0691717,
            19.4818724
          ],
          [
            -0.07187,
            19.4800258
          ],
          [
            -0.0770468,
            19.4788198
          ],
          [
            -0.0800249,
            19.4777646
          ],
          [
            -0.0870005,
            19.4762382
          ],
          [
            -0.0904983,
            19.4735813
          ],
          [
            -0.0953353,
            19.470227
          ],
          [
            -0.0991129,
            19.4676453
          ],
          [
            -0.1011916,
            19.4665711
          ],
          [
            -0.1039299,
            19.4634428
          ],
          [
            -0.1074077,
            19.4573557
          ],
          [
            -0.110126,
            19.4539822
          ],
          [
            -0.1135838,
            19.4507406
          ],
          [
            -0.114783,
            19.448969
          ],
          [
            -0.1171615,
            19.4443138
          ],
          [
            -0.1200997,
            19.4386217
          ],
          [
            -0.1229379,
            19.4347767
          ],
          [
            -0.127615,
            19.426502
          ],
          [
            -0.1300135,
            19.4210355
          ],
          [
            -0.1353979,
            19.4141885
          ],
          [
            -0.177079,
            19.3710221
          ],
          [
            -0.1788708,
            19.3685423
          ],
          [
            -0.189621,
            19.3548978
          ],
          [
            -0.1917668,
            19.351861
          ],
          [
            -0.1947065,
            19.3466376
          ],
          [
            -0.1970025,
            19.3433173
          ],
          [
            -0.2024313,
            19.3333355
          ],
          [
            -0.2032034,
            19.3316327
          ],
          [
            -0.2042766,
            19.3292656
          ],
          [
            -0.2055856,
            19.3266941
          ],
          [
            -0.2116152,
            19.3173391
          ],
          [
            -0.2174731,
            19.3136131
          ],
          [
            -0.2212428,
            19.3110464
          ],
          [
            -0.2232321,
            19.3098086
          ],
          [
            -0.2259696,
            19.3078765
          ],
          [
            -0.2283104,
            19.3054951
          ],
          [
            -0.2294927,
            19.3041472
          ],
          [
            -0.2312304,
            19.302627
          ],
          [
            -0.2330475,
            19.3006799
          ],
          [
            -0.2351899,
            19.2982834
          ],
          [
            -0.237126,
            19.2959843
          ],
          [
            -0.2394509,
            19.2940745
          ],
          [
            -0.2403714,
            19.292337
          ],
          [
            -0.2431406,
            19.289214
          ],
          [
            -0.2445768,
            19.2875064
          ],
          [
            -0.2462511,
            19.285956
          ],
          [
            -0.2465923,
            19.2848626
          ],
          [
            -0.2469017,
            19.282039
          ],
          [
            -0.2474731,
            19.2790655
          ],
          [
            -0.2487664,
            19.2763092
          ],
          [
            -0.2512024,
            19.2713133
          ],
          [
            -0.2518452,
            19.2687516
          ],
          [
            -0.2526783,
            19.2659053
          ],
          [
            -0.2530195,
            19.2627442
          ],
          [
            -0.2535194,
            19.2590663
          ],
          [
            -0.2540748,
            19.2566393
          ],
          [
            -0.2544557,
            19.2555681
          ],
          [
            -0.2565188,
            19.2524893
          ],
          [
            -0.2585977,
            19.2498299
          ],
          [
            -0.2601529,
            19.2478447
          ],
          [
            -0.2623822,
            19.2456035
          ],
          [
            -0.2635725,
            19.2439629
          ],
          [
            -0.2645564,
            19.2420675
          ],
          [
            -0.2654054,
            19.2402995
          ],
          [
            -0.2666353,
            19.2385165
          ],
          [
            -0.2674288,
            19.2373103
          ],
          [
            -0.2676827,
            19.2365611
          ],
          [
            -0.2683413,
            19.2353025
          ],
          [
            -0.2690951,
            19.2342761
          ],
          [
            -0.2694919,
            19.2330924
          ],
          [
            -0.2702139,
            19.2315266
          ],
          [
            -0.2711503,
            19.2300281
          ],
          [
            -0.2713962,
            19.228687
          ],
          [
            -0.2718644,
            19.2269339
          ],
          [
            -0.2723563,
            19.2250833
          ],
          [
            -0.272888,
            19.2227831
          ],
          [
            -0.2731895,
            19.22085
          ],
          [
            -0.2734117,
            19.2195014
          ],
          [
            -0.2737053,
            19.2182201
          ],
          [
            -0.2736842,
            19.2174128
          ],
          [
            -0.2730446,
            19.2159717
          ],
          [
            -0.2727528,
            19.2145941
          ],
          [
            -0.2730446,
            19.2134921
          ],
          [
            -0.2737179,
            19.2122629
          ],
          [
            -0.273471,
            19.210737
          ],
          [
            -0.2740321,
            19.2083209
          ],
          [
            -0.274941,
            19.2030648
          ],
          [
            -0.2755694,
            19.2007334
          ],
          [
            -0.2761193,
            19.1986881
          ],
          [
            -0.2768262,
            19.1980946
          ],
          [
            -0.278386,
            19.1969925
          ],
          [
            -0.2793174,
            19.1958056
          ],
          [
            -0.2797887,
            19.1942159
          ],
          [
            -0.280563,
            19.1911637
          ],
          [
            -0.2810343,
            19.1890971
          ],
          [
            -0.2816291,
            19.1870517
          ],
          [
            -0.2826049,
            19.182858
          ],
          [
            -0.2828668,
            19.1819212
          ],
          [
            -0.2826129,
            19.1799127
          ],
          [
            -0.2836126,
            19.178204
          ],
          [
            -0.2849457,
            19.1767201
          ],
          [
            -0.2855884,
            19.1755884
          ],
          [
            -0.2869056,
            19.174142
          ],
          [
            -0.2883974,
            19.1739846
          ],
          [
            -0.2899526,
            19.173325
          ],
          [
            -0.2906747,
            19.1726055
          ],
          [
            -0.2911904,
            19.1714663
          ],
          [
            -0.2920553,
            19.1707768
          ],
          [
            -0.2935788,
            19.1702222
          ],
          [
            -0.2949753,
            19.1697051
          ],
          [
            -0.2956181,
            19.1696001
          ],
          [
            -0.2967924,
            19.1704246
          ],
          [
            -0.2973717,
            19.1704096
          ],
          [
            -0.2990459,
            19.1692853
          ],
          [
            -0.3008075,
            19.1682286
          ],
          [
            -0.3008868,
            19.1670294
          ],
          [
            -0.3014423,
            19.1662724
          ],
          [
            -0.3025293,
            19.1648558
          ],
          [
            -0.3045607,
            19.1629895
          ],
          [
            -0.3065126,
            19.1614005
          ],
          [
            -0.3085809,
            19.1594536
          ],
          [
            -0.3092754,
            19.1588868
          ],
          [
            -0.3104339,
            19.1573952
          ],
          [
            -0.3107463,
            19.1571287
          ],
          [
            -0.3121041,
            19.1559704
          ],
          [
            -0.3136247,
            19.1545871
          ],
          [
            -0.3142082,
            19.1527002
          ],
          [
            -0.3152014,
            19.1500586
          ],
          [
            -0.3159644,
            19.1496049
          ],
          [
            -0.3169406,
            19.1480519
          ],
          [
            -0.3175578,
            19.1460907
          ],
          [
            -0.3179335,
            19.1437535
          ],
          [
            -0.3184612,
            19.1423405
          ],
          [
            -0.3192388,
            19.141336
          ],
          [
            -0.3207464,
            19.1400429
          ],
          [
            -0.3219644,
            19.1372805
          ],
          [
            -0.3224604,
            19.1358974
          ],
          [
            -0.3228571,
            19.1347655
          ],
          [
            -0.3234562,
            19.1338172
          ],
          [
            -0.3241664,
            19.1323741
          ],
          [
            -0.3241346,
            19.1306236
          ],
          [
            -0.3239958,
            19.1287307
          ],
          [
            -0.3238212,
            19.1272539
          ],
          [
            -0.3237934,
            19.1252522
          ],
          [
            -0.3242021,
            19.1235092
          ],
          [
            -0.3244004,
            19.1225458
          ],
          [
            -0.3245829,
            19.1217586
          ],
          [
            -0.3250709,
            19.1206715
          ],
          [
            -0.3255629,
            19.1192808
          ],
          [
            -0.3260192,
            19.1178151
          ],
          [
            -0.3265706,
            19.1151236
          ],
          [
            -0.3270547,
            19.1130318
          ],
          [
            -0.327372,
            19.1109438
          ],
          [
            -0.3276537,
            19.1091144
          ],
          [
            -0.3286456,
            19.1073862
          ],
          [
            -0.3301492,
            19.106164
          ],
          [
            -0.3316212,
            19.1042259
          ],
          [
            -0.3331677,
            19.1022662
          ],
          [
            -0.3333199,
            19.1018963
          ],
          [
            -0.3335475,
            19.1013433
          ],
          [
            -0.334008,
            19.1004394
          ],
          [
            -0.3347396,
            19.0976876
          ],
          [
            -0.3363107,
            19.0957906
          ],
          [
            -0.3381674,
            19.0942084
          ],
          [
            -0.3392664,
            19.09269
          ],
          [
            -0.3400242,
            19.0914116
          ],
          [
            -0.3406232,
            19.0904705
          ],
          [
            -0.341147,
            19.0896419
          ],
          [
            -0.3418095,
            19.0889033
          ],
          [
            -0.342964,
            19.0884609
          ],
          [
            -0.3443566,
            19.0873324
          ],
          [
            -0.3452532,
            19.0863463
          ],
          [
            -0.3460388,
            19.0850153
          ],
          [
            -0.3467609,
            19.0835268
          ],
          [
            -0.3474671,
            19.0828969
          ],
          [
            -0.3480066,
            19.0824507
          ],
          [
            -0.3483597,
            19.0816596
          ],
          [
            -0.3487882,
            19.080606
          ],
          [
            -0.3489707,
            19.0798336
          ],
          [
            -0.3496888,
            19.07878
          ],
          [
            -0.3507402,
            19.0777676
          ],
          [
            -0.3520851,
            19.0762228
          ],
          [
            -0.3528151,
            19.0753417
          ],
          [
            -0.3538348,
            19.0735831
          ],
          [
            -0.3545489,
            19.0726045
          ],
          [
            -0.355271,
            19.0717945
          ],
          [
            -0.3556003,
            19.0710933
          ],
          [
            -0.3562985,
            19.0696347
          ],
          [
            -0.356489,
            19.0691923
          ],
          [
            -0.3563779,
            19.068686
          ],
          [
            -0.356362,
            19.0679211
          ],
          [
            -0.3567627,
            19.0671861
          ],
          [
            -0.3568183,
            19.0664099
          ],
          [
            -0.3563819,
            19.0656412
          ],
          [
            -0.3560843,
            19.06452
          ],
          [
            -0.3561518,
            19.0634213
          ],
          [
            -0.3558304,
            19.0620226
          ],
          [
            -0.3553384,
            19.0607552
          ],
          [
            -0.3549219,
            19.059379
          ],
          [
            -0.3545291,
            19.0580327
          ],
          [
            -0.3542276,
            19.0568027
          ],
          [
            -0.3537396,
            19.055359
          ],
          [
            -0.3533428,
            19.0533152
          ],
          [
            -0.352954,
            19.0517664
          ],
          [
            -0.3515837,
            19.0505135
          ],
          [
            -0.3515304,
            19.0494978
          ],
          [
            -0.3515865,
            19.0488588
          ],
          [
            -0.3519512,
            19.0481295
          ],
          [
            -0.352041,
            19.047281
          ],
          [
            -0.3518867,
            19.0464881
          ],
          [
            -0.3516538,
            19.0450137
          ],
          [
            -0.3517155,
            19.0439794
          ],
          [
            -0.3516258,
            19.0427861
          ],
          [
            -0.3515444,
            19.0409483
          ],
          [
            -0.3515865,
            19.0392405
          ],
          [
            -0.3516145,
            19.0379172
          ],
          [
            -0.3515921,
            19.0366761
          ],
          [
            -0.3514939,
            19.0360157
          ],
          [
            -0.351362,
            19.035305
          ],
          [
            -0.3510198,
            19.0338809
          ],
          [
            -0.3509945,
            19.0322923
          ],
          [
            -0.3509468,
            19.0307833
          ],
          [
            -0.3508599,
            19.0293194
          ],
          [
            -0.3508601,
            19.0278557
          ],
          [
            -0.3508522,
            19.0272744
          ],
          [
            -0.3507966,
            19.0258529
          ],
          [
            -0.3508919,
            19.0246077
          ],
          [
            -0.3509752,
            19.0229986
          ],
          [
            -0.3510704,
            19.0215133
          ],
          [
            -0.3509831,
            19.0200992
          ],
          [
            -0.3504912,
            19.0188427
          ],
          [
            -0.3503126,
            19.0175449
          ],
          [
            -0.3500706,
            19.0158195
          ],
          [
            -0.3496778,
            19.0135089
          ],
          [
            -0.3493604,
            19.0119222
          ],
          [
            -0.3491541,
            19.0108157
          ],
          [
            -0.3488685,
            19.0092477
          ],
          [
            -0.3486066,
            19.0079986
          ],
          [
            -0.3483845,
            19.006547
          ],
          [
            -0.348444,
            19.0053578
          ],
          [
            -0.3482773,
            19.0040487
          ],
          [
            -0.3480591,
            19.0023644
          ],
          [
            -0.3479877,
            19.0010064
          ],
          [
            -0.3478846,
            18.9996785
          ],
          [
            -0.3475751,
            18.9978216
          ],
          [
            -0.3473093,
            18.9971239
          ],
          [
            -0.3472141,
            18.9965199
          ],
          [
            -0.3474759,
            18.996066
          ],
          [
            -0.3475751,
            18.995537
          ],
          [
            -0.3477378,
            18.9942691
          ],
          [
            -0.347829,
            18.9932974
          ],
          [
            -0.3475473,
            18.9916993
          ],
          [
            -0.3473609,
            18.9903038
          ],
          [
            -0.3470157,
            18.9891146
          ],
          [
            -0.3470673,
            18.9877678
          ],
          [
            -0.3474561,
            18.9864134
          ],
          [
            -0.348071,
            18.9848753
          ],
          [
            -0.3485233,
            18.9834234
          ],
          [
            -0.348932,
            18.9816601
          ],
          [
            -0.3492216,
            18.9809961
          ],
          [
            -0.3495905,
            18.979683
          ],
          [
            -0.349904,
            18.9779872
          ],
          [
            -0.3501539,
            18.9767378
          ],
          [
            -0.350142,
            18.9749407
          ],
          [
            -0.3501619,
            18.9734362
          ],
          [
            -0.3501539,
            18.9720705
          ],
          [
            -0.350027,
            18.9709525
          ],
          [
            -0.3502452,
            18.9691365
          ],
          [
            -0.3505784,
            18.9678984
          ],
          [
            -0.3505467,
            18.966754
          ],
          [
            -0.3506249,
            18.9652274
          ],
          [
            -0.3507036,
            18.9638596
          ],
          [
            -0.3506692,
            18.9626649
          ],
          [
            -0.3501418,
            18.9565519
          ],
          [
            -0.351062,
            18.9520519
          ],
          [
            -0.352633,
            18.9481674
          ],
          [
            -0.3539347,
            18.9443784
          ],
          [
            -0.3558424,
            18.9404937
          ],
          [
            -0.3561056,
            18.9319745
          ],
          [
            -0.3571927,
            18.9277187
          ],
          [
            -0.3588114,
            18.923035
          ],
          [
            -0.3598985,
            18.9203704
          ],
          [
            -0.36166,
            18.9171878
          ],
          [
            -0.3631121,
            18.9141327
          ],
          [
            -0.36458,
            18.9120534
          ],
          [
            -0.3651831,
            18.9094561
          ],
          [
            -0.3653435,
            18.906527
          ],
          [
            -0.3652594,
            18.9049239
          ],
          [
            -0.3657587,
            18.9028166
          ],
          [
            -0.366202,
            18.9009215
          ],
          [
            -0.3664264,
            18.8982302
          ],
          [
            -0.3665386,
            18.8963935
          ],
          [
            -0.3677674,
            18.8938083
          ],
          [
            -0.3687549,
            18.8904427
          ],
          [
            -0.3697199,
            18.885787
          ],
          [
            -0.3703961,
            18.8831133
          ],
          [
            -0.3708682,
            18.8814879
          ],
          [
            -0.3712253,
            18.8802603
          ],
          [
            -0.3715744,
            18.8791341
          ],
          [
            -0.3720902,
            18.8773435
          ],
          [
            -0.3726337,
            18.8758381
          ],
          [
            -0.3725782,
            18.8746593
          ],
          [
            -0.3725306,
            18.8726434
          ],
          [
            -0.3723322,
            18.8714833
          ],
          [
            -0.3718878,
            18.8690243
          ],
          [
            -0.3718125,
            18.8669895
          ],
          [
            -0.3716617,
            18.8652888
          ],
          [
            -0.3715347,
            18.863941
          ],
          [
            -0.3715466,
            18.861272
          ],
          [
            -0.3711182,
            18.8584787
          ],
          [
            -0.3713721,
            18.8573373
          ],
          [
            -0.3715625,
            18.8553174
          ],
          [
            -0.3719751,
            18.8536128
          ],
          [
            -0.3731098,
            18.8520209
          ],
          [
            -0.3744111,
            18.8498132
          ],
          [
            -0.3751253,
            18.8480109
          ],
          [
            -0.375641,
            18.8460359
          ],
          [
            -0.3766646,
            18.8432199
          ],
          [
            -0.3768075,
            18.8422061
          ],
          [
            -0.3767678,
            18.8403061
          ],
          [
            -0.376863,
            18.8379105
          ],
          [
            -0.3764107,
            18.8368591
          ],
          [
            -0.3761251,
            18.8349441
          ],
          [
            -0.3762917,
            18.8339378
          ],
          [
            -0.3763948,
            18.8323081
          ],
          [
            -0.3765218,
            18.8306784
          ],
          [
            -0.376744,
            18.8288609
          ],
          [
            -0.3773629,
            18.8275166
          ],
          [
            -0.3772359,
            18.8263149
          ],
          [
            -0.3770315,
            18.825142
          ],
          [
            -0.3770539,
            18.8233842
          ],
          [
            -0.3772334,
            18.8221149
          ],
          [
            -0.3775084,
            18.8202189
          ],
          [
            -0.3774635,
            18.818392
          ],
          [
            -0.3775252,
            18.8164801
          ],
          [
            -0.3777609,
            18.8155879
          ],
          [
            -0.3778394,
            18.8144619
          ],
          [
            -0.377716,
            18.8128102
          ],
          [
            -0.3779011,
            18.811185
          ],
          [
            -0.3779558,
            18.8092274
          ],
          [
            -0.3778088,
            18.807646
          ],
          [
            -0.3779596,
            18.8059109
          ],
          [
            -0.377912,
            18.8040556
          ],
          [
            -0.3784516,
            18.8024857
          ],
          [
            -0.3799433,
            18.7999168
          ],
          [
            -0.380713,
            18.7986248
          ],
          [
            -0.3816176,
            18.7964164
          ],
          [
            -0.3819667,
            18.7938624
          ],
          [
            -0.3823793,
            18.7906924
          ],
          [
            -0.3822127,
            18.7895957
          ],
          [
            -0.3819112,
            18.7871242
          ],
          [
            -0.3821254,
            18.7862829
          ],
          [
            -0.3823158,
            18.7852387
          ],
          [
            -0.3816255,
            18.7841043
          ],
          [
            -0.3811891,
            18.7821662
          ],
          [
            -0.3811415,
            18.7806562
          ],
          [
            -0.38084,
            18.7789959
          ],
          [
            -0.3804273,
            18.7763215
          ],
          [
            -0.3804432,
            18.7753148
          ],
          [
            -0.3803956,
            18.7734216
          ],
          [
            -0.3805384,
            18.7716336
          ],
          [
            -0.380951,
            18.7693346
          ],
          [
            -0.3808082,
            18.7661942
          ],
          [
            -0.3806654,
            18.7646841
          ],
          [
            -0.381078,
            18.7621071
          ],
          [
            -0.3815858,
            18.7595901
          ],
          [
            -0.3820619,
            18.7565848
          ],
          [
            -0.3830776,
            18.7518362
          ],
          [
            -0.3845852,
            18.746306
          ],
          [
            -0.3859341,
            18.7420381
          ],
          [
            -0.387432,
            18.7372704
          ],
          [
            -0.388654,
            18.7331187
          ],
          [
            -0.3893364,
            18.7297371
          ],
          [
            -0.3898442,
            18.7258295
          ],
          [
            -0.3907805,
            18.7226281
          ],
          [
            -0.3914581,
            18.7213946
          ],
          [
            -0.3919286,
            18.7191038
          ],
          [
            -0.3917603,
            18.7168506
          ],
          [
            -0.3924672,
            18.7147462
          ],
          [
            -0.3931742,
            18.7124612
          ],
          [
            -0.3940719,
            18.7100591
          ],
          [
            -0.394959,
            18.7075215
          ],
          [
            -0.3973871,
            18.703899
          ],
          [
            -0.3973871,
            18.7018096
          ],
          [
            -0.3986249,
            18.7000208
          ],
          [
            -0.4013862,
            18.6967287
          ],
          [
            -0.4049252,
            18.6933164
          ],
          [
            -0.4065439,
            18.6907759
          ],
          [
            -0.4094163,
            18.6884608
          ],
          [
            -0.4112572,
            18.6861307
          ],
          [
            -0.4132409,
            18.6851084
          ],
          [
            -0.4151612,
            18.6831691
          ],
          [
            -0.4171449,
            18.6800271
          ],
          [
            -0.4173512,
            18.6788244
          ],
          [
            -0.417621,
            18.6779524
          ],
          [
            -0.4189064,
            18.6756071
          ],
          [
            -0.421509,
            18.6731265
          ],
          [
            -0.4243338,
            18.6707661
          ],
          [
            -0.4276665,
            18.667248
          ],
          [
            -0.4304754,
            18.6626923
          ],
          [
            -0.43203,
            18.6608367
          ],
          [
            -0.4361403,
            18.6575439
          ],
          [
            -0.4401394,
            18.6553186
          ],
          [
            -0.4426151,
            18.6532436
          ],
          [
            -0.443123,
            18.6497402
          ],
          [
            -0.4446922,
            18.6463128
          ],
          [
            -0.4456348,
            18.6450794
          ],
          [
            -0.44611,
            18.6449075
          ],
          [
            -0.446582,
            18.6445416
          ],
          [
            -0.4468398,
            18.6441052
          ],
          [
            -0.4471778,
            18.6435868
          ],
          [
            -0.4474242,
            18.6430935
          ],
          [
            -0.4488512,
            18.6412433
          ],
          [
            -0.4521342,
            18.6383358
          ],
          [
            -0.4545589,
            18.6371763
          ],
          [
            -0.4571124,
            18.63557
          ],
          [
            -0.4613289,
            18.6347236
          ],
          [
            -0.4631636,
            18.6338942
          ],
          [
            -0.4648076,
            18.6330648
          ],
          [
            -0.4664403,
            18.6314591
          ],
          [
            -0.4682919,
            18.6299279
          ],
          [
            -0.4734202,
            18.6234229
          ],
          [
            -0.474174,
            18.6226484
          ],
          [
            -0.4747057,
            18.6216408
          ],
          [
            -0.4752809,
            18.6212949
          ],
          [
            -0.477465,
            18.6193951
          ],
          [
            -0.4788933,
            18.6186129
          ],
          [
            -0.4812751,
            18.6160711
          ],
          [
            -0.4845367,
            18.6112719
          ],
          [
            -0.486661,
            18.6075505
          ],
          [
            -0.4898378,
            18.6036266
          ],
          [
            -0.4973909,
            18.5950037
          ],
          [
            -0.5141822,
            18.5767947
          ],
          [
            -0.5169165,
            18.5725912
          ],
          [
            -0.5197568,
            18.5676602
          ],
          [
            -0.5226134,
            18.5636838
          ],
          [
            -0.5240746,
            18.5623897
          ],
          [
            -0.5241822,
            18.5619086
          ],
          [
            -0.5240171,
            18.5609553
          ],
          [
            -0.5244373,
            18.5594757
          ],
          [
            -0.5249926,
            18.5582237
          ],
          [
            -0.5269586,
            18.5565022
          ],
          [
            -0.5290746,
            18.5541547
          ],
          [
            -0.5304703,
            18.5523478
          ],
          [
            -0.5313408,
            18.551608
          ],
          [
            -0.533727,
            18.5506547
          ],
          [
            -0.5363833,
            18.5491608
          ],
          [
            -0.5383944,
            18.547738
          ],
          [
            -0.5394716,
            18.5470025
          ],
          [
            -0.5400906,
            18.5466333
          ],
          [
            -0.5431162,
            18.5443141
          ],
          [
            -0.5480879,
            18.5414406
          ],
          [
            -0.5505716,
            18.538984
          ],
          [
            -0.55305,
            18.5364207
          ],
          [
            -0.5554962,
            18.5332418
          ],
          [
            -0.5562418,
            18.5318889
          ],
          [
            -0.5572063,
            18.5305644
          ],
          [
            -0.5582105,
            18.5292847
          ],
          [
            -0.5593371,
            18.5275807
          ],
          [
            -0.5602801,
            18.5261037
          ],
          [
            -0.560881,
            18.5248982
          ],
          [
            -0.5612243,
            18.5243285
          ],
          [
            -0.5617403,
            18.5233183
          ],
          [
            -0.5621362,
            18.5226448
          ],
          [
            -0.5626362,
            18.5220568
          ],
          [
            -0.5631769,
            18.5212054
          ],
          [
            -0.564267,
            18.5206987
          ],
          [
            -0.5650663,
            18.5200222
          ],
          [
            -0.5652916,
            18.5193915
          ],
          [
            -0.5654042,
            18.5187709
          ],
          [
            -0.5656177,
            18.5181381
          ],
          [
            -0.5659181,
            18.5172785
          ],
          [
            -0.5664224,
            18.5162357
          ],
          [
            -0.5670179,
            18.5153353
          ],
          [
            -0.5675758,
            18.5148216
          ],
          [
            -0.5687731,
            18.512911
          ],
          [
            -0.5696689,
            18.5116901
          ],
          [
            -0.5703878,
            18.5109119
          ],
          [
            -0.5711324,
            18.5099128
          ],
          [
            -0.5716098,
            18.508753
          ],
          [
            -0.5725217,
            18.507176
          ],
          [
            -0.5728715,
            18.5058096
          ],
          [
            -0.5732728,
            18.5046681
          ],
          [
            -0.5739433,
            18.5037931
          ],
          [
            -0.5744862,
            18.5030067
          ],
          [
            -0.5750323,
            18.5024298
          ],
          [
            -0.5752791,
            18.5018142
          ],
          [
            -0.5753971,
            18.5011427
          ],
          [
            -0.5759979,
            18.4991638
          ],
          [
            -0.5760741,
            18.4980975
          ],
          [
            -0.5766631,
            18.4967677
          ],
          [
            -0.5772811,
            18.4949027
          ],
          [
            -0.5778229,
            18.4936868
          ],
          [
            -0.5786908,
            18.4920263
          ],
          [
            -0.5796296,
            18.4898743
          ],
          [
            -0.5808795,
            18.4869896
          ],
          [
            -0.5818837,
            18.4847938
          ],
          [
            -0.5825918,
            18.4834507
          ],
          [
            -0.5833203,
            18.4820902
          ],
          [
            -0.5842645,
            18.48092
          ],
          [
            -0.5855734,
            18.4790528
          ],
          [
            -0.5863083,
            18.4777961
          ],
          [
            -0.5870336,
            18.4768722
          ],
          [
            -0.5878865,
            18.4750303
          ],
          [
            -0.5886804,
            18.4739212
          ],
          [
            -0.5896943,
            18.4730715
          ],
          [
            -0.590514,
            18.4726217
          ],
          [
            -0.5910891,
            18.4719216
          ],
          [
            -0.5923379,
            18.4701438
          ],
          [
            -0.5930245,
            18.4692178
          ],
          [
            -0.5937713,
            18.4674949
          ],
          [
            -0.5941725,
            18.4662463
          ],
          [
            -0.5948173,
            18.4652561
          ],
          [
            -0.5962282,
            18.463979
          ],
          [
            -0.5976326,
            18.4629084
          ],
          [
            -0.5994565,
            18.4605525
          ],
          [
            -0.6009961,
            18.4584306
          ],
          [
            -0.6020057,
            18.4569061
          ],
          [
            -0.6034648,
            18.4548249
          ],
          [
            -0.604484,
            18.4533238
          ],
          [
            -0.6058519,
            18.4514461
          ],
          [
            -0.6079752,
            18.4490931
          ],
          [
            -0.60893,
            18.4480906
          ],
          [
            -0.6097626,
            18.4471716
          ],
          [
            -0.610519,
            18.4453956
          ],
          [
            -0.6105726,
            18.4442557
          ],
          [
            -0.6111252,
            18.4432023
          ],
          [
            -0.6116659,
            18.4418568
          ],
          [
            -0.6121863,
            18.4406405
          ],
          [
            -0.6124287,
            18.4396604
          ],
          [
            -0.6121498,
            18.4379963
          ],
          [
            -0.6121122,
            18.4362253
          ],
          [
            -0.6121433,
            18.4347169
          ],
          [
            -0.6118376,
            18.4329
          ],
          [
            -0.6113923,
            18.4319941
          ],
          [
            -0.6108398,
            18.4309916
          ],
          [
            -0.6102068,
            18.4298058
          ],
          [
            -0.6102722,
            18.4289426
          ],
          [
            -0.6103463,
            18.4272815
          ],
          [
            -0.6108451,
            18.4260651
          ],
          [
            -0.6109632,
            18.4257496
          ],
          [
            -0.611506,
            18.4249576
          ],
          [
            -0.6119502,
            18.4236171
          ],
          [
            -0.6122732,
            18.4225809
          ],
          [
            -0.6124276,
            18.4215304
          ],
          [
            -0.6129222,
            18.4210744
          ],
          [
            -0.6134641,
            18.4205501
          ],
          [
            -0.6140922,
            18.4197816
          ],
          [
            -0.614162,
            18.4192268
          ],
          [
            -0.6148486,
            18.4159084
          ],
          [
            -0.6154387,
            18.4140557
          ],
          [
            -0.616179,
            18.4122845
          ],
          [
            -0.6165658,
            18.4098108
          ],
          [
            -0.6167621,
            18.4092642
          ],
          [
            -0.6181751,
            18.4057389
          ],
          [
            -0.6206642,
            18.4010967
          ],
          [
            -0.6251274,
            18.3907125
          ],
          [
            -0.6257711,
            18.3841967
          ],
          [
            -0.6258172,
            18.3820616
          ],
          [
            -0.6265221,
            18.3780063
          ],
          [
            -0.6258784,
            18.3762755
          ],
          [
            -0.6263934,
            18.373506
          ],
          [
            -0.6290327,
            18.3613687
          ],
          [
            -0.6304274,
            18.3571938
          ],
          [
            -0.629508,
            18.3537347
          ],
          [
            -0.6309885,
            18.350863
          ],
          [
            -0.6331096,
            18.3466441
          ],
          [
            -0.6347404,
            18.3426317
          ],
          [
            -0.6374044,
            18.3371762
          ],
          [
            -0.6377659,
            18.3347493
          ],
          [
            -0.63837,
            18.3309435
          ],
          [
            -0.6401907,
            18.3259907
          ],
          [
            -0.6407486,
            18.3232205
          ],
          [
            -0.6428085,
            18.3172113
          ],
          [
            -0.6448255,
            18.3102444
          ],
          [
            -0.6465883,
            18.3057658
          ],
          [
            -0.647747,
            18.3034637
          ],
          [
            -0.649911,
            18.299264
          ],
          [
            -0.6522745,
            18.2954777
          ],
          [
            -0.6532155,
            18.2912167
          ],
          [
            -0.6542057,
            18.2889175
          ],
          [
            -0.6558151,
            18.2855558
          ],
          [
            -0.6573504,
            18.2835408
          ],
          [
            -0.6582409,
            18.2827869
          ],
          [
            -0.6589919,
            18.2822215
          ],
          [
            -0.6597375,
            18.2815339
          ],
          [
            -0.6602257,
            18.2809125
          ],
          [
            -0.6607943,
            18.2799752
          ],
          [
            -0.6610518,
            18.279364
          ],
          [
            -0.6633875,
            18.2759369
          ],
          [
            -0.6682391,
            18.2712525
          ],
          [
            -0.6787512,
            18.263752
          ],
          [
            -0.6831714,
            18.2598804
          ],
          [
            -0.6901237,
            18.2489987
          ],
          [
            -0.6932158,
            18.2418273
          ],
          [
            -0.6972477,
            18.23832
          ],
          [
            -0.7002518,
            18.2346109
          ],
          [
            -0.7028696,
            18.2315131
          ],
          [
            -0.7040712,
            18.2250727
          ],
          [
            -0.705187,
            18.2241352
          ],
          [
            -0.7094775,
            18.2196502
          ],
          [
            -0.7122241,
            18.2140655
          ],
          [
            -0.7160006,
            18.2082767
          ],
          [
            -0.7173557,
            18.2037139
          ],
          [
            -0.7185144,
            18.1998613
          ],
          [
            -0.7185573,
            18.197721
          ],
          [
            -0.7195197,
            18.1909705
          ],
          [
            -0.720893,
            18.1826939
          ],
          [
            -0.7217974,
            18.1795371
          ],
          [
            -0.7225055,
            18.176581
          ],
          [
            -0.7236181,
            18.174947
          ],
          [
            -0.7230419,
            18.173156
          ],
          [
            -0.7232994,
            18.1711988
          ],
          [
            -0.7229744,
            18.1686269
          ],
          [
            -0.7235569,
            18.1661426
          ],
          [
            -0.7243723,
            18.1634513
          ],
          [
            -0.726472,
            18.160655
          ],
          [
            -0.7258958,
            18.1570288
          ],
          [
            -0.7263861,
            18.1542324
          ],
          [
            -0.7266865,
            18.1489515
          ],
          [
            -0.7270942,
            18.142977
          ],
          [
            -0.7272015,
            18.1390824
          ],
          [
            -0.7299481,
            18.1296001
          ],
          [
            -0.7309813,
            18.1251984
          ],
          [
            -0.7312785,
            18.1172215
          ],
          [
            -0.7325906,
            18.1047839
          ],
          [
            -0.7332987,
            18.1007252
          ],
          [
            -0.7328234,
            18.0985194
          ],
          [
            -0.7341141,
            18.0946063
          ],
          [
            -0.7329951,
            18.0921557
          ],
          [
            -0.7325659,
            18.0876071
          ],
          [
            -0.7324372,
            18.0846087
          ],
          [
            -0.7339821,
            18.0802844
          ],
          [
            -0.7357234,
            18.0756774
          ],
          [
            -0.7368789,
            18.0704318
          ],
          [
            -0.7383842,
            18.0664161
          ],
          [
            -0.7377372,
            18.0626595
          ],
          [
            -0.7378692,
            18.0609285
          ],
          [
            -0.7398186,
            18.0575797
          ],
          [
            -0.7414065,
            18.0552948
          ],
          [
            -0.7432336,
            18.0525029
          ],
          [
            -0.7438098,
            18.0483175
          ],
          [
            -0.7435737,
            18.0440331
          ],
          [
            -0.7436842,
            18.0401801
          ],
          [
            -0.7429729,
            18.0342805
          ],
          [
            -0.7419429,
            18.0303426
          ],
          [
            -0.7410203,
            18.0268127
          ],
          [
            -0.7395214,
            18.0194088
          ],
          [
            -0.7378692,
            18.0116955
          ],
          [
            -0.7392425,
            18.0034512
          ],
          [
            -0.740487,
            17.9976759
          ],
          [
            -0.7416672,
            17.9950229
          ],
          [
            -0.740487,
            17.9929208
          ],
          [
            -0.7395826,
            17.9911014
          ],
          [
            -0.7386846,
            17.9861043
          ],
          [
            -0.7387243,
            17.9847339
          ],
          [
            -0.7394571,
            17.9815327
          ],
          [
            -0.740766,
            17.9773486
          ],
          [
            -0.7423292,
            17.9751413
          ],
          [
            -0.742783,
            17.970552
          ],
          [
            -0.7427616,
            17.9659799
          ],
          [
            -0.7416028,
            17.963755
          ],
          [
            -0.7406372,
            17.9623466
          ],
          [
            -0.740634,
            17.9584652
          ],
          [
            -0.7412348,
            17.9547093
          ]
        ]
      },
      "properties": {
        "highway": "tertiary"
      }
    },
    {
      "type": "Feature",
      "geometry": {
        "type": "LineString",
        "coordinates": [
          [
            0.8646932,
            20.6175901
          ],
          [
            0.8720726,
            20.6343461
          ],
          [
            0.8758859,
            20.6436628
          ],
          [
            0.8782537,
            20.6494475
          ],
          [
            0.8796616,
            20.6524077
          ],
          [
            0.8954297,
            20.6855569
          ],
          [
            0.9006714,
            20.701703
          ],
          [
            0.907,
            20.7158742
          ],
          [
            0.9181867,
            20.7305224
          ],
          [
            0.9443278,
            20.7582781
          ],
          [
            0.9580626,
            20.7746534
          ],
          [
            0.9595418,
            20.7763887
          ],
          [
            0.9733495,
            20.7953338
          ],
          [
            0.9783667,
            20.8026023
          ],
          [
            0.9868375,
            20.8148741
          ],
          [
            1.0003895,
            20.8302893
          ],
          [
            1.0112566,
            20.841342
          ],
          [
            1.0218041,
            20.852334
          ],
          [
            1.0294751,
            20.8662522
          ],
          [
            1.0354799,
            20.8723494
          ],
          [
            1.0397989,
            20.8767348
          ],
          [
            1.046352,
            20.881236
          ]
        ]
      },
      "properties": {
        "highway": "tertiary"
      }
    },
    {
      "type": "Feature",
      "geometry": {
        "type": "LineString",
        "coordinates": [
          [
            0.9247445,
            21.3668819
          ],
          [
            0.9249695,
            21.3690468
          ]
        ]
      },
      "properties": {
        "highway": "tertiary"
      }
    },
    {
      "type": "Feature",
      "geometry": {
        "type": "LineString",
        "coordinates": [
          [
            0.9380735,
            21.3330396
          ],
          [
            0.9380922,
            21.332983
          ],
          [
            0.938106,
            21.3329583
          ],
          [
            0.9381248,
            21.3329367
          ],
          [
            0.9381477,
            21.3329189
          ],
          [
            0.9381755,
            21.3329051
          ],
          [
            0.9382058,
            21.3328969
          ],
          [
            0.9382373,
            21.3328948
          ],
          [
            0.9383033,
            21.3328967
          ],
          [
            0.9383406,
            21.3328886
          ],
          [
            0.9383671,
            21.3328791
          ],
          [
            0.938393,
            21.3328676
          ],
          [
            0.9384461,
            21.3328397
          ],
          [
            0.9398031,
            21.3318916
          ],
          [
            0.9402336,
            21.3316055
          ],
          [
            0.9404482,
            21.3314694
          ],
          [
            0.9406681,
            21.3313407
          ],
          [
            0.9409229,
            21.3312058
          ],
          [
            0.9411201,
            21.3311046
          ],
          [
            0.9413213,
            21.3310146
          ],
          [
            0.9419299,
            21.3307305
          ],
          [
            0.9426476,
            21.3304125
          ],
          [
            0.9430412,
            21.3302532
          ],
          [
            0.9431599,
            21.3302167
          ],
          [
            0.9432805,
            21.3301861
          ],
          [
            0.9433322,
            21.3301753
          ],
          [
            0.9434026,
            21.3301614
          ],
          [
            0.9435262,
            21.3301428
          ],
          [
            0.9436505,
            21.3301303
          ],
          [
            0.9437755,
            21.3301239
          ],
          [
            0.9440135,
            21.3301271
          ],
          [
            0.9442529,
            21.3301383
          ],
          [
            0.9444268,
            21.3301509
          ],
          [
            0.9445882,
            21.3301627
          ],
          [
            0.9453244,
            21.3302114
          ],
          [
            0.9457406,
            21.3302478
          ],
          [
            0.9458111,
            21.3302548
          ],
          [
            0.9463643,
            21.3303028
          ],
          [
            0.9465234,
            21.3303264
          ],
          [
            0.9468774,
            21.3303545
          ],
          [
            0.9469079,
            21.3303575
          ],
          [
            0.9471376,
            21.330385
          ],
          [
            0.947285,
            21.3304062
          ]
        ]
      },
      "properties": {
        "name": "La route de la Saoura; طريق الساورة",
        "highway": "primary",
        "maxspeed": "50",
        "ref": "RN 6"
      }
    },
    {
      "type": "Feature",
      "geometry": {
        "type": "LineString",
        "coordinates": [
          [
            0.9381993,
            21.3331785
          ],
          [
            0.9381586,
            21.3331829
          ],
          [
            0.9381314,
            21.3331866
          ],
          [
            0.938106,
            21.333193
          ],
          [
            0.9380821,
            21.3332038
          ],
          [
            0.9380593,
            21.3332188
          ],
          [
            0.9377658,
            21.3334352
          ],
          [
            0.9375474,
            21.333598
          ],
          [
            0.9375065,
            21.3336297
          ],
          [
            0.9374629,
            21.333658
          ],
          [
            0.9374189,
            21.3336816
          ],
          [
            0.9372854,
            21.3337609
          ],
          [
            0.937192,
            21.3338185
          ],
          [
            0.9364902,
            21.3342998
          ],
          [
            0.9339231,
            21.3360846
          ],
          [
            0.9321602,
            21.3373106
          ],
          [
            0.9320287,
            21.3374034
          ],
          [
            0.9319012,
            21.3375009
          ],
          [
            0.931778,
            21.3376029
          ],
          [
            0.9316465,
            21.3377212
          ],
          [
            0.9315208,
            21.3378447
          ],
          [
            0.9314009,
            21.3379732
          ],
          [
            0.9312871,
            21.3381064
          ],
          [
            0.9309949,
            21.338484
          ]
        ]
      },
      "properties": {
        "name": "La route de la Saoura; طريق الساورة",
        "highway": "primary",
        "ref": "RN 6"
      }
    },
    {
      "type": "Feature",
      "geometry": {
        "type": "LineString",
        "coordinates": [
          [
            0.923109,
            21.3555517
          ],
          [
            0.9223676,
            21.3561987
          ],
          [
            0.9216686,
            21.356814
          ],
          [
            0.9210654,
            21.3573081
          ],
          [
            0.9193529,
            21.358614
          ],
          [
            0.9184929,
            21.359267
          ],
          [
            0.9169724,
            21.3605425
          ],
          [
            0.9136089,
            21.3633679
          ],
          [
            0.9118434,
            21.3648424
          ],
          [
            0.9106477,
            21.3659692
          ],
          [
            0.9100415,
            21.3668592
          ],
          [
            0.9095284,
            21.3680299
          ],
          [
            0.9092567,
            21.3687604
          ],
          [
            0.9091028,
            21.3691742
          ],
          [
            0.9084352,
            21.3712344
          ],
          [
            0.9080811,
            21.3725777
          ],
          [
            0.9077656,
            21.3739959
          ],
          [
            0.9077121,
            21.3742992
          ],
          [
            0.9076623,
            21.3746374
          ],
          [
            0.9076549,
            21.3750217
          ],
          [
            0.9077135,
            21.3754061
          ],
          [
            0.9078175,
            21.3757853
          ],
          [
            0.9079568,
            21.3761413
          ],
          [
            0.9081386,
            21.376446
          ],
          [
            0.90835,
            21.3767443
          ],
          [
            0.9086081,
            21.3770426
          ],
          [
            0.9089686,
            21.3773255
          ],
          [
            0.9092858,
            21.3775387
          ],
          [
            0.9096747,
            21.3777376
          ],
          [
            0.912021,
            21.3787203
          ],
          [
            0.9140166,
            21.379561
          ],
          [
            0.9150734,
            21.3801239
          ],
          [
            0.9166704,
            21.380996
          ],
          [
            0.9176078,
            21.3815688
          ],
          [
            0.918476,
            21.3825061
          ],
          [
            0.9189237,
            21.383124
          ],
          [
            0.9196328,
            21.3841061
          ],
          [
            0.9201234,
            21.3849041
          ],
          [
            0.9203905,
            21.38539
          ],
          [
            0.9205899,
            21.3858753
          ],
          [
            0.9207358,
            21.3864265
          ],
          [
            0.9208054,
            21.3875755
          ],
          [
            0.920887,
            21.3889218
          ],
          [
            0.9210322,
            21.3910641
          ],
          [
            0.9211384,
            21.3930955
          ],
          [
            0.9211921,
            21.3939144
          ],
          [
            0.921255,
            21.3948752
          ],
          [
            0.9213975,
            21.3965841
          ],
          [
            0.9214243,
            21.3969048
          ],
          [
            0.9216888,
            21.3993099
          ],
          [
            0.9218768,
            21.4010805
          ],
          [
            0.9220959,
            21.402481
          ],
          [
            0.9223883,
            21.404514
          ],
          [
            0.9227249,
            21.4068413
          ],
          [
            0.9230417,
            21.4090373
          ],
          [
            0.9238958,
            21.4150446
          ],
          [
            0.924577,
            21.4190802
          ],
          [
            0.9264304,
            21.4290577
          ],
          [
            0.9268181,
            21.4301018
          ],
          [
            0.9274206,
            21.4316983
          ],
          [
            0.9277243,
            21.4328882
          ],
          [
            0.9278283,
            21.4339788
          ],
          [
            0.9281073,
            21.4565308
          ],
          [
            0.9282387,
            21.4595268
          ],
          [
            0.9286048,
            21.4631282
          ],
          [
            0.929524,
            21.4708694
          ],
          [
            0.9295863,
            21.4715559
          ],
          [
            0.9295535,
            21.4727734
          ],
          [
            0.9294226,
            21.4739526
          ],
          [
            0.929237,
            21.474908
          ],
          [
            0.9288749,
            21.4760247
          ],
          [
            0.9286682,
            21.4769396
          ],
          [
            0.9286255,
            21.4773844
          ],
          [
            0.9286202,
            21.4778783
          ],
          [
            0.9286916,
            21.4783145
          ],
          [
            0.9288721,
            21.4789037
          ],
          [
            0.9291052,
            21.4794309
          ],
          [
            0.9293269,
            21.4797985
          ],
          [
            0.9298711,
            21.4806843
          ],
          [
            0.9302338,
            21.4813363
          ],
          [
            0.9305835,
            21.4821488
          ],
          [
            0.9309402,
            21.4830942
          ],
          [
            0.9312031,
            21.4840741
          ],
          [
            0.9312996,
            21.4848014
          ],
          [
            0.9314445,
            21.4860168
          ],
          [
            0.9321016,
            21.4912305
          ],
          [
            0.9323913,
            21.4931976
          ],
          [
            0.9326167,
            21.4943833
          ],
          [
            0.9329764,
            21.4957171
          ],
          [
            0.9338676,
            21.4978526
          ],
          [
            0.9346302,
            21.4992251
          ],
          [
            0.9368233,
            21.5029085
          ],
          [
            0.9399782,
            21.5092183
          ]
        ]
      },
      "properties": {
        "name": "طريق الساورة",
        "highway": "primary",
        "ref": "RN 6"
      }
    },
    {
      "type": "Feature",
      "geometry": {
        "type": "LineString",
        "coordinates": [
          [
            0.925815,
            21.346775
          ],
          [
            0.9258091,
            21.3467399
          ],
          [
            0.9258094,
            21.3467037
          ],
          [
            0.9258181,
            21.3466729
          ],
          [
            0.9258342,
            21.3466447
          ],
          [
            0.9258591,
            21.3466189
          ],
          [
            0.9259318,
            21.3465733
          ],
          [
            0.9259612,
            21.3465493
          ],
          [
            0.9259871,
            21.346523
          ],
          [
            0.9260062,
            21.3464958
          ],
          [
            0.9260206,
            21.3464662
          ],
          [
            0.9271377,
            21.3440286
          ],
          [
            0.9271774,
            21.3439455
          ],
          [
            0.9276353,
            21.3429868
          ],
          [
            0.927775,
            21.3427255
          ],
          [
            0.9279209,
            21.3424672
          ],
          [
            0.9280625,
            21.3422291
          ],
          [
            0.9282093,
            21.3419937
          ],
          [
            0.9283112,
            21.3418426
          ],
          [
            0.9284171,
            21.3416902
          ],
          [
            0.9286344,
            21.3413941
          ],
          [
            0.9288235,
            21.3411431
          ],
          [
            0.9290515,
            21.340852
          ],
          [
            0.9296241,
            21.3401125
          ],
          [
            0.9302746,
            21.3392868
          ],
          [
            0.9305079,
            21.3389895
          ],
          [
            0.9306474,
            21.3388096
          ],
          [
            0.9307815,
            21.338626
          ],
          [
            0.9309183,
            21.3384399
          ],
          [
            0.9312308,
            21.3380439
          ],
          [
            0.9313473,
            21.3379129
          ],
          [
            0.9314689,
            21.3377861
          ],
          [
            0.9315956,
            21.3376635
          ],
          [
            0.931727,
            21.3375455
          ],
          [
            0.9318524,
            21.3374406
          ],
          [
            0.9319817,
            21.3373398
          ],
          [
            0.9321146,
            21.3372432
          ],
          [
            0.9338808,
            21.336014
          ],
          [
            0.9364423,
            21.3342326
          ],
          [
            0.9371269,
            21.3337429
          ],
          [
            0.9372306,
            21.3336639
          ],
          [
            0.9373616,
            21.3335531
          ],
          [
            0.9374133,
            21.3335137
          ],
          [
            0.9374736,
            21.3334775
          ],
          [
            0.9377388,
            21.3333091
          ],
          [
            0.9380074,
            21.3331102
          ],
          [
            0.9380341,
            21.3330909
          ],
          [
            0.9380563,
            21.3330671
          ],
          [
            0.9380735,
            21.3330396
          ]
        ]
      },
      "properties": {
        "name": "La route de la Saoura; طريق الساورة",
        "highway": "primary",
        "ref": "RN 6"
      }
    },
    {
      "type": "Feature",
      "geometry": {
        "type": "LineString",
        "coordinates": [
          [
            0.9540378,
            21.3327713
          ],
          [
            0.9537518,
            21.3327035
          ],
          [
            0.9535267,
            21.3326323
          ],
          [
            0.9534515,
            21.3326099
          ],
          [
            0.9530696,
            21.332455
          ],
          [
            0.9527984,
            21.3323451
          ],
          [
            0.9522725,
            21.332135
          ],
          [
            0.9522412,
            21.3321177
          ],
          [
            0.9511375,
            21.3316793
          ],
          [
            0.9510656,
            21.3316519
          ],
          [
            0.9496257,
            21.3310792
          ],
          [
            0.9495865,
            21.3310659
          ],
          [
            0.9492378,
            21.3309322
          ],
          [
            0.9490886,
            21.3308751
          ],
          [
            0.9489374,
            21.3308226
          ],
          [
            0.9487845,
            21.3307748
          ],
          [
            0.94849,
            21.3307029
          ],
          [
            0.9484241,
            21.3306825
          ],
          [
            0.9482414,
            21.3306461
          ],
          [
            0.9479257,
            21.3305869
          ],
          [
            0.9476085,
            21.33053
          ],
          [
            0.9473026,
            21.3304831
          ],
          [
            0.9472648,
            21.3304768
          ],
          [
            0.947117,
            21.330455
          ],
          [
            0.9469391,
            21.3304313
          ],
          [
            0.9468543,
            21.3304215
          ],
          [
            0.9466632,
            21.3303995
          ],
          [
            0.9463551,
            21.330371
          ],
          [
            0.9458061,
            21.3303227
          ],
          [
            0.9457391,
            21.3303161
          ],
          [
            0.945193,
            21.3302826
          ],
          [
            0.9448107,
            21.3302434
          ],
          [
            0.9445775,
            21.3302251
          ],
          [
            0.9444285,
            21.330214
          ],
          [
            0.9442516,
            21.3302039
          ],
          [
            0.9440089,
            21.3301961
          ],
          [
            0.9437661,
            21.3301951
          ],
          [
            0.9436442,
            21.3301976
          ],
          [
            0.9435228,
            21.3302074
          ],
          [
            0.9434023,
            21.3302245
          ],
          [
            0.9433388,
            21.3302375
          ],
          [
            0.9432833,
            21.3302489
          ],
          [
            0.9431756,
            21.3302775
          ],
          [
            0.94307,
            21.3303121
          ],
          [
            0.9426865,
            21.3304725
          ],
          [
            0.9419502,
            21.3308028
          ],
          [
            0.941336,
            21.3310884
          ],
          [
            0.941186,
            21.331157
          ],
          [
            0.9411462,
            21.3311752
          ],
          [
            0.9409669,
            21.3312744
          ],
          [
            0.9407097,
            21.3314156
          ],
          [
            0.9404919,
            21.3315435
          ],
          [
            0.9402779,
            21.3316767
          ],
          [
            0.939842,
            21.3319716
          ],
          [
            0.9389096,
            21.3326361
          ],
          [
            0.9385088,
            21.3329134
          ],
          [
            0.9384784,
            21.332935
          ],
          [
            0.9384534,
            21.3329561
          ],
          [
            0.9384281,
            21.3329813
          ],
          [
            0.9384003,
            21.3330159
          ],
          [
            0.9383781,
            21.3330753
          ],
          [
            0.938363,
            21.3331016
          ],
          [
            0.9383424,
            21.3331248
          ],
          [
            0.9383178,
            21.333144
          ],
          [
            0.9382774,
            21.3331626
          ],
          [
            0.9381993,
            21.3331785
          ]
        ]
      },
      "properties": {
        "name": "La route de la Saoura; طريق الساورة",
        "highway": "primary",
        "maxspeed": "50",
        "ref": "RN 6"
      }
    },
    {
      "type": "Feature",
      "geometry": {
        "type": "LineString",
        "coordinates": [
          [
            0.9309949,
            21.338484
          ],
          [
            0.9308365,
            21.3386985
          ],
          [
            0.9307064,
            21.3388692
          ],
          [
            0.9305736,
            21.3390382
          ],
          [
            0.9303376,
            21.3393443
          ],
          [
            0.9296872,
            21.340185
          ],
          [
            0.9290944,
            21.340932
          ],
          [
            0.9288945,
            21.3411907
          ],
          [
            0.9286948,
            21.3414516
          ],
          [
            0.9284919,
            21.3417363
          ],
          [
            0.9283795,
            21.3418958
          ],
          [
            0.928275,
            21.3420487
          ],
          [
            0.9281247,
            21.3422858
          ],
          [
            0.9279807,
            21.3425263
          ],
          [
            0.927843,
            21.34277
          ],
          [
            0.9277117,
            21.3430168
          ],
          [
            0.9275246,
            21.3434091
          ],
          [
            0.9272088,
            21.344071
          ],
          [
            0.9264417,
            21.3457523
          ],
          [
            0.9261064,
            21.3465068
          ],
          [
            0.9260927,
            21.3465508
          ],
          [
            0.9260856,
            21.3465961
          ],
          [
            0.9260888,
            21.346638
          ],
          [
            0.9260917,
            21.346705
          ],
          [
            0.9260869,
            21.3467414
          ],
          [
            0.9260742,
            21.3467761
          ],
          [
            0.9260535,
            21.3468086
          ],
          [
            0.9260259,
            21.3468363
          ],
          [
            0.9259871,
            21.3468652
          ]
        ]
      },
      "properties": {
        "name": "La route de la Saoura; طريق الساورة",
        "highway": "primary",
        "ref": "RN 6"
      }
    },
    {
      "type": "Feature",
      "geometry": {
        "type": "LineString",
        "coordinates": [
          [
            0.9525512,
            21.3256976
          ],
          [
            0.9524101,
            21.3263262
          ],
          [
            0.9523287,
            21.3266596
          ],
          [
            0.9523126,
            21.3267217
          ],
          [
            0.9522063,
            21.3271269
          ],
          [
            0.9521054,
            21.3275472
          ],
          [
            0.9520884,
            21.3276139
          ],
          [
            0.9520047,
            21.3279414
          ],
          [
            0.951995,
            21.3280036
          ],
          [
            0.9519344,
            21.3283048
          ],
          [
            0.9518318,
            21.328717
          ],
          [
            0.9517229,
            21.3292164
          ],
          [
            0.9516684,
            21.3294163
          ],
          [
            0.9516199,
            21.3296432
          ],
          [
            0.9515669,
            21.3298811
          ],
          [
            0.9514645,
            21.3303193
          ],
          [
            0.9514211,
            21.3305242
          ],
          [
            0.9513165,
            21.3309459
          ],
          [
            0.9511635,
            21.3315927
          ],
          [
            0.9511529,
            21.3316286
          ],
          [
            0.9511375,
            21.3316793
          ]
        ]
      },
      "properties": {
        "highway": "tertiary"
      }
    },
    {
      "type": "Feature",
      "geometry": {
        "type": "LineString",
        "coordinates": [
          [
            0.9413386,
            21.325236
          ],
          [
            0.9419038,
            21.3254132
          ],
          [
            0.9424419,
            21.3255579
          ],
          [
            0.9430541,
            21.3256793
          ],
          [
            0.9435066,
            21.3257641
          ],
          [
            0.9446187,
            21.3259695
          ],
          [
            0.9455243,
            21.3261669
          ],
          [
            0.9457084,
            21.326207
          ],
          [
            0.9459886,
            21.3262713
          ],
          [
            0.9460826,
            21.3262929
          ]
        ]
      },
      "properties": {
        "name": "Rue Alwasie; الشارع الواسع",
        "highway": "tertiary"
      }
    },
    {
      "type": "Feature",
      "geometry": {
        "type": "LineString",
        "coordinates": [
          [
            0.9510656,
            21.3316519
          ],
          [
            0.9510825,
            21.3316024
          ],
          [
            0.9510924,
            21.3315665
          ],
          [
            0.9512413,
            21.3309251
          ],
          [
            0.951373,
            21.330301
          ],
          [
            0.9514807,
            21.3298613
          ],
          [
            0.9515376,
            21.3296287
          ],
          [
            0.9515944,
            21.3293969
          ],
          [
            0.9516421,
            21.3291944
          ],
          [
            0.9516625,
            21.3291076
          ],
          [
            0.9517718,
            21.3286728
          ],
          [
            0.9518507,
            21.3282915
          ],
          [
            0.9519271,
            21.3279913
          ],
          [
            0.9520138,
            21.3275972
          ],
          [
            0.9520287,
            21.3275328
          ],
          [
            0.9521284,
            21.327103
          ],
          [
            0.952241,
            21.3266389
          ],
          [
            0.952333,
            21.3262988
          ],
          [
            0.9524646,
            21.3256791
          ]
        ]
      },
      "properties": {
        "highway": "tertiary"
      }
    },
    {
      "type": "Feature",
      "geometry": {
        "type": "LineString",
        "coordinates": [
          [
            0.9534515,
            21.3326099
          ],
          [
            0.9534769,
            21.3325524
          ],
          [
            0.9536953,
            21.3318859
          ],
          [
            0.9538522,
            21.3313711
          ],
          [
            0.9538874,
            21.3312674
          ]
        ]
      },
      "properties": {
        "highway": "tertiary"
      }
    },
    {
      "type": "Feature",
      "geometry": {
        "type": "LineString",
        "coordinates": [
          [
            0.954764,
            21.3290834
          ],
          [
            0.9544986,
            21.3298621
          ],
          [
            0.9544021,
            21.3298646
          ],
          [
            0.9543108,
            21.3298671
          ],
          [
            0.9541392,
            21.329957
          ],
          [
            0.9540426,
            21.3301069
          ],
          [
            0.9538691,
            21.3305743
          ],
          [
            0.9536559,
            21.3311985
          ]
        ]
      },
      "properties": {
        "highway": "tertiary"
      }
    },
    {
      "type": "Feature",
      "geometry": {
        "type": "LineString",
        "coordinates": [
          [
            0.9675533,
            21.3355118
          ],
          [
            0.9653069,
            21.3348264
          ],
          [
            0.9650642,
            21.3347523
          ],
          [
            0.9631491,
            21.3341477
          ],
          [
            0.9615612,
            21.3338879
          ],
          [
            0.9612625,
            21.3338189
          ],
          [
            0.9609765,
            21.3337529
          ],
          [
            0.9600484,
            21.3334581
          ],
          [
            0.9594101,
            21.3331933
          ],
          [
            0.9584379,
            21.3328
          ],
          [
            0.9582497,
            21.3327223
          ],
          [
            0.9567411,
            21.3322451
          ],
          [
            0.955678,
            21.3319187
          ],
          [
            0.9545896,
            21.3315869
          ],
          [
            0.9539255,
            21.3313925
          ],
          [
            0.9538522,
            21.3313711
          ],
          [
            0.9526265,
            21.3310813
          ]
        ]
      },
      "properties": {
        "highway": "tertiary"
      }
    },
    {
      "type": "Feature",
      "geometry": {
        "type": "LineString",
        "coordinates": [
          [
            0.9432038,
            21.3274414
          ],
          [
            0.9442429,
            21.3276363
          ],
          [
            0.9449958,
            21.3278961
          ],
          [
            0.9450597,
            21.3279201
          ],
          [
            0.9454456,
            21.3280653
          ],
          [
            0.9457411,
            21.3281765
          ],
          [
            0.9461883,
            21.3283447
          ],
          [
            0.9464787,
            21.328454
          ],
          [
            0.9469333,
            21.328625
          ],
          [
            0.9472029,
            21.3287264
          ],
          [
            0.9474663,
            21.3288255
          ],
          [
            0.9476654,
            21.3288883
          ],
          [
            0.9479449,
            21.3289814
          ],
          [
            0.9486543,
            21.3291776
          ],
          [
            0.9489269,
            21.329253
          ],
          [
            0.9493403,
            21.3293742
          ],
          [
            0.9494559,
            21.3294081
          ],
          [
            0.9496402,
            21.3294565
          ],
          [
            0.9499714,
            21.3295145
          ],
          [
            0.9508796,
            21.3297251
          ],
          [
            0.9514807,
            21.3298613
          ],
          [
            0.9515669,
            21.3298811
          ]
        ]
      },
      "properties": {
        "highway": "tertiary"
      }
    },
    {
      "type": "Feature",
      "geometry": {
        "type": "LineString",
        "coordinates": [
          [
            0.9551496,
            21.3272865
          ],
          [
            0.955026,
            21.3277603
          ],
          [
            0.9547714,
            21.3286589
          ],
          [
            0.9546595,
            21.3290578
          ]
        ]
      },
      "properties": {
        "highway": "tertiary"
      }
    },
    {
      "type": "Feature",
      "geometry": {
        "type": "LineString",
        "coordinates": [
          [
            0.9469333,
            21.328625
          ],
          [
            0.9467558,
            21.3291153
          ],
          [
            0.9465088,
            21.3296683
          ],
          [
            0.9464601,
            21.3298246
          ],
          [
            0.9464158,
            21.3300283
          ],
          [
            0.9463643,
            21.3303028
          ],
          [
            0.9463551,
            21.330371
          ]
        ]
      },
      "properties": {
        "highway": "tertiary"
      }
    },
    {
      "type": "Feature",
      "geometry": {
        "type": "LineString",
        "coordinates": [
          [
            0.9432896,
            21.3269569
          ],
          [
            0.9432928,
            21.3269188
          ],
          [
            0.9432966,
            21.3267604
          ],
          [
            0.9433017,
            21.3265503
          ],
          [
            0.943401,
            21.3261593
          ],
          [
            0.9434505,
            21.3259886
          ],
          [
            0.9435066,
            21.3257641
          ],
          [
            0.9436621,
            21.3251973
          ],
          [
            0.9437642,
            21.3247857
          ],
          [
            0.9438442,
            21.3245077
          ],
          [
            0.9439188,
            21.3241768
          ],
          [
            0.9440576,
            21.3236357
          ],
          [
            0.9442071,
            21.3230077
          ],
          [
            0.944477,
            21.3219841
          ],
          [
            0.9446175,
            21.3214537
          ],
          [
            0.944893,
            21.3203267
          ],
          [
            0.945107,
            21.3195746
          ],
          [
            0.9452548,
            21.3191517
          ],
          [
            0.9454698,
            21.3186935
          ],
          [
            0.9459685,
            21.3176303
          ],
          [
            0.9464081,
            21.3162506
          ],
          [
            0.9466315,
            21.3155662
          ],
          [
            0.9468037,
            21.3150386
          ],
          [
            0.9471631,
            21.3141491
          ],
          [
            0.9476566,
            21.3129646
          ],
          [
            0.9478637,
            21.3124008
          ],
          [
            0.9484343,
            21.3109807
          ],
          [
            0.9485666,
            21.3106228
          ],
          [
            0.9488917,
            21.3097434
          ]
        ]
      },
      "properties": {
        "highway": "tertiary"
      }
    },
    {
      "type": "Feature",
      "geometry": {
        "type": "LineString",
        "coordinates": [
          [
            0.9587758,
            21.3275714
          ],
          [
            0.9587725,
            21.3274983
          ],
          [
            0.9588769,
            21.3271957
          ],
          [
            0.9589946,
            21.3268156
          ],
          [
            0.9591272,
            21.3264141
          ],
          [
            0.9591885,
            21.3262235
          ],
          [
            0.9593934,
            21.3255898
          ],
          [
            0.9594961,
            21.3252594
          ],
          [
            0.959599,
            21.3249463
          ],
          [
            0.9596642,
            21.3247482
          ],
          [
            0.9597533,
            21.3244584
          ],
          [
            0.959885,
            21.3240265
          ],
          [
            0.9600176,
            21.3236201
          ],
          [
            0.9601544,
            21.3231981
          ],
          [
            0.9601455,
            21.3231202
          ],
          [
            0.9601201,
            21.3230363
          ]
        ]
      },
      "properties": {
        "highway": "tertiary"
      }
    },
    {
      "type": "Feature",
      "geometry": {
        "type": "LineString",
        "coordinates": [
          [
            0.9638954,
            21.3270333
          ],
          [
            0.963822,
            21.3270081
          ],
          [
            0.9631332,
            21.3267815
          ],
          [
            0.9615035,
            21.3262452
          ],
          [
            0.9608911,
            21.3260408
          ],
          [
            0.9607964,
            21.3260093
          ],
          [
            0.9607125,
            21.3259845
          ],
          [
            0.9603134,
            21.3258665
          ],
          [
            0.9598802,
            21.3257384
          ],
          [
            0.9594812,
            21.325615
          ],
          [
            0.9593934,
            21.3255898
          ]
        ]
      },
      "properties": {
        "highway": "tertiary"
      }
    },
    {
      "type": "Feature",
      "geometry": {
        "type": "LineString",
        "coordinates": [
          [
            0.9585054,
            21.3324424
          ],
          [
            0.9585004,
            21.3323356
          ],
          [
            0.9584139,
            21.3317443
          ],
          [
            0.958376,
            21.3314323
          ],
          [
            0.9583694,
            21.3313775
          ],
          [
            0.9583116,
            21.3309019
          ],
          [
            0.9582855,
            21.3306869
          ],
          [
            0.9582779,
            21.3306241
          ],
          [
            0.9582648,
            21.3305533
          ],
          [
            0.9581493,
            21.3299314
          ]
        ]
      },
      "properties": {
        "highway": "tertiary"
      }
    },
    {
      "type": "Feature",
      "geometry": {
        "type": "LineString",
        "coordinates": [
          [
            0.9586057,
            21.3280827
          ],
          [
            0.9579345,
            21.3279232
          ],
          [
            0.9569637,
            21.3277171
          ],
          [
            0.9561152,
            21.3275157
          ],
          [
            0.9551496,
            21.3272865
          ],
          [
            0.9545523,
            21.3271662
          ],
          [
            0.9533107,
            21.3269221
          ],
          [
            0.9528387,
            21.3268372
          ],
          [
            0.9527376,
            21.326806
          ],
          [
            0.9523126,
            21.3267217
          ]
        ]
      },
      "properties": {
        "highway": "tertiary"
      }
    },
    {
      "type": "Feature",
      "geometry": {
        "type": "LineString",
        "coordinates": [
          [
            0.9586738,
            21.3278754
          ],
          [
            0.9587241,
            21.3277213
          ]
        ]
      },
      "properties": {
        "highway": "tertiary"
      }
    },
    {
      "type": "Feature",
      "geometry": {
        "type": "LineString",
        "coordinates": [
          [
            0.958133,
            21.3296222
          ],
          [
            0.9581679,
            21.3294798
          ],
          [
            0.9582248,
            21.3292768
          ],
          [
            0.9583994,
            21.3287295
          ],
          [
            0.9586057,
            21.3280827
          ],
          [
            0.9586614,
            21.3279082
          ],
          [
            0.9586738,
            21.3278754
          ]
        ]
      },
      "properties": {
        "highway": "tertiary"
      }
    },
    {
      "type": "Feature",
      "geometry": {
        "type": "LineString",
        "coordinates": [
          [
            1.2579733,
            20.9656804
          ],
          [
            1.2579784,
            20.9662361
          ],
          [
            1.2582074,
            20.9695955
          ],
          [
            1.2585765,
            20.9736421
          ],
          [
            1.2588572,
            20.9763569
          ],
          [
            1.2588787,
            20.9790617
          ],
          [
            1.2586505,
            20.9809082
          ],
          [
            1.2581813,
            20.9829184
          ],
          [
            1.257389,
            20.9849295
          ],
          [
            1.2563556,
            20.9871657
          ],
          [
            1.2525242,
            20.9948769
          ],
          [
            1.2520531,
            20.9960951
          ],
          [
            1.2517705,
            20.9971724
          ],
          [
            1.2501565,
            21.0042258
          ],
          [
            1.2492405,
            21.0083765
          ],
          [
            1.2485195,
            21.0115972
          ],
          [
            1.2483463,
            21.0123022
          ],
          [
            1.2466338,
            21.0175591
          ],
          [
            1.2456661,
            21.0206891
          ],
          [
            1.245426,
            21.0213149
          ],
          [
            1.241178,
            21.0307599
          ],
          [
            1.2359199,
            21.042393
          ],
          [
            1.2350589,
            21.0442121
          ],
          [
            1.2340315,
            21.0458009
          ],
          [
            1.2325363,
            21.0480136
          ],
          [
            1.2264671,
            21.0583175
          ],
          [
            1.2252114,
            21.0605184
          ],
          [
            1.224578,
            21.0613582
          ],
          [
            1.2239885,
            21.0620548
          ],
          [
            1.2181097,
            21.0695983
          ],
          [
            1.2172261,
            21.0707096
          ],
          [
            1.2164729,
            21.071505
          ],
          [
            1.2120348,
            21.0761511
          ],
          [
            1.2074876,
            21.0810765
          ],
          [
            1.2065056,
            21.0824806
          ],
          [
            1.2055666,
            21.0839059
          ],
          [
            1.2042027,
            21.086302
          ],
          [
            1.2029145,
            21.0892897
          ]
        ]
      },
      "properties": {
        "highway": "tertiary"
      }
    },
    {
      "type": "Feature",
      "geometry": {
        "type": "LineString",
        "coordinates": [
          [
            0.956039,
            21.3376244
          ],
          [
            0.9560553,
            21.3375236
          ],
          [
            0.9560734,
            21.3374727
          ],
          [
            0.9560908,
            21.3374262
          ],
          [
            0.9561887,
            21.3371853
          ],
          [
            0.9563298,
            21.3368946
          ],
          [
            0.956447,
            21.336626
          ],
          [
            0.9566079,
            21.3362093
          ],
          [
            0.9567552,
            21.3358638
          ],
          [
            0.956945,
            21.3354384
          ],
          [
            0.9571109,
            21.3350875
          ],
          [
            0.9572462,
            21.3347419
          ],
          [
            0.957505,
            21.334127
          ],
          [
            0.9575876,
            21.3339061
          ],
          [
            0.9576542,
            21.3337117
          ]
        ]
      },
      "properties": {
        "highway": "tertiary"
      }
    },
    {
      "type": "Feature",
      "geometry": {
        "type": "LineString",
        "coordinates": [
          [
            0.9246699,
            21.3616699
          ],
          [
            0.9279554,
            21.363106
          ]
        ]
      },
      "properties": {
        "highway": "tertiary"
      }
    },
    {
      "type": "Feature",
      "geometry": {
        "type": "LineString",
        "coordinates": [
          [
            0.9526696,
            21.3309673
          ],
          [
            0.9536559,
            21.3311985
          ],
          [
            0.9538874,
            21.3312674
          ],
          [
            0.9539506,
            21.331288
          ],
          [
            0.9546247,
            21.3314814
          ],
          [
            0.9557173,
            21.3318147
          ],
          [
            0.9567682,
            21.3321457
          ],
          [
            0.957533,
            21.3323898
          ],
          [
            0.9578594,
            21.3324922
          ],
          [
            0.9581254,
            21.3325735
          ],
          [
            0.9583271,
            21.3326453
          ],
          [
            0.9585165,
            21.3327225
          ],
          [
            0.9590721,
            21.3329759
          ],
          [
            0.9600672,
            21.3333882
          ],
          [
            0.9610033,
            21.333663
          ],
          [
            0.9612873,
            21.3337379
          ],
          [
            0.9615719,
            21.3338129
          ],
          [
            0.9628433,
            21.3340228
          ],
          [
            0.9631491,
            21.3340827
          ],
          [
            0.9650856,
            21.3346574
          ],
          [
            0.9675854,
            21.3354319
          ],
          [
            0.9675533,
            21.3355118
          ]
        ]
      },
      "properties": {
        "highway": "tertiary"
      }
    },
    {
      "type": "Feature",
      "geometry": {
        "type": "LineString",
        "coordinates": [
          [
            1.155319,
            21.1276258
          ],
          [
            1.1551829,
            21.1278883
          ],
          [
            1.1549077,
            21.1285261
          ],
          [
            1.1540848,
            21.1320126
          ],
          [
            1.1530694,
            21.136271
          ],
          [
            1.1526646,
            21.1380344
          ],
          [
            1.1522138,
            21.1398072
          ],
          [
            1.1520745,
            21.1401996
          ],
          [
            1.151927,
            21.1405698
          ],
          [
            1.1516072,
            21.1412172
          ],
          [
            1.1507381,
            21.1424914
          ],
          [
            1.1496121,
            21.143653
          ],
          [
            1.1484021,
            21.1447901
          ],
          [
            1.1469276,
            21.1459494
          ],
          [
            1.1453076,
            21.1469757
          ],
          [
            1.1428351,
            21.1482638
          ],
          [
            1.1415385,
            21.1488606
          ],
          [
            1.1408395,
            21.1492144
          ],
          [
            1.1403567,
            21.1494945
          ],
          [
            1.1398863,
            21.1497812
          ],
          [
            1.1392731,
            21.150245
          ],
          [
            1.1386509,
            21.1508453
          ],
          [
            1.1379336,
            21.1516323
          ],
          [
            1.1368591,
            21.1529566
          ],
          [
            1.1363442,
            21.153587
          ],
          [
            1.1355931,
            21.1543674
          ],
          [
            1.1335241,
            21.1563751
          ],
          [
            1.1294875,
            21.1602919
          ],
          [
            1.1255757,
            21.16459
          ],
          [
            1.1249394,
            21.1652134
          ],
          [
            1.1239309,
            21.1660938
          ],
          [
            1.1228795,
            21.1669743
          ],
          [
            1.1174229,
            21.171362
          ],
          [
            1.1166997,
            21.1720767
          ],
          [
            1.1160345,
            21.172787
          ],
          [
            1.1154122,
            21.1735774
          ],
          [
            1.1148758,
            21.1743578
          ],
          [
            1.1143715,
            21.1752482
          ],
          [
            1.1136812,
            21.1767301
          ],
          [
            1.1125063,
            21.1795865
          ],
          [
            1.1119361,
            21.1807905
          ],
          [
            1.1115729,
            21.1814273
          ],
          [
            1.1112618,
            21.1819074
          ],
          [
            1.1108203,
            21.1825712
          ],
          [
            1.110198,
            21.1833215
          ],
          [
            1.1095972,
            21.1840018
          ],
          [
            1.1089618,
            21.1845467
          ],
          [
            1.1058686,
            21.1871102
          ],
          [
            1.1032688,
            21.1892647
          ],
          [
            1.1029775,
            21.1894938
          ],
          [
            1.1025591,
            21.1898439
          ],
          [
            1.1020226,
            21.1903841
          ],
          [
            1.1012394,
            21.1912144
          ],
          [
            1.1000485,
            21.1925048
          ],
          [
            1.0984714,
            21.1942553
          ],
          [
            1.0969664,
            21.1958586
          ],
          [
            1.0937289,
            21.1994271
          ],
          [
            1.092115,
            21.2012735
          ],
          [
            1.0905859,
            21.2031751
          ],
          [
            1.0838563,
            21.2111044
          ],
          [
            1.0793864,
            21.215909
          ],
          [
            1.0785785,
            21.2168737
          ],
          [
            1.074393,
            21.2219207
          ],
          [
            1.0739987,
            21.2225526
          ],
          [
            1.0736782,
            21.2232189
          ],
          [
            1.0734317,
            21.2239197
          ],
          [
            1.0732715,
            21.2245516
          ],
          [
            1.0730867,
            21.2256429
          ],
          [
            1.0729469,
            21.2268025
          ],
          [
            1.0727967,
            21.2289426
          ],
          [
            1.0728847,
            21.2308188
          ],
          [
            1.0733975,
            21.2367831
          ],
          [
            1.073655,
            21.2397831
          ],
          [
            1.0737409,
            21.2426431
          ],
          [
            1.0737522,
            21.2437816
          ],
          [
            1.0736765,
            21.244803
          ],
          [
            1.0736289,
            21.2453668
          ],
          [
            1.0734834,
            21.245983
          ],
          [
            1.0733085,
            21.2465269
          ],
          [
            1.0730542,
            21.247023
          ],
          [
            1.0722817,
            21.2481629
          ],
          [
            1.0713162,
            21.2493428
          ],
          [
            1.0690416,
            21.2522426
          ],
          [
            1.0683049,
            21.2532004
          ],
          [
            1.067545,
            21.2540775
          ],
          [
            1.0672429,
            21.2543618
          ],
          [
            1.0667081,
            21.2548169
          ],
          [
            1.0659263,
            21.2554976
          ],
          [
            1.0641756,
            21.2568457
          ],
          [
            1.0637346,
            21.2571615
          ],
          [
            1.0632472,
            21.2574617
          ],
          [
            1.0625125,
            21.2578292
          ],
          [
            1.0619039,
            21.2581178
          ],
          [
            1.0613421,
            21.2583239
          ],
          [
            1.060807,
            21.2584709
          ],
          [
            1.0602209,
            21.2585938
          ],
          [
            1.0595863,
            21.2587005
          ],
          [
            1.0590541,
            21.2587488
          ],
          [
            1.0585327,
            21.2587795
          ],
          [
            1.057418,
            21.2587688
          ],
          [
            1.0562159,
            21.2587331
          ],
          [
            1.054914,
            21.2587346
          ],
          [
            1.0540026,
            21.2587801
          ],
          [
            1.0531499,
            21.258847
          ],
          [
            1.0522125,
            21.2589399
          ],
          [
            1.051096,
            21.2590888
          ],
          [
            1.0484142,
            21.2594944
          ],
          [
            1.0414364,
            21.2605343
          ],
          [
            1.040216,
            21.2606192
          ],
          [
            1.0394257,
            21.2606261
          ],
          [
            1.0386469,
            21.2605967
          ],
          [
            1.0371126,
            21.2604968
          ],
          [
            1.0364914,
            21.2604836
          ],
          [
            1.0359163,
            21.2605043
          ],
          [
            1.0354561,
            21.2605561
          ],
          [
            1.0350098,
            21.2606417
          ],
          [
            1.034351,
            21.2608061
          ],
          [
            1.0337169,
            21.2610292
          ],
          [
            1.03246,
            21.2615834
          ],
          [
            1.0318163,
            21.2618584
          ],
          [
            1.0312023,
            21.2621046
          ],
          [
            1.0284986,
            21.2630997
          ],
          [
            1.0275854,
            21.2634813
          ],
          [
            1.0258044,
            21.2642812
          ],
          [
            1.0247101,
            21.2649011
          ],
          [
            1.0233583,
            21.265721
          ],
          [
            1.0196938,
            21.2681215
          ],
          [
            1.0174075,
            21.2696096
          ],
          [
            1.0162434,
            21.2703569
          ],
          [
            1.0156372,
            21.2707544
          ],
          [
            1.0151335,
            21.2711044
          ],
          [
            1.0146931,
            21.2714492
          ],
          [
            1.0142763,
            21.2718073
          ],
          [
            1.0138777,
            21.2721891
          ],
          [
            1.0134726,
            21.2726062
          ],
          [
            1.0125368,
            21.2736456
          ],
          [
            1.0110652,
            21.2755637
          ],
          [
            1.0103191,
            21.2765323
          ],
          [
            1.009669,
            21.2772683
          ],
          [
            1.00881,
            21.2781383
          ],
          [
            1.0077156,
            21.2790581
          ],
          [
            1.0066724,
            21.2798842
          ],
          [
            1.0053124,
            21.2807976
          ],
          [
            1.0011259,
            21.2837418
          ],
          [
            0.99939,
            21.2849764
          ],
          [
            0.9985961,
            21.2857362
          ],
          [
            0.9977809,
            21.2868449
          ],
          [
            0.9973301,
            21.2878755
          ],
          [
            0.9970148,
            21.2887488
          ],
          [
            0.9967273,
            21.2899109
          ],
          [
            0.996061,
            21.2922828
          ],
          [
            0.9955557,
            21.2940697
          ],
          [
            0.9952768,
            21.2949921
          ],
          [
            0.9949174,
            21.2957988
          ],
          [
            0.9944667,
            21.2965433
          ],
          [
            0.9940751,
            21.2970296
          ],
          [
            0.9935548,
            21.2975646
          ],
          [
            0.9929432,
            21.2980187
          ],
          [
            0.992321,
            21.2984295
          ],
          [
            0.991629,
            21.2987309
          ],
          [
            0.9908621,
            21.2990536
          ],
          [
            0.9897731,
            21.2993842
          ],
          [
            0.9888129,
            21.2995653
          ],
          [
            0.9869407,
            21.299688
          ],
          [
            0.9820428,
            21.3000264
          ],
          [
            0.9813078,
            21.3001089
          ],
          [
            0.9808647,
            21.3002281
          ],
          [
            0.9805032,
            21.3003775
          ],
          [
            0.9798165,
            21.3007374
          ],
          [
            0.9794142,
            21.3010482
          ],
          [
            0.9789687,
            21.3014603
          ],
          [
            0.9784368,
            21.3021835
          ],
          [
            0.9778604,
            21.3032886
          ],
          [
            0.9774881,
            21.3039445
          ],
          [
            0.9766868,
            21.3052851
          ]
        ]
      },
      "properties": {
        "name": "La route de la Saoura",
        "highway": "primary",
        "maxspeed": "60",
        "ref": "RN 6"
      }
    },
    {
      "type": "Feature",
      "geometry": {
        "type": "LineString",
        "coordinates": [
          [
            0.9562263,
            21.3263081
          ],
          [
            0.9562531,
            21.3262488
          ],
          [
            0.9573077,
            21.3253522
          ],
          [
            0.9573995,
            21.3252868
          ],
          [
            0.9578661,
            21.3249434
          ],
          [
            0.9584447,
            21.3245038
          ],
          [
            0.9586712,
            21.3243311
          ],
          [
            0.9591007,
            21.3239664
          ],
          [
            0.9592065,
            21.3238728
          ],
          [
            0.9596204,
            21.3234766
          ],
          [
            0.9600177,
            21.3231251
          ],
          [
            0.9601201,
            21.3230363
          ],
          [
            0.9606925,
            21.3225409
          ],
          [
            0.9609581,
            21.3222886
          ],
          [
            0.9613326,
            21.3219361
          ],
          [
            0.9614201,
            21.3218573
          ],
          [
            0.9617167,
            21.321546
          ],
          [
            0.9620435,
            21.3212076
          ],
          [
            0.9621526,
            21.3211304
          ],
          [
            0.9622411,
            21.3210879
          ],
          [
            0.9623314,
            21.3210535
          ],
          [
            0.9624309,
            21.3210062
          ],
          [
            0.9625228,
            21.3209455
          ],
          [
            0.963017,
            21.3204597
          ],
          [
            0.9635671,
            21.3199655
          ],
          [
            0.9639434,
            21.3196183
          ],
          [
            0.9646055,
            21.3190197
          ],
          [
            0.9651402,
            21.3185286
          ],
          [
            0.9657354,
            21.3179779
          ],
          [
            0.9660081,
            21.3177394
          ],
          [
            0.9665144,
            21.3172768
          ],
          [
            0.9670155,
            21.3168208
          ],
          [
            0.9673076,
            21.3165549
          ],
          [
            0.9678078,
            21.3160995
          ],
          [
            0.9680971,
            21.3158362
          ],
          [
            0.968592,
            21.3153757
          ],
          [
            0.9690643,
            21.3149415
          ]
        ]
      },
      "properties": {
        "highway": "tertiary"
      }
    },
    {
      "type": "Feature",
      "geometry": {
        "type": "LineString",
        "coordinates": [
          [
            1.3141843,
            21.0597188
          ],
          [
            1.3130838,
            21.060264
          ],
          [
            1.3006229,
            21.0658282
          ],
          [
            1.2977581,
            21.0670344
          ],
          [
            1.2962907,
            21.0675343
          ],
          [
            1.29433,
            21.0680916
          ],
          [
            1.2873543,
            21.0699607
          ],
          [
            1.27862,
            21.0724167
          ],
          [
            1.2741248,
            21.0737207
          ],
          [
            1.2649247,
            21.0761548
          ],
          [
            1.2600219,
            21.0773827
          ],
          [
            1.2567611,
            21.078013
          ],
          [
            1.2422856,
            21.0804253
          ],
          [
            1.2344248,
            21.0816641
          ],
          [
            1.2293356,
            21.082479
          ],
          [
            1.2268784,
            21.0830332
          ],
          [
            1.2234429,
            21.0842067
          ],
          [
            1.218575,
            21.0858475
          ],
          [
            1.2156287,
            21.0867276
          ],
          [
            1.209925,
            21.087836
          ],
          [
            1.2085122,
            21.0881289
          ],
          [
            1.2071362,
            21.0884267
          ],
          [
            1.2043667,
            21.0890149
          ],
          [
            1.2029145,
            21.0892897
          ],
          [
            1.2010952,
            21.0896747
          ],
          [
            1.2004092,
            21.0898231
          ],
          [
            1.1998029,
            21.0900013
          ],
          [
            1.1992577,
            21.0901859
          ],
          [
            1.1986363,
            21.0904187
          ],
          [
            1.1982778,
            21.0905647
          ],
          [
            1.1976948,
            21.0908391
          ],
          [
            1.197263,
            21.0910669
          ],
          [
            1.1967874,
            21.0913522
          ],
          [
            1.1962303,
            21.0917375
          ],
          [
            1.195715,
            21.0921252
          ],
          [
            1.1944252,
            21.093249
          ],
          [
            1.1929418,
            21.0945192
          ],
          [
            1.1908191,
            21.0964294
          ],
          [
            1.1892982,
            21.0978923
          ],
          [
            1.1879037,
            21.0992765
          ],
          [
            1.1871014,
            21.0999869
          ],
          [
            1.1807336,
            21.1058159
          ],
          [
            1.1797965,
            21.1066393
          ],
          [
            1.178796,
            21.1074875
          ],
          [
            1.1768648,
            21.1090639
          ],
          [
            1.1749497,
            21.1106879
          ],
          [
            1.1739975,
            21.1114836
          ],
          [
            1.173062,
            21.1122831
          ],
          [
            1.1636657,
            21.1203685
          ],
          [
            1.1584983,
            21.1247268
          ],
          [
            1.1561093,
            21.1266687
          ],
          [
            1.1556888,
            21.1271339
          ],
          [
            1.155319,
            21.1276258
          ]
        ]
      },
      "properties": {
        "name": "La route de la Saoura",
        "highway": "primary",
        "maxspeed": "60",
        "ref": "RN 6"
      }
    },
    {
      "type": "Feature",
      "geometry": {
        "type": "LineString",
        "coordinates": [
          [
            0.9559668,
            21.3265374
          ],
          [
            0.9561051,
            21.3264027
          ]
        ]
      },
      "properties": {
        "highway": "tertiary"
      }
    },
    {
      "type": "Feature",
      "geometry": {
        "type": "LineString",
        "coordinates": [
          [
            0.9551496,
            21.3272865
          ],
          [
            0.9554133,
            21.3270999
          ],
          [
            0.955626,
            21.3268618
          ],
          [
            0.9559304,
            21.3265759
          ],
          [
            0.9559668,
            21.3265374
          ]
        ]
      },
      "properties": {
        "highway": "tertiary"
      }
    },
    {
      "type": "Feature",
      "geometry": {
        "type": "LineString",
        "coordinates": [
          [
            0.958133,
            21.3296222
          ],
          [
            0.9581493,
            21.3299314
          ]
        ]
      },
      "properties": {
        "highway": "tertiary"
      }
    },
    {
      "type": "Feature",
      "geometry": {
        "type": "LineString",
        "coordinates": [
          [
            0.960545,
            21.3305182
          ],
          [
            0.9604519,
            21.3304811
          ],
          [
            0.9597976,
            21.330317
          ],
          [
            0.9594008,
            21.3302198
          ],
          [
            0.9589818,
            21.3301171
          ],
          [
            0.9585754,
            21.3300175
          ],
          [
            0.9581493,
            21.3299314
          ],
          [
            0.9578049,
            21.3298382
          ],
          [
            0.9574305,
            21.3297369
          ],
          [
            0.9566085,
            21.3295354
          ],
          [
            0.9562134,
            21.3294386
          ],
          [
            0.9558894,
            21.3293592
          ],
          [
            0.9554875,
            21.3292607
          ],
          [
            0.954764,
            21.3290834
          ],
          [
            0.9546595,
            21.3290578
          ],
          [
            0.9542304,
            21.3289526
          ],
          [
            0.9541164,
            21.3289054
          ],
          [
            0.9540373,
            21.3288727
          ],
          [
            0.9539231,
            21.3287929
          ],
          [
            0.9538871,
            21.3287677
          ],
          [
            0.9535652,
            21.3286378
          ],
          [
            0.9526369,
            21.3284204
          ],
          [
            0.952458,
            21.3283912
          ],
          [
            0.9519344,
            21.3283048
          ]
        ]
      },
      "properties": {
        "highway": "tertiary"
      }
    },
    {
      "type": "Feature",
      "geometry": {
        "type": "LineString",
        "coordinates": [
          [
            0.9737365,
            20.2633592
          ],
          [
            0.9693563,
            20.2702019
          ],
          [
            0.9681153,
            20.2719767
          ],
          [
            0.9627521,
            20.2783706
          ],
          [
            0.9620225,
            20.2794575
          ],
          [
            0.9618831,
            20.2803029
          ],
          [
            0.9617827,
            20.2879511
          ],
          [
            0.9617842,
            20.2966338
          ],
          [
            0.9618413,
            20.2968118
          ],
          [
            0.9622344,
            20.2977826
          ],
          [
            0.9624893,
            20.2982773
          ],
          [
            0.9625799,
            20.298526
          ],
          [
            0.962617,
            20.2987166
          ],
          [
            0.9626591,
            20.2989065
          ],
          [
            0.9628217,
            20.2994142
          ],
          [
            0.9631103,
            20.3002634
          ],
          [
            0.9636425,
            20.3017351
          ],
          [
            0.9643373,
            20.3037873
          ],
          [
            0.9649917,
            20.3057796
          ],
          [
            0.9651624,
            20.306271
          ],
          [
            0.9674476,
            20.3129136
          ],
          [
            0.9692999,
            20.318716
          ],
          [
            0.9694512,
            20.3192007
          ],
          [
            0.9695164,
            20.3193672
          ],
          [
            0.9696269,
            20.3195835
          ],
          [
            0.9706914,
            20.3212367
          ],
          [
            0.9714762,
            20.3224825
          ],
          [
            0.9716368,
            20.3228716
          ],
          [
            0.9721346,
            20.324352
          ],
          [
            0.9721787,
            20.3246827
          ],
          [
            0.9721502,
            20.326782
          ],
          [
            0.9721881,
            20.3270796
          ],
          [
            0.9722498,
            20.3273713
          ],
          [
            0.972457,
            20.3279319
          ],
          [
            0.9729228,
            20.3294112
          ],
          [
            0.9730613,
            20.3303786
          ],
          [
            0.9729862,
            20.3368526
          ],
          [
            0.9730095,
            20.3387067
          ],
          [
            0.9730545,
            20.3395191
          ],
          [
            0.9731617,
            20.3402809
          ],
          [
            0.9732242,
            20.340654
          ],
          [
            0.9732661,
            20.3412271
          ],
          [
            0.9734783,
            20.342185
          ],
          [
            0.9737102,
            20.3431081
          ],
          [
            0.9738169,
            20.3436376
          ],
          [
            0.9738584,
            20.3438988
          ],
          [
            0.9738809,
            20.3441281
          ],
          [
            0.9739112,
            20.3443181
          ],
          [
            0.9739282,
            20.3445475
          ],
          [
            0.9739521,
            20.3447877
          ],
          [
            0.9741081,
            20.3460084
          ],
          [
            0.9740632,
            20.3469329
          ],
          [
            0.9740791,
            20.3473807
          ],
          [
            0.974104,
            20.3477575
          ],
          [
            0.9741944,
            20.3482735
          ],
          [
            0.9743572,
            20.3487852
          ],
          [
            0.9748986,
            20.3497567
          ],
          [
            0.9750874,
            20.3501285
          ],
          [
            0.9751385,
            20.3504035
          ],
          [
            0.9751392,
            20.350706
          ],
          [
            0.9751278,
            20.3510876
          ],
          [
            0.9751377,
            20.3514002
          ],
          [
            0.9751788,
            20.3515905
          ],
          [
            0.9752447,
            20.3517437
          ],
          [
            0.975379,
            20.3519885
          ],
          [
            0.9758007,
            20.3526374
          ],
          [
            0.9759734,
            20.3532211
          ],
          [
            0.9761001,
            20.3538253
          ],
          [
            0.9763367,
            20.3558221
          ],
          [
            0.9765438,
            20.3577682
          ],
          [
            0.9766959,
            20.3591041
          ],
          [
            0.976925,
            20.3610012
          ],
          [
            0.9772284,
            20.3628453
          ],
          [
            0.9772763,
            20.3630424
          ],
          [
            0.9773627,
            20.3632113
          ],
          [
            0.9775391,
            20.3634548
          ],
          [
            0.977722,
            20.3636875
          ],
          [
            0.9782581,
            20.3645451
          ],
          [
            0.9784589,
            20.3648302
          ],
          [
            0.9786684,
            20.3651199
          ],
          [
            0.9790309,
            20.3656951
          ],
          [
            0.9792008,
            20.3660492
          ],
          [
            0.979249,
            20.3661847
          ],
          [
            0.9792617,
            20.3663698
          ],
          [
            0.9792439,
            20.3665697
          ],
          [
            0.9791755,
            20.3666933
          ],
          [
            0.979074,
            20.3668288
          ],
          [
            0.978982,
            20.3669573
          ],
          [
            0.9789442,
            20.3670702
          ],
          [
            0.9788433,
            20.3677415
          ],
          [
            0.9786556,
            20.3688896
          ],
          [
            0.97827,
            20.3722386
          ],
          [
            0.9782073,
            20.3730493
          ],
          [
            0.9781771,
            20.3732859
          ],
          [
            0.9781488,
            20.3735212
          ],
          [
            0.9781039,
            20.3737927
          ],
          [
            0.9780474,
            20.3742808
          ],
          [
            0.9779793,
            20.3747834
          ],
          [
            0.9778879,
            20.3755069
          ],
          [
            0.9778165,
            20.3758734
          ],
          [
            0.97777,
            20.3761606
          ],
          [
            0.9777273,
            20.3764902
          ],
          [
            0.977705,
            20.3771304
          ],
          [
            0.9776333,
            20.3778278
          ],
          [
            0.9775443,
            20.3785605
          ],
          [
            0.9774658,
            20.3791184
          ],
          [
            0.9774377,
            20.3794794
          ],
          [
            0.9774285,
            20.3796744
          ],
          [
            0.9774097,
            20.3798772
          ],
          [
            0.9774193,
            20.3801469
          ],
          [
            0.9774588,
            20.3806608
          ],
          [
            0.9775225,
            20.381171
          ],
          [
            0.9777748,
            20.382761
          ],
          [
            0.9780218,
            20.3841822
          ],
          [
            0.9782397,
            20.3854407
          ],
          [
            0.9784045,
            20.3862047
          ],
          [
            0.9784005,
            20.3869289
          ],
          [
            0.9787439,
            20.3922717
          ],
          [
            0.9802319,
            20.4005967
          ],
          [
            0.9803281,
            20.4010111
          ],
          [
            0.9803943,
            20.401582
          ],
          [
            0.9804211,
            20.4022948
          ],
          [
            0.9803223,
            20.4037941
          ],
          [
            0.9800487,
            20.4058748
          ],
          [
            0.9800641,
            20.4068118
          ],
          [
            0.9801226,
            20.4071211
          ],
          [
            0.9802048,
            20.4075563
          ],
          [
            0.9804936,
            20.4089196
          ],
          [
            0.9806808,
            20.4104074
          ],
          [
            0.9812658,
            20.4132755
          ],
          [
            0.9814651,
            20.4145491
          ],
          [
            0.9814525,
            20.415254
          ],
          [
            0.9814505,
            20.4160795
          ],
          [
            0.9813764,
            20.4167786
          ],
          [
            0.9813307,
            20.4172669
          ],
          [
            0.9811954,
            20.4196398
          ],
          [
            0.9808789,
            20.4211847
          ],
          [
            0.9805763,
            20.4217005
          ],
          [
            0.9801455,
            20.4223958
          ],
          [
            0.9794099,
            20.4237418
          ],
          [
            0.9790088,
            20.4243844
          ],
          [
            0.9773904,
            20.4271556
          ],
          [
            0.9761947,
            20.429232
          ],
          [
            0.9757754,
            20.4300776
          ],
          [
            0.9756368,
            20.4304418
          ],
          [
            0.9755978,
            20.4308315
          ],
          [
            0.9753545,
            20.433229
          ],
          [
            0.9751339,
            20.4352084
          ],
          [
            0.9749694,
            20.4367921
          ],
          [
            0.974893,
            20.4370341
          ],
          [
            0.9747713,
            20.4372591
          ],
          [
            0.9743963,
            20.4376669
          ],
          [
            0.9739459,
            20.4381316
          ],
          [
            0.9708233,
            20.4417644
          ],
          [
            0.9696526,
            20.4431276
          ],
          [
            0.9693532,
            20.4434032
          ],
          [
            0.9689791,
            20.4436321
          ],
          [
            0.9685186,
            20.4439582
          ],
          [
            0.9678534,
            20.4443938
          ],
          [
            0.9675547,
            20.4446243
          ],
          [
            0.9673512,
            20.4448888
          ],
          [
            0.9672722,
            20.4450766
          ],
          [
            0.9671611,
            20.4455675
          ],
          [
            0.96705,
            20.4462829
          ],
          [
            0.9668699,
            20.4471002
          ],
          [
            0.9668063,
            20.4473389
          ],
          [
            0.9667154,
            20.4475478
          ],
          [
            0.9633282,
            20.4527412
          ],
          [
            0.9624885,
            20.454018
          ],
          [
            0.9620118,
            20.4544985
          ],
          [
            0.9614736,
            20.4549234
          ],
          [
            0.960453,
            20.4555516
          ],
          [
            0.9595627,
            20.4561403
          ],
          [
            0.958879,
            20.4566447
          ],
          [
            0.9584713,
            20.456901
          ],
          [
            0.9583318,
            20.4570769
          ],
          [
            0.9582171,
            20.4573138
          ],
          [
            0.9581153,
            20.4576881
          ],
          [
            0.9581493,
            20.4579769
          ],
          [
            0.958641,
            20.4592727
          ],
          [
            0.9590488,
            20.4608072
          ],
          [
            0.9599029,
            20.4637541
          ],
          [
            0.9603571,
            20.4654014
          ],
          [
            0.961517,
            20.4694668
          ],
          [
            0.9618953,
            20.4709375
          ],
          [
            0.9622081,
            20.4723333
          ],
          [
            0.9628033,
            20.4735771
          ],
          [
            0.9637338,
            20.4745517
          ],
          [
            0.9642327,
            20.4749939
          ],
          [
            0.9646804,
            20.4753142
          ],
          [
            0.9652058,
            20.4755069
          ],
          [
            0.9658676,
            20.4756115
          ],
          [
            0.9664857,
            20.475798
          ],
          [
            0.9670675,
            20.4759782
          ],
          [
            0.9675693,
            20.4762403
          ],
          [
            0.9682453,
            20.4769237
          ],
          [
            0.9690527,
            20.4782522
          ],
          [
            0.9715497,
            20.4821099
          ],
          [
            0.9723157,
            20.4830168
          ],
          [
            0.9732127,
            20.4838487
          ],
          [
            0.9746933,
            20.4851251
          ],
          [
            0.9771105,
            20.4872802
          ],
          [
            0.979017,
            20.4884617
          ],
          [
            0.9808946,
            20.4892758
          ],
          [
            0.9867249,
            20.4912687
          ],
          [
            0.9902502,
            20.4926625
          ],
          [
            0.9908569,
            20.4929768
          ],
          [
            0.9913981,
            20.4933661
          ],
          [
            0.9920096,
            20.4939943
          ],
          [
            0.9928306,
            20.495114
          ],
          [
            0.9939569,
            20.4966524
          ],
          [
            0.9947509,
            20.4980493
          ],
          [
            0.995298,
            20.4990492
          ],
          [
            0.9955984,
            20.4998079
          ],
          [
            0.9956682,
            20.500235
          ],
          [
            0.9956682,
            20.5017877
          ],
          [
            0.9955233,
            20.5025414
          ],
          [
            0.9948581,
            20.5047874
          ],
          [
            0.994566,
            20.505919
          ],
          [
            0.9943186,
            20.5066489
          ],
          [
            0.9939621,
            20.5073992
          ],
          [
            0.9935375,
            20.5081272
          ],
          [
            0.9933077,
            20.5087148
          ],
          [
            0.9932595,
            20.5090381
          ],
          [
            0.9933507,
            20.5097465
          ],
          [
            0.9934312,
            20.5102037
          ],
          [
            0.9934044,
            20.510475
          ],
          [
            0.9932917,
            20.5107237
          ],
          [
            0.993112,
            20.51098
          ],
          [
            0.9926641,
            20.5112387
          ],
          [
            0.9922805,
            20.5114648
          ],
          [
            0.9915349,
            20.5118241
          ],
          [
            0.9911942,
            20.512025
          ],
          [
            0.9909207,
            20.5122436
          ],
          [
            0.9907195,
            20.5125099
          ],
          [
            0.9902608,
            20.5133263
          ],
          [
            0.989947,
            20.5140624
          ],
          [
            0.9898317,
            20.5144693
          ],
          [
            0.9897915,
            20.5148537
          ],
          [
            0.9897593,
            20.515228
          ],
          [
            0.9898022,
            20.5156324
          ],
          [
            0.990124,
            20.5173608
          ],
          [
            0.9904593,
            20.5190061
          ],
          [
            0.9904727,
            20.5193729
          ],
          [
            0.9904674,
            20.5196944
          ],
          [
            0.9904285,
            20.5201196
          ],
          [
            0.9903628,
            20.5205912
          ],
          [
            0.9901616,
            20.5213398
          ],
          [
            0.9896654,
            20.52296
          ],
          [
            0.9887454,
            20.5262756
          ],
          [
            0.9875357,
            20.5303627
          ],
          [
            0.9868222,
            20.532666
          ],
          [
            0.9860827,
            20.535262
          ],
          [
            0.9853336,
            20.5378654
          ],
          [
            0.9852853,
            20.5381115
          ],
          [
            0.9852202,
            20.5386181
          ],
          [
            0.9852532,
            20.5390107
          ],
          [
            0.9853578,
            20.539724
          ],
          [
            0.9854798,
            20.5404921
          ],
          [
            0.9854946,
            20.540902
          ],
          [
            0.9854882,
            20.5414801
          ],
          [
            0.985406,
            20.5418841
          ],
          [
            0.9851941,
            20.5426451
          ],
          [
            0.9849232,
            20.5433986
          ],
          [
            0.9842154,
            20.545181
          ],
          [
            0.9836431,
            20.5469123
          ],
          [
            0.9833165,
            20.5477121
          ],
          [
            0.9828728,
            20.548504
          ],
          [
            0.9826004,
            20.5488664
          ],
          [
            0.9822732,
            20.5493435
          ],
          [
            0.982064,
            20.5495847
          ],
          [
            0.9816483,
            20.5500392
          ],
          [
            0.9812835,
            20.5505616
          ],
          [
            0.9807631,
            20.551624
          ],
          [
            0.9804445,
            20.5523537
          ],
          [
            0.9800014,
            20.5533921
          ],
          [
            0.979811,
            20.5539547
          ],
          [
            0.9795991,
            20.5550271
          ],
          [
            0.9793657,
            20.5561848
          ],
          [
            0.9793121,
            20.5568956
          ],
          [
            0.9792933,
            20.5576239
          ],
          [
            0.9793738,
            20.5581387
          ],
          [
            0.9795213,
            20.5587389
          ],
          [
            0.9798946,
            20.5599064
          ],
          [
            0.9800336,
            20.5603362
          ],
          [
            0.9801972,
            20.5606652
          ],
          [
            0.9804627,
            20.560969
          ],
          [
            0.9805781,
            20.5611599
          ],
          [
            0.9806585,
            20.5613633
          ],
          [
            0.980916,
            20.562182
          ],
          [
            0.9812084,
            20.5629806
          ],
          [
            0.9815222,
            20.563729
          ],
          [
            0.9816939,
            20.5640705
          ],
          [
            0.9818199,
            20.5643568
          ],
          [
            0.982115,
            20.565075
          ],
          [
            0.9825549,
            20.5660168
          ],
          [
            0.9828402,
            20.5665893
          ],
          [
            0.9830356,
            20.5669884
          ],
          [
            0.9832014,
            20.5674153
          ],
          [
            0.9834534,
            20.5679529
          ],
          [
            0.9838053,
            20.5686293
          ],
          [
            0.983853,
            20.5687841
          ],
          [
            0.9839362,
            20.5690754
          ],
          [
            0.9842768,
            20.5703336
          ],
          [
            0.9846041,
            20.5711547
          ],
          [
            0.9848562,
            20.5718403
          ],
          [
            0.9852451,
            20.5727644
          ],
          [
            0.9854007,
            20.5730594
          ],
          [
            0.9856917,
            20.5734888
          ],
          [
            0.9858137,
            20.5736885
          ],
          [
            0.9858942,
            20.5738316
          ],
          [
            0.9860149,
            20.5740765
          ],
          [
            0.9861074,
            20.574251
          ],
          [
            0.9862778,
            20.5745448
          ],
          [
            0.9865245,
            20.5750194
          ],
          [
            0.9870663,
            20.5761971
          ],
          [
            0.9877954,
            20.577744
          ],
          [
            0.9883431,
            20.578791
          ],
          [
            0.9888312,
            20.5795192
          ],
          [
            0.9889678,
            20.579684
          ],
          [
            0.9891987,
            20.5798909
          ],
          [
            0.9917966,
            20.5816151
          ],
          [
            0.9968698,
            20.5849254
          ],
          [
            0.9978032,
            20.58541
          ],
          [
            0.9983101,
            20.5857214
          ],
          [
            0.9993106,
            20.5864094
          ],
          [
            1.0035839,
            20.589362
          ],
          [
            1.0058026,
            20.5909593
          ],
          [
            1.0069368,
            20.5916148
          ],
          [
            1.0085839,
            20.5920118
          ],
          [
            1.0142934,
            20.5925359
          ],
          [
            1.0157204,
            20.5926565
          ],
          [
            1.0168063,
            20.5926784
          ],
          [
            1.0177481,
            20.5925058
          ],
          [
            1.0200119,
            20.5917827
          ],
          [
            1.0234934,
            20.5906578
          ],
          [
            1.024121,
            20.5904419
          ],
          [
            1.0245078,
            20.5902479
          ],
          [
            1.0247245,
            20.5900289
          ],
          [
            1.0251805,
            20.5894175
          ],
          [
            1.0253028,
            20.5891772
          ],
          [
            1.0254058,
            20.5889404
          ],
          [
            1.0254863,
            20.5885964
          ],
          [
            1.025512,
            20.5883677
          ],
          [
            1.0255372,
            20.588152
          ],
          [
            1.0255694,
            20.5880239
          ],
          [
            1.0256445,
            20.5878911
          ],
          [
            1.0257867,
            20.5877352
          ],
          [
            1.0263044,
            20.5874514
          ],
          [
            1.0266826,
            20.5873234
          ],
          [
            1.0269669,
            20.5873108
          ],
          [
            1.0281203,
            20.5875451
          ],
          [
            1.0286339,
            20.5876561
          ],
          [
            1.0290228,
            20.5876435
          ],
          [
            1.0294627,
            20.5875544
          ],
          [
            1.0305932,
            20.5873058
          ],
          [
            1.0308427,
            20.5873158
          ],
          [
            1.0311511,
            20.5874238
          ],
          [
            1.0315293,
            20.5877151
          ],
          [
            1.0321328,
            20.5882675
          ],
          [
            1.0330367,
            20.5888374
          ],
          [
            1.0339785,
            20.5893469
          ],
          [
            1.0345763,
            20.5896535
          ],
          [
            1.0355473,
            20.5899498
          ],
          [
            1.0372263,
            20.5904143
          ],
          [
            1.0374221,
            20.5905725
          ],
          [
            1.0375965,
            20.5907658
          ],
          [
            1.0379773,
            20.5914236
          ],
          [
            1.0381329,
            20.5915442
          ],
          [
            1.0383555,
            20.5916546
          ],
          [
            1.0390127,
            20.5918429
          ],
          [
            1.039305,
            20.5919911
          ],
          [
            1.0397288,
            20.5923501
          ],
          [
            1.040099,
            20.5926615
          ],
          [
            1.0403913,
            20.5928272
          ],
          [
            1.0409573,
            20.5929804
          ],
          [
            1.0414454,
            20.5931034
          ],
          [
            1.0419416,
            20.5932766
          ],
          [
            1.0422367,
            20.5934649
          ],
          [
            1.0423735,
            20.5936281
          ],
          [
            1.0424969,
            20.5939897
          ],
          [
            1.0426471,
            20.5946074
          ],
          [
            1.042749,
            20.5950467
          ],
          [
            1.0428777,
            20.5953757
          ],
          [
            1.0430869,
            20.5956368
          ],
          [
            1.0434195,
            20.5958628
          ],
          [
            1.0436019,
            20.5960586
          ],
          [
            1.0437065,
            20.5962343
          ],
          [
            1.0438153,
            20.5965686
          ],
          [
            1.0439211,
            20.5969524
          ],
          [
            1.0440767,
            20.5974897
          ],
          [
            1.0442162,
            20.5979592
          ],
          [
            1.0442939,
            20.5983107
          ],
          [
            1.0443878,
            20.5987727
          ],
          [
            1.0444602,
            20.5991192
          ],
          [
            1.0444629,
            20.5993477
          ],
          [
            1.0444012,
            20.5996816
          ],
          [
            1.0443073,
            20.6000456
          ],
          [
            1.044074,
            20.6006357
          ],
          [
            1.0436448,
            20.6018056
          ],
          [
            1.0430574,
            20.6032518
          ],
          [
            1.042757,
            20.6040853
          ],
          [
            1.0423252,
            20.6052678
          ],
          [
            1.0417485,
            20.6068646
          ],
          [
            1.0401392,
            20.6110396
          ],
          [
            1.0370064,
            20.6191283
          ],
          [
            1.0363734,
            20.6202128
          ],
          [
            1.0347506,
            20.6225728
          ],
          [
            1.0312246,
            20.6279081
          ],
          [
            1.0288632,
            20.6312782
          ],
          [
            1.0274148,
            20.6335172
          ],
          [
            1.0262024,
            20.6358266
          ],
          [
            1.0207071,
            20.6490312
          ],
          [
            1.018737,
            20.653679
          ],
          [
            1.0162996,
            20.6593824
          ],
          [
            1.0153929,
            20.6613694
          ],
          [
            1.0147478,
            20.662792
          ],
          [
            1.0142108,
            20.6641199
          ],
          [
            1.0128544,
            20.6672488
          ],
          [
            1.0112922,
            20.6708702
          ],
          [
            1.0104207,
            20.6729086
          ],
          [
            1.0098088,
            20.6745477
          ],
          [
            1.0096264,
            20.67515
          ],
          [
            1.0095487,
            20.6759009
          ],
          [
            1.0099602,
            20.678687
          ],
          [
            1.0100448,
            20.6792654
          ],
          [
            1.0099429,
            20.6798326
          ],
          [
            1.0096371,
            20.6804147
          ],
          [
            1.0082203,
            20.682093
          ],
          [
            1.0073411,
            20.683441
          ],
          [
            1.0070944,
            20.6843042
          ],
          [
            1.0071909,
            20.6850771
          ],
          [
            1.0075534,
            20.6863919
          ],
          [
            1.0083818,
            20.6878674
          ],
          [
            1.0091436,
            20.688841
          ],
          [
            1.0097571,
            20.6896606
          ],
          [
            1.0102802,
            20.6907501
          ],
          [
            1.011124,
            20.6925312
          ],
          [
            1.0115683,
            20.693197
          ],
          [
            1.0121492,
            20.6939469
          ],
          [
            1.0130279,
            20.6956106
          ],
          [
            1.0139501,
            20.6970811
          ],
          [
            1.0146153,
            20.6980246
          ],
          [
            1.0157847,
            20.6998512
          ],
          [
            1.0165894,
            20.7010856
          ],
          [
            1.0171287,
            20.7023171
          ],
          [
            1.017847,
            20.7041306
          ],
          [
            1.0181504,
            20.7046885
          ],
          [
            1.0185304,
            20.7052788
          ],
          [
            1.0187459,
            20.7057323
          ],
          [
            1.0188103,
            20.7061538
          ],
          [
            1.0188961,
            20.7066355
          ],
          [
            1.0192488,
            20.7081035
          ],
          [
            1.0197732,
            20.7091344
          ],
          [
            1.0199207,
            20.7093677
          ],
          [
            1.0200629,
            20.7096086
          ],
          [
            1.0202211,
            20.7099473
          ],
          [
            1.0204115,
            20.7102107
          ],
          [
            1.0204947,
            20.7103688
          ],
          [
            1.0205564,
            20.710513
          ],
          [
            1.0205749,
            20.7106681
          ],
          [
            1.0205273,
            20.7108967
          ],
          [
            1.0204437,
            20.7111917
          ],
          [
            1.0203311,
            20.7115003
          ],
          [
            1.0201809,
            20.7118992
          ],
          [
            1.0200368,
            20.7122332
          ],
          [
            1.0195476,
            20.7133225
          ],
          [
            1.0191643,
            20.7142675
          ],
          [
            1.01888,
            20.7148947
          ],
          [
            1.0185099,
            20.7157477
          ],
          [
            1.0183006,
            20.7162846
          ],
          [
            1.0179627,
            20.7171075
          ],
          [
            1.0176203,
            20.7178796
          ],
          [
            1.0171182,
            20.7193147
          ],
          [
            1.0170722,
            20.7202334
          ],
          [
            1.0171112,
            20.7212259
          ],
          [
            1.0175657,
            20.7267359
          ],
          [
            1.017673,
            20.7287829
          ],
          [
            1.0176086,
            20.7311309
          ],
          [
            1.0173297,
            20.7349639
          ],
          [
            1.0171473,
            20.7374623
          ],
          [
            1.0171687,
            20.7394289
          ],
          [
            1.0171559,
            20.7432491
          ],
          [
            1.0173591,
            20.7455805
          ],
          [
            1.0169031,
            20.7620599
          ],
          [
            1.0161494,
            20.7803505
          ],
          [
            1.0174799,
            20.7897391
          ],
          [
            1.017437,
            20.7948745
          ],
          [
            1.0171929,
            20.7966473
          ],
          [
            1.0170481,
            20.7975174
          ],
          [
            1.0168973,
            20.7978547
          ],
          [
            1.0168067,
            20.7983022
          ],
          [
            1.0167791,
            20.7987265
          ],
          [
            1.0167718,
            20.7988388
          ],
          [
            1.0167602,
            20.7989407
          ]
        ]
      },
      "properties": {
        "name": "Anefis - Tessalit - Algeria",
        "highway": "primary",
        "ref": "RN19"
      }
    },
    {
      "type": "Feature",
      "geometry": {
        "type": "LineString",
        "coordinates": [
          [
            1.3141843,
            21.0597188
          ],
          [
            1.3177671,
            21.0574064
          ],
          [
            1.3216208,
            21.0547464
          ],
          [
            1.3331138,
            21.0457019
          ],
          [
            1.3442237,
            21.0363979
          ],
          [
            1.3517468,
            21.0277673
          ],
          [
            1.3593165,
            21.0176143
          ],
          [
            1.3646968,
            21.0136355
          ],
          [
            1.3723509,
            21.0086078
          ],
          [
            1.3783228,
            21.0058264
          ],
          [
            1.3815951,
            21.0047046
          ],
          [
            1.3886008,
            21.0023557
          ],
          [
            1.3931501,
            21.0007583
          ],
          [
            1.3959076,
            20.9994562
          ],
          [
            1.4061212,
            20.9940173
          ],
          [
            1.4152855,
            20.9880426
          ],
          [
            1.4286088,
            20.9824074
          ],
          [
            1.4398578,
            20.9795614
          ],
          [
            1.4500594,
            20.9732545
          ],
          [
            1.4639876,
            20.9704272
          ],
          [
            1.4716737,
            20.9675999
          ],
          [
            1.4752344,
            20.9668373
          ],
          [
            1.4779773,
            20.9665346
          ],
          [
            1.4807905,
            20.9663897
          ],
          [
            1.4853065,
            20.9664091
          ],
          [
            1.4864143,
            20.9664904
          ],
          [
            1.4898858,
            20.9670661
          ],
          [
            1.4943425,
            20.9674117
          ],
          [
            1.4997677,
            20.9675984
          ],
          [
            1.5053777,
            20.9677624
          ],
          [
            1.5096983,
            20.9678952
          ],
          [
            1.5140137,
            20.968372
          ],
          [
            1.5168628,
            20.9686496
          ],
          [
            1.5183374,
            20.9686848
          ],
          [
            1.5192957,
            20.9686333
          ],
          [
            1.519991,
            20.9685432
          ],
          [
            1.5212318,
            20.9683954
          ],
          [
            1.5227193,
            20.9681942
          ],
          [
            1.5235264,
            20.9681046
          ],
          [
            1.5255635,
            20.9678581
          ],
          [
            1.5281138,
            20.9673883
          ],
          [
            1.5306687,
            20.9669635
          ],
          [
            1.5325694,
            20.966692
          ],
          [
            1.5335852,
            20.9665358
          ],
          [
            1.5369924,
            20.9663031
          ],
          [
            1.5449935,
            20.9657393
          ],
          [
            1.5497333,
            20.9653478
          ],
          [
            1.5593293,
            20.9645974
          ],
          [
            1.5709177,
            20.9637148
          ],
          [
            1.5819093,
            20.9628989
          ],
          [
            1.5870684,
            20.9624265
          ],
          [
            1.5923618,
            20.9619453
          ],
          [
            1.6019703,
            20.9611511
          ],
          [
            1.604011,
            20.9609519
          ],
          [
            1.6046852,
            20.9608335
          ],
          [
            1.6063975,
            20.9602719
          ],
          [
            1.6090721,
            20.9593258
          ],
          [
            1.6095722,
            20.9591052
          ],
          [
            1.611616,
            20.957963
          ],
          [
            1.6140056,
            20.9565173
          ],
          [
            1.621715,
            20.9516342
          ],
          [
            1.62451,
            20.9497636
          ],
          [
            1.6317032,
            20.9466938
          ],
          [
            1.6331748,
            20.9451438
          ],
          [
            1.6355803,
            20.9419118
          ],
          [
            1.6390397,
            20.9358593
          ],
          [
            1.6401064,
            20.9340256
          ],
          [
            1.6415946,
            20.929786
          ],
          [
            1.643395,
            20.9234702
          ],
          [
            1.6457605,
            20.9166187
          ],
          [
            1.648283,
            20.9103697
          ],
          [
            1.6535496,
            20.9001119
          ],
          [
            1.6597136,
            20.8904162
          ],
          [
            1.6608937,
            20.8791693
          ],
          [
            1.6614032,
            20.8714637
          ],
          [
            1.6622455,
            20.8638915
          ],
          [
            1.6617036,
            20.8578694
          ],
          [
            1.660632,
            20.852029
          ],
          [
            1.6618323,
            20.8470813
          ],
          [
            1.6647347,
            20.8423956
          ],
          [
            1.6659093,
            20.8327227
          ],
          [
            1.6662967,
            20.8298416
          ],
          [
            1.6672452,
            20.8217391
          ],
          [
            1.6681838,
            20.8158557
          ],
          [
            1.6677761,
            20.8124259
          ],
          [
            1.6686344,
            20.8067696
          ],
          [
            1.6706526,
            20.7992824
          ],
          [
            1.6758025,
            20.7854408
          ],
          [
            1.6786778,
            20.7633319
          ],
          [
            1.6797066,
            20.7375526
          ],
          [
            1.6797709,
            20.7284618
          ],
          [
            1.6808451,
            20.7155518
          ],
          [
            1.6814661,
            20.7105795
          ],
          [
            1.6821742,
            20.7082513
          ],
          [
            1.6848834,
            20.7056889
          ],
          [
            1.697522,
            20.6989245
          ],
          [
            1.7035675,
            20.6949835
          ],
          [
            1.7059493,
            20.6927955
          ],
          [
            1.7077358,
            20.6907046
          ],
          [
            1.7101657,
            20.6874759
          ],
          [
            1.7127085,
            20.6848061
          ],
          [
            1.7168339,
            20.6791116
          ],
          [
            1.7191243,
            20.6766557
          ],
          [
            1.7213559,
            20.6752504
          ],
          [
            1.7225575,
            20.6738049
          ],
          [
            1.7233729,
            20.6722992
          ],
          [
            1.7239952,
            20.6690268
          ],
          [
            1.7240844,
            20.6643335
          ],
          [
            1.7244975,
            20.6598262
          ],
          [
            1.7247194,
            20.6578336
          ],
          [
            1.7248964,
            20.6569
          ],
          [
            1.7252237,
            20.6562977
          ],
          [
            1.7258674,
            20.6555548
          ],
          [
            1.7285154,
            20.6531201
          ],
          [
            1.7323207,
            20.6487682
          ],
          [
            1.7346597,
            20.6439491
          ],
          [
            1.7372775,
            20.640656
          ],
          [
            1.7405876,
            20.6380724
          ],
          [
            1.7429209,
            20.6358768
          ],
          [
            1.7442512,
            20.63172
          ],
          [
            1.7472394,
            20.6252603
          ],
          [
            1.7520618,
            20.6193091
          ],
          [
            1.7553719,
            20.6143352
          ],
          [
            1.7574262,
            20.6104723
          ],
          [
            1.7576623,
            20.6071985
          ],
          [
            1.7571528,
            20.6046344
          ],
          [
            1.7577052,
            20.5970252
          ],
          [
            1.7575657,
            20.5945948
          ],
          [
            1.7576086,
            20.5939922
          ],
          [
            1.7594596,
            20.5876415
          ],
          [
            1.7618465,
            20.5814879
          ],
          [
            1.763908,
            20.5760573
          ],
          [
            1.7686732,
            20.5629132
          ],
          [
            1.7704901,
            20.5579206
          ],
          [
            1.772204,
            20.5528696
          ],
          [
            1.7728987,
            20.5514456
          ],
          [
            1.7746782,
            20.5467516
          ],
          [
            1.7757726,
            20.5434363
          ],
          [
            1.776309,
            20.5409447
          ],
          [
            1.7767574,
            20.5398354
          ],
          [
            1.777915,
            20.5374372
          ],
          [
            1.7787062,
            20.5349325
          ],
          [
            1.7790292,
            20.533005
          ],
          [
            1.7799079,
            20.5296401
          ],
          [
            1.7802598,
            20.528355
          ],
          [
            1.7809636,
            20.526763
          ],
          [
            1.7834544,
            20.5216739
          ],
          [
            1.7853522,
            20.5175395
          ],
          [
            1.7856049,
            20.5169401
          ],
          [
            1.7857186,
            20.5167401
          ],
          [
            1.7858978,
            20.5165517
          ],
          [
            1.7863591,
            20.5162402
          ],
          [
            1.7882796,
            20.5151349
          ],
          [
            1.788808,
            20.5147707
          ],
          [
            1.7890306,
            20.5145421
          ],
          [
            1.7895161,
            20.5136754
          ],
          [
            1.7901035,
            20.5126931
          ],
          [
            1.7905353,
            20.5119872
          ],
          [
            1.7910288,
            20.5112436
          ],
          [
            1.7913722,
            20.5106608
          ],
          [
            1.7919301,
            20.5095052
          ],
          [
            1.7920588,
            20.5091635
          ],
          [
            1.7922197,
            20.5086008
          ],
          [
            1.7924021,
            20.5081888
          ],
          [
            1.7925228,
            20.5079265
          ],
          [
            1.7927039,
            20.5075854
          ],
          [
            1.7928758,
            20.5073022
          ],
          [
            1.7937969,
            20.5058323
          ],
          [
            1.7940437,
            20.5054153
          ],
          [
            1.7946445,
            20.5043099
          ]
        ]
      },
      "properties": {
        "name": "طريق الساورة",
        "highway": "primary",
        "ref": "RN 6"
      }
    },
    {
      "type": "Feature",
      "geometry": {
        "type": "LineString",
        "coordinates": [
          [
            0.9260535,
            21.3468086
          ],
          [
            0.9263761,
            21.3471143
          ],
          [
            0.930327,
            21.3505686
          ],
          [
            0.9323788,
            21.3523625
          ],
          [
            0.9332949,
            21.3532302
          ],
          [
            0.93431,
            21.3543484
          ],
          [
            0.93534,
            21.3555966
          ],
          [
            0.9356832,
            21.3559772
          ],
          [
            0.9362411,
            21.3567665
          ],
          [
            0.9378075,
            21.358755
          ],
          [
            0.9389019,
            21.3600539
          ],
          [
            0.939339,
            21.3604462
          ],
          [
            0.9400874,
            21.361118
          ],
          [
            0.9404058,
            21.3613421
          ],
          [
            0.9417558,
            21.3622921
          ],
          [
            0.9432819,
            21.3632912
          ],
          [
            0.9434045,
            21.3633763
          ]
        ]
      },
      "properties": {
        "highway": "tertiary"
      }
    },
    {
      "type": "Feature",
      "geometry": {
        "type": "LineString",
        "coordinates": [
          [
            0.957771,
            21.3337426
          ],
          [
            0.9576781,
            21.3339353
          ],
          [
            0.9574017,
            21.3346217
          ],
          [
            0.9573258,
            21.3347785
          ],
          [
            0.9571893,
            21.3351185
          ],
          [
            0.9570373,
            21.3354718
          ],
          [
            0.9568376,
            21.3358995
          ],
          [
            0.9567021,
            21.3362461
          ],
          [
            0.9565294,
            21.3366573
          ],
          [
            0.9564111,
            21.3369262
          ],
          [
            0.9562664,
            21.337216
          ],
          [
            0.9561304,
            21.337541
          ],
          [
            0.956039,
            21.3376244
          ]
        ]
      },
      "properties": {
        "highway": "tertiary"
      }
    },
    {
      "type": "Feature",
      "geometry": {
        "type": "LineString",
        "coordinates": [
          [
            0.9540503,
            21.3327211
          ],
          [
            0.9550788,
            21.3329405
          ],
          [
            0.9551705,
            21.3329615
          ],
          [
            0.9559842,
            21.3331568
          ],
          [
            0.9566154,
            21.3333161
          ],
          [
            0.956874,
            21.3333769
          ],
          [
            0.9569599,
            21.3333957
          ],
          [
            0.9570564,
            21.3334125
          ],
          [
            0.9574027,
            21.3334555
          ],
          [
            0.9575359,
            21.3334752
          ],
          [
            0.9575786,
            21.3334812
          ],
          [
            0.9576198,
            21.3334918
          ],
          [
            0.957678,
            21.3335121
          ]
        ]
      },
      "properties": {
        "name": "La route de la Saoura; طريق الساورة",
        "highway": "primary",
        "maxspeed": "40",
        "ref": "RN 6"
      }
    },
    {
      "type": "Feature",
      "geometry": {
        "type": "LineString",
        "coordinates": [
          [
            0.957612,
            21.3336346
          ],
          [
            0.957612,
            21.3336057
          ],
          [
            0.9576192,
            21.3335775
          ],
          [
            0.9576331,
            21.3335516
          ],
          [
            0.9576532,
            21.3335294
          ],
          [
            0.957678,
            21.3335121
          ],
          [
            0.9577027,
            21.3335018
          ],
          [
            0.9577291,
            21.3334962
          ],
          [
            0.9577626,
            21.3334963
          ],
          [
            0.957795,
            21.3335042
          ],
          [
            0.9578243,
            21.3335193
          ],
          [
            0.9578486,
            21.3335407
          ],
          [
            0.9578665,
            21.3335671
          ],
          [
            0.9578758,
            21.3335922
          ],
          [
            0.957879,
            21.3336276
          ],
          [
            0.9578713,
            21.3336624
          ],
          [
            0.9578533,
            21.3336939
          ],
          [
            0.9578278,
            21.3337184
          ],
          [
            0.957801,
            21.3337337
          ],
          [
            0.957771,
            21.3337426
          ],
          [
            0.9577397,
            21.3337448
          ],
          [
            0.9577086,
            21.3337402
          ],
          [
            0.9576796,
            21.333729
          ],
          [
            0.9576542,
            21.3337117
          ],
          [
            0.957633,
            21.3336888
          ],
          [
            0.9576192,
            21.3336628
          ],
          [
            0.957612,
            21.3336346
          ]
        ]
      },
      "properties": {
        "highway": "primary",
        "maxspeed": "40"
      }
    },
    {
      "type": "Feature",
      "geometry": {
        "type": "LineString",
        "coordinates": [
          [
            0.957633,
            21.3336888
          ],
          [
            0.9575544,
            21.3336485
          ],
          [
            0.9574719,
            21.3336156
          ],
          [
            0.9573863,
            21.3335904
          ],
          [
            0.9572687,
            21.3335613
          ],
          [
            0.9565958,
            21.3333833
          ],
          [
            0.9559659,
            21.3332187
          ],
          [
            0.9551515,
            21.3330157
          ],
          [
            0.9550635,
            21.3329929
          ],
          [
            0.9540378,
            21.3327713
          ]
        ]
      },
      "properties": {
        "name": "La route de la Saoura; طريق الساورة",
        "highway": "primary",
        "maxspeed": "40",
        "ref": "RN 6"
      }
    },
    {
      "type": "Feature",
      "geometry": {
        "type": "LineString",
        "coordinates": [
          [
            0.960545,
            21.3305182
          ],
          [
            0.9600238,
            21.3310574
          ],
          [
            0.9598451,
            21.3312482
          ],
          [
            0.9593598,
            21.3318013
          ],
          [
            0.9585165,
            21.3327225
          ],
          [
            0.9584379,
            21.3328
          ],
          [
            0.9580313,
            21.3332934
          ],
          [
            0.9579362,
            21.3334613
          ],
          [
            0.9578818,
            21.3335449
          ],
          [
            0.9578665,
            21.3335671
          ]
        ]
      },
      "properties": {
        "name": "La route de la Saoura; طريق الساورة",
        "highway": "primary",
        "maxspeed": "40",
        "ref": "RN 6"
      }
    },
    {
      "type": "Feature",
      "geometry": {
        "type": "LineString",
        "coordinates": [
          [
            0.9650387,
            21.3251902
          ],
          [
            0.9649969,
            21.3251664
          ],
          [
            0.9649533,
            21.3251455
          ],
          [
            0.9649081,
            21.3251278
          ],
          [
            0.9648616,
            21.3251133
          ],
          [
            0.9616802,
            21.3241767
          ]
        ]
      },
      "properties": {
        "highway": "tertiary"
      }
    },
    {
      "type": "Feature",
      "geometry": {
        "type": "LineString",
        "coordinates": [
          [
            1.0421926,
            21.1862
          ],
          [
            1.0423241,
            21.1861675
          ],
          [
            1.0425154,
            21.1861109
          ],
          [
            1.0430857,
            21.1859136
          ],
          [
            1.0436386,
            21.1857784
          ],
          [
            1.0439707,
            21.1857319
          ],
          [
            1.0450492,
            21.1856473
          ],
          [
            1.0462645,
            21.1855834
          ],
          [
            1.0463608,
            21.1855783
          ]
        ]
      },
      "properties": {
        "highway": "tertiary"
      }
    },
    {
      "type": "Feature",
      "geometry": {
        "type": "LineString",
        "coordinates": [
          [
            1.0410043,
            21.1862915
          ],
          [
            1.0411029,
            21.1862615
          ],
          [
            1.0414861,
            21.1862325
          ],
          [
            1.0420005,
            21.1862275
          ],
          [
            1.0421926,
            21.1862
          ]
        ]
      },
      "properties": {
        "highway": "tertiary"
      }
    },
    {
      "type": "Feature",
      "geometry": {
        "type": "LineString",
        "coordinates": [
          [
            1.0385605,
            21.1881077
          ],
          [
            1.037721,
            21.1879657
          ]
        ]
      },
      "properties": {
        "highway": "tertiary"
      }
    },
    {
      "type": "Feature",
      "geometry": {
        "type": "LineString",
        "coordinates": [
          [
            1.0385605,
            21.1881077
          ],
          [
            1.0386594,
            21.1877621
          ],
          [
            1.0387366,
            21.1873898
          ],
          [
            1.0387905,
            21.1869011
          ],
          [
            1.0388414,
            21.1868485
          ],
          [
            1.0389215,
            21.1868327
          ],
          [
            1.0397093,
            21.1868234
          ],
          [
            1.0401668,
            21.1865164
          ],
          [
            1.0403852,
            21.1863789
          ],
          [
            1.0410043,
            21.1862915
          ]
        ]
      },
      "properties": {
        "highway": "tertiary"
      }
    },
    {
      "type": "Feature",
      "geometry": {
        "type": "LineString",
        "coordinates": [
          [
            0.9651988,
            21.3253023
          ],
          [
            0.9651552,
            21.3253338
          ],
          [
            0.965114,
            21.325368
          ],
          [
            0.9650756,
            21.3254049
          ],
          [
            0.96504,
            21.3254441
          ],
          [
            0.9650074,
            21.3254856
          ],
          [
            0.9646082,
            21.3260176
          ],
          [
            0.9644941,
            21.3261792
          ],
          [
            0.9642059,
            21.3265873
          ],
          [
            0.9638954,
            21.3270333
          ],
          [
            0.9638085,
            21.327158
          ],
          [
            0.9634495,
            21.3276067
          ],
          [
            0.9627038,
            21.3284612
          ],
          [
            0.9624178,
            21.3287748
          ],
          [
            0.9622253,
            21.3289815
          ],
          [
            0.9621061,
            21.3291249
          ],
          [
            0.9616175,
            21.329613
          ],
          [
            0.9610555,
            21.3300803
          ],
          [
            0.960545,
            21.3305182
          ]
        ]
      },
      "properties": {
        "name": "La route de la Saoura; طريق الساورة",
        "highway": "primary",
        "maxspeed": "40",
        "ref": "RN 6"
      }
    },
    {
      "type": "Feature",
      "geometry": {
        "type": "LineString",
        "coordinates": [
          [
            0.967938,
            21.3266045
          ],
          [
            0.9654529,
            21.3253241
          ],
          [
            0.9654096,
            21.325306
          ],
          [
            0.9653648,
            21.3252913
          ],
          [
            0.9653188,
            21.3252802
          ],
          [
            0.965272,
            21.3252727
          ]
        ]
      },
      "properties": {
        "highway": "secondary"
      }
    },
    {
      "type": "Feature",
      "geometry": {
        "type": "LineString",
        "coordinates": [
          [
            0.9653253,
            21.3251728
          ],
          [
            0.9653181,
            21.3252104
          ],
          [
            0.9652999,
            21.3252447
          ],
          [
            0.965272,
            21.3252727
          ],
          [
            0.9652374,
            21.3252921
          ],
          [
            0.9651988,
            21.3253023
          ],
          [
            0.9651489,
            21.3252993
          ],
          [
            0.9651032,
            21.3252814
          ],
          [
            0.9650668,
            21.3252502
          ],
          [
            0.9650438,
            21.3252093
          ],
          [
            0.9650387,
            21.3251902
          ],
          [
            0.9650389,
            21.3251462
          ],
          [
            0.9650542,
            21.3251047
          ],
          [
            0.965083,
            21.32507
          ],
          [
            0.9651108,
            21.3250511
          ],
          [
            0.9651425,
            21.3250388
          ],
          [
            0.9651831,
            21.3250341
          ],
          [
            0.9652233,
            21.3250399
          ],
          [
            0.9652602,
            21.325056
          ],
          [
            0.9652908,
            21.3250811
          ],
          [
            0.9653128,
            21.3251132
          ],
          [
            0.9653208,
            21.3251348
          ],
          [
            0.9653253,
            21.3251728
          ]
        ]
      },
      "properties": {
        "highway": "primary"
      }
    },
    {
      "type": "Feature",
      "geometry": {
        "type": "LineString",
        "coordinates": [
          [
            0.9617182,
            21.3241051
          ],
          [
            0.9625878,
            21.3243707
          ],
          [
            0.9629169,
            21.324468
          ],
          [
            0.9631268,
            21.3245301
          ],
          [
            0.9636527,
            21.3246855
          ],
          [
            0.9642041,
            21.3248485
          ],
          [
            0.9648753,
            21.3250576
          ],
          [
            0.9649259,
            21.3250714
          ],
          [
            0.9649782,
            21.3250781
          ],
          [
            0.9650309,
            21.3250776
          ],
          [
            0.965083,
            21.32507
          ]
        ]
      },
      "properties": {
        "highway": "tertiary"
      }
    },
    {
      "type": "Feature",
      "geometry": {
        "type": "LineString",
        "coordinates": [
          [
            0.9602094,
            21.3236833
          ],
          [
            0.9603401,
            21.3236921
          ],
          [
            0.9605189,
            21.3237395
          ],
          [
            0.9610705,
            21.3238997
          ],
          [
            0.961585,
            21.3240439
          ]
        ]
      },
      "properties": {
        "highway": "tertiary"
      }
    },
    {
      "type": "Feature",
      "geometry": {
        "type": "LineString",
        "coordinates": [
          [
            0.9653208,
            21.3251348
          ],
          [
            0.9653762,
            21.3251912
          ],
          [
            0.9654048,
            21.325215
          ],
          [
            0.9654411,
            21.3252393
          ],
          [
            0.967859,
            21.3264719
          ],
          [
            0.9678782,
            21.3264876
          ],
          [
            0.9678917,
            21.3265031
          ],
          [
            0.9679037,
            21.3265225
          ],
          [
            0.967938,
            21.3266045
          ]
        ]
      },
      "properties": {
        "highway": "secondary"
      }
    },
    {
      "type": "Feature",
      "geometry": {
        "type": "LineString",
        "coordinates": [
          [
            0.9575876,
            21.3339061
          ],
          [
            0.9575552,
            21.3338346
          ],
          [
            0.9575135,
            21.3337674
          ],
          [
            0.9574632,
            21.3337056
          ],
          [
            0.957405,
            21.3336501
          ],
          [
            0.9572687,
            21.3335613
          ]
        ]
      },
      "properties": {
        "highway": "primary_link"
      }
    },
    {
      "type": "Feature",
      "geometry": {
        "type": "LineString",
        "coordinates": [
          [
            0.9574027,
            21.3334555
          ],
          [
            0.9575804,
            21.3334034
          ],
          [
            0.9576649,
            21.3333669
          ],
          [
            0.9577458,
            21.3333237
          ],
          [
            0.9578224,
            21.3332742
          ]
        ]
      },
      "properties": {
        "highway": "primary_link"
      }
    },
    {
      "type": "Feature",
      "geometry": {
        "type": "LineString",
        "coordinates": [
          [
            0.9577027,
            21.3335018
          ],
          [
            0.9578224,
            21.3332742
          ],
          [
            0.9582497,
            21.3327223
          ],
          [
            0.9583271,
            21.3326453
          ],
          [
            0.9585054,
            21.3324424
          ],
          [
            0.9592574,
            21.3317086
          ],
          [
            0.9594208,
            21.3315293
          ],
          [
            0.9599078,
            21.331041
          ],
          [
            0.9603327,
            21.3306149
          ],
          [
            0.9604519,
            21.3304811
          ],
          [
            0.9608102,
            21.3301627
          ],
          [
            0.9609696,
            21.3300272
          ],
          [
            0.9614941,
            21.3295812
          ],
          [
            0.9615773,
            21.3295106
          ],
          [
            0.9618857,
            21.3292157
          ],
          [
            0.9621592,
            21.3289225
          ],
          [
            0.9621915,
            21.3288859
          ],
          [
            0.9623292,
            21.3287373
          ],
          [
            0.9624839,
            21.3285711
          ],
          [
            0.9630015,
            21.3279915
          ],
          [
            0.9634039,
            21.3275193
          ],
          [
            0.9637392,
            21.327132
          ],
          [
            0.963822,
            21.3270081
          ],
          [
            0.9640154,
            21.3267272
          ],
          [
            0.9641422,
            21.3265442
          ],
          [
            0.9645465,
            21.3259602
          ],
          [
            0.9649359,
            21.3254236
          ],
          [
            0.9649641,
            21.3253839
          ],
          [
            0.9649891,
            21.3253424
          ],
          [
            0.9650107,
            21.3252993
          ],
          [
            0.965029,
            21.3252549
          ],
          [
            0.9650438,
            21.3252093
          ]
        ]
      },
      "properties": {
        "name": "La route de la Saoura; طريق الساورة",
        "highway": "primary",
        "maxspeed": "40",
        "ref": "RN 6"
      }
    },
    {
      "type": "Feature",
      "geometry": {
        "type": "LineString",
        "coordinates": [
          [
            0.9780416,
            21.3284592
          ],
          [
            0.9783144,
            21.3285305
          ],
          [
            0.9785496,
            21.3285999
          ],
          [
            0.978779,
            21.3286704
          ],
          [
            0.9826103,
            21.3300612
          ],
          [
            0.983387,
            21.3303164
          ],
          [
            0.9835274,
            21.3303604
          ],
          [
            0.9906256,
            21.3325837
          ],
          [
            0.9978998,
            21.3347723
          ],
          [
            1.0019123,
            21.3356417
          ],
          [
            1.0027277,
            21.3357017
          ],
          [
            1.0033822,
            21.3355018
          ],
          [
            1.0076094,
            21.3333132
          ],
          [
            1.0084462,
            21.3330134
          ],
          [
            1.0096264,
            21.3327536
          ],
          [
            1.0104096,
            21.3327336
          ],
          [
            1.0143042,
            21.3327436
          ],
          [
            1.0158276,
            21.3325937
          ],
          [
            1.0186056,
            21.3322606
          ],
          [
            1.0207798,
            21.3320545
          ],
          [
            1.0220467,
            21.3320178
          ],
          [
            1.0332138,
            21.3319777
          ],
          [
            1.0372266,
            21.3321246
          ],
          [
            1.0495508,
            21.332694
          ],
          [
            1.0543128,
            21.3329236
          ],
          [
            1.0626538,
            21.3329328
          ],
          [
            1.0652764,
            21.3329328
          ],
          [
            1.0661145,
            21.3329879
          ],
          [
            1.0673075,
            21.3331165
          ],
          [
            1.0709751,
            21.3336308
          ],
          [
            1.0720104,
            21.3336951
          ],
          [
            1.073016,
            21.3336032
          ],
          [
            1.0741006,
            21.3334012
          ],
          [
            1.0823134,
            21.331693
          ],
          [
            1.0850149,
            21.3313073
          ],
          [
            1.0925868,
            21.3304899
          ],
          [
            1.0992912,
            21.3298286
          ],
          [
            1.1015687,
            21.3297276
          ],
          [
            1.110383,
            21.3295531
          ],
          [
            1.1130746,
            21.3293511
          ],
          [
            1.1200156,
            21.3286163
          ],
          [
            1.1229832,
            21.3284602
          ],
          [
            1.1292119,
            21.3281076
          ],
          [
            1.129658,
            21.3280837
          ],
          [
            1.137654,
            21.3272938
          ],
          [
            1.139547,
            21.3272112
          ],
          [
            1.1431555,
            21.3271101
          ],
          [
            1.1476316,
            21.3270275
          ],
          [
            1.1494556,
            21.3269081
          ],
          [
            1.1613854,
            21.3258795
          ],
          [
            1.1637123,
            21.3257141
          ],
          [
            1.165556,
            21.3256682
          ],
          [
            1.1691842,
            21.3255948
          ],
          [
            1.1713533,
            21.3254478
          ],
          [
            1.1732167,
            21.3252457
          ],
          [
            1.1808281,
            21.3242814
          ],
          [
            1.1851958,
            21.3239691
          ],
          [
            1.1873648,
            21.3235926
          ],
          [
            1.189179,
            21.3230691
          ],
          [
            1.1930636,
            21.3219577
          ],
          [
            1.194858,
            21.3213883
          ],
          [
            1.1958538,
            21.3210025
          ],
          [
            1.2064723,
            21.3163367
          ],
          [
            1.2078822,
            21.3157121
          ],
          [
            1.209578,
            21.3147294
          ],
          [
            1.2109879,
            21.3137557
          ],
          [
            1.2116583,
            21.3131771
          ],
          [
            1.2123189,
            21.3127178
          ],
          [
            1.2133837,
            21.3118269
          ],
          [
            1.2146753,
            21.3107981
          ],
          [
            1.2208472,
            21.3067015
          ],
          [
            1.222543,
            21.3055074
          ],
          [
            1.2324267,
            21.2971841
          ],
          [
            1.2330103,
            21.2968322
          ],
          [
            1.2339545,
            21.2964164
          ],
          [
            1.2349158,
            21.2961285
          ],
          [
            1.2357761,
            21.2959529
          ],
          [
            1.2398768,
            21.2949449
          ],
          [
            1.2428294,
            21.2939853
          ],
          [
            1.2497817,
            21.2916181
          ],
          [
            1.2569743,
            21.288851
          ],
          [
            1.259326,
            21.2874915
          ],
          [
            1.2609771,
            21.2862439
          ],
          [
            1.2613947,
            21.2859611
          ],
          [
            1.2618286,
            21.2856885
          ],
          [
            1.2622543,
            21.2854647
          ],
          [
            1.2626956,
            21.2852664
          ],
          [
            1.2630856,
            21.2851263
          ],
          [
            1.2634993,
            21.2850078
          ],
          [
            1.2642376,
            21.2848712
          ],
          [
            1.2648068,
            21.2847841
          ],
          [
            1.2654352,
            21.2847385
          ],
          [
            1.266661,
            21.2847234
          ],
          [
            1.2699323,
            21.2846482
          ],
          [
            1.2722178,
            21.2846923
          ],
          [
            1.2771788,
            21.2851562
          ],
          [
            1.2803717,
            21.2854121
          ],
          [
            1.2819682,
            21.28586
          ],
          [
            1.2846633,
            21.2868517
          ],
          [
            1.2897616,
            21.288947
          ],
          [
            1.2911486,
            21.2894163
          ],
          [
            1.2935725,
            21.2899867
          ],
          [
            1.2971087,
            21.2906424
          ],
          [
            1.2988253,
            21.2910423
          ],
          [
            1.3008681,
            21.29181
          ],
          [
            1.3053656,
            21.2935534
          ],
          [
            1.3079749,
            21.2942252
          ],
          [
            1.3123522,
            21.2952168
          ],
          [
            1.314189,
            21.2956806
          ],
          [
            1.315837,
            21.2962564
          ],
          [
            1.3192015,
            21.2975999
          ],
          [
            1.3216219,
            21.2983996
          ],
          [
            1.3307543,
            21.3008946
          ],
          [
            1.3326254,
            21.3012464
          ],
          [
            1.3392687,
            21.3021581
          ],
          [
            1.3434744,
            21.3024619
          ],
          [
            1.3471652,
            21.3024779
          ],
          [
            1.3569155,
            21.3026539
          ],
          [
            1.3718736,
            21.3017601
          ],
          [
            1.3749635,
            21.3013442
          ],
          [
            1.3784654,
            21.3006565
          ],
          [
            1.3936231,
            21.2978736
          ],
          [
            1.3965928,
            21.2974098
          ],
          [
            1.4064462,
            21.2960823
          ],
          [
            1.4121282,
            21.2953786
          ],
          [
            1.4243548,
            21.294339
          ],
          [
            1.4255178,
            21.2942264
          ],
          [
            1.426617,
            21.2940841
          ],
          [
            1.4343068,
            21.2930114
          ],
          [
            1.4371564,
            21.2922597
          ],
          [
            1.4443147,
            21.2897486
          ],
          [
            1.4470098,
            21.2890928
          ],
          [
            1.4519021,
            21.2881171
          ],
          [
            1.4550607,
            21.2875253
          ],
          [
            1.4635579,
            21.2867096
          ],
          [
            1.4698579,
            21.2864696
          ],
          [
            1.4781491,
            21.285206
          ],
          [
            1.4941137,
            21.2834945
          ],
          [
            1.5019929,
            21.2833986
          ],
          [
            1.5037095,
            21.2831586
          ],
          [
            1.510782,
            21.2820709
          ],
          [
            1.520807,
            21.2800235
          ],
          [
            1.5281026,
            21.2784879
          ],
          [
            1.5339219,
            21.2770643
          ],
          [
            1.5542123,
            21.2722654
          ],
          [
            1.5582978,
            21.2709217
          ],
          [
            1.5690095,
            21.2674663
          ],
          [
            1.5823304,
            21.263627
          ],
          [
            1.585489,
            21.2623952
          ],
          [
            1.5880124,
            21.2611953
          ],
          [
            1.5897462,
            21.2606514
          ],
          [
            1.5916051,
            21.2605614
          ],
          [
            1.5935571,
            21.2603954
          ],
          [
            1.5952909,
            21.2605714
          ],
          [
            1.5977113,
            21.2611633
          ],
          [
            1.6021058,
            21.2622832
          ],
          [
            1.6051099,
            21.263403
          ],
          [
            1.6098649,
            21.2653067
          ],
          [
            1.6158387,
            21.2680902
          ],
          [
            1.6186711,
            21.269034
          ],
          [
            1.6256234,
            21.2714975
          ],
          [
            1.6321122,
            21.2734171
          ],
          [
            1.6367986,
            21.2743129
          ],
          [
            1.6429097,
            21.2754486
          ],
          [
            1.6450898,
            21.2760085
          ],
          [
            1.6478536,
            21.2770163
          ],
          [
            1.6540162,
            21.2793357
          ],
          [
            1.656471,
            21.2805673
          ],
          [
            1.6641957,
            21.285126
          ],
          [
            1.6671998,
            21.2862937
          ],
          [
            1.6703584,
            21.2876373
          ],
          [
            1.6732595,
            21.2896846
          ],
          [
            1.6759374,
            21.2907722
          ],
          [
            1.6782376,
            21.2916999
          ],
          [
            1.6806581,
            21.2930914
          ],
          [
            1.6880223,
            21.2992651
          ],
          [
            1.6957299,
            21.3045749
          ],
          [
            1.6981504,
            21.3066859
          ],
          [
            1.7020986,
            21.3110359
          ],
          [
            1.7038495,
            21.3135307
          ],
          [
            1.7119176,
            21.325924
          ],
          [
            1.7155568,
            21.3308171
          ],
          [
            1.7167756,
            21.3328159
          ],
          [
            1.7193334,
            21.3376448
          ],
          [
            1.7208955,
            21.3398833
          ],
          [
            1.7232816,
            21.3422816
          ],
          [
            1.7256848,
            21.3440244
          ],
          [
            1.7332551,
            21.3483093
          ],
          [
            1.7372548,
            21.3497163
          ],
          [
            1.743572,
            21.3510593
          ],
          [
            1.7483442,
            21.3516988
          ],
          [
            1.7583863,
            21.3528659
          ],
          [
            1.7660939,
            21.3533935
          ],
          [
            1.781389,
            21.3545766
          ],
          [
            1.7867105,
            21.3548804
          ],
          [
            1.7990014,
            21.3552001
          ],
          [
            1.8115155,
            21.3544327
          ],
          [
            1.8252485,
            21.3536813
          ],
          [
            1.8313596,
            21.3535054
          ],
          [
            1.8353765,
            21.3533775
          ],
          [
            1.8394963,
            21.3535694
          ],
          [
            1.849281,
            21.354001
          ],
          [
            1.855993,
            21.3543048
          ],
          [
            1.857229,
            21.3547045
          ],
          [
            1.8589971,
            21.3556637
          ],
          [
            1.8617265,
            21.3570387
          ],
          [
            1.8659837,
            21.3587653
          ],
          [
            1.8706186,
            21.3606677
          ],
          [
            1.8732965,
            21.3622344
          ],
          [
            1.8747728,
            21.3637852
          ],
          [
            1.8799398,
            21.369764
          ],
          [
            1.8812959,
            21.3719541
          ],
          [
            1.8822915,
            21.3737285
          ],
          [
            1.8856389,
            21.3824403
          ],
          [
            1.8864286,
            21.3839429
          ],
          [
            1.8885228,
            21.3861007
          ],
          [
            1.8907201,
            21.3876192
          ],
          [
            1.8995778,
            21.3935492
          ],
          [
            1.9007451,
            21.3947319
          ],
          [
            1.9022386,
            21.396522
          ],
          [
            1.9078004,
            21.4026114
          ],
          [
            1.9099805,
            21.4044334
          ],
          [
            1.9137742,
            21.4069905
          ],
          [
            1.9156625,
            21.4085248
          ],
          [
            1.9173791,
            21.4104905
          ],
          [
            1.921808,
            21.415988
          ],
          [
            1.9251039,
            21.4207982
          ],
          [
            1.9271295,
            21.4225401
          ],
          [
            1.9308717,
            21.4257201
          ],
          [
            1.9318502,
            21.4267268
          ],
          [
            1.9329831,
            21.4282129
          ],
          [
            1.9401242,
            21.4385673
          ],
          [
            1.9419954,
            21.4405646
          ],
          [
            1.9454286,
            21.4443194
          ],
          [
            1.9512479,
            21.4513015
          ],
          [
            1.9545781,
            21.4541614
          ],
          [
            1.9558313,
            21.4558869
          ],
          [
            1.9590928,
            21.4605679
          ],
          [
            1.9613244,
            21.4622933
          ],
          [
            1.9661138,
            21.4653287
          ],
          [
            1.9703023,
            21.4686675
          ],
          [
            1.9737184,
            21.4714152
          ],
          [
            1.9836232,
            21.478396
          ],
          [
            1.9870393,
            21.480888
          ],
          [
            1.9889276,
            21.4829326
          ],
          [
            1.9918973,
            21.4867662
          ],
          [
            1.9950559,
            21.4896094
          ],
          [
            2.0008924,
            21.4943213
          ],
          [
            2.0030553,
            21.4957109
          ],
          [
            2.0118444,
            21.5000233
          ],
          [
            2.0141618,
            21.5017003
          ],
          [
            2.0197065,
            21.5049265
          ],
          [
            2.0456445,
            21.5174154
          ],
          [
            2.0523736,
            21.5202101
          ],
          [
            2.0569055,
            21.5224458
          ],
          [
            2.0599782,
            21.5241385
          ],
          [
            2.0629308,
            21.5251286
          ],
          [
            2.0655401,
            21.5257514
          ],
          [
            2.071531,
            21.5276676
          ],
          [
            2.0743463,
            21.5283064
          ],
          [
            2.079582,
            21.5290569
          ],
          [
            2.0844228,
            21.5305899
          ],
          [
            2.0936754,
            21.5334162
          ],
          [
            2.1057432,
            21.536482
          ],
          [
            2.111202,
            21.5371048
          ],
          [
            2.115545,
            21.5380788
          ],
          [
            2.125776,
            21.5417832
          ],
          [
            2.1316125,
            21.5442262
          ],
          [
            2.1480233,
            21.551922
          ],
          [
            2.1507699,
            21.552832
          ],
          [
            2.1559713,
            21.5539337
          ],
          [
            2.1633355,
            21.5549714
          ],
          [
            2.165756,
            21.555626
          ],
          [
            2.1778753,
            21.558883
          ],
          [
            2.1944063,
            21.5626507
          ],
          [
            2.2121732,
            21.5658596
          ],
          [
            2.217529,
            21.5666738
          ],
          [
            2.2384717,
            21.5701061
          ],
          [
            2.2547281,
            21.5733946
          ],
          [
            2.2586934,
            21.5739214
          ],
          [
            2.2685811,
            21.5752464
          ],
          [
            2.2705381,
            21.575837
          ],
          [
            2.2723062,
            21.5768746
          ],
          [
            2.2752759,
            21.5791733
          ],
          [
            2.2784345,
            21.5808015
          ],
          [
            2.2855069,
            21.5844569
          ],
          [
            2.2877729,
            21.5868034
          ],
          [
            2.2892492,
            21.5880006
          ],
          [
            2.2960812,
            21.5931381
          ],
          [
            2.2975061,
            21.5942096
          ],
          [
            2.3111188,
            21.6041213
          ],
          [
            2.3132131,
            21.605813
          ],
          [
            2.3178823,
            21.6102179
          ],
          [
            2.322397,
            21.6133779
          ],
          [
            2.3241136,
            21.6148781
          ],
          [
            2.3358209,
            21.6246447
          ],
          [
            2.3408162,
            21.6304054
          ],
          [
            2.3448503,
            21.6338361
          ],
          [
            2.3489015,
            21.6388465
          ],
          [
            2.3574331,
            21.6480212
          ],
          [
            2.3620679,
            21.6540203
          ],
          [
            2.3664968,
            21.6600191
          ],
          [
            2.3718183,
            21.6691605
          ],
          [
            2.3723415,
            21.669812
          ],
          [
            2.3730199,
            21.6704048
          ],
          [
            2.3738239,
            21.6710627
          ],
          [
            2.3747194,
            21.6715853
          ],
          [
            2.3772428,
            21.6723989
          ],
          [
            2.3806073,
            21.6731487
          ],
          [
            2.3821158,
            21.6732424
          ],
          [
            2.3979623,
            21.674042
          ],
          [
            2.3997648,
            21.6742813
          ],
          [
            2.4069402,
            21.6754618
          ],
          [
            2.409601,
            21.6755256
          ],
          [
            2.4241235,
            21.675063
          ],
          [
            2.4265954,
            21.6746642
          ],
          [
            2.4324148,
            21.6737549
          ],
          [
            2.434715,
            21.6736113
          ],
          [
            2.4454439,
            21.673037
          ],
          [
            2.4513147,
            21.6721277
          ],
          [
            2.4545419,
            21.6720639
          ],
          [
            2.4573228,
            21.6721277
          ],
          [
            2.4598291,
            21.6717927
          ],
          [
            2.4625242,
            21.6711067
          ],
          [
            2.4850118,
            21.6683628
          ],
          [
            2.4930284,
            21.6668313
          ],
          [
            2.495157,
            21.6667037
          ],
          [
            2.4974744,
            21.6668632
          ],
          [
            2.5152585,
            21.667751
          ]
        ]
      },
      "properties": {
        "highway": "secondary"
      }
    },
    {
      "type": "Feature",
      "geometry": {
        "type": "LineString",
        "coordinates": [
          [
            1.0354799,
            20.8723494
          ],
          [
            1.0356328,
            20.8728364
          ],
          [
            1.0369744,
            20.8746977
          ],
          [
            1.0377957,
            20.8759589
          ],
          [
            1.0397402,
            20.8783321
          ],
          [
            1.0399679,
            20.8799275
          ],
          [
            1.0410168,
            20.8847056
          ],
          [
            1.0415453,
            20.8857312
          ],
          [
            1.041773,
            20.8869238
          ],
          [
            1.0417486,
            20.8917025
          ],
          [
            1.0418949,
            20.8937234
          ],
          [
            1.0424316,
            20.8974898
          ],
          [
            1.04283,
            20.898219
          ],
          [
            1.0432122,
            20.8996091
          ],
          [
            1.0442692,
            20.9040013
          ],
          [
            1.0448871,
            20.9051407
          ],
          [
            1.046561,
            20.9084186
          ],
          [
            1.0466505,
            20.9095275
          ],
          [
            1.0471139,
            20.9119509
          ],
          [
            1.0474067,
            20.913394
          ],
          [
            1.0475693,
            20.9145563
          ],
          [
            1.0480897,
            20.9161665
          ],
          [
            1.0490003,
            20.9180027
          ],
          [
            1.0496394,
            20.9199712
          ],
          [
            1.0503956,
            20.9227965
          ],
          [
            1.0516315,
            20.9259412
          ],
          [
            1.0532289,
            20.9297613
          ],
          [
            1.0538306,
            20.931022
          ],
          [
            1.054164,
            20.9324194
          ],
          [
            1.0560576,
            20.9370453
          ],
          [
            1.0564967,
            20.938921
          ],
          [
            1.0576838,
            20.9411229
          ],
          [
            1.0615239,
            20.9463755
          ],
          [
            1.0651581,
            20.9518365
          ],
          [
            1.0662639,
            20.9535906
          ],
          [
            1.0685825,
            20.9575519
          ],
          [
            1.0697371,
            20.9592528
          ],
          [
            1.0714755,
            20.961688
          ],
          [
            1.0728171,
            20.9644366
          ],
          [
            1.0746559,
            20.9681657
          ],
          [
            1.0757129,
            20.9698437
          ],
          [
            1.0765667,
            20.9710433
          ],
          [
            1.0782655,
            20.9733626
          ],
          [
            1.0797941,
            20.9757921
          ],
          [
            1.0817188,
            20.9789939
          ],
          [
            1.0824181,
            20.9806945
          ],
          [
            1.0827433,
            20.9820003
          ],
          [
            1.0830035,
            20.9855885
          ],
          [
            1.083345,
            20.9895459
          ],
          [
            1.0846283,
            20.9980391
          ],
          [
            1.0854089,
            21.0017053
          ],
          [
            1.0860268,
            21.0037472
          ],
          [
            1.0862951,
            21.0077436
          ],
          [
            1.0867911,
            21.0145272
          ],
          [
            1.0876286,
            21.0175997
          ],
          [
            1.0876855,
            21.0190114
          ],
          [
            1.0880026,
            21.0216823
          ],
          [
            1.0874335,
            21.0230408
          ],
          [
            1.0871082,
            21.0241945
          ],
          [
            1.0873928,
            21.0254534
          ],
          [
            1.0881734,
            21.0275557
          ],
          [
            1.0887669,
            21.0307821
          ],
          [
            1.0887995,
            21.0322469
          ],
          [
            1.0898438,
            21.0345306
          ],
          [
            1.089982,
            21.0353122
          ],
          [
            1.089299,
            21.0369211
          ],
          [
            1.0893559,
            21.0374675
          ],
          [
            1.0902585,
            21.0390909
          ],
          [
            1.0902829,
            21.0400623
          ],
          [
            1.0897218,
            21.0409654
          ],
          [
            1.0885672,
            21.0421391
          ],
          [
            1.088307,
            21.0432774
          ],
          [
            1.0884127,
            21.0447013
          ],
          [
            1.0888356,
            21.0468413
          ],
          [
            1.0885266,
            21.0482113
          ],
          [
            1.0882257,
            21.0489322
          ],
          [
            1.0886404,
            21.0508961
          ],
          [
            1.0892909,
            21.0522924
          ],
          [
            1.0900715,
            21.0533699
          ],
          [
            1.090356,
            21.0543162
          ],
          [
            1.0906894,
            21.0556897
          ]
        ]
      },
      "properties": {
        "highway": "tertiary"
      }
    },
    {
      "type": "Feature",
      "geometry": {
        "type": "LineString",
        "coordinates": [
          [
            0.923109,
            21.3555517
          ],
          [
            0.9231253,
            21.3555128
          ],
          [
            0.923145,
            21.3554879
          ],
          [
            0.9231722,
            21.3554621
          ],
          [
            0.923312,
            21.3553084
          ],
          [
            0.9233619,
            21.3552501
          ],
          [
            0.9234078,
            21.3551889
          ],
          [
            0.9234492,
            21.3551251
          ],
          [
            0.9234864,
            21.355059
          ]
        ]
      },
      "properties": {
        "highway": "primary"
      }
    },
    {
      "type": "Feature",
      "geometry": {
        "type": "LineString",
        "coordinates": [
          [
            0.9235731,
            21.3551911
          ],
          [
            0.923515,
            21.3552302
          ],
          [
            0.9234586,
            21.3552722
          ],
          [
            0.9234041,
            21.3553165
          ],
          [
            0.9233519,
            21.355363
          ],
          [
            0.9232069,
            21.3554953
          ],
          [
            0.9231793,
            21.3555173
          ],
          [
            0.9231487,
            21.3555355
          ],
          [
            0.923109,
            21.3555517
          ]
        ]
      },
      "properties": {
        "highway": "primary"
      }
    },
    {
      "type": "Feature",
      "geometry": {
        "type": "LineString",
        "coordinates": [
          [
            0.9236262,
            21.3549126
          ],
          [
            0.9236645,
            21.3549127
          ],
          [
            0.9237016,
            21.3549213
          ],
          [
            0.9237354,
            21.3549379
          ],
          [
            0.9237641,
            21.3549615
          ],
          [
            0.9237857,
            21.3549909
          ],
          [
            0.9237993,
            21.3550243
          ],
          [
            0.9238038,
            21.3550597
          ],
          [
            0.9237991,
            21.3550951
          ],
          [
            0.9237854,
            21.3551284
          ],
          [
            0.9237636,
            21.3551577
          ],
          [
            0.9237348,
            21.3551813
          ],
          [
            0.9237009,
            21.3551977
          ],
          [
            0.9236637,
            21.3552062
          ],
          [
            0.9236254,
            21.355206
          ],
          [
            0.9235882,
            21.3551973
          ],
          [
            0.9235731,
            21.3551911
          ],
          [
            0.9235439,
            21.3551732
          ],
          [
            0.9235196,
            21.3551499
          ],
          [
            0.9235014,
            21.3551221
          ],
          [
            0.9234902,
            21.3550913
          ],
          [
            0.9234864,
            21.355059
          ],
          [
            0.9234911,
            21.3550237
          ],
          [
            0.9235047,
            21.3549904
          ],
          [
            0.9235265,
            21.3549612
          ],
          [
            0.9235552,
            21.3549376
          ],
          [
            0.9235891,
            21.3549211
          ],
          [
            0.9236262,
            21.3549126
          ]
        ]
      },
      "properties": {
        "highway": "primary"
      }
    },
    {
      "type": "Feature",
      "geometry": {
        "type": "LineString",
        "coordinates": [
          [
            0.9259871,
            21.3468652
          ],
          [
            0.9259468,
            21.3468944
          ],
          [
            0.9259263,
            21.3469109
          ],
          [
            0.9259089,
            21.3469302
          ],
          [
            0.9258951,
            21.3469519
          ],
          [
            0.9256403,
            21.3475006
          ],
          [
            0.9253152,
            21.3481943
          ],
          [
            0.924819,
            21.349261
          ],
          [
            0.9241404,
            21.3507274
          ],
          [
            0.9237137,
            21.3517508
          ],
          [
            0.923655,
            21.3518998
          ],
          [
            0.9236054,
            21.3520516
          ],
          [
            0.9235649,
            21.3522057
          ],
          [
            0.9235337,
            21.3523616
          ],
          [
            0.9235118,
            21.352519
          ],
          [
            0.9234994,
            21.3526772
          ],
          [
            0.9234966,
            21.3528359
          ],
          [
            0.9235032,
            21.3529944
          ],
          [
            0.9235114,
            21.3531569
          ],
          [
            0.9235758,
            21.3538813
          ],
          [
            0.923671,
            21.3547369
          ],
          [
            0.9236799,
            21.3547889
          ],
          [
            0.9236947,
            21.3548397
          ],
          [
            0.9237153,
            21.3548887
          ],
          [
            0.9237354,
            21.3549379
          ]
        ]
      },
      "properties": {
        "name": "La route de la Saoura; طريق الساورة",
        "highway": "primary",
        "ref": "RN 6"
      }
    },
    {
      "type": "Feature",
      "geometry": {
        "type": "LineString",
        "coordinates": [
          [
            0.9235265,
            21.3549612
          ],
          [
            0.923544,
            21.3548934
          ],
          [
            0.9235543,
            21.3548406
          ],
          [
            0.9235602,
            21.3547895
          ],
          [
            0.9235623,
            21.3547381
          ],
          [
            0.9234926,
            21.3538938
          ],
          [
            0.9234203,
            21.3531492
          ],
          [
            0.9234081,
            21.3529884
          ],
          [
            0.9234048,
            21.3528272
          ],
          [
            0.9234103,
            21.3526661
          ],
          [
            0.9234248,
            21.3525054
          ],
          [
            0.923448,
            21.3523456
          ],
          [
            0.923476,
            21.3521828
          ],
          [
            0.9235161,
            21.3520268
          ],
          [
            0.9235701,
            21.351876
          ],
          [
            0.9236279,
            21.351724
          ],
          [
            0.9239028,
            21.3510667
          ],
          [
            0.9240572,
            21.3506975
          ],
          [
            0.9247465,
            21.3492261
          ],
          [
            0.9252387,
            21.3481494
          ],
          [
            0.9256604,
            21.3472434
          ],
          [
            0.9258051,
            21.346909
          ],
          [
            0.9258121,
            21.3468819
          ],
          [
            0.9258158,
            21.3468543
          ],
          [
            0.9258162,
            21.3468264
          ],
          [
            0.925815,
            21.346775
          ]
        ]
      },
      "properties": {
        "name": "La route de la Saoura; طريق الساورة",
        "highway": "primary",
        "ref": "RN 6"
      }
    },
    {
      "type": "Feature",
      "geometry": {
        "type": "LineString",
        "coordinates": [
          [
            0.9259318,
            21.3465733
          ],
          [
            0.9259764,
            21.346575
          ],
          [
            0.9260191,
            21.346587
          ],
          [
            0.9260574,
            21.3466084
          ],
          [
            0.9260888,
            21.346638
          ]
        ]
      },
      "properties": {
        "highway": "primary_link"
      }
    },
    {
      "type": "Feature",
      "geometry": {
        "type": "LineString",
        "coordinates": [
          [
            0.9259871,
            21.3468652
          ],
          [
            0.9259453,
            21.3468638
          ],
          [
            0.925905,
            21.3468533
          ],
          [
            0.9258686,
            21.3468342
          ],
          [
            0.925838,
            21.3468076
          ],
          [
            0.925815,
            21.346775
          ]
        ]
      },
      "properties": {
        "highway": "primary_link"
      }
    },
    {
      "type": "Feature",
      "geometry": {
        "type": "LineString",
        "coordinates": [
          [
            0.9559659,
            21.3332187
          ],
          [
            0.9559842,
            21.3331568
          ]
        ]
      },
      "properties": {
        "highway": "primary_link"
      }
    },
    {
      "type": "Feature",
      "geometry": {
        "type": "LineString",
        "coordinates": [
          [
            0.9566154,
            21.3333161
          ],
          [
            0.9565958,
            21.3333833
          ]
        ]
      },
      "properties": {
        "highway": "primary_link"
      }
    },
    {
      "type": "Feature",
      "geometry": {
        "type": "LineString",
        "coordinates": [
          [
            0.9383033,
            21.3328967
          ],
          [
            0.9383318,
            21.3329127
          ],
          [
            0.9383565,
            21.3329335
          ],
          [
            0.9383767,
            21.3329582
          ],
          [
            0.9383914,
            21.332986
          ],
          [
            0.9384003,
            21.3330159
          ]
        ]
      },
      "properties": {
        "highway": "primary_link"
      }
    },
    {
      "type": "Feature",
      "geometry": {
        "type": "LineString",
        "coordinates": [
          [
            0.9381993,
            21.3331785
          ],
          [
            0.9381672,
            21.3331669
          ],
          [
            0.9381382,
            21.3331495
          ],
          [
            0.9381134,
            21.3331271
          ],
          [
            0.9380939,
            21.3331007
          ],
          [
            0.9380804,
            21.3330711
          ],
          [
            0.9380735,
            21.3330396
          ]
        ]
      },
      "properties": {
        "highway": "primary_link"
      }
    },
    {
      "type": "Feature",
      "geometry": {
        "type": "LineString",
        "coordinates": [
          [
            0.9241892,
            21.3615033
          ],
          [
            0.9242795,
            21.3615062
          ]
        ]
      },
      "properties": {
        "highway": "tertiary_link"
      }
    },
    {
      "type": "Feature",
      "geometry": {
        "type": "LineString",
        "coordinates": [
          [
            0.9242795,
            21.3615062
          ],
          [
            0.9243873,
            21.3615223
          ],
          [
            0.9244903,
            21.3615558
          ],
          [
            0.9245855,
            21.3616055
          ],
          [
            0.9246699,
            21.3616699
          ]
        ]
      },
      "properties": {
        "highway": "tertiary"
      }
    },
    {
      "type": "Feature",
      "geometry": {
        "type": "LineString",
        "coordinates": [
          [
            0.9246699,
            21.3616699
          ],
          [
            0.9245764,
            21.3616842
          ],
          [
            0.9244817,
            21.3616891
          ],
          [
            0.924387,
            21.3616846
          ],
          [
            0.9242933,
            21.3616707
          ]
        ]
      },
      "properties": {
        "highway": "tertiary"
      }
    },
    {
      "type": "Feature",
      "geometry": {
        "type": "LineString",
        "coordinates": [
          [
            0.9546247,
            21.3314814
          ],
          [
            0.9545896,
            21.3315869
          ]
        ]
      },
      "properties": {
        "highway": "tertiary_link"
      }
    },
    {
      "type": "Feature",
      "geometry": {
        "type": "LineString",
        "coordinates": [
          [
            0.9489539,
            21.3269576
          ],
          [
            0.9489846,
            21.3268856
          ]
        ]
      },
      "properties": {
        "highway": "tertiary_link"
      }
    },
    {
      "type": "Feature",
      "geometry": {
        "type": "LineString",
        "coordinates": [
          [
            0.9462802,
            21.3263775
          ],
          [
            0.9463018,
            21.3263172
          ]
        ]
      },
      "properties": {
        "highway": "tertiary_link"
      }
    },
    {
      "type": "Feature",
      "geometry": {
        "type": "LineString",
        "coordinates": [
          [
            0.9460826,
            21.3262929
          ],
          [
            0.9461405,
            21.3262906
          ],
          [
            0.9461687,
            21.3262909
          ],
          [
            0.9461966,
            21.3262949
          ],
          [
            0.9463018,
            21.3263172
          ],
          [
            0.9464618,
            21.3263511
          ],
          [
            0.9469966,
            21.3264644
          ],
          [
            0.9472965,
            21.3265388
          ],
          [
            0.9473902,
            21.3265594
          ],
          [
            0.9480021,
            21.3266756
          ],
          [
            0.9483137,
            21.3267435
          ],
          [
            0.9488025,
            21.326847
          ],
          [
            0.9489846,
            21.3268856
          ],
          [
            0.9496877,
            21.3270346
          ],
          [
            0.9500505,
            21.3271114
          ],
          [
            0.9502952,
            21.3271633
          ],
          [
            0.9507695,
            21.3272637
          ],
          [
            0.9514633,
            21.3274107
          ],
          [
            0.9520287,
            21.3275328
          ],
          [
            0.9521054,
            21.3275472
          ]
        ]
      },
      "properties": {
        "name": "Rue Alwasie; الشارع الواسع",
        "highway": "tertiary"
      }
    },
    {
      "type": "Feature",
      "geometry": {
        "type": "LineString",
        "coordinates": [
          [
            0.9520884,
            21.3276139
          ],
          [
            0.9520138,
            21.3275972
          ],
          [
            0.9514432,
            21.3274877
          ],
          [
            0.9507451,
            21.327339
          ],
          [
            0.9502721,
            21.3272383
          ],
          [
            0.9500282,
            21.3271863
          ],
          [
            0.9496625,
            21.3271085
          ],
          [
            0.9489539,
            21.3269576
          ],
          [
            0.9487736,
            21.3269192
          ],
          [
            0.9484713,
            21.3268548
          ],
          [
            0.9482665,
            21.3268139
          ],
          [
            0.9479617,
            21.3267511
          ],
          [
            0.9473659,
            21.3266274
          ],
          [
            0.9472735,
            21.3266066
          ],
          [
            0.9469702,
            21.3265324
          ],
          [
            0.9464393,
            21.3264132
          ],
          [
            0.9462802,
            21.3263775
          ],
          [
            0.9461811,
            21.3263484
          ],
          [
            0.9461533,
            21.3263381
          ],
          [
            0.9461291,
            21.3263268
          ],
          [
            0.9460826,
            21.3262929
          ]
        ]
      },
      "properties": {
        "name": "Rue Alwasie; الشارع الواسع",
        "highway": "tertiary"
      }
    },
    {
      "type": "Feature",
      "geometry": {
        "type": "LineString",
        "coordinates": [
          [
            0.955678,
            21.3319187
          ],
          [
            0.9557173,
            21.3318147
          ]
        ]
      },
      "properties": {
        "highway": "tertiary_link"
      }
    },
    {
      "type": "Feature",
      "geometry": {
        "type": "LineString",
        "coordinates": [
          [
            0.9237348,
            21.3551813
          ],
          [
            0.9237263,
            21.3552677
          ],
          [
            0.9237224,
            21.3553545
          ],
          [
            0.9237233,
            21.3554413
          ],
          [
            0.9237855,
            21.3561275
          ],
          [
            0.9242322,
            21.3610543
          ],
          [
            0.9242795,
            21.3615062
          ],
          [
            0.9242933,
            21.3616707
          ],
          [
            0.9247572,
            21.3666734
          ],
          [
            0.9247593,
            21.3667215
          ],
          [
            0.9247571,
            21.3667742
          ],
          [
            0.9247445,
            21.3668819
          ]
        ]
      },
      "properties": {
        "highway": "tertiary"
      }
    },
    {
      "type": "Feature",
      "geometry": {
        "type": "LineString",
        "coordinates": [
          [
            0.9247445,
            21.3668819
          ],
          [
            0.9247021,
            21.3667784
          ],
          [
            0.9246855,
            21.3667346
          ],
          [
            0.9246734,
            21.3666796
          ],
          [
            0.9241892,
            21.3615033
          ],
          [
            0.924143,
            21.3610568
          ],
          [
            0.9236305,
            21.3554501
          ],
          [
            0.9236187,
            21.3553655
          ],
          [
            0.9236046,
            21.3552813
          ],
          [
            0.9235882,
            21.3551973
          ]
        ]
      },
      "properties": {
        "highway": "tertiary"
      }
    },
    {
      "type": "Feature",
      "geometry": {
        "type": "LineString",
        "coordinates": [
          [
            0.9597234,
            21.323528
          ],
          [
            0.9600176,
            21.3236201
          ],
          [
            0.960116,
            21.3236509
          ],
          [
            0.9602094,
            21.3236833
          ]
        ]
      },
      "properties": {
        "highway": "tertiary"
      }
    },
    {
      "type": "Feature",
      "geometry": {
        "type": "LineString",
        "coordinates": [
          [
            0.9615471,
            21.3241155
          ],
          [
            0.9610415,
            21.3239744
          ],
          [
            0.9604874,
            21.3238094
          ],
          [
            0.9603207,
            21.3237577
          ],
          [
            0.9602094,
            21.3236833
          ]
        ]
      },
      "properties": {
        "highway": "tertiary"
      }
    },
    {
      "type": "Feature",
      "geometry": {
        "type": "LineString",
        "coordinates": [
          [
            0.9615557,
            21.324075
          ],
          [
            0.961585,
            21.3240439
          ],
          [
            0.961627,
            21.3240306
          ],
          [
            0.9616705,
            21.3240387
          ],
          [
            0.9617039,
            21.3240659
          ],
          [
            0.9617182,
            21.3241051
          ],
          [
            0.9617095,
            21.3241456
          ],
          [
            0.9616802,
            21.3241767
          ],
          [
            0.9616382,
            21.32419
          ],
          [
            0.9615947,
            21.3241819
          ],
          [
            0.9615613,
            21.3241547
          ],
          [
            0.9615471,
            21.3241155
          ],
          [
            0.9615557,
            21.324075
          ]
        ]
      },
      "properties": {
        "highway": "tertiary"
      }
    },
    {
      "type": "Feature",
      "geometry": {
        "type": "LineString",
        "coordinates": [
          [
            0.959885,
            21.3240265
          ],
          [
            0.9599742,
            21.3240574
          ]
        ]
      },
      "properties": {
        "highway": "tertiary_link"
      }
    },
    {
      "type": "Feature",
      "geometry": {
        "type": "LineString",
        "coordinates": [
          [
            0.9596642,
            21.3247482
          ],
          [
            0.9597451,
            21.3247735
          ]
        ]
      },
      "properties": {
        "highway": "tertiary_link"
      }
    },
    {
      "type": "Feature",
      "geometry": {
        "type": "LineString",
        "coordinates": [
          [
            0.9594961,
            21.3252594
          ],
          [
            0.959578,
            21.3252869
          ]
        ]
      },
      "properties": {
        "highway": "tertiary_link"
      }
    },
    {
      "type": "Feature",
      "geometry": {
        "type": "LineString",
        "coordinates": [
          [
            0.9602973,
            21.3229761
          ],
          [
            0.9602447,
            21.3232198
          ],
          [
            0.960116,
            21.3236509
          ],
          [
            0.9599742,
            21.3240574
          ],
          [
            0.9598425,
            21.3244846
          ],
          [
            0.9597451,
            21.3247735
          ],
          [
            0.9596809,
            21.3249694
          ],
          [
            0.959578,
            21.3252869
          ],
          [
            0.9594812,
            21.325615
          ],
          [
            0.959278,
            21.3262495
          ],
          [
            0.9592089,
            21.3264382
          ],
          [
            0.959078,
            21.3268385
          ],
          [
            0.9589481,
            21.3272187
          ],
          [
            0.9588349,
            21.3275196
          ],
          [
            0.9587758,
            21.3275714
          ]
        ]
      },
      "properties": {
        "highway": "tertiary"
      }
    },
    {
      "type": "Feature",
      "geometry": {
        "type": "LineString",
        "coordinates": [
          [
            0.9587241,
            21.3277213
          ],
          [
            0.9587636,
            21.327608
          ],
          [
            0.9587758,
            21.3275714
          ]
        ]
      },
      "properties": {
        "highway": "tertiary"
      }
    },
    {
      "type": "Feature",
      "geometry": {
        "type": "LineString",
        "coordinates": [
          [
            0.9691343,
            21.3150002
          ],
          [
            0.9683554,
            21.3157171
          ],
          [
            0.9681622,
            21.3158949
          ],
          [
            0.9679547,
            21.3160901
          ],
          [
            0.9678767,
            21.3161634
          ],
          [
            0.9673808,
            21.3166248
          ],
          [
            0.9670869,
            21.3168988
          ],
          [
            0.9665941,
            21.3173586
          ],
          [
            0.9660676,
            21.3177996
          ],
          [
            0.9658068,
            21.3180444
          ],
          [
            0.9652075,
            21.318595
          ],
          [
            0.9646824,
            21.3190907
          ],
          [
            0.9640192,
            21.3196944
          ],
          [
            0.963649,
            21.320031
          ],
          [
            0.9631487,
            21.3205025
          ],
          [
            0.9627816,
            21.3208331
          ],
          [
            0.9626207,
            21.3210092
          ],
          [
            0.9625328,
            21.3210643
          ],
          [
            0.9624404,
            21.3210988
          ],
          [
            0.9622908,
            21.3211429
          ],
          [
            0.9621996,
            21.3211891
          ],
          [
            0.9621169,
            21.3212523
          ],
          [
            0.9617838,
            21.3215792
          ],
          [
            0.9614825,
            21.3218873
          ],
          [
            0.9614025,
            21.321962
          ],
          [
            0.9610378,
            21.3223127
          ],
          [
            0.9607777,
            21.3225708
          ],
          [
            0.9605451,
            21.3227648
          ],
          [
            0.9602973,
            21.3229761
          ],
          [
            0.9601455,
            21.3231202
          ],
          [
            0.9597234,
            21.323528
          ],
          [
            0.9594721,
            21.3237584
          ],
          [
            0.9592663,
            21.3239376
          ],
          [
            0.95873,
            21.3244132
          ],
          [
            0.9585175,
            21.3245831
          ],
          [
            0.9579521,
            21.3249775
          ],
          [
            0.9575401,
            21.325291
          ],
          [
            0.9573706,
            21.3254046
          ],
          [
            0.9563081,
            21.3262943
          ],
          [
            0.9562263,
            21.3263081
          ]
        ]
      },
      "properties": {
        "highway": "tertiary"
      }
    },
    {
      "type": "Feature",
      "geometry": {
        "type": "LineString",
        "coordinates": [
          [
            0.9711005,
            21.3166471
          ],
          [
            0.9710347,
            21.3165927
          ],
          [
            0.9691343,
            21.3150002
          ],
          [
            0.9690643,
            21.3149415
          ],
          [
            0.9687494,
            21.3146711
          ],
          [
            0.9684831,
            21.3144424
          ],
          [
            0.9681709,
            21.3142151
          ],
          [
            0.9678083,
            21.3140409
          ],
          [
            0.967414,
            21.3139159
          ],
          [
            0.9672668,
            21.3138725
          ],
          [
            0.9670391,
            21.3138054
          ],
          [
            0.9669947,
            21.3137923
          ],
          [
            0.9665519,
            21.3136619
          ],
          [
            0.9657368,
            21.3134218
          ],
          [
            0.965349,
            21.3133075
          ],
          [
            0.9649604,
            21.3131931
          ],
          [
            0.9644147,
            21.3130323
          ],
          [
            0.9640293,
            21.3129188
          ],
          [
            0.9636804,
            21.312816
          ],
          [
            0.9632822,
            21.3126987
          ],
          [
            0.9628778,
            21.3125796
          ],
          [
            0.9624871,
            21.3124645
          ],
          [
            0.9620828,
            21.3123454
          ],
          [
            0.9617081,
            21.312235
          ],
          [
            0.96134,
            21.3121266
          ],
          [
            0.9610892,
            21.3120527
          ],
          [
            0.9606867,
            21.3119341
          ],
          [
            0.960275,
            21.3118128
          ],
          [
            0.9598599,
            21.3116906
          ],
          [
            0.9594907,
            21.3115818
          ],
          [
            0.959153,
            21.3114823
          ],
          [
            0.9587732,
            21.3113704
          ],
          [
            0.9584049,
            21.3112619
          ],
          [
            0.9580253,
            21.3111501
          ],
          [
            0.9576811,
            21.3110487
          ],
          [
            0.9572954,
            21.3109351
          ],
          [
            0.9569404,
            21.3108305
          ],
          [
            0.9565484,
            21.310715
          ],
          [
            0.9561926,
            21.3106102
          ],
          [
            0.9558263,
            21.3105023
          ],
          [
            0.9554651,
            21.3103959
          ],
          [
            0.9543812,
            21.310077
          ],
          [
            0.95374,
            21.3098884
          ],
          [
            0.9531815,
            21.3098634
          ],
          [
            0.9528625,
            21.3099
          ],
          [
            0.9526346,
            21.3099769
          ],
          [
            0.9520273,
            21.3099531
          ],
          [
            0.9509015,
            21.3098219
          ],
          [
            0.9504337,
            21.3097814
          ],
          [
            0.9499839,
            21.3097556
          ],
          [
            0.9488917,
            21.3097434
          ]
        ]
      },
      "properties": {
        "highway": "tertiary"
      }
    },
    {
      "type": "Feature",
      "geometry": {
        "type": "LineString",
        "coordinates": [
          [
            0.9561051,
            21.3264027
          ],
          [
            0.9561384,
            21.3263756
          ],
          [
            0.9561637,
            21.3263561
          ],
          [
            0.9562263,
            21.3263081
          ]
        ]
      },
      "properties": {
        "highway": "tertiary"
      }
    },
    {
      "type": "Feature",
      "geometry": {
        "type": "LineString",
        "coordinates": [
          [
            0.938363,
            21.3331016
          ],
          [
            0.9383791,
            21.3331566
          ],
          [
            0.938396,
            21.3332114
          ],
          [
            0.9384134,
            21.3332661
          ]
        ]
      },
      "properties": {
        "highway": "tertiary"
      }
    },
    {
      "type": "Feature",
      "geometry": {
        "type": "LineString",
        "coordinates": [
          [
            0.9384134,
            21.3332661
          ],
          [
            0.9390615,
            21.3346643
          ],
          [
            0.9402875,
            21.3375021
          ],
          [
            0.9404036,
            21.3378238
          ],
          [
            0.9404914,
            21.338135
          ],
          [
            0.9405763,
            21.3384884
          ],
          [
            0.9408543,
            21.3397886
          ],
          [
            0.9409468,
            21.3400962
          ],
          [
            0.9410478,
            21.3403591
          ],
          [
            0.9411624,
            21.3405864
          ],
          [
            0.9413116,
            21.3408229
          ],
          [
            0.9414792,
            21.3410582
          ],
          [
            0.9416665,
            21.3412648
          ],
          [
            0.9418464,
            21.3414519
          ],
          [
            0.9420868,
            21.3416471
          ],
          [
            0.9483758,
            21.3463086
          ]
        ]
      },
      "properties": {
        "highway": "tertiary"
      }
    },
    {
      "type": "Feature",
      "geometry": {
        "type": "LineString",
        "coordinates": [
          [
            0.9487496,
            21.3464644
          ],
          [
            0.9487537,
            21.3465012
          ],
          [
            0.9487443,
            21.3465372
          ],
          [
            0.9487225,
            21.3465681
          ],
          [
            0.9486908,
            21.3465904
          ],
          [
            0.9486529,
            21.3466014
          ],
          [
            0.9486144,
            21.3466002
          ],
          [
            0.9485784,
            21.3465874
          ],
          [
            0.9485489,
            21.3465644
          ],
          [
            0.9485291,
            21.3465336
          ],
          [
            0.9485212,
            21.3465002
          ],
          [
            0.948525,
            21.3464658
          ],
          [
            0.9485402,
            21.3464343
          ],
          [
            0.9485653,
            21.3464088
          ],
          [
            0.9485977,
            21.346392
          ],
          [
            0.9486341,
            21.3463855
          ],
          [
            0.9486721,
            21.3463904
          ],
          [
            0.9487064,
            21.3464065
          ],
          [
            0.9487332,
            21.3464321
          ],
          [
            0.9487496,
            21.3464644
          ]
        ]
      },
      "properties": {
        "highway": "tertiary"
      }
    },
    {
      "type": "Feature",
      "geometry": {
        "type": "LineString",
        "coordinates": [
          [
            0.9485212,
            21.3465002
          ],
          [
            0.9484925,
            21.3464477
          ],
          [
            0.9484584,
            21.346398
          ],
          [
            0.9484194,
            21.3463515
          ],
          [
            0.9483758,
            21.3463086
          ]
        ]
      },
      "properties": {
        "highway": "tertiary"
      }
    },
    {
      "type": "Feature",
      "geometry": {
        "type": "LineString",
        "coordinates": [
          [
            0.9486341,
            21.3463855
          ],
          [
            0.9487015,
            21.3463395
          ],
          [
            0.9487646,
            21.3462884
          ],
          [
            0.9488231,
            21.3462328
          ]
        ]
      },
      "properties": {
        "highway": "tertiary"
      }
    },
    {
      "type": "Feature",
      "geometry": {
        "type": "LineString",
        "coordinates": [
          [
            0.9488231,
            21.3462328
          ],
          [
            0.9495928,
            21.3451635
          ],
          [
            0.950002,
            21.3447044
          ],
          [
            0.9507069,
            21.3440019
          ],
          [
            0.9516892,
            21.342887
          ],
          [
            0.951704,
            21.3428702
          ],
          [
            0.9525929,
            21.3419281
          ],
          [
            0.9532313,
            21.3412521
          ],
          [
            0.953334,
            21.3411435
          ],
          [
            0.9541551,
            21.340274
          ],
          [
            0.9542772,
            21.3401613
          ],
          [
            0.9543911,
            21.3400562
          ],
          [
            0.9545359,
            21.3399185
          ],
          [
            0.9546801,
            21.3397729
          ],
          [
            0.9548995,
            21.3395295
          ],
          [
            0.9551031,
            21.3392666
          ],
          [
            0.9553368,
            21.3388679
          ],
          [
            0.9555165,
            21.3385497
          ],
          [
            0.9558431,
            21.3379713
          ],
          [
            0.956039,
            21.3376244
          ]
        ]
      },
      "properties": {
        "highway": "tertiary"
      }
    },
    {
      "type": "Feature",
      "geometry": {
        "type": "LineString",
        "coordinates": [
          [
            0.9745798,
            21.3380603
          ],
          [
            0.9745882,
            21.338073
          ],
          [
            0.9745981,
            21.3380878
          ],
          [
            0.9746061,
            21.3381194
          ],
          [
            0.974603,
            21.3381517
          ],
          [
            0.9745948,
            21.3381691
          ],
          [
            0.974589,
            21.3381814
          ],
          [
            0.9745656,
            21.3382055
          ],
          [
            0.9745353,
            21.3382214
          ],
          [
            0.9745011,
            21.3382275
          ],
          [
            0.9744666,
            21.3382233
          ],
          [
            0.9744337,
            21.338208
          ],
          [
            0.9744082,
            21.3381834
          ],
          [
            0.974393,
            21.3381523
          ],
          [
            0.9743898,
            21.3381183
          ],
          [
            0.9743989,
            21.3380852
          ],
          [
            0.9744194,
            21.3380568
          ],
          [
            0.9744489,
            21.3380364
          ],
          [
            0.9744839,
            21.3380263
          ],
          [
            0.9745206,
            21.3380277
          ],
          [
            0.974553,
            21.3380395
          ],
          [
            0.9745798,
            21.3380603
          ]
        ]
      },
      "properties": {
        "highway": "tertiary"
      }
    },
    {
      "type": "Feature",
      "geometry": {
        "type": "LineString",
        "coordinates": [
          [
            0.9744082,
            21.3381834
          ],
          [
            0.9740149,
            21.338134
          ],
          [
            0.9738556,
            21.3380831
          ],
          [
            0.9740461,
            21.3380529
          ],
          [
            0.9743483,
            21.3380871
          ],
          [
            0.9743989,
            21.3380852
          ]
        ]
      },
      "properties": {
        "highway": "tertiary"
      }
    },
    {
      "type": "Feature",
      "geometry": {
        "type": "LineString",
        "coordinates": [
          [
            0.9752979,
            21.3354151
          ],
          [
            0.9753123,
            21.3353934
          ],
          [
            0.9753247,
            21.3353707
          ],
          [
            0.975335,
            21.335347
          ],
          [
            0.9753432,
            21.3353227
          ],
          [
            0.9773954,
            21.3287602
          ],
          [
            0.9774094,
            21.3287035
          ],
          [
            0.9774155,
            21.3286457
          ],
          [
            0.9774134,
            21.3285876
          ],
          [
            0.9774032,
            21.3285302
          ]
        ]
      },
      "properties": {
        "highway": "tertiary"
      }
    },
    {
      "type": "Feature",
      "geometry": {
        "type": "LineString",
        "coordinates": [
          [
            0.967938,
            21.3266045
          ],
          [
            0.9691505,
            21.3272177
          ],
          [
            0.9702302,
            21.327691
          ],
          [
            0.9705142,
            21.3277815
          ],
          [
            0.9708243,
            21.3278372
          ],
          [
            0.9711605,
            21.327872
          ],
          [
            0.9763759,
            21.3282698
          ]
        ]
      },
      "properties": {
        "highway": "secondary"
      }
    },
    {
      "type": "Feature",
      "geometry": {
        "type": "LineString",
        "coordinates": [
          [
            0.9777413,
            21.3282739
          ],
          [
            0.9777628,
            21.3283113
          ],
          [
            0.9777785,
            21.3283736
          ],
          [
            0.9777726,
            21.3284374
          ],
          [
            0.9777458,
            21.3284962
          ],
          [
            0.9777061,
            21.3285402
          ],
          [
            0.9776547,
            21.3285721
          ],
          [
            0.977596,
            21.3285895
          ],
          [
            0.9775433,
            21.3285915
          ],
          [
            0.9774917,
            21.3285818
          ],
          [
            0.9774441,
            21.328561
          ],
          [
            0.9774032,
            21.3285302
          ],
          [
            0.9773714,
            21.3284912
          ],
          [
            0.9773505,
            21.3284462
          ],
          [
            0.9773416,
            21.3283814
          ],
          [
            0.9773552,
            21.3283174
          ],
          [
            0.9773755,
            21.3282755
          ],
          [
            0.9774306,
            21.3282242
          ],
          [
            0.9774801,
            21.3281987
          ],
          [
            0.977535,
            21.3281858
          ],
          [
            0.977599,
            21.3281877
          ],
          [
            0.9776597,
            21.3282068
          ],
          [
            0.977712,
            21.3282414
          ],
          [
            0.9777413,
            21.3282739
          ]
        ]
      },
      "properties": {
        "highway": "secondary"
      }
    },
    {
      "type": "Feature",
      "geometry": {
        "type": "LineString",
        "coordinates": [
          [
            0.9763759,
            21.3282698
          ],
          [
            0.9764164,
            21.328262
          ],
          [
            0.9764585,
            21.3282565
          ],
          [
            0.9765009,
            21.3282545
          ],
          [
            0.9765433,
            21.3282561
          ],
          [
            0.9766129,
            21.32826
          ],
          [
            0.9771306,
            21.3283086
          ],
          [
            0.9771931,
            21.3283127
          ],
          [
            0.9772556,
            21.3283084
          ],
          [
            0.9773168,
            21.328296
          ],
          [
            0.9773755,
            21.3282755
          ]
        ]
      },
      "properties": {
        "highway": "secondary"
      }
    },
    {
      "type": "Feature",
      "geometry": {
        "type": "LineString",
        "coordinates": [
          [
            0.977596,
            21.3285895
          ],
          [
            0.977563,
            21.32862
          ],
          [
            0.9775342,
            21.3286539
          ],
          [
            0.9775097,
            21.3286907
          ],
          [
            0.9774901,
            21.3287299
          ],
          [
            0.9774756,
            21.3287709
          ],
          [
            0.975686,
            21.3344862
          ],
          [
            0.9754166,
            21.3353382
          ],
          [
            0.975408,
            21.3353626
          ],
          [
            0.975402,
            21.3353878
          ],
          [
            0.9753988,
            21.3354133
          ],
          [
            0.9753983,
            21.335439
          ]
        ]
      },
      "properties": {
        "highway": "tertiary"
      }
    },
    {
      "type": "Feature",
      "geometry": {
        "type": "LineString",
        "coordinates": [
          [
            0.9777628,
            21.3283113
          ],
          [
            0.9778276,
            21.3283559
          ],
          [
            0.9778959,
            21.3283955
          ],
          [
            0.9779674,
            21.32843
          ],
          [
            0.9780416,
            21.3284592
          ]
        ]
      },
      "properties": {
        "highway": "secondary"
      }
    },
    {
      "type": "Feature",
      "geometry": {
        "type": "LineString",
        "coordinates": [
          [
            0.9753983,
            21.335439
          ],
          [
            0.975409,
            21.3354657
          ],
          [
            0.9754107,
            21.335495
          ],
          [
            0.975401,
            21.3355211
          ],
          [
            0.9753818,
            21.3355422
          ],
          [
            0.9753558,
            21.3355554
          ],
          [
            0.9753296,
            21.3355589
          ],
          [
            0.9753036,
            21.3355544
          ],
          [
            0.9752805,
            21.3355422
          ],
          [
            0.975263,
            21.3355237
          ],
          [
            0.9752527,
            21.3355001
          ],
          [
            0.9752515,
            21.3354746
          ],
          [
            0.9752596,
            21.3354502
          ],
          [
            0.975276,
            21.3354298
          ],
          [
            0.9752979,
            21.3354151
          ],
          [
            0.9753248,
            21.3354096
          ],
          [
            0.9753515,
            21.3354117
          ],
          [
            0.975376,
            21.335422
          ],
          [
            0.9753983,
            21.335439
          ]
        ]
      },
      "properties": {
        "highway": "tertiary"
      }
    },
    {
      "type": "Feature",
      "geometry": {
        "type": "LineString",
        "coordinates": [
          [
            0.9744489,
            21.3380364
          ],
          [
            0.9745175,
            21.3379388
          ],
          [
            0.9752467,
            21.3356165
          ],
          [
            0.9752549,
            21.3355852
          ],
          [
            0.9752598,
            21.335557
          ],
          [
            0.975263,
            21.3355237
          ]
        ]
      },
      "properties": {
        "highway": "tertiary"
      }
    },
    {
      "type": "Feature",
      "geometry": {
        "type": "LineString",
        "coordinates": [
          [
            0.9753558,
            21.3355554
          ],
          [
            0.9753433,
            21.3355847
          ],
          [
            0.975332,
            21.3356143
          ],
          [
            0.9753219,
            21.3356443
          ],
          [
            0.9746005,
            21.337945
          ],
          [
            0.9745941,
            21.33801
          ],
          [
            0.9745882,
            21.338073
          ]
        ]
      },
      "properties": {
        "highway": "tertiary"
      }
    },
    {
      "type": "Feature",
      "geometry": {
        "type": "LineString",
        "coordinates": [
          [
            0.9777692,
            21.3276779
          ],
          [
            0.9777787,
            21.3277143
          ],
          [
            0.9777831,
            21.3277515
          ],
          [
            0.9777824,
            21.3277889
          ],
          [
            0.9777764,
            21.3278259
          ],
          [
            0.9777091,
            21.3280495
          ],
          [
            0.9777007,
            21.3280875
          ],
          [
            0.9776968,
            21.3281262
          ],
          [
            0.9776974,
            21.328165
          ],
          [
            0.9777025,
            21.3282036
          ],
          [
            0.977712,
            21.3282414
          ]
        ]
      },
      "properties": {
        "highway": "tertiary"
      }
    },
    {
      "type": "Feature",
      "geometry": {
        "type": "LineString",
        "coordinates": [
          [
            0.9777692,
            21.3276779
          ],
          [
            0.9780302,
            21.3266614
          ],
          [
            0.978922,
            21.3231889
          ],
          [
            0.9789183,
            21.3230915
          ],
          [
            0.9788585,
            21.323001
          ],
          [
            0.9777591,
            21.3219947
          ],
          [
            0.9776468,
            21.3218919
          ],
          [
            0.9767172,
            21.3210411
          ],
          [
            0.9750708,
            21.3195342
          ],
          [
            0.9740791,
            21.3190388
          ],
          [
            0.973679,
            21.3187179
          ],
          [
            0.9725196,
            21.3177868
          ],
          [
            0.9723252,
            21.3176306
          ],
          [
            0.9720394,
            21.3174011
          ],
          [
            0.9711005,
            21.3166471
          ]
        ]
      },
      "properties": {
        "highway": "tertiary"
      }
    },
    {
      "type": "Feature",
      "geometry": {
        "type": "LineString",
        "coordinates": [
          [
            0.9651425,
            21.3250388
          ],
          [
            0.9651933,
            21.3250038
          ],
          [
            0.9652397,
            21.324964
          ],
          [
            0.9652815,
            21.3249199
          ],
          [
            0.965318,
            21.324872
          ],
          [
            0.9665752,
            21.3231295
          ],
          [
            0.9675451,
            21.321787
          ],
          [
            0.968589,
            21.3202332
          ],
          [
            0.9686344,
            21.3201656
          ],
          [
            0.9710347,
            21.3165927
          ],
          [
            0.9712039,
            21.3163099
          ],
          [
            0.9714337,
            21.3158766
          ],
          [
            0.9716224,
            21.3154954
          ],
          [
            0.9718872,
            21.314878
          ],
          [
            0.9731003,
            21.3118167
          ],
          [
            0.9736451,
            21.3104421
          ],
          [
            0.9738907,
            21.3098074
          ],
          [
            0.9741639,
            21.3092256
          ],
          [
            0.9745395,
            21.3085272
          ],
          [
            0.976194,
            21.3059684
          ],
          [
            0.976223,
            21.3059205
          ],
          [
            0.9762465,
            21.3058702
          ],
          [
            0.9762644,
            21.3058178
          ],
          [
            0.9762765,
            21.305764
          ],
          [
            0.9762826,
            21.3057094
          ]
        ]
      },
      "properties": {
        "name": "La route de la Saoura; طريق الساورة",
        "highway": "primary",
        "maxspeed": "60",
        "ref": "RN 6"
      }
    },
    {
      "type": "Feature",
      "geometry": {
        "type": "LineString",
        "coordinates": [
          [
            0.976456,
            21.3058178
          ],
          [
            0.9764028,
            21.3058585
          ],
          [
            0.9763535,
            21.3059032
          ],
          [
            0.9763084,
            21.3059517
          ],
          [
            0.9762679,
            21.3060035
          ],
          [
            0.9746172,
            21.3085819
          ],
          [
            0.9742491,
            21.3092703
          ],
          [
            0.9739858,
            21.3098348
          ],
          [
            0.9737225,
            21.3104679
          ],
          [
            0.9719705,
            21.3149155
          ],
          [
            0.9717039,
            21.3155276
          ],
          [
            0.9715168,
            21.3159154
          ],
          [
            0.9712778,
            21.3163441
          ],
          [
            0.9711005,
            21.3166471
          ],
          [
            0.9696529,
            21.3188001
          ],
          [
            0.9687177,
            21.3201904
          ],
          [
            0.9686774,
            21.3202582
          ],
          [
            0.9676272,
            21.3218127
          ],
          [
            0.966651,
            21.3231712
          ],
          [
            0.9653964,
            21.3249
          ],
          [
            0.9653677,
            21.3249504
          ],
          [
            0.9653441,
            21.3250031
          ],
          [
            0.9653257,
            21.3250575
          ],
          [
            0.9653128,
            21.3251132
          ]
        ]
      },
      "properties": {
        "name": "La route de la Saoura; طريق الساورة",
        "highway": "primary",
        "maxspeed": "60",
        "ref": "RN 6"
      }
    },
    {
      "type": "Feature",
      "geometry": {
        "type": "LineString",
        "coordinates": [
          [
            0.9765108,
            21.305804
          ],
          [
            0.976456,
            21.3058178
          ],
          [
            0.976411,
            21.3058159
          ],
          [
            0.9763682,
            21.3058027
          ],
          [
            0.9763308,
            21.3057793
          ],
          [
            0.9763016,
            21.3057474
          ],
          [
            0.9762826,
            21.3057094
          ],
          [
            0.9762754,
            21.3056684
          ],
          [
            0.9762802,
            21.3056271
          ],
          [
            0.9762966,
            21.3055885
          ],
          [
            0.9763235,
            21.3055554
          ],
          [
            0.9763589,
            21.3055301
          ],
          [
            0.9764003,
            21.3055146
          ],
          [
            0.976452,
            21.3055102
          ],
          [
            0.9765027,
            21.305521
          ],
          [
            0.9765472,
            21.3055459
          ],
          [
            0.9765814,
            21.3055824
          ],
          [
            0.9766016,
            21.3056269
          ],
          [
            0.9766057,
            21.3056797
          ],
          [
            0.9765903,
            21.3057307
          ],
          [
            0.9765574,
            21.3057738
          ],
          [
            0.9765108,
            21.305804
          ]
        ]
      },
      "properties": {
        "name": "La route de la Saoura",
        "highway": "primary",
        "maxspeed": "60",
        "ref": "RN 6"
      }
    },
    {
      "type": "Feature",
      "geometry": {
        "type": "LineString",
        "coordinates": [
          [
            0.9764003,
            21.3055146
          ],
          [
            0.976503,
            21.3054462
          ],
          [
            0.9765988,
            21.3053695
          ],
          [
            0.9766868,
            21.3052851
          ]
        ]
      },
      "properties": {
        "name": "La route de la Saoura",
        "highway": "primary",
        "maxspeed": "60",
        "ref": "RN 6"
      }
    },
    {
      "type": "Feature",
      "geometry": {
        "type": "LineString",
        "coordinates": [
          [
            0.9780416,
            21.3284592
          ],
          [
            0.9779665,
            21.328458
          ],
          [
            0.9778917,
            21.3284639
          ],
          [
            0.9778179,
            21.3284766
          ],
          [
            0.9777458,
            21.3284962
          ]
        ]
      },
      "properties": {
        "highway": "secondary"
      }
    },
    {
      "type": "Feature",
      "geometry": {
        "type": "LineString",
        "coordinates": [
          [
            0.977535,
            21.3281858
          ],
          [
            0.977564,
            21.3281605
          ],
          [
            0.9775888,
            21.3281317
          ],
          [
            0.9776089,
            21.3280998
          ],
          [
            0.977624,
            21.3280655
          ],
          [
            0.9776336,
            21.3280297
          ],
          [
            0.977687,
            21.3278023
          ],
          [
            0.9776983,
            21.3277666
          ],
          [
            0.9777162,
            21.3277333
          ],
          [
            0.9777401,
            21.3277034
          ],
          [
            0.9777692,
            21.3276779
          ]
        ]
      },
      "properties": {
        "highway": "tertiary"
      }
    },
    {
      "type": "Feature",
      "geometry": {
        "type": "LineString",
        "coordinates": [
          [
            0.9773505,
            21.3284462
          ],
          [
            0.9773087,
            21.3284197
          ],
          [
            0.9772638,
            21.3283981
          ],
          [
            0.9772164,
            21.3283816
          ],
          [
            0.9771673,
            21.3283705
          ],
          [
            0.9771171,
            21.328365
          ],
          [
            0.9765868,
            21.3283301
          ],
          [
            0.9765421,
            21.3283275
          ],
          [
            0.9764981,
            21.3283201
          ],
          [
            0.9764553,
            21.3283078
          ],
          [
            0.9764144,
            21.328291
          ],
          [
            0.9763759,
            21.3282698
          ]
        ]
      },
      "properties": {
        "highway": "secondary"
      }
    },
    {
      "type": "Feature",
      "geometry": {
        "type": "LineString",
        "coordinates": [
          [
            0.9766868,
            21.3052851
          ],
          [
            0.9766441,
            21.3053957
          ],
          [
            0.9766155,
            21.3055101
          ],
          [
            0.9766016,
            21.3056269
          ]
        ]
      },
      "properties": {
        "name": "La route de la Saoura",
        "highway": "primary",
        "maxspeed": "60",
        "ref": "RN 6"
      }
    },
    {
      "type": "Feature",
      "geometry": {
        "type": "LineString",
        "coordinates": [
          [
            0.9384134,
            21.3332661
          ],
          [
            0.9383725,
            21.3332267
          ],
          [
            0.938327,
            21.333192
          ],
          [
            0.9382774,
            21.3331626
          ]
        ]
      },
      "properties": {
        "highway": "tertiary"
      }
    },
    {
      "type": "Feature",
      "geometry": {
        "type": "LineString",
        "coordinates": [
          [
            0.9488231,
            21.3462328
          ],
          [
            0.9487981,
            21.3462887
          ],
          [
            0.9487774,
            21.3463462
          ],
          [
            0.9487612,
            21.3464048
          ],
          [
            0.9487496,
            21.3464644
          ]
        ]
      },
      "properties": {
        "highway": "tertiary"
      }
    },
    {
      "type": "Feature",
      "geometry": {
        "type": "LineString",
        "coordinates": [
          [
            0.9483758,
            21.3463086
          ],
          [
            0.9484471,
            21.3463423
          ],
          [
            0.9485213,
            21.3463702
          ],
          [
            0.9485977,
            21.346392
          ]
        ]
      },
      "properties": {
        "highway": "tertiary"
      }
    },
    {
      "type": "Feature",
      "geometry": {
        "type": "LineString",
        "coordinates": [
          [
            0.9432038,
            21.3274414
          ],
          [
            0.9432896,
            21.3269569
          ]
        ]
      },
      "properties": {
        "highway": "tertiary"
      }
    },
    {
      "type": "Feature",
      "geometry": {
        "type": "LineString",
        "coordinates": [
          [
            0.9675533,
            21.3355118
          ],
          [
            0.9678376,
            21.3356767
          ],
          [
            0.9680651,
            21.3359423
          ],
          [
            0.9685948,
            21.336573
          ],
          [
            0.9685778,
            21.3366863
          ],
          [
            0.9685302,
            21.3370023
          ],
          [
            0.9685451,
            21.3370686
          ],
          [
            0.9685838,
            21.3371457
          ],
          [
            0.9686602,
            21.3372157
          ],
          [
            0.9687576,
            21.3372524
          ],
          [
            0.9698944,
            21.3374535
          ],
          [
            0.9734823,
            21.3380881
          ],
          [
            0.9738556,
            21.3380831
          ]
        ]
      },
      "properties": {
        "name": "Bordj Badji Mokhtar - Tamanrasset;طريق برج باجي مختار - تمنراست",
        "highway": "tertiary"
      }
    },
    {
      "type": "Feature",
      "geometry": {
        "type": "LineString",
        "coordinates": [
          [
            0.9381477,
            21.3329189
          ],
          [
            0.9378509,
            21.3326626
          ],
          [
            0.9367908,
            21.3321545
          ],
          [
            0.9356193,
            21.3315856
          ],
          [
            0.9352506,
            21.3313638
          ],
          [
            0.9348127,
            21.331074
          ],
          [
            0.934394,
            21.3306339
          ],
          [
            0.9341213,
            21.3302296
          ],
          [
            0.933983,
            21.329879
          ],
          [
            0.933887,
            21.3295355
          ],
          [
            0.9338409,
            21.3290847
          ],
          [
            0.9339024,
            21.328344
          ],
          [
            0.9340291,
            21.326666
          ],
          [
            0.9341942,
            21.3243498
          ],
          [
            0.9343498,
            21.3220027
          ],
          [
            0.9344222,
            21.3214148
          ],
          [
            0.9345932,
            21.3207825
          ],
          [
            0.935044,
            21.3195177
          ],
          [
            0.9359457,
            21.3174419
          ],
          [
            0.936327,
            21.3167927
          ],
          [
            0.9363965,
            21.3166744
          ],
          [
            0.9374018,
            21.3150234
          ],
          [
            0.9381221,
            21.3140579
          ],
          [
            0.9396145,
            21.3123489
          ],
          [
            0.9414126,
            21.3106882
          ],
          [
            0.9427548,
            21.3096696
          ],
          [
            0.9445943,
            21.3085061
          ],
          [
            0.9457706,
            21.3079027
          ],
          [
            0.9473149,
            21.3071834
          ],
          [
            0.9500302,
            21.3062516
          ],
          [
            0.9521082,
            21.3055323
          ],
          [
            0.9542276,
            21.3048129
          ],
          [
            0.9568911,
            21.3038715
          ],
          [
            0.9589535,
            21.3033453
          ],
          [
            0.9605651,
            21.3029976
          ],
          [
            0.9621974,
            21.3028383
          ],
          [
            0.9636121,
            21.3027369
          ],
          [
            0.9649231,
            21.3027031
          ],
          [
            0.9666383,
            21.3027997
          ],
          [
            0.9680582,
            21.3029687
          ],
          [
            0.9694314,
            21.3031908
          ],
          [
            0.9712088,
            21.303606
          ],
          [
            0.9731158,
            21.3042432
          ],
          [
            0.9751471,
            21.3050109
          ],
          [
            0.9761265,
            21.3054985
          ],
          [
            0.9762966,
            21.3055885
          ]
        ]
      },
      "properties": {
        "highway": "tertiary"
      }
    },
    {
      "type": "Feature",
      "geometry": {
        "type": "LineString",
        "coordinates": [
          [
            0.9612625,
            21.3338189
          ],
          [
            0.9612873,
            21.3337379
          ]
        ]
      },
      "properties": {
        "highway": "tertiary_link"
      }
    },
    {
      "type": "Feature",
      "geometry": {
        "type": "LineString",
        "coordinates": [
          [
            0.9539506,
            21.331288
          ],
          [
            0.9539255,
            21.3313925
          ],
          [
            0.9537735,
            21.3319047
          ],
          [
            0.953547,
            21.3325783
          ],
          [
            0.9535267,
            21.3326323
          ]
        ]
      },
      "properties": {
        "highway": "tertiary"
      }
    },
    {
      "type": "Feature",
      "geometry": {
        "type": "LineString",
        "coordinates": [
          [
            0.9523082,
            21.3320506
          ],
          [
            0.9528413,
            21.3322639
          ],
          [
            0.9530988,
            21.3323807
          ],
          [
            0.9534769,
            21.3325524
          ],
          [
            0.953547,
            21.3325783
          ],
          [
            0.9536178,
            21.3326012
          ],
          [
            0.9537806,
            21.3326518
          ],
          [
            0.9540503,
            21.3327211
          ]
        ]
      },
      "properties": {
        "name": "La route de la Saoura; طريق الساورة",
        "highway": "primary",
        "maxspeed": "50",
        "ref": "RN 6"
      }
    },
    {
      "type": "Feature",
      "geometry": {
        "type": "LineString",
        "coordinates": [
          [
            0.947285,
            21.3304062
          ],
          [
            0.9476305,
            21.3304587
          ],
          [
            0.9479383,
            21.3305087
          ],
          [
            0.9482709,
            21.3305674
          ],
          [
            0.9484519,
            21.3306074
          ],
          [
            0.9486397,
            21.3306511
          ],
          [
            0.9488074,
            21.3306994
          ],
          [
            0.9489736,
            21.3307523
          ],
          [
            0.9491273,
            21.3308059
          ],
          [
            0.9492794,
            21.3308635
          ],
          [
            0.9496536,
            21.3310125
          ],
          [
            0.9510924,
            21.3315665
          ],
          [
            0.9511635,
            21.3315927
          ],
          [
            0.95157,
            21.3317553
          ],
          [
            0.9520085,
            21.3319307
          ],
          [
            0.9523082,
            21.3320506
          ]
        ]
      },
      "properties": {
        "name": "La route de la Saoura; طريق الساورة",
        "highway": "primary",
        "maxspeed": "50",
        "ref": "RN 6"
      }
    }
  ]
}