{
  "type": "FeatureCollection",
  "features": [
    {
      "type": "Feature",
      "geometry": {
        "type": "LineString",
        "coordinates": [
          [
            2.4999019,
            27.1750279
          ],
          [
            2.4984203,
            27.1786007
          ],
          [
            2.4955908,
            27.1851224
          ],
          [
            2.4954357,
            27.1855339
          ]
        ]
      },
      "properties": {
        "name": "Trans-Sahara",
        "highway": "primary",
        "maxspeed": "80",
        "ref": "RN 1"
      }
    },
    {
      "type": "Feature",
      "geometry": {
        "type": "LineString",
        "coordinates": [
          [
            2.965145,
            30.054351
          ],
          [
            2.9637709,
            30.0506426
          ],
          [
            2.9634299,
            30.0497493
          ],
          [
            2.9632188,
            30.0492045
          ],
          [
            2.9631146,
            30.0487629
          ],
          [
            2.9630777,
            30.0484792
          ],
          [
            2.962954,
            30.047395
          ],
          [
            2.9624478,
            30.0431304
          ],
          [
            2.9623449,
            30.0422518
          ],
          [
            2.9622466,
            30.0416114
          ],
          [
            2.9621774,
            30.0412228
          ],
          [
            2.9590912,
            30.0261577
          ],
          [
            2.9587995,
            30.0247866
          ],
          [
            2.9585923,
            30.0238962
          ],
          [
            2.9583959,
            30.0232434
          ],
          [
            2.9578467,
            30.0216646
          ],
          [
            2.9516759,
            30.005002
          ],
          [
            2.9514979,
            30.0045301
          ],
          [
            2.9513705,
            30.0042324
          ],
          [
            2.9511924,
            30.0038695
          ],
          [
            2.9510144,
            30.0035226
          ],
          [
            2.9437456,
            29.9901462
          ],
          [
            2.9434314,
            29.9895581
          ],
          [
            2.9433381,
            29.9893917
          ],
          [
            2.9432328,
            29.9891764
          ],
          [
            2.9430993,
            29.9888719
          ],
          [
            2.9429419,
            29.9884733
          ],
          [
            2.9428193,
            29.9881179
          ],
          [
            2.9427258,
            29.987777
          ],
          [
            2.9426465,
            29.9874264
          ],
          [
            2.9426064,
            29.9872243
          ],
          [
            2.9425347,
            29.9868454
          ],
          [
            2.9419363,
            29.9834616
          ],
          [
            2.9418147,
            29.9827471
          ],
          [
            2.9416442,
            29.9818822
          ],
          [
            2.9415697,
            29.9815559
          ],
          [
            2.9414561,
            29.9811611
          ],
          [
            2.9411852,
            29.9804086
          ],
          [
            2.9411006,
            29.9801802
          ],
          [
            2.9273288,
            29.9459312
          ],
          [
            2.9269329,
            29.9448597
          ],
          [
            2.9268092,
            29.9444835
          ],
          [
            2.9265878,
            29.943812
          ],
          [
            2.9178894,
            29.919474
          ],
          [
            2.9174113,
            29.9181909
          ],
          [
            2.9172452,
            29.9177967
          ],
          [
            2.91703,
            29.9173134
          ],
          [
            2.9168995,
            29.9170354
          ],
          [
            2.916769,
            29.9167826
          ],
          [
            2.916591,
            29.9164447
          ],
          [
            2.9164834,
            29.9162253
          ],
          [
            2.9085125,
            29.9011029
          ],
          [
            2.9082247,
            29.9005361
          ],
          [
            2.9080054,
            29.9000779
          ],
          [
            2.9078068,
            29.8996422
          ],
          [
            2.9076633,
            29.8992858
          ],
          [
            2.9003059,
            29.8799131
          ],
          [
            2.9000864,
            29.8794233
          ],
          [
            2.8998224,
            29.8788989
          ],
          [
            2.8994402,
            29.8783053
          ],
          [
            2.89919,
            29.8779473
          ],
          [
            2.8990012,
            29.8776971
          ],
          [
            2.8987756,
            29.8774336
          ],
          [
            2.8984379,
            29.8770596
          ],
          [
            2.8976464,
            29.8762141
          ],
          [
            2.8970668,
            29.8756023
          ],
          [
            2.8963657,
            29.8748588
          ],
          [
            2.8869382,
            29.8648115
          ],
          [
            2.8866082,
            29.8644468
          ],
          [
            2.8863395,
            29.8641113
          ],
          [
            2.886051,
            29.8637053
          ],
          [
            2.8857609,
            29.8632567
          ],
          [
            2.8855699,
            29.8629183
          ],
          [
            2.8853571,
            29.8625023
          ],
          [
            2.8851444,
            29.8619996
          ],
          [
            2.8849208,
            29.861433
          ],
          [
            2.8772589,
            29.8415753
          ],
          [
            2.8770342,
            29.8410086
          ],
          [
            2.8768638,
            29.8406151
          ],
          [
            2.8766098,
            29.8401114
          ],
          [
            2.8764481,
            29.8398412
          ],
          [
            2.8761876,
            29.8394147
          ],
          [
            2.8760064,
            29.8391596
          ],
          [
            2.8756561,
            29.8386991
          ],
          [
            2.8713179,
            29.8328188
          ],
          [
            2.8639848,
            29.8230076
          ],
          [
            2.8472137,
            29.8002433
          ],
          [
            2.846305,
            29.7990631
          ],
          [
            2.8454967,
            29.7979517
          ],
          [
            2.84037,
            29.7901384
          ],
          [
            2.8356078,
            29.782952
          ],
          [
            2.8347612,
            29.7816992
          ],
          [
            2.8344291,
            29.7810737
          ],
          [
            2.8341317,
            29.7803634
          ],
          [
            2.8339545,
            29.7798262
          ],
          [
            2.8337734,
            29.7790775
          ],
          [
            2.833669,
            29.7784913
          ],
          [
            2.8317279,
            29.7656434
          ],
          [
            2.8316216,
            29.764818
          ],
          [
            2.8315912,
            29.7643243
          ],
          [
            2.8316302,
            29.7635404
          ],
          [
            2.8317453,
            29.7626755
          ],
          [
            2.8318213,
            29.7623175
          ],
          [
            2.8319211,
            29.7619368
          ],
          [
            2.8325089,
            29.7598731
          ],
          [
            2.8342129,
            29.7539331
          ],
          [
            2.8344474,
            29.7531511
          ],
          [
            2.8345537,
            29.7527402
          ],
          [
            2.8346362,
            29.7523369
          ],
          [
            2.8347033,
            29.7519311
          ],
          [
            2.8371598,
            29.7333782
          ],
          [
            2.837303,
            29.7322133
          ],
          [
            2.8374246,
            29.7316441
          ],
          [
            2.8377545,
            29.7307431
          ],
          [
            2.848487,
            29.7030016
          ],
          [
            2.8486976,
            29.7024303
          ],
          [
            2.8488083,
            29.702057
          ],
          [
            2.8490037,
            29.7011613
          ],
          [
            2.8543402,
            29.672444
          ],
          [
            2.8546053,
            29.6710774
          ],
          [
            2.8547644,
            29.6702021
          ],
          [
            2.8549411,
            29.6685744
          ],
          [
            2.8557052,
            29.661075
          ],
          [
            2.8560467,
            29.6577184
          ],
          [
            2.856238,
            29.6556236
          ],
          [
            2.8562906,
            29.6549636
          ],
          [
            2.8565697,
            29.6495009
          ],
          [
            2.8568215,
            29.6440093
          ],
          [
            2.8568272,
            29.6430718
          ],
          [
            2.8568056,
            29.6416979
          ],
          [
            2.8567542,
            29.6402308
          ],
          [
            2.8565836,
            29.6363579
          ],
          [
            2.856388,
            29.6321287
          ],
          [
            2.8562714,
            29.6294953
          ],
          [
            2.8559449,
            29.6219505
          ],
          [
            2.8555405,
            29.612824
          ],
          [
            2.8555393,
            29.6125286
          ],
          [
            2.855521,
            29.612217
          ],
          [
            2.8554872,
            29.611785
          ],
          [
            2.8554436,
            29.6113563
          ],
          [
            2.8553444,
            29.6108667
          ],
          [
            2.8550459,
            29.609177
          ],
          [
            2.851931,
            29.5912776
          ],
          [
            2.8518834,
            29.5909693
          ],
          [
            2.8518005,
            29.5906103
          ],
          [
            2.8516731,
            29.5901658
          ],
          [
            2.8514935,
            29.5896039
          ],
          [
            2.8473965,
            29.5765863
          ],
          [
            2.8464414,
            29.5736185
          ],
          [
            2.8449784,
            29.5688959
          ],
          [
            2.8447136,
            29.5681067
          ],
          [
            2.8444965,
            29.5675818
          ],
          [
            2.8320717,
            29.5399542
          ],
          [
            2.8300027,
            29.5352983
          ],
          [
            2.8160023,
            29.5099884
          ],
          [
            2.8149404,
            29.5080711
          ],
          [
            2.8134468,
            29.5054313
          ],
          [
            2.8126585,
            29.5043203
          ],
          [
            2.8086357,
            29.4991926
          ],
          [
            2.8078933,
            29.4982781
          ],
          [
            2.8071726,
            29.497564
          ],
          [
            2.8057183,
            29.4963774
          ],
          [
            2.8017897,
            29.4932561
          ],
          [
            2.8003918,
            29.4921148
          ],
          [
            2.799606,
            29.4915253
          ],
          [
            2.7990459,
            29.4911096
          ],
          [
            2.7980952,
            29.4904937
          ],
          [
            2.7753502,
            29.475733
          ],
          [
            2.7729585,
            29.4741897
          ],
          [
            2.7709692,
            29.4728909
          ],
          [
            2.7701465,
            29.4723243
          ],
          [
            2.7581298,
            29.4635477
          ],
          [
            2.7549497,
            29.4612269
          ],
          [
            2.751137,
            29.458431
          ],
          [
            2.7494547,
            29.4572762
          ],
          [
            2.7451986,
            29.4545036
          ],
          [
            2.7297322,
            29.4444345
          ],
          [
            2.7274052,
            29.4429185
          ],
          [
            2.7261549,
            29.4421623
          ],
          [
            2.7108707,
            29.4332264
          ],
          [
            2.7070395,
            29.4309965
          ],
          [
            2.7057931,
            29.4302639
          ],
          [
            2.7035192,
            29.4288015
          ],
          [
            2.6962538,
            29.4240476
          ],
          [
            2.6825991,
            29.4151123
          ],
          [
            2.6813189,
            29.4142405
          ],
          [
            2.6807597,
            29.413837
          ],
          [
            2.6759377,
            29.4094262
          ],
          [
            2.6753667,
            29.4088245
          ],
          [
            2.6746575,
            29.4079313
          ],
          [
            2.6733867,
            29.4061932
          ],
          [
            2.6703352,
            29.4019944
          ],
          [
            2.6690704,
            29.4002506
          ],
          [
            2.6681556,
            29.3991059
          ],
          [
            2.6382943,
            29.3623773
          ],
          [
            2.6373794,
            29.361259
          ],
          [
            2.6370387,
            29.3607747
          ],
          [
            2.6366949,
            29.3601968
          ],
          [
            2.636443,
            29.3596933
          ],
          [
            2.6299983,
            29.3450419
          ],
          [
            2.6294643,
            29.3438252
          ],
          [
            2.6291256,
            29.3429699
          ],
          [
            2.6289368,
            29.3422906
          ],
          [
            2.6288391,
            29.3417873
          ],
          [
            2.6230444,
            29.3074195
          ],
          [
            2.6227926,
            29.30589
          ],
          [
            2.6226884,
            29.3047921
          ],
          [
            2.6200533,
            29.279326
          ],
          [
            2.619936,
            29.2782922
          ],
          [
            2.6197884,
            29.2765957
          ],
          [
            2.6197407,
            29.2756755
          ],
          [
            2.6189453,
            29.2531993
          ],
          [
            2.6189062,
            29.2526425
          ],
          [
            2.6188063,
            29.2519456
          ],
          [
            2.6185762,
            29.250741
          ],
          [
            2.6128045,
            29.2215663
          ],
          [
            2.6126678,
            29.2208048
          ],
          [
            2.6125614,
            29.2203823
          ],
          [
            2.6124615,
            29.2200773
          ],
          [
            2.6122454,
            29.2194936
          ],
          [
            2.6039348,
            29.1987501
          ],
          [
            2.6032749,
            29.1970523
          ],
          [
            2.6026584,
            29.1955174
          ],
          [
            2.6021526,
            29.1941662
          ],
          [
            2.5992361,
            29.1855511
          ],
          [
            2.5986528,
            29.1838304
          ],
          [
            2.5982476,
            29.1825386
          ],
          [
            2.5980389,
            29.1817399
          ],
          [
            2.5922014,
            29.1583736
          ],
          [
            2.591878,
            29.1570751
          ],
          [
            2.5915725,
            29.1560363
          ],
          [
            2.5858788,
            29.1397457
          ],
          [
            2.5856747,
            29.1391447
          ],
          [
            2.5855488,
            29.1386991
          ],
          [
            2.585462,
            29.1383483
          ],
          [
            2.5809617,
            29.1190538
          ],
          [
            2.5806306,
            29.1176354
          ],
          [
            2.5804222,
            29.1167707
          ],
          [
            2.5802312,
            29.1161183
          ],
          [
            2.5794929,
            29.1139349
          ],
          [
            2.567997,
            29.0802486
          ],
          [
            2.5672415,
            29.0781125
          ],
          [
            2.5669698,
            29.077243
          ],
          [
            2.5604454,
            29.0542285
          ],
          [
            2.559829,
            29.0520284
          ],
          [
            2.5594729,
            29.0507188
          ],
          [
            2.5593866,
            29.0503707
          ],
          [
            2.5592979,
            29.050013
          ],
          [
            2.5551871,
            29.0328178
          ],
          [
            2.5542995,
            29.0290553
          ],
          [
            2.5537759,
            29.0270955
          ],
          [
            2.5488008,
            29.0113691
          ],
          [
            2.5483841,
            29.0101746
          ],
          [
            2.5475273,
            29.0080254
          ],
          [
            2.5417641,
            28.9932318
          ],
          [
            2.536903,
            28.9828222
          ],
          [
            2.5320998,
            28.9723851
          ],
          [
            2.5300419,
            28.9680062
          ],
          [
            2.5291573,
            28.9661779
          ],
          [
            2.5286122,
            28.9649538
          ],
          [
            2.5277535,
            28.9628975
          ],
          [
            2.5227397,
            28.9503213
          ],
          [
            2.5185544,
            28.9397579
          ],
          [
            2.5181282,
            28.9386747
          ],
          [
            2.5178713,
            28.9379701
          ],
          [
            2.5175865,
            28.937168
          ],
          [
            2.5142906,
            28.9272446
          ],
          [
            2.5138606,
            28.9260111
          ],
          [
            2.5135865,
            28.924999
          ],
          [
            2.5086892,
            28.9058037
          ],
          [
            2.5085226,
            28.9051251
          ],
          [
            2.5083427,
            28.904301
          ],
          [
            2.5050581,
            28.8862204
          ],
          [
            2.5048933,
            28.8851142
          ],
          [
            2.5048333,
            28.8845967
          ],
          [
            2.5031388,
            28.8662619
          ],
          [
            2.5030237,
            28.8648907
          ],
          [
            2.5029571,
            28.8635414
          ],
          [
            2.5029514,
            28.8630322
          ],
          [
            2.5028927,
            28.843717
          ],
          [
            2.5028916,
            28.8431036
          ],
          [
            2.5029023,
            28.8426225
          ],
          [
            2.5029318,
            28.842146
          ],
          [
            2.5047132,
            28.8195649
          ],
          [
            2.5047798,
            28.8188087
          ],
          [
            2.5048949,
            28.8180392
          ],
          [
            2.5081037,
            28.7990624
          ],
          [
            2.5082086,
            28.7984413
          ],
          [
            2.5083264,
            28.7979158
          ],
          [
            2.5084313,
            28.797548
          ],
          [
            2.508609,
            28.7970132
          ],
          [
            2.5111607,
            28.7898032
          ],
          [
            2.5112978,
            28.7894204
          ],
          [
            2.5115248,
            28.7888668
          ],
          [
            2.5119366,
            28.7879905
          ],
          [
            2.5143843,
            28.7827249
          ],
          [
            2.5168093,
            28.7774447
          ],
          [
            2.5234008,
            28.7632882
          ],
          [
            2.52587,
            28.7579381
          ],
          [
            2.52623,
            28.7571616
          ],
          [
            2.5265062,
            28.7565121
          ],
          [
            2.5268624,
            28.7555972
          ],
          [
            2.5347373,
            28.7346238
          ],
          [
            2.5349114,
            28.7341339
          ],
          [
            2.5350219,
            28.7337688
          ],
          [
            2.5351128,
            28.7333997
          ],
          [
            2.5352281,
            28.7327948
          ],
          [
            2.5390497,
            28.7099858
          ],
          [
            2.5391466,
            28.7093112
          ],
          [
            2.5391708,
            28.7090722
          ],
          [
            2.5391868,
            28.7083228
          ],
          [
            2.5393503,
            28.6879864
          ],
          [
            2.5393616,
            28.6873755
          ],
          [
            2.5393413,
            28.6869331
          ],
          [
            2.539277,
            28.6864071
          ],
          [
            2.5391871,
            28.6858718
          ],
          [
            2.536807,
            28.6742776
          ],
          [
            2.5366136,
            28.6733352
          ],
          [
            2.5364316,
            28.6726232
          ],
          [
            2.5363541,
            28.6723836
          ],
          [
            2.5359453,
            28.6710365
          ],
          [
            2.5314445,
            28.656296
          ],
          [
            2.5312081,
            28.6555307
          ],
          [
            2.530964,
            28.6546212
          ],
          [
            2.5308612,
            28.6541139
          ],
          [
            2.530628,
            28.6528973
          ],
          [
            2.5277524,
            28.6383964
          ],
          [
            2.5274146,
            28.6367024
          ],
          [
            2.527239,
            28.6357308
          ],
          [
            2.5270555,
            28.6345038
          ],
          [
            2.523991,
            28.6131322
          ],
          [
            2.5236413,
            28.6105987
          ],
          [
            2.5235024,
            28.6094812
          ],
          [
            2.5234232,
            28.6086446
          ],
          [
            2.5233739,
            28.6077028
          ],
          [
            2.5227851,
            28.5966032
          ],
          [
            2.5222103,
            28.5857648
          ],
          [
            2.5221588,
            28.5841028
          ],
          [
            2.522174,
            28.5831774
          ],
          [
            2.5227049,
            28.5657237
          ],
          [
            2.5227988,
            28.563648
          ],
          [
            2.5228288,
            28.562939
          ],
          [
            2.5228823,
            28.5622488
          ],
          [
            2.5229294,
            28.5617109
          ],
          [
            2.5230146,
            28.561006
          ],
          [
            2.5243988,
            28.5501718
          ],
          [
            2.5264203,
            28.5343468
          ],
          [
            2.5300229,
            28.5144296
          ],
          [
            2.5304742,
            28.511995
          ],
          [
            2.5308055,
            28.510698
          ],
          [
            2.5354218,
            28.4926229
          ],
          [
            2.5366866,
            28.4874903
          ],
          [
            2.5385233,
            28.4803509
          ],
          [
            2.5386904,
            28.4797787
          ],
          [
            2.5390972,
            28.4783633
          ],
          [
            2.5417387,
            28.4702289
          ],
          [
            2.5419211,
            28.4696449
          ],
          [
            2.5420458,
            28.4692459
          ],
          [
            2.5422592,
            28.4685627
          ],
          [
            2.542405,
            28.4681351
          ],
          [
            2.543423,
            28.4649592
          ],
          [
            2.5455956,
            28.4581613
          ],
          [
            2.5458954,
            28.4572501
          ],
          [
            2.5461362,
            28.4563954
          ],
          [
            2.5463855,
            28.4554482
          ],
          [
            2.5477891,
            28.4497436
          ],
          [
            2.5497469,
            28.4421639
          ],
          [
            2.550388,
            28.4396817
          ],
          [
            2.5511147,
            28.4366876
          ],
          [
            2.5512692,
            28.4360432
          ],
          [
            2.551357,
            28.4356251
          ],
          [
            2.5516893,
            28.4337236
          ],
          [
            2.5518743,
            28.4326653
          ],
          [
            2.5554086,
            28.4123882
          ],
          [
            2.5555667,
            28.4115911
          ],
          [
            2.5556885,
            28.4110377
          ],
          [
            2.5559371,
            28.4099665
          ],
          [
            2.5578521,
            28.4025628
          ],
          [
            2.5588301,
            28.3986732
          ],
          [
            2.5594339,
            28.3962828
          ],
          [
            2.5600323,
            28.3938707
          ],
          [
            2.5604332,
            28.3922945
          ],
          [
            2.5606224,
            28.3915206
          ],
          [
            2.5607163,
            28.391047
          ],
          [
            2.5608833,
            28.3901484
          ],
          [
            2.5612319,
            28.3882328
          ],
          [
            2.5642993,
            28.3713472
          ],
          [
            2.5644032,
            28.3707523
          ],
          [
            2.564497,
            28.3703686
          ],
          [
            2.5647302,
            28.36942
          ],
          [
            2.5709202,
            28.344978
          ],
          [
            2.5718476,
            28.3412931
          ],
          [
            2.571999,
            28.3406428
          ],
          [
            2.5720717,
            28.340235
          ],
          [
            2.5769868,
            28.3129535
          ],
          [
            2.5770939,
            28.3122635
          ],
          [
            2.5774465,
            28.3089731
          ],
          [
            2.5793236,
            28.2908643
          ],
          [
            2.5793933,
            28.2901976
          ],
          [
            2.5794296,
            28.2898243
          ],
          [
            2.5794569,
            28.2893816
          ],
          [
            2.579874,
            28.2689488
          ],
          [
            2.5799038,
            28.2674377
          ],
          [
            2.5799594,
            28.2665664
          ],
          [
            2.5800065,
            28.2659628
          ],
          [
            2.5826188,
            28.2359146
          ],
          [
            2.5827403,
            28.2344805
          ],
          [
            2.5828387,
            28.2337392
          ],
          [
            2.5832973,
            28.2308823
          ],
          [
            2.5860675,
            28.2132848
          ],
          [
            2.5869428,
            28.2080054
          ],
          [
            2.5871184,
            28.2069184
          ],
          [
            2.5872083,
            28.2062542
          ],
          [
            2.5873068,
            28.2053748
          ],
          [
            2.5874353,
            28.2038123
          ],
          [
            2.5891176,
            28.1841539
          ],
          [
            2.5891691,
            28.1836147
          ],
          [
            2.5892266,
            28.1831583
          ],
          [
            2.5893428,
            28.1824108
          ],
          [
            2.5931483,
            28.1582757
          ],
          [
            2.5933577,
            28.1569566
          ],
          [
            2.5935121,
            28.1560274
          ],
          [
            2.5936575,
            28.1552692
          ],
          [
            2.593821,
            28.1545536
          ],
          [
            2.6000662,
            28.1273319
          ],
          [
            2.6003261,
            28.1262009
          ],
          [
            2.6004161,
            28.1258006
          ],
          [
            2.6004782,
            28.1254852
          ],
          [
            2.6006671,
            28.1244095
          ],
          [
            2.6047509,
            28.0984753
          ],
          [
            2.6048451,
            28.0978633
          ],
          [
            2.6049607,
            28.097153
          ],
          [
            2.6050442,
            28.0964258
          ],
          [
            2.6050862,
            28.0960223
          ],
          [
            2.6070373,
            28.0738211
          ],
          [
            2.6070784,
            28.0734135
          ],
          [
            2.6071493,
            28.0730138
          ],
          [
            2.6073155,
            28.0723017
          ],
          [
            2.612212,
            28.0514883
          ],
          [
            2.6123333,
            28.0510375
          ],
          [
            2.6124072,
            28.0507974
          ],
          [
            2.6125678,
            28.0503872
          ],
          [
            2.6222614,
            28.0279244
          ],
          [
            2.622437,
            28.0275728
          ],
          [
            2.6226561,
            28.0272217
          ],
          [
            2.6228724,
            28.0269504
          ],
          [
            2.62317,
            28.0266215
          ],
          [
            2.6235308,
            28.0262803
          ],
          [
            2.6237567,
            28.0261102
          ],
          [
            2.6240994,
            28.0258928
          ],
          [
            2.6244752,
            28.0256783
          ],
          [
            2.6249057,
            28.0254797
          ],
          [
            2.629494,
            28.0235073
          ],
          [
            2.6298457,
            28.0233545
          ],
          [
            2.630054,
            28.0232442
          ],
          [
            2.6303143,
            28.0230949
          ],
          [
            2.6304918,
            28.0229678
          ],
          [
            2.6307352,
            28.0227532
          ],
          [
            2.6310323,
            28.0224541
          ],
          [
            2.6325438,
            28.0208623
          ],
          [
            2.6332282,
            28.0200962
          ],
          [
            2.6334999,
            28.0198464
          ],
          [
            2.6338131,
            28.019607
          ],
          [
            2.6340659,
            28.0194489
          ],
          [
            2.6343812,
            28.0193204
          ],
          [
            2.6348688,
            28.019158
          ],
          [
            2.6356853,
            28.0189155
          ],
          [
            2.6359869,
            28.0188399
          ],
          [
            2.6362148,
            28.0187463
          ],
          [
            2.6364118,
            28.0186607
          ],
          [
            2.6366643,
            28.0184943
          ],
          [
            2.6368449,
            28.0183736
          ],
          [
            2.6370203,
            28.0182432
          ],
          [
            2.637139,
            28.0181228
          ],
          [
            2.6372251,
            28.0180129
          ],
          [
            2.637516,
            28.0176275
          ],
          [
            2.6376128,
            28.0175163
          ],
          [
            2.6377439,
            28.0174372
          ],
          [
            2.6379566,
            28.017331
          ],
          [
            2.6382845,
            28.017185
          ],
          [
            2.6383842,
            28.0171209
          ],
          [
            2.6384759,
            28.0170485
          ],
          [
            2.6385763,
            28.0169419
          ],
          [
            2.6386396,
            28.0168509
          ],
          [
            2.6388217,
            28.0165339
          ],
          [
            2.6388927,
            28.0164219
          ],
          [
            2.6390202,
            28.0162976
          ],
          [
            2.6391065,
            28.016217
          ],
          [
            2.6392089,
            28.0161196
          ],
          [
            2.6394927,
            28.0158669
          ],
          [
            2.6395975,
            28.015769
          ],
          [
            2.6396634,
            28.0156848
          ],
          [
            2.6397149,
            28.0156112
          ],
          [
            2.6397596,
            28.0154913
          ],
          [
            2.6403356,
            28.0134091
          ],
          [
            2.6403656,
            28.0133155
          ],
          [
            2.6403824,
            28.0131857
          ],
          [
            2.6403737,
            28.013043
          ],
          [
            2.6403411,
            28.0129003
          ],
          [
            2.6402845,
            28.0127729
          ],
          [
            2.6401895,
            28.012626
          ],
          [
            2.6400562,
            28.0125062
          ],
          [
            2.6399309,
            28.0124192
          ],
          [
            2.6397914,
            28.0123506
          ],
          [
            2.639646,
            28.0123136
          ],
          [
            2.6395083,
            28.0123017
          ],
          [
            2.6393435,
            28.012307
          ],
          [
            2.6391987,
            28.0123267
          ],
          [
            2.6388038,
            28.0123907
          ],
          [
            2.6385858,
            28.0123987
          ],
          [
            2.6384404,
            28.01238
          ],
          [
            2.6382965,
            28.0123373
          ],
          [
            2.638183,
            28.0122758
          ],
          [
            2.63808,
            28.0121835
          ],
          [
            2.6380104,
            28.0120579
          ],
          [
            2.6379831,
            28.0119081
          ],
          [
            2.6380028,
            28.0117237
          ],
          [
            2.6381475,
            28.0110363
          ],
          [
            2.6381657,
            28.0108932
          ],
          [
            2.6381672,
            28.0107315
          ],
          [
            2.6381475,
            28.0106085
          ],
          [
            2.6381097,
            28.0104855
          ],
          [
            2.6380476,
            28.0103679
          ],
          [
            2.6378916,
            28.0101673
          ],
          [
            2.6376191,
            28.0098657
          ],
          [
            2.6375591,
            28.0097674
          ],
          [
            2.637527,
            28.0096369
          ],
          [
            2.6375291,
            28.0094989
          ],
          [
            2.6375698,
            28.0093571
          ],
          [
            2.6376576,
            28.0092361
          ],
          [
            2.6378268,
            28.0091189
          ],
          [
            2.6381051,
            28.0089866
          ],
          [
            2.6383021,
            28.0089053
          ],
          [
            2.6385291,
            28.0088732
          ],
          [
            2.6386683,
            28.0088599
          ],
          [
            2.6387937,
            28.0088659
          ],
          [
            2.6391106,
            28.008915
          ],
          [
            2.6395003,
            28.0089793
          ],
          [
            2.6397444,
            28.0089869
          ],
          [
            2.6413012,
            28.0088772
          ],
          [
            2.6416876,
            28.0087963
          ],
          [
            2.6420507,
            28.0086541
          ],
          [
            2.644493,
            28.0074404
          ],
          [
            2.6454567,
            28.0068637
          ],
          [
            2.6459642,
            28.0065272
          ],
          [
            2.6462619,
            28.0063154
          ],
          [
            2.6465252,
            28.0060942
          ],
          [
            2.6468379,
            28.0057993
          ],
          [
            2.649789,
            28.0026732
          ],
          [
            2.6500813,
            28.0023938
          ],
          [
            2.6503917,
            28.0021318
          ],
          [
            2.6506778,
            28.0019272
          ],
          [
            2.6510319,
            28.0017181
          ],
          [
            2.6569094,
            27.9985713
          ],
          [
            2.6572879,
            27.9983521
          ],
          [
            2.6576059,
            27.9981462
          ],
          [
            2.6579572,
            27.9978654
          ],
          [
            2.6599519,
            27.9957318
          ],
          [
            2.6602214,
            27.9953842
          ],
          [
            2.6604031,
            27.9951195
          ],
          [
            2.6605848,
            27.9947986
          ],
          [
            2.6620865,
            27.9917231
          ],
          [
            2.6623649,
            27.9911218
          ],
          [
            2.6624763,
            27.9908004
          ],
          [
            2.6625748,
            27.9904449
          ],
          [
            2.6633737,
            27.9864711
          ],
          [
            2.6635,
            27.9857658
          ],
          [
            2.6635329,
            27.985214
          ],
          [
            2.6634944,
            27.9846883
          ],
          [
            2.6633959,
            27.9842004
          ],
          [
            2.6632374,
            27.9837466
          ],
          [
            2.6630233,
            27.9833003
          ],
          [
            2.6627632,
            27.9827973
          ],
          [
            2.6574393,
            27.9739157
          ],
          [
            2.6571698,
            27.9733888
          ],
          [
            2.6568794,
            27.97269
          ],
          [
            2.6566353,
            27.9719222
          ],
          [
            2.6564982,
            27.97137
          ],
          [
            2.6564254,
            27.9708669
          ],
          [
            2.6537033,
            27.9469359
          ],
          [
            2.65362,
            27.9461494
          ],
          [
            2.6535386,
            27.9455062
          ],
          [
            2.6534316,
            27.945022
          ],
          [
            2.649641,
            27.9308704
          ],
          [
            2.6493428,
            27.9297136
          ],
          [
            2.6492483,
            27.9291247
          ],
          [
            2.6492019,
            27.9286108
          ],
          [
            2.6483063,
            27.9096054
          ],
          [
            2.6482458,
            27.9082701
          ],
          [
            2.6482458,
            27.9077188
          ],
          [
            2.6482639,
            27.9071033
          ],
          [
            2.6494509,
            27.8910371
          ],
          [
            2.6495065,
            27.8902762
          ],
          [
            2.6495322,
            27.8896062
          ],
          [
            2.6495377,
            27.8891686
          ],
          [
            2.649075,
            27.8694504
          ],
          [
            2.6490295,
            27.8684273
          ],
          [
            2.649008,
            27.8677155
          ],
          [
            2.6489438,
            27.8670568
          ],
          [
            2.6488153,
            27.8662767
          ],
          [
            2.6455066,
            27.8469552
          ],
          [
            2.6448343,
            27.8427838
          ],
          [
            2.6446936,
            27.8417272
          ],
          [
            2.6421898,
            27.8196842
          ],
          [
            2.6397434,
            27.7988273
          ],
          [
            2.6395253,
            27.7967806
          ],
          [
            2.6394977,
            27.7962504
          ],
          [
            2.639489,
            27.7960841
          ],
          [
            2.6408679,
            27.7728267
          ],
          [
            2.6415964,
            27.7605387
          ],
          [
            2.6416007,
            27.7599247
          ],
          [
            2.6415322,
            27.7593259
          ],
          [
            2.6413566,
            27.7584164
          ],
          [
            2.6411125,
            27.7576091
          ],
          [
            2.6320208,
            27.7318372
          ],
          [
            2.6313272,
            27.7298505
          ],
          [
            2.6308211,
            27.7284645
          ],
          [
            2.6198689,
            27.7020403
          ],
          [
            2.6195434,
            27.7012061
          ],
          [
            2.6192997,
            27.7002362
          ],
          [
            2.6188344,
            27.6982805
          ],
          [
            2.6155502,
            27.6844746
          ],
          [
            2.6152413,
            27.6831176
          ],
          [
            2.6151117,
            27.682332
          ],
          [
            2.6101207,
            27.6518611
          ],
          [
            2.6081108,
            27.6395368
          ],
          [
            2.607871,
            27.6380306
          ],
          [
            2.6076269,
            27.6367179
          ],
          [
            2.6073574,
            27.6355515
          ],
          [
            2.6067038,
            27.6328177
          ],
          [
            2.6001697,
            27.6070303
          ],
          [
            2.599449,
            27.6042232
          ],
          [
            2.5988214,
            27.602019
          ],
          [
            2.5979778,
            27.5993523
          ],
          [
            2.5898356,
            27.5736112
          ],
          [
            2.5894661,
            27.5724274
          ],
          [
            2.589081,
            27.5712391
          ],
          [
            2.5839051,
            27.5509274
          ],
          [
            2.5835712,
            27.5497541
          ],
          [
            2.5833645,
            27.5490653
          ],
          [
            2.5792411,
            27.5361765
          ],
          [
            2.5789282,
            27.535123
          ],
          [
            2.5782227,
            27.532912
          ],
          [
            2.5724719,
            27.514849
          ],
          [
            2.5639425,
            27.4880529
          ],
          [
            2.5632959,
            27.4860463
          ],
          [
            2.5629658,
            27.484918
          ],
          [
            2.5628265,
            27.484018
          ],
          [
            2.5627506,
            27.4830484
          ],
          [
            2.5602414,
            27.4432777
          ],
          [
            2.5601672,
            27.4420383
          ],
          [
            2.5600703,
            27.4409202
          ],
          [
            2.5576728,
            27.4187525
          ],
          [
            2.5576293,
            27.4183636
          ],
          [
            2.557538,
            27.4176103
          ],
          [
            2.5574108,
            27.4170807
          ],
          [
            2.5572654,
            27.416578
          ],
          [
            2.5569717,
            27.4158764
          ],
          [
            2.5567092,
            27.4153638
          ],
          [
            2.5558511,
            27.4138812
          ],
          [
            2.5451469,
            27.3955809
          ],
          [
            2.5442561,
            27.3940371
          ],
          [
            2.5435836,
            27.3927314
          ],
          [
            2.5293174,
            27.3630695
          ],
          [
            2.5288993,
            27.362117
          ],
          [
            2.5285587,
            27.3612833
          ],
          [
            2.5283256,
            27.3603608
          ],
          [
            2.5282317,
            27.3596211
          ],
          [
            2.5282044,
            27.3589568
          ],
          [
            2.5282196,
            27.3583167
          ],
          [
            2.5282982,
            27.3575215
          ],
          [
            2.5295223,
            27.3468616
          ],
          [
            2.529745,
            27.3449406
          ],
          [
            2.5297836,
            27.3443471
          ],
          [
            2.5297793,
            27.3436966
          ],
          [
            2.529715,
            27.3430004
          ],
          [
            2.5296165,
            27.3424108
          ],
          [
            2.5294027,
            27.3416537
          ],
          [
            2.5286325,
            27.3388147
          ],
          [
            2.5247874,
            27.3260403
          ],
          [
            2.5239691,
            27.3233214
          ],
          [
            2.5217279,
            27.3158748
          ]
        ]
      },
      "properties": {
        "name": "Trans-Sahara",
        "highway": "primary",
        "maxspeed": "100",
        "ref": "RN 1"
      }
    },
    {
      "type": "Feature",
      "geometry": {
        "type": "LineString",
        "coordinates": [
          [
            2.83865,
            27.3525831
          ],
          [
            2.8378867,
            27.3524381
          ],
          [
            2.8368482,
            27.3522694
          ],
          [
            2.8356619,
            27.3520541
          ],
          [
            2.8349238,
            27.351932
          ],
          [
            2.8341236,
            27.3517996
          ],
          [
            2.8336948,
            27.3517176
          ],
          [
            2.8329588,
            27.3515429
          ],
          [
            2.8316735,
            27.3512229
          ],
          [
            2.8312177,
            27.3510968
          ],
          [
            2.8299853,
            27.3506835
          ],
          [
            2.8296101,
            27.3505665
          ],
          [
            2.8287706,
            27.3502258
          ],
          [
            2.8280893,
            27.350009
          ],
          [
            2.8274916,
            27.349766
          ],
          [
            2.8244912,
            27.3486574
          ],
          [
            2.823443,
            27.3482581
          ],
          [
            2.8221538,
            27.3478198
          ],
          [
            2.8211866,
            27.3475067
          ],
          [
            2.8203621,
            27.3472999
          ],
          [
            2.8195733,
            27.3470882
          ],
          [
            2.8186447,
            27.3468934
          ],
          [
            2.8179318,
            27.3467237
          ],
          [
            2.8172693,
            27.3465926
          ],
          [
            2.8159309,
            27.3463639
          ],
          [
            2.8146112,
            27.3460661
          ],
          [
            2.8132899,
            27.345811
          ],
          [
            2.8122267,
            27.3455878
          ],
          [
            2.8121439,
            27.3455693
          ],
          [
            2.8113844,
            27.345399
          ],
          [
            2.8105774,
            27.3451988
          ],
          [
            2.8098946,
            27.3449981
          ],
          [
            2.8090295,
            27.3447274
          ],
          [
            2.8082856,
            27.344488
          ],
          [
            2.807258,
            27.3441151
          ],
          [
            2.8059223,
            27.3435267
          ],
          [
            2.8047981,
            27.343053
          ],
          [
            2.8030088,
            27.342299
          ],
          [
            2.8016648,
            27.3417529
          ],
          [
            2.7991005,
            27.3406472
          ],
          [
            2.7953158,
            27.3390873
          ],
          [
            2.7925749,
            27.3379672
          ],
          [
            2.7897546,
            27.3369077
          ],
          [
            2.7866732,
            27.3357338
          ],
          [
            2.7833268,
            27.3344589
          ],
          [
            2.780682,
            27.3334473
          ],
          [
            2.7792471,
            27.3328992
          ],
          [
            2.7780085,
            27.3323592
          ],
          [
            2.7767479,
            27.3317572
          ],
          [
            2.7764293,
            27.3316381
          ],
          [
            2.7756834,
            27.3312863
          ],
          [
            2.7743149,
            27.3305442
          ],
          [
            2.7722163,
            27.3294117
          ],
          [
            2.7700867,
            27.3282727
          ],
          [
            2.7657281,
            27.3258906
          ],
          [
            2.7648671,
            27.3254323
          ],
          [
            2.7640407,
            27.3249851
          ],
          [
            2.7628568,
            27.3243993
          ],
          [
            2.7615474,
            27.3238178
          ],
          [
            2.7603744,
            27.3233091
          ],
          [
            2.7591604,
            27.3228168
          ],
          [
            2.757314,
            27.3220795
          ],
          [
            2.755601,
            27.3213427
          ],
          [
            2.7489462,
            27.318657
          ],
          [
            2.7477237,
            27.31815
          ],
          [
            2.7461348,
            27.3174586
          ],
          [
            2.7439735,
            27.3164034
          ],
          [
            2.7395832,
            27.314279
          ],
          [
            2.7349727,
            27.3119572
          ],
          [
            2.7324892,
            27.3107459
          ],
          [
            2.731048,
            27.3101423
          ],
          [
            2.7296625,
            27.3096185
          ],
          [
            2.7277164,
            27.3090746
          ],
          [
            2.7214106,
            27.3075045
          ],
          [
            2.7175076,
            27.3065179
          ],
          [
            2.7160609,
            27.3060781
          ],
          [
            2.7146965,
            27.3055544
          ],
          [
            2.7135535,
            27.3050862
          ],
          [
            2.7123627,
            27.3045389
          ],
          [
            2.7065187,
            27.3014077
          ],
          [
            2.7000542,
            27.2979781
          ],
          [
            2.6980696,
            27.2969943
          ],
          [
            2.6958084,
            27.2959284
          ],
          [
            2.6929982,
            27.2946423
          ],
          [
            2.68924,
            27.292946
          ],
          [
            2.6826883,
            27.2899413
          ],
          [
            2.6808159,
            27.2890616
          ],
          [
            2.6761715,
            27.2865295
          ],
          [
            2.6696642,
            27.2828727
          ],
          [
            2.6676959,
            27.2818388
          ],
          [
            2.6662796,
            27.281234
          ],
          [
            2.6647831,
            27.2807127
          ],
          [
            2.6633971,
            27.2803579
          ],
          [
            2.6556055,
            27.2785706
          ],
          [
            2.6513675,
            27.2776068
          ],
          [
            2.6487158,
            27.2768648
          ],
          [
            2.6474323,
            27.2764583
          ],
          [
            2.6455005,
            27.2758072
          ],
          [
            2.6335139,
            27.2714037
          ],
          [
            2.6326845,
            27.2711437
          ],
          [
            2.6315254,
            27.2708445
          ],
          [
            2.630303,
            27.2706145
          ],
          [
            2.6292805,
            27.2704543
          ],
          [
            2.6283811,
            27.2703588
          ],
          [
            2.6267827,
            27.2702544
          ],
          [
            2.6131852,
            27.2696368
          ],
          [
            2.59379,
            27.2684381
          ],
          [
            2.5924893,
            27.2683524
          ],
          [
            2.5913421,
            27.2683293
          ],
          [
            2.5906528,
            27.2683655
          ],
          [
            2.5900437,
            27.268481
          ],
          [
            2.5895789,
            27.2686098
          ],
          [
            2.5888882,
            27.2689112
          ],
          [
            2.5883995,
            27.2692081
          ],
          [
            2.5881206,
            27.2694042
          ],
          [
            2.5876384,
            27.2698164
          ],
          [
            2.5872987,
            27.2701738
          ],
          [
            2.5867002,
            27.2709068
          ],
          [
            2.5860889,
            27.2717248
          ],
          [
            2.5857335,
            27.2722935
          ],
          [
            2.585459,
            27.2728634
          ],
          [
            2.5852924,
            27.2733049
          ],
          [
            2.5849381,
            27.2744811
          ],
          [
            2.5844167,
            27.2764273
          ],
          [
            2.5834409,
            27.276188
          ],
          [
            2.574564,
            27.2740113
          ],
          [
            2.5737356,
            27.2738521
          ],
          [
            2.5733128,
            27.273802
          ],
          [
            2.5727954,
            27.2738113
          ],
          [
            2.5721616,
            27.2738815
          ],
          [
            2.5575797,
            27.275467
          ],
          [
            2.5474924,
            27.2766163
          ],
          [
            2.5445513,
            27.2769505
          ],
          [
            2.544208,
            27.2769886
          ],
          [
            2.5427513,
            27.2771359
          ],
          [
            2.5418121,
            27.2772308
          ],
          [
            2.5416398,
            27.2772483
          ],
          [
            2.5398829,
            27.2774259
          ],
          [
            2.5387459,
            27.2775409
          ],
          [
            2.5382907,
            27.2775869
          ],
          [
            2.5379655,
            27.2776234
          ],
          [
            2.5375985,
            27.2776646
          ],
          [
            2.535858,
            27.2778601
          ],
          [
            2.5351222,
            27.2779484
          ],
          [
            2.5350165,
            27.2779611
          ],
          [
            2.5338664,
            27.2780953
          ],
          [
            2.5332552,
            27.2781584
          ],
          [
            2.532911,
            27.2781877
          ],
          [
            2.5327257,
            27.2781965
          ],
          [
            2.5321287,
            27.2782326
          ],
          [
            2.5315271,
            27.2782501
          ],
          [
            2.5311043,
            27.2782507
          ],
          [
            2.5303636,
            27.2782517
          ],
          [
            2.5292766,
            27.2782826
          ],
          [
            2.5286316,
            27.2782976
          ],
          [
            2.5273442,
            27.2783276
          ],
          [
            2.5269853,
            27.2783374
          ],
          [
            2.5257304,
            27.2783216
          ],
          [
            2.523666,
            27.2782956
          ],
          [
            2.5207875,
            27.2782469
          ],
          [
            2.5199675,
            27.278233
          ],
          [
            2.5185548,
            27.2781877
          ],
          [
            2.5172897,
            27.2781721
          ],
          [
            2.5171903,
            27.2781683
          ],
          [
            2.5133999,
            27.2780962
          ],
          [
            2.5093114,
            27.2780469
          ]
        ]
      },
      "properties": {
        "highway": "secondary",
        "maxspeed": "60",
        "ref": "CW 143"
      }
    },
    {
      "type": "Feature",
      "geometry": {
        "type": "LineString",
        "coordinates": [
          [
            2.4995734,
            27.1747129
          ],
          [
            2.4966589,
            27.1735773
          ],
          [
            2.4965678,
            27.173538
          ],
          [
            2.49609,
            27.1733316
          ],
          [
            2.4957086,
            27.1731062
          ],
          [
            2.4951618,
            27.1726893
          ],
          [
            2.494773,
            27.1722077
          ],
          [
            2.4947039,
            27.1721221
          ],
          [
            2.4944345,
            27.171515
          ],
          [
            2.4943178,
            27.1709159
          ],
          [
            2.4943131,
            27.1707327
          ],
          [
            2.4943036,
            27.1703569
          ],
          [
            2.4942998,
            27.1702089
          ],
          [
            2.4943434,
            27.169858
          ],
          [
            2.4944255,
            27.1691983
          ],
          [
            2.4944704,
            27.1683435
          ],
          [
            2.4944075,
            27.1677683
          ],
          [
            2.4942696,
            27.1672201
          ],
          [
            2.4942055,
            27.1671132
          ],
          [
            2.494052,
            27.1667644
          ],
          [
            2.4938911,
            27.1664828
          ],
          [
            2.4935773,
            27.1660414
          ],
          [
            2.4932957,
            27.1656834
          ],
          [
            2.4930274,
            27.1654352
          ],
          [
            2.4928064,
            27.1652847
          ],
          [
            2.4926205,
            27.1651582
          ],
          [
            2.4920499,
            27.1648437
          ],
          [
            2.490928,
            27.1642253
          ],
          [
            2.4900197,
            27.1637126
          ],
          [
            2.4889315,
            27.1630983
          ],
          [
            2.4888403,
            27.1630469
          ],
          [
            2.4878189,
            27.1624758
          ],
          [
            2.4860252,
            27.161473
          ],
          [
            2.4835379,
            27.1600709
          ],
          [
            2.4816702,
            27.1590443
          ],
          [
            2.4800674,
            27.1581135
          ],
          [
            2.4789988,
            27.1575862
          ],
          [
            2.4784556,
            27.1573864
          ],
          [
            2.4779617,
            27.1572706
          ],
          [
            2.4773646,
            27.1571747
          ],
          [
            2.4767809,
            27.1571228
          ],
          [
            2.4759997,
            27.1571308
          ],
          [
            2.4751422,
            27.1572306
          ],
          [
            2.4742757,
            27.1574384
          ],
          [
            2.4730544,
            27.1579497
          ],
          [
            2.4715684,
            27.1586648
          ],
          [
            2.4696288,
            27.1595915
          ],
          [
            2.46843,
            27.1601148
          ],
          [
            2.4678733,
            27.1603146
          ],
          [
            2.4670921,
            27.1605263
          ],
          [
            2.4663782,
            27.1606661
          ],
          [
            2.4648293,
            27.1608938
          ],
          [
            2.4629301,
            27.1612373
          ],
          [
            2.4625254,
            27.1612829
          ],
          [
            2.4622027,
            27.1612972
          ],
          [
            2.4618441,
            27.1612758
          ],
          [
            2.4614755,
            27.1612253
          ],
          [
            2.4604563,
            27.1610576
          ],
          [
            2.4597828,
            27.1610056
          ],
          [
            2.4592638,
            27.161018
          ],
          [
            2.4587412,
            27.1610576
          ],
          [
            2.4582365,
            27.1611445
          ],
          [
            2.457749,
            27.1612693
          ],
          [
            2.4569588,
            27.1615369
          ],
          [
            2.456544,
            27.1617029
          ],
          [
            2.4561462,
            27.1619004
          ],
          [
            2.4557984,
            27.1620991
          ],
          [
            2.4554727,
            27.1623278
          ],
          [
            2.4550259,
            27.1626981
          ],
          [
            2.4546197,
            27.1630988
          ],
          [
            2.4519348,
            27.1660867
          ],
          [
            2.4513287,
            27.1668217
          ],
          [
            2.4504487,
            27.1681917
          ],
          [
            2.449232,
            27.1702608
          ],
          [
            2.4472461,
            27.1735341
          ],
          [
            2.4468453,
            27.1742559
          ],
          [
            2.4467403,
            27.1744873
          ],
          [
            2.4466289,
            27.1747328
          ],
          [
            2.4464835,
            27.1751578
          ],
          [
            2.4464537,
            27.175269
          ],
          [
            2.4463847,
            27.1755396
          ],
          [
            2.4463742,
            27.1755997
          ],
          [
            2.4463184,
            27.1759212
          ],
          [
            2.4462626,
            27.1762422
          ],
          [
            2.4461433,
            27.1769285
          ],
          [
            2.4460284,
            27.1775895
          ],
          [
            2.4459731,
            27.1779063
          ],
          [
            2.4459166,
            27.17823
          ],
          [
            2.4458663,
            27.1785705
          ],
          [
            2.4456432,
            27.1800847
          ],
          [
            2.4455864,
            27.1808395
          ],
          [
            2.4455684,
            27.1817924
          ],
          [
            2.4455792,
            27.182767
          ],
          [
            2.445665,
            27.1843478
          ],
          [
            2.4457717,
            27.1858079
          ]
        ]
      },
      "properties": {
        "highway": "secondary"
      }
    },
    {
      "type": "Feature",
      "geometry": {
        "type": "LineString",
        "coordinates": [
          [
            2.4383586,
            27.1778507
          ],
          [
            2.4386783,
            27.1784315
          ],
          [
            2.438909,
            27.1788514
          ],
          [
            2.4391313,
            27.1792781
          ],
          [
            2.4392894,
            27.1795693
          ],
          [
            2.4393594,
            27.1796955
          ],
          [
            2.4395042,
            27.1799348
          ],
          [
            2.439807,
            27.180486
          ],
          [
            2.440052,
            27.1809319
          ],
          [
            2.4400915,
            27.1810037
          ],
          [
            2.4403038,
            27.1813902
          ],
          [
            2.4403644,
            27.1815004
          ],
          [
            2.4404359,
            27.1816306
          ],
          [
            2.4406772,
            27.1820699
          ],
          [
            2.4408263,
            27.1823412
          ],
          [
            2.4411334,
            27.1827629
          ],
          [
            2.4411644,
            27.182792
          ],
          [
            2.4412424,
            27.1828654
          ],
          [
            2.441403,
            27.1830164
          ],
          [
            2.4417799,
            27.1833284
          ],
          [
            2.443471,
            27.1845709
          ],
          [
            2.4445827,
            27.1853868
          ],
          [
            2.4448992,
            27.1856147
          ],
          [
            2.4451606,
            27.1857957
          ],
          [
            2.4453985,
            27.1859753
          ]
        ]
      },
      "properties": {
        "highway": "tertiary"
      }
    },
    {
      "type": "Feature",
      "geometry": {
        "type": "LineString",
        "coordinates": [
          [
            2.5171903,
            27.2781683
          ],
          [
            2.5172706,
            27.276592
          ],
          [
            2.5173208,
            27.2756246
          ],
          [
            2.5173914,
            27.2744155
          ],
          [
            2.5175116,
            27.2726157
          ],
          [
            2.5175316,
            27.2722255
          ],
          [
            2.5175725,
            27.2716976
          ],
          [
            2.5176155,
            27.2711741
          ]
        ]
      },
      "properties": {
        "highway": "tertiary"
      }
    },
    {
      "type": "Feature",
      "geometry": {
        "type": "LineString",
        "coordinates": [
          [
            2.4738675,
            27.2735173
          ],
          [
            2.4739303,
            27.2732678
          ],
          [
            2.473978,
            27.2730782
          ],
          [
            2.4739958,
            27.2730103
          ],
          [
            2.4740458,
            27.272819
          ],
          [
            2.4740636,
            27.2727508
          ]
        ]
      },
      "properties": {
        "highway": "tertiary"
      }
    },
    {
      "type": "Feature",
      "geometry": {
        "type": "LineString",
        "coordinates": [
          [
            2.4740636,
            27.2727508
          ],
          [
            2.4742457,
            27.2724082
          ],
          [
            2.4744255,
            27.2722445
          ],
          [
            2.4747348,
            27.2720279
          ],
          [
            2.4748689,
            27.271934
          ],
          [
            2.475121,
            27.2717574
          ],
          [
            2.4756724,
            27.2713623
          ],
          [
            2.4758516,
            27.2712457
          ],
          [
            2.477118,
            27.2700871
          ],
          [
            2.4773506,
            27.2698743
          ],
          [
            2.4774435,
            27.2697892
          ],
          [
            2.4776032,
            27.2696431
          ],
          [
            2.4789009,
            27.2682955
          ],
          [
            2.4798816,
            27.2672182
          ],
          [
            2.4800358,
            27.2669707
          ],
          [
            2.4802071,
            27.2665406
          ],
          [
            2.4811407,
            27.2638339
          ],
          [
            2.4813463,
            27.2633694
          ],
          [
            2.4816461,
            27.2627489
          ],
          [
            2.4825069,
            27.2611471
          ],
          [
            2.4835313,
            27.2592407
          ],
          [
            2.4850955,
            27.2563297
          ],
          [
            2.485577,
            27.2555705
          ],
          [
            2.4859919,
            27.2550294
          ],
          [
            2.4865105,
            27.2544794
          ],
          [
            2.4873499,
            27.2536761
          ],
          [
            2.4876741,
            27.2533538
          ],
          [
            2.4882908,
            27.2526342
          ],
          [
            2.4893804,
            27.2513001
          ],
          [
            2.4897555,
            27.2508409
          ],
          [
            2.4900082,
            27.2504602
          ],
          [
            2.4901452,
            27.2502679
          ],
          [
            2.490278,
            27.2501175
          ],
          [
            2.4904065,
            27.2499995
          ],
          [
            2.4905327,
            27.2499287
          ],
          [
            2.490627,
            27.2498758
          ],
          [
            2.4908626,
            27.2497977
          ],
          [
            2.4920277,
            27.249513
          ],
          [
            2.4934046,
            27.249216
          ],
          [
            2.4946508,
            27.2490675
          ],
          [
            2.4964594,
            27.2488062
          ]
        ]
      },
      "properties": {
        "highway": "tertiary"
      }
    },
    {
      "type": "Feature",
      "geometry": {
        "type": "LineString",
        "coordinates": [
          [
            2.4901024,
            27.1976134
          ],
          [
            2.490076,
            27.1975783
          ],
          [
            2.4900589,
            27.1975306
          ],
          [
            2.490059,
            27.1974805
          ],
          [
            2.4900762,
            27.1974328
          ],
          [
            2.4901088,
            27.197392
          ],
          [
            2.4901538,
            27.1973619
          ],
          [
            2.4902054,
            27.1973457
          ],
          [
            2.4902602,
            27.1973437
          ],
          [
            2.4903153,
            27.1973571
          ],
          [
            2.490363,
            27.1973849
          ],
          [
            2.4904001,
            27.1974264
          ],
          [
            2.4904203,
            27.1974763
          ],
          [
            2.4904214,
            27.1975293
          ],
          [
            2.4904033,
            27.1975798
          ],
          [
            2.490368,
            27.1976225
          ],
          [
            2.4903191,
            27.1976528
          ],
          [
            2.4902619,
            27.1976676
          ],
          [
            2.4902187,
            27.1976676
          ],
          [
            2.4901766,
            27.1976587
          ],
          [
            2.4901382,
            27.1976412
          ],
          [
            2.4901024,
            27.1976134
          ]
        ]
      },
      "properties": {
        "highway": "primary",
        "maxspeed": "40"
      }
    },
    {
      "type": "Feature",
      "geometry": {
        "type": "LineString",
        "coordinates": [
          [
            2.490076,
            27.1975783
          ],
          [
            2.4895059,
            27.1973035
          ]
        ]
      },
      "properties": {
        "highway": "primary",
        "maxspeed": "40"
      }
    },
    {
      "type": "Feature",
      "geometry": {
        "type": "LineString",
        "coordinates": [
          [
            2.4895676,
            27.1972534
          ],
          [
            2.489727,
            27.1972991
          ],
          [
            2.4901538,
            27.1973619
          ]
        ]
      },
      "properties": {
        "highway": "primary",
        "maxspeed": "40"
      }
    },
    {
      "type": "Feature",
      "geometry": {
        "type": "LineString",
        "coordinates": [
          [
            2.6267827,
            27.2702544
          ],
          [
            2.6268552,
            27.2698269
          ],
          [
            2.6277761,
            27.2618446
          ],
          [
            2.6277972,
            27.2615594
          ],
          [
            2.627784,
            27.2611691
          ],
          [
            2.6277288,
            27.2604608
          ],
          [
            2.6277104,
            27.2600144
          ],
          [
            2.6277183,
            27.2594206
          ],
          [
            2.6277945,
            27.2586726
          ],
          [
            2.6279392,
            27.2576955
          ],
          [
            2.6280812,
            27.2573519
          ],
          [
            2.6283468,
            27.2569358
          ],
          [
            2.6286255,
            27.2567325
          ],
          [
            2.6290699,
            27.2564917
          ],
          [
            2.6296195,
            27.2563117
          ],
          [
            2.6298216,
            27.2562551
          ],
          [
            2.632256,
            27.2555738
          ],
          [
            2.6323638,
            27.2555154
          ],
          [
            2.6324004,
            27.2554524
          ],
          [
            2.6326215,
            27.2548258
          ],
          [
            2.6327714,
            27.2545219
          ],
          [
            2.6332992,
            27.2535702
          ],
          [
            2.6333743,
            27.2534067
          ],
          [
            2.6334197,
            27.253281
          ],
          [
            2.6334496,
            27.2530282
          ],
          [
            2.6334427,
            27.2521333
          ],
          [
            2.6334284,
            27.2520707
          ],
          [
            2.6334044,
            27.2520289
          ],
          [
            2.6332725,
            27.2518
          ],
          [
            2.63325,
            27.2516938
          ],
          [
            2.6332386,
            27.2511974
          ],
          [
            2.6332273,
            27.2510853
          ],
          [
            2.6331876,
            27.25085
          ],
          [
            2.6331891,
            27.250754
          ],
          [
            2.6332041,
            27.250671
          ],
          [
            2.6333948,
            27.250126
          ],
          [
            2.6335915,
            27.2495702
          ],
          [
            2.6337556,
            27.2488835
          ],
          [
            2.6338467,
            27.248588
          ],
          [
            2.6338578,
            27.248552
          ],
          [
            2.6339932,
            27.2479929
          ],
          [
            2.6339945,
            27.2479859
          ],
          [
            2.6340415,
            27.2477388
          ],
          [
            2.6340697,
            27.2475901
          ],
          [
            2.634086,
            27.2474631
          ],
          [
            2.634117,
            27.2472216
          ],
          [
            2.6341736,
            27.2467809
          ],
          [
            2.6341975,
            27.2466227
          ],
          [
            2.6342288,
            27.2464151
          ],
          [
            2.6342545,
            27.2462447
          ],
          [
            2.6342966,
            27.2459655
          ],
          [
            2.6343363,
            27.2457017
          ],
          [
            2.6343655,
            27.2455083
          ],
          [
            2.6344492,
            27.244953
          ],
          [
            2.6345281,
            27.2444299
          ],
          [
            2.6346449,
            27.2440395
          ]
        ]
      },
      "properties": {
        "highway": "tertiary"
      }
    },
    {
      "type": "Feature",
      "geometry": {
        "type": "LineString",
        "coordinates": [
          [
            2.4895676,
            27.1972534
          ],
          [
            2.4898603,
            27.1972302
          ],
          [
            2.4900231,
            27.1971882
          ],
          [
            2.4902243,
            27.1971066
          ],
          [
            2.4904327,
            27.1969742
          ]
        ]
      },
      "properties": {
        "highway": "primary_link",
        "maxspeed": "40"
      }
    },
    {
      "type": "Feature",
      "geometry": {
        "type": "LineString",
        "coordinates": [
          [
            2.4899328,
            27.1981873
          ],
          [
            2.4899303,
            27.1979005
          ],
          [
            2.4898619,
            27.1977158
          ],
          [
            2.4897778,
            27.1975532
          ],
          [
            2.4896489,
            27.1974129
          ],
          [
            2.4895059,
            27.1973035
          ]
        ]
      },
      "properties": {
        "highway": "primary_link",
        "maxspeed": "40"
      }
    },
    {
      "type": "Feature",
      "geometry": {
        "type": "LineString",
        "coordinates": [
          [
            2.495256,
            27.1856907
          ],
          [
            2.49523,
            27.1856631
          ],
          [
            2.4952152,
            27.1856297
          ],
          [
            2.495213,
            27.1855937
          ],
          [
            2.4952237,
            27.185559
          ],
          [
            2.4952426,
            27.1855326
          ],
          [
            2.4952565,
            27.1855217
          ],
          [
            2.495269,
            27.1855119
          ],
          [
            2.4953009,
            27.1854985
          ],
          [
            2.4953356,
            27.1854934
          ],
          [
            2.4953731,
            27.1854976
          ],
          [
            2.4954075,
            27.1855115
          ],
          [
            2.4954357,
            27.1855339
          ],
          [
            2.4954568,
            27.1855661
          ],
          [
            2.4954648,
            27.1856027
          ],
          [
            2.495459,
            27.1856396
          ],
          [
            2.4954399,
            27.1856727
          ],
          [
            2.4954097,
            27.1856985
          ],
          [
            2.4953716,
            27.1857141
          ],
          [
            2.49533,
            27.1857178
          ],
          [
            2.495256,
            27.1856907
          ]
        ]
      },
      "properties": {
        "highway": "primary",
        "maxspeed": "40"
      }
    },
    {
      "type": "Feature",
      "geometry": {
        "type": "LineString",
        "coordinates": [
          [
            2.4904327,
            27.1969742
          ],
          [
            2.4908263,
            27.1960481
          ],
          [
            2.4912336,
            27.1950895
          ],
          [
            2.4914585,
            27.1945603
          ],
          [
            2.4914862,
            27.1944951
          ],
          [
            2.4915875,
            27.1942568
          ],
          [
            2.4924095,
            27.1923226
          ],
          [
            2.4924608,
            27.1921337
          ]
        ]
      },
      "properties": {
        "name": "Trans-Sahara",
        "highway": "primary",
        "maxspeed": "80",
        "ref": "RN 1"
      }
    },
    {
      "type": "Feature",
      "geometry": {
        "type": "LineString",
        "coordinates": [
          [
            2.4966589,
            27.1735773
          ],
          [
            2.4938145,
            27.1793489
          ],
          [
            2.4927638,
            27.181486
          ],
          [
            2.4922515,
            27.1825502
          ],
          [
            2.4919529,
            27.1831403
          ],
          [
            2.4916351,
            27.1836821
          ],
          [
            2.4914703,
            27.1839479
          ],
          [
            2.4914134,
            27.1840439
          ],
          [
            2.4911273,
            27.1845133
          ],
          [
            2.4910027,
            27.1847054
          ],
          [
            2.4907834,
            27.1850494
          ],
          [
            2.4900011,
            27.1863023
          ],
          [
            2.4893571,
            27.1872426
          ],
          [
            2.4886025,
            27.1883445
          ],
          [
            2.4883703,
            27.1886834
          ],
          [
            2.4881235,
            27.1890438
          ],
          [
            2.487929,
            27.1893278
          ]
        ]
      },
      "properties": {
        "highway": "secondary",
        "maxspeed": "30"
      }
    },
    {
      "type": "Feature",
      "geometry": {
        "type": "LineString",
        "coordinates": [
          [
            2.4898717,
            27.1904382
          ],
          [
            2.4897208,
            27.1906611
          ],
          [
            2.4886089,
            27.1924421
          ],
          [
            2.488572,
            27.1925013
          ],
          [
            2.4884789,
            27.1926502
          ],
          [
            2.4882631,
            27.1930038
          ],
          [
            2.488033,
            27.1933809
          ],
          [
            2.4875781,
            27.1941261
          ],
          [
            2.4873667,
            27.1944726
          ],
          [
            2.4862281,
            27.1963382
          ],
          [
            2.4862056,
            27.1963958
          ],
          [
            2.4860497,
            27.1967958
          ],
          [
            2.4857473,
            27.1975718
          ],
          [
            2.4855776,
            27.1980074
          ],
          [
            2.4853009,
            27.1987175
          ],
          [
            2.4852658,
            27.1988074
          ],
          [
            2.4851338,
            27.1991461
          ],
          [
            2.4848808,
            27.1997955
          ],
          [
            2.4848033,
            27.1999942
          ],
          [
            2.4845359,
            27.2006804
          ],
          [
            2.4842381,
            27.2014444
          ]
        ]
      },
      "properties": {
        "highway": "secondary",
        "maxspeed": "50"
      }
    },
    {
      "type": "Feature",
      "geometry": {
        "type": "LineString",
        "coordinates": [
          [
            2.4924486,
            27.1921029
          ],
          [
            2.4907551,
            27.1912078
          ],
          [
            2.490188,
            27.1909081
          ],
          [
            2.4897208,
            27.1906611
          ],
          [
            2.4896411,
            27.1906172
          ],
          [
            2.4888692,
            27.1901684
          ],
          [
            2.4879038,
            27.1896072
          ],
          [
            2.4878452,
            27.1895326
          ]
        ]
      },
      "properties": {
        "highway": "secondary"
      }
    },
    {
      "type": "Feature",
      "geometry": {
        "type": "LineString",
        "coordinates": [
          [
            2.4841495,
            27.2014157
          ],
          [
            2.484724,
            27.199967
          ],
          [
            2.4848025,
            27.1997689
          ],
          [
            2.4850593,
            27.1991214
          ],
          [
            2.4851919,
            27.1987868
          ],
          [
            2.4852274,
            27.1986972
          ],
          [
            2.4855091,
            27.1979865
          ],
          [
            2.4856811,
            27.1975524
          ],
          [
            2.4859885,
            27.1967767
          ],
          [
            2.486056,
            27.1966063
          ],
          [
            2.4861424,
            27.1963881
          ],
          [
            2.486167,
            27.1963262
          ],
          [
            2.4873106,
            27.1944469
          ],
          [
            2.4875216,
            27.1941002
          ],
          [
            2.4879763,
            27.193353
          ],
          [
            2.488206,
            27.1929756
          ],
          [
            2.4885481,
            27.1924133
          ],
          [
            2.4896411,
            27.1906172
          ],
          [
            2.4897785,
            27.1903815
          ]
        ]
      },
      "properties": {
        "highway": "secondary",
        "maxspeed": "50"
      }
    },
    {
      "type": "Feature",
      "geometry": {
        "type": "LineString",
        "coordinates": [
          [
            2.4872465,
            27.2022187
          ],
          [
            2.4876554,
            27.2020745
          ],
          [
            2.4879698,
            27.2019096
          ],
          [
            2.4881566,
            27.2017864
          ],
          [
            2.4885331,
            27.2014684
          ]
        ]
      },
      "properties": {
        "highway": "primary_link",
        "maxspeed": "25"
      }
    },
    {
      "type": "Feature",
      "geometry": {
        "type": "LineString",
        "coordinates": [
          [
            2.487464,
            27.2039168
          ],
          [
            2.4874316,
            27.2036996
          ],
          [
            2.4873926,
            27.2034685
          ],
          [
            2.4873426,
            27.2032629
          ],
          [
            2.4872944,
            27.2031358
          ],
          [
            2.4872804,
            27.2030988
          ],
          [
            2.4872044,
            27.2029494
          ],
          [
            2.4871264,
            27.2028135
          ],
          [
            2.486927,
            27.20257
          ]
        ]
      },
      "properties": {
        "highway": "primary_link",
        "maxspeed": "25"
      }
    },
    {
      "type": "Feature",
      "geometry": {
        "type": "LineString",
        "coordinates": [
          [
            2.4863455,
            27.2063124
          ],
          [
            2.4866032,
            27.2058738
          ],
          [
            2.4868563,
            27.2053541
          ],
          [
            2.4873358,
            27.2042319
          ],
          [
            2.487464,
            27.2039168
          ],
          [
            2.4875257,
            27.2037514
          ],
          [
            2.4875871,
            27.2034926
          ],
          [
            2.4876234,
            27.2032886
          ],
          [
            2.4876335,
            27.2031521
          ],
          [
            2.4876349,
            27.2029231
          ]
        ]
      },
      "properties": {
        "name": "Trans-Sahara",
        "highway": "primary",
        "maxspeed": "60",
        "ref": "RN 1"
      }
    },
    {
      "type": "Feature",
      "geometry": {
        "type": "LineString",
        "coordinates": [
          [
            2.4872465,
            27.2022187
          ],
          [
            2.4877597,
            27.2022859
          ],
          [
            2.4877971,
            27.2023047
          ],
          [
            2.4878521,
            27.2023565
          ]
        ]
      },
      "properties": {
        "highway": "secondary",
        "maxspeed": "25"
      }
    },
    {
      "type": "Feature",
      "geometry": {
        "type": "LineString",
        "coordinates": [
          [
            2.4880037,
            27.2029028
          ],
          [
            2.4879366,
            27.2029422
          ],
          [
            2.4878462,
            27.202965
          ],
          [
            2.4877448,
            27.2029625
          ],
          [
            2.4876349,
            27.2029231
          ],
          [
            2.4875907,
            27.2028339
          ],
          [
            2.4875692,
            27.2027526
          ],
          [
            2.4875651,
            27.2026583
          ],
          [
            2.4875906,
            27.2025617
          ],
          [
            2.4876308,
            27.2024806
          ],
          [
            2.4876979,
            27.2024233
          ],
          [
            2.4877717,
            27.2023876
          ],
          [
            2.4878521,
            27.2023565
          ],
          [
            2.487892,
            27.2023518
          ],
          [
            2.4879353,
            27.2023506
          ],
          [
            2.4880305,
            27.2023756
          ],
          [
            2.4881069,
            27.2024281
          ],
          [
            2.4881633,
            27.2025152
          ],
          [
            2.4881713,
            27.2025963
          ],
          [
            2.4881652,
            27.2026292
          ],
          [
            2.4881579,
            27.2026691
          ],
          [
            2.4881324,
            27.2027573
          ],
          [
            2.4881016,
            27.202805
          ],
          [
            2.4880037,
            27.2029028
          ]
        ]
      },
      "properties": {
        "highway": "primary",
        "maxspeed": "25"
      }
    },
    {
      "type": "Feature",
      "geometry": {
        "type": "LineString",
        "coordinates": [
          [
            2.4876349,
            27.2029231
          ],
          [
            2.4875251,
            27.2028602
          ],
          [
            2.486927,
            27.20257
          ]
        ]
      },
      "properties": {
        "highway": "secondary",
        "maxspeed": "25"
      }
    },
    {
      "type": "Feature",
      "geometry": {
        "type": "LineString",
        "coordinates": [
          [
            2.4878521,
            27.2023565
          ],
          [
            2.4879173,
            27.2023056
          ],
          [
            2.4880292,
            27.2022283
          ],
          [
            2.4881014,
            27.2021614
          ],
          [
            2.4881757,
            27.2020829
          ],
          [
            2.4882841,
            27.2019489
          ],
          [
            2.4883986,
            27.2017578
          ],
          [
            2.4885331,
            27.2014684
          ],
          [
            2.4889594,
            27.2004239
          ],
          [
            2.4890155,
            27.200295
          ],
          [
            2.4890493,
            27.2002172
          ],
          [
            2.4892213,
            27.1998221
          ],
          [
            2.4893937,
            27.1994259
          ],
          [
            2.4896975,
            27.1987279
          ],
          [
            2.4899328,
            27.1981873
          ],
          [
            2.4901382,
            27.1976412
          ]
        ]
      },
      "properties": {
        "name": "Trans-Sahara",
        "highway": "primary",
        "maxspeed": "60",
        "ref": "RN 1"
      }
    },
    {
      "type": "Feature",
      "geometry": {
        "type": "LineString",
        "coordinates": [
          [
            2.49533,
            27.1857178
          ],
          [
            2.4950775,
            27.1863359
          ],
          [
            2.4950398,
            27.1864283
          ],
          [
            2.49502,
            27.1864746
          ],
          [
            2.495,
            27.1865213
          ],
          [
            2.4948668,
            27.1868331
          ],
          [
            2.4944768,
            27.1877455
          ],
          [
            2.4940253,
            27.1888019
          ],
          [
            2.4934877,
            27.1900595
          ],
          [
            2.4931005,
            27.1909574
          ],
          [
            2.4927092,
            27.1918647
          ],
          [
            2.4926743,
            27.192033
          ]
        ]
      },
      "properties": {
        "name": "Trans-Sahara",
        "highway": "primary",
        "maxspeed": "80",
        "ref": "RN 1"
      }
    },
    {
      "type": "Feature",
      "geometry": {
        "type": "LineString",
        "coordinates": [
          [
            2.4902619,
            27.1976676
          ],
          [
            2.4900975,
            27.1980051
          ],
          [
            2.4894636,
            27.1994526
          ],
          [
            2.4893687,
            27.1996693
          ],
          [
            2.4892902,
            27.1998485
          ],
          [
            2.4891192,
            27.2002391
          ],
          [
            2.4890852,
            27.2003166
          ],
          [
            2.4890288,
            27.2004456
          ],
          [
            2.4882226,
            27.2023902
          ]
        ]
      },
      "properties": {
        "name": "Trans-Sahara",
        "highway": "primary",
        "maxspeed": "60",
        "ref": "RN 1"
      }
    },
    {
      "type": "Feature",
      "geometry": {
        "type": "LineString",
        "coordinates": [
          [
            2.4882226,
            27.2023902
          ],
          [
            2.4881865,
            27.2024662
          ],
          [
            2.4881633,
            27.2025152
          ]
        ]
      },
      "properties": {
        "name": "Trans-Sahara",
        "highway": "primary",
        "maxspeed": "80"
      }
    },
    {
      "type": "Feature",
      "geometry": {
        "type": "LineString",
        "coordinates": [
          [
            2.4880037,
            27.2029028
          ],
          [
            2.4872529,
            27.20466
          ],
          [
            2.487041,
            27.2051558
          ],
          [
            2.4864938,
            27.2063643
          ]
        ]
      },
      "properties": {
        "name": "Trans-Sahara",
        "highway": "primary",
        "maxspeed": "60",
        "ref": "RN 1"
      }
    },
    {
      "type": "Feature",
      "geometry": {
        "type": "LineString",
        "coordinates": [
          [
            2.4864013,
            27.2065508
          ],
          [
            2.4851371,
            27.2095258
          ],
          [
            2.4850385,
            27.2098803
          ],
          [
            2.4849281,
            27.210404
          ]
        ]
      },
      "properties": {
        "name": "Trans-Sahara",
        "highway": "trunk",
        "maxspeed": "60",
        "ref": "RN 1"
      }
    },
    {
      "type": "Feature",
      "geometry": {
        "type": "LineString",
        "coordinates": [
          [
            2.4848649,
            27.2105326
          ],
          [
            2.4847287,
            27.2107403
          ],
          [
            2.4846246,
            27.2109367
          ],
          [
            2.4845675,
            27.2110626
          ],
          [
            2.4837502,
            27.2129753
          ],
          [
            2.4832336,
            27.2142365
          ],
          [
            2.4831948,
            27.2143678
          ],
          [
            2.4831783,
            27.2144908
          ],
          [
            2.4831515,
            27.2153669
          ],
          [
            2.4831661,
            27.2156146
          ],
          [
            2.4832211,
            27.2159763
          ],
          [
            2.4833164,
            27.2163316
          ],
          [
            2.4834374,
            27.2166575
          ],
          [
            2.4835913,
            27.2169802
          ],
          [
            2.4837452,
            27.2172637
          ],
          [
            2.4839834,
            27.2176288
          ],
          [
            2.4841594,
            27.2178308
          ],
          [
            2.4843316,
            27.2180134
          ],
          [
            2.4845369,
            27.2182187
          ],
          [
            2.4854648,
            27.218994
          ],
          [
            2.4908355,
            27.2234948
          ],
          [
            2.4916756,
            27.2241977
          ],
          [
            2.4922221,
            27.2247195
          ],
          [
            2.4926961,
            27.225253
          ],
          [
            2.4930064,
            27.2256799
          ],
          [
            2.4933448,
            27.2261525
          ],
          [
            2.49355,
            27.2265208
          ],
          [
            2.4937662,
            27.2270161
          ],
          [
            2.4939692,
            27.2275444
          ],
          [
            2.4941188,
            27.2280465
          ],
          [
            2.4942222,
            27.2285516
          ],
          [
            2.4943186,
            27.2291837
          ],
          [
            2.4943548,
            27.2296284
          ],
          [
            2.4943427,
            27.2301213
          ],
          [
            2.4942181,
            27.233476
          ],
          [
            2.4940535,
            27.2379103
          ],
          [
            2.4940475,
            27.2387781
          ],
          [
            2.4940716,
            27.2399352
          ],
          [
            2.49418,
            27.2408137
          ],
          [
            2.4943066,
            27.2417082
          ],
          [
            2.494656,
            27.2432295
          ],
          [
            2.4948608,
            27.2439365
          ],
          [
            2.4952404,
            27.2449328
          ],
          [
            2.4966287,
            27.2482059
          ],
          [
            2.4967424,
            27.2483883
          ],
          [
            2.4969494,
            27.2486557
          ]
        ]
      },
      "properties": {
        "name": "Trans-Sahara",
        "highway": "trunk",
        "maxspeed": "80",
        "ref": "RN 1"
      }
    },
    {
      "type": "Feature",
      "geometry": {
        "type": "LineString",
        "coordinates": [
          [
            2.4845716,
            27.2103866
          ],
          [
            2.4845866,
            27.2103429
          ],
          [
            2.484615,
            27.2103048
          ],
          [
            2.4846622,
            27.2102713
          ],
          [
            2.4847193,
            27.2102536
          ],
          [
            2.4847797,
            27.2102538
          ],
          [
            2.4848367,
            27.2102718
          ],
          [
            2.4848837,
            27.2103056
          ],
          [
            2.4849153,
            27.2103514
          ],
          [
            2.4849281,
            27.210404
          ],
          [
            2.4849223,
            27.2104519
          ],
          [
            2.4849005,
            27.2104962
          ],
          [
            2.4848649,
            27.2105326
          ],
          [
            2.4848184,
            27.210558
          ],
          [
            2.4847654,
            27.2105698
          ],
          [
            2.4847109,
            27.2105669
          ],
          [
            2.4846599,
            27.2105494
          ],
          [
            2.4846171,
            27.2105192
          ],
          [
            2.4845866,
            27.2104789
          ],
          [
            2.4845711,
            27.2104323
          ],
          [
            2.4845714,
            27.2104004
          ],
          [
            2.4845716,
            27.2103866
          ]
        ]
      },
      "properties": {
        "highway": "trunk",
        "maxspeed": "40"
      }
    },
    {
      "type": "Feature",
      "geometry": {
        "type": "LineString",
        "coordinates": [
          [
            2.484615,
            27.2103048
          ],
          [
            2.4848144,
            27.2099856
          ],
          [
            2.4849411,
            27.2097213
          ],
          [
            2.4854363,
            27.2085372
          ],
          [
            2.4862815,
            27.2065163
          ]
        ]
      },
      "properties": {
        "name": "Trans-Sahara",
        "highway": "trunk",
        "maxspeed": "60",
        "ref": "RN 1"
      }
    },
    {
      "type": "Feature",
      "geometry": {
        "type": "LineString",
        "coordinates": [
          [
            2.4865118,
            27.206401
          ],
          [
            2.4865154,
            27.2064409
          ],
          [
            2.4865042,
            27.2064798
          ],
          [
            2.4864795,
            27.2065132
          ],
          [
            2.4864439,
            27.2065378
          ],
          [
            2.4864013,
            27.2065508
          ],
          [
            2.4863578,
            27.206551
          ],
          [
            2.4863165,
            27.2065391
          ],
          [
            2.4862815,
            27.2065163
          ],
          [
            2.4862578,
            27.2064876
          ],
          [
            2.4862444,
            27.206454
          ],
          [
            2.4862425,
            27.2064184
          ],
          [
            2.4862516,
            27.2063855
          ],
          [
            2.4862744,
            27.2063517
          ],
          [
            2.4863065,
            27.2063271
          ],
          [
            2.4863455,
            27.2063124
          ],
          [
            2.4863877,
            27.2063089
          ],
          [
            2.486429,
            27.2063172
          ],
          [
            2.4864656,
            27.2063362
          ],
          [
            2.4864938,
            27.2063643
          ],
          [
            2.4865118,
            27.206401
          ]
        ]
      },
      "properties": {
        "highway": "primary",
        "maxspeed": "40"
      }
    },
    {
      "type": "Feature",
      "geometry": {
        "type": "LineString",
        "coordinates": [
          [
            2.4879488,
            27.1893556
          ],
          [
            2.4880289,
            27.1893828
          ],
          [
            2.4890241,
            27.1899508
          ],
          [
            2.4897785,
            27.1903815
          ],
          [
            2.4898717,
            27.1904382
          ],
          [
            2.4900642,
            27.1905556
          ],
          [
            2.4904961,
            27.190809
          ],
          [
            2.4915251,
            27.1914127
          ],
          [
            2.4925084,
            27.1919897
          ]
        ]
      },
      "properties": {
        "highway": "secondary",
        "maxspeed": "50"
      }
    },
    {
      "type": "Feature",
      "geometry": {
        "type": "LineString",
        "coordinates": [
          [
            2.4925392,
            27.1919784
          ],
          [
            2.4926113,
            27.1918703
          ],
          [
            2.4928294,
            27.1913629
          ],
          [
            2.4930168,
            27.1909273
          ],
          [
            2.4932813,
            27.1903119
          ],
          [
            2.4934041,
            27.1900263
          ],
          [
            2.4937844,
            27.1891418
          ],
          [
            2.4940109,
            27.1886119
          ],
          [
            2.4942999,
            27.1879356
          ],
          [
            2.4943928,
            27.1877176
          ],
          [
            2.4949123,
            27.1864883
          ],
          [
            2.494934,
            27.1864419
          ],
          [
            2.4949494,
            27.1864021
          ],
          [
            2.4949923,
            27.186304
          ],
          [
            2.495256,
            27.1856907
          ]
        ]
      },
      "properties": {
        "name": "Trans-Sahara",
        "highway": "primary",
        "maxspeed": "80",
        "ref": "RN 1"
      }
    },
    {
      "type": "Feature",
      "geometry": {
        "type": "LineString",
        "coordinates": [
          [
            2.492687,
            27.1920685
          ],
          [
            2.4926854,
            27.1921057
          ],
          [
            2.4926696,
            27.1921401
          ],
          [
            2.4926415,
            27.1921677
          ],
          [
            2.4926045,
            27.1921851
          ],
          [
            2.4925631,
            27.1921903
          ],
          [
            2.4925222,
            27.1921826
          ],
          [
            2.4924867,
            27.1921629
          ],
          [
            2.4924608,
            27.1921337
          ],
          [
            2.4924486,
            27.1921029
          ],
          [
            2.4924473,
            27.1920703
          ],
          [
            2.4924615,
            27.192035
          ],
          [
            2.492477,
            27.1920115
          ],
          [
            2.4925084,
            27.1919897
          ],
          [
            2.4925392,
            27.1919784
          ],
          [
            2.4925782,
            27.1919759
          ],
          [
            2.492616,
            27.1919846
          ],
          [
            2.4926488,
            27.1920036
          ],
          [
            2.4926743,
            27.192033
          ],
          [
            2.492687,
            27.1920685
          ]
        ]
      },
      "properties": {
        "highway": "primary",
        "maxspeed": "40"
      }
    },
    {
      "type": "Feature",
      "geometry": {
        "type": "LineString",
        "coordinates": [
          [
            2.4953356,
            27.1854934
          ],
          [
            2.4969971,
            27.1816278
          ],
          [
            2.4995738,
            27.1755843
          ],
          [
            2.4998231,
            27.1749998
          ]
        ]
      },
      "properties": {
        "name": "Trans-Sahara",
        "highway": "primary",
        "maxspeed": "80",
        "ref": "RN 1"
      }
    },
    {
      "type": "Feature",
      "geometry": {
        "type": "LineString",
        "coordinates": [
          [
            2.4999485,
            27.1747114
          ],
          [
            2.5004747,
            27.1735209
          ]
        ]
      },
      "properties": {
        "name": "Trans-Sahara",
        "highway": "primary",
        "maxspeed": "80",
        "ref": "RN 1"
      }
    },
    {
      "type": "Feature",
      "geometry": {
        "type": "LineString",
        "coordinates": [
          [
            2.4997854,
            27.1749673
          ],
          [
            2.4997598,
            27.1749266
          ],
          [
            2.4997485,
            27.174881
          ],
          [
            2.4997526,
            27.1748344
          ],
          [
            2.4997717,
            27.1747909
          ],
          [
            2.4998039,
            27.1747543
          ],
          [
            2.4998466,
            27.1747275
          ],
          [
            2.4998962,
            27.1747128
          ],
          [
            2.4999485,
            27.1747114
          ],
          [
            2.4999983,
            27.1747233
          ],
          [
            2.5000423,
            27.1747472
          ],
          [
            2.5000776,
            27.1747824
          ],
          [
            2.5000998,
            27.1748253
          ],
          [
            2.500107,
            27.1748721
          ],
          [
            2.5000985,
            27.1749186
          ],
          [
            2.5000766,
            27.1749589
          ],
          [
            2.500043,
            27.1749921
          ],
          [
            2.5000004,
            27.1750158
          ],
          [
            2.4999521,
            27.1750281
          ],
          [
            2.4999019,
            27.1750279
          ],
          [
            2.4998606,
            27.1750181
          ],
          [
            2.4998231,
            27.1749998
          ],
          [
            2.4997854,
            27.1749673
          ]
        ]
      },
      "properties": {
        "highway": "primary",
        "maxspeed": "40"
      }
    },
    {
      "type": "Feature",
      "geometry": {
        "type": "LineString",
        "coordinates": [
          [
            2.5004747,
            27.1735209
          ],
          [
            2.5000423,
            27.1747472
          ]
        ]
      },
      "properties": {
        "name": "Trans-Sahara",
        "highway": "primary",
        "maxspeed": "80",
        "ref": "RN 1"
      }
    },
    {
      "type": "Feature",
      "geometry": {
        "type": "LineString",
        "coordinates": [
          [
            3.2011877,
            25.7258832
          ],
          [
            3.2012288,
            25.7307918
          ],
          [
            3.2011455,
            25.7323711
          ],
          [
            3.2009152,
            25.7341355
          ],
          [
            3.200335,
            25.737205
          ],
          [
            3.1996813,
            25.7394104
          ],
          [
            3.1984912,
            25.7431886
          ],
          [
            3.1973725,
            25.7465042
          ],
          [
            3.1959538,
            25.7509608
          ],
          [
            3.1945683,
            25.7552445
          ],
          [
            3.1941025,
            25.7566684
          ],
          [
            3.1936136,
            25.7586282
          ],
          [
            3.1933845,
            25.7599282
          ],
          [
            3.1931436,
            25.7621824
          ],
          [
            3.1931012,
            25.7638303
          ],
          [
            3.1931165,
            25.7653553
          ],
          [
            3.1933819,
            25.7673363
          ],
          [
            3.1935861,
            25.7685482
          ],
          [
            3.1939659,
            25.7701801
          ],
          [
            3.1976022,
            25.7840104
          ],
          [
            3.2003367,
            25.7946121
          ],
          [
            3.2006755,
            25.7970691
          ],
          [
            3.2007812,
            25.7993859
          ],
          [
            3.200696,
            25.8015389
          ],
          [
            3.2004439,
            25.8034451
          ],
          [
            3.1999346,
            25.8057503
          ],
          [
            3.1975299,
            25.8156697
          ],
          [
            3.1968893,
            25.8193176
          ],
          [
            3.1958825,
            25.8263426
          ],
          [
            3.1945874,
            25.8366795
          ],
          [
            3.1938127,
            25.8403937
          ],
          [
            3.1933688,
            25.8421561
          ],
          [
            3.1927311,
            25.8441424
          ],
          [
            3.1901533,
            25.8521632
          ],
          [
            3.1893025,
            25.854709
          ],
          [
            3.1872018,
            25.8611969
          ],
          [
            3.1864487,
            25.863652
          ],
          [
            3.1858306,
            25.8660464
          ],
          [
            3.183157,
            25.8764606
          ],
          [
            3.1813791,
            25.8831011
          ],
          [
            3.1801546,
            25.8865702
          ],
          [
            3.1785393,
            25.8899103
          ],
          [
            3.1741883,
            25.8989339
          ],
          [
            3.1733024,
            25.9009143
          ],
          [
            3.1724427,
            25.9044884
          ],
          [
            3.1710227,
            25.9289179
          ],
          [
            3.1704235,
            25.9322802
          ],
          [
            3.1676097,
            25.94567
          ],
          [
            3.1666196,
            25.9502031
          ],
          [
            3.1662419,
            25.9541271
          ],
          [
            3.1662809,
            25.9582852
          ],
          [
            3.1667108,
            25.9613773
          ],
          [
            3.1683392,
            25.9726557
          ],
          [
            3.1686518,
            25.9783823
          ],
          [
            3.168261,
            25.9840502
          ],
          [
            3.1674924,
            25.995022
          ],
          [
            3.1675978,
            25.997
          ],
          [
            3.16774,
            25.9996704
          ],
          [
            3.1686258,
            26.0047635
          ],
          [
            3.1734718,
            26.0220784
          ],
          [
            3.1743576,
            26.0256487
          ],
          [
            3.1746312,
            26.0304013
          ],
          [
            3.1744488,
            26.0328243
          ],
          [
            3.1737844,
            26.0359378
          ],
          [
            3.1713093,
            26.0447747
          ],
          [
            3.1689515,
            26.0538918
          ],
          [
            3.1650216,
            26.0754335
          ],
          [
            3.164597,
            26.0776439
          ],
          [
            3.164104,
            26.0799097
          ],
          [
            3.1639943,
            26.0803636
          ],
          [
            3.1635228,
            26.0821984
          ],
          [
            3.1634163,
            26.0826247
          ],
          [
            3.1633798,
            26.0827518
          ],
          [
            3.1619696,
            26.0876601
          ],
          [
            3.1596503,
            26.095372
          ],
          [
            3.1571491,
            26.1037716
          ],
          [
            3.1565629,
            26.1068247
          ],
          [
            3.1561981,
            26.1101469
          ],
          [
            3.156159,
            26.1179371
          ],
          [
            3.1561069,
            26.1224052
          ],
          [
            3.1559767,
            26.1296918
          ],
          [
            3.1558203,
            26.1329314
          ],
          [
            3.1551429,
            26.1361475
          ],
          [
            3.1543092,
            26.1387087
          ],
          [
            3.1530847,
            26.1413282
          ],
          [
            3.1497889,
            26.1466257
          ],
          [
            3.1459069,
            26.1528232
          ],
          [
            3.1440571,
            26.1567521
          ],
          [
            3.1429237,
            26.1600494
          ],
          [
            3.1421551,
            26.1635922
          ],
          [
            3.1417904,
            26.1665503
          ],
          [
            3.1409957,
            26.1739276
          ],
          [
            3.1404616,
            26.1781831
          ],
          [
            3.1398363,
            26.1836776
          ],
          [
            3.1378823,
            26.1937073
          ],
          [
            3.1363451,
            26.2003933
          ],
          [
            3.1350815,
            26.2070672
          ],
          [
            3.1349773,
            26.2103047
          ],
          [
            3.1352248,
            26.2128642
          ],
          [
            3.1359674,
            26.2163703
          ],
          [
            3.1364029,
            26.217553
          ],
          [
            3.1374133,
            26.220297
          ],
          [
            3.1399145,
            26.2269698
          ],
          [
            3.1431843,
            26.2357572
          ],
          [
            3.144044,
            26.2395664
          ],
          [
            3.1443046,
            26.2428847
          ],
          [
            3.1441482,
            26.2455954
          ],
          [
            3.1432624,
            26.2510634
          ],
          [
            3.1424808,
            26.2569283
          ],
          [
            3.1421942,
            26.2622088
          ],
          [
            3.1418034,
            26.2728158
          ],
          [
            3.1415298,
            26.280198
          ],
          [
            3.1404356,
            26.2870659
          ],
          [
            3.1383513,
            26.2939568
          ],
          [
            3.1342608,
            26.3064643
          ],
          [
            3.1307826,
            26.3171607
          ],
          [
            3.129011,
            26.3229405
          ],
          [
            3.1282033,
            26.3298292
          ],
          [
            3.1279298,
            26.3377916
          ],
          [
            3.1276562,
            26.3435587
          ],
          [
            3.1265098,
            26.3476212
          ],
          [
            3.124178,
            26.3516719
          ],
          [
            3.1175994,
            26.3609401
          ],
          [
            3.1133787,
            26.3670679
          ],
          [
            3.1109948,
            26.3706977
          ],
          [
            3.1083764,
            26.3768366
          ],
          [
            3.1055365,
            26.3835588
          ],
          [
            3.1047158,
            26.3872231
          ],
          [
            3.1034522,
            26.3892886
          ],
          [
            3.101814,
            26.3916008
          ],
          [
            3.1005372,
            26.3929559
          ],
          [
            3.1002425,
            26.3932278
          ],
          [
            3.0982627,
            26.394407
          ],
          [
            3.0904736,
            26.3973286
          ],
          [
            3.0886068,
            26.3980782
          ],
          [
            3.0869331,
            26.3989335
          ],
          [
            3.0852486,
            26.4001731
          ],
          [
            3.0841328,
            26.4012302
          ],
          [
            3.0810858,
            26.4049011
          ],
          [
            3.0775453,
            26.4091581
          ],
          [
            3.0733182,
            26.413607
          ],
          [
            3.0716659,
            26.4153462
          ],
          [
            3.0699171,
            26.4171142
          ],
          [
            3.0673058,
            26.4195574
          ],
          [
            3.0608834,
            26.4241955
          ],
          [
            3.055047,
            26.4284805
          ],
          [
            3.0528797,
            26.4303732
          ],
          [
            3.0510773,
            26.4323139
          ],
          [
            3.0493499,
            26.43461
          ],
          [
            3.0434276,
            26.4434001
          ],
          [
            3.0410995,
            26.4468776
          ],
          [
            3.0372907,
            26.4524297
          ],
          [
            3.0357957,
            26.4542021
          ],
          [
            3.0334885,
            26.4564474
          ],
          [
            3.0270876,
            26.4611993
          ],
          [
            3.0235578,
            26.4638598
          ],
          [
            3.0211781,
            26.4656464
          ],
          [
            3.0138482,
            26.4711495
          ],
          [
            3.0084302,
            26.4752215
          ],
          [
            3.0074753,
            26.4760378
          ],
          [
            3.0057909,
            26.4777088
          ],
          [
            3.0047502,
            26.4790533
          ],
          [
            3.0033447,
            26.4810508
          ],
          [
            2.9995038,
            26.4881185
          ],
          [
            2.9979374,
            26.4911337
          ],
          [
            2.9970254,
            26.4933614
          ],
          [
            2.9961456,
            26.4961748
          ],
          [
            2.9941943,
            26.5025276
          ],
          [
            2.9935385,
            26.5046626
          ],
          [
            2.9930557,
            26.5059971
          ],
          [
            2.9922082,
            26.5078021
          ],
          [
            2.9909422,
            26.5100871
          ],
          [
            2.9865755,
            26.5166155
          ],
          [
            2.9820372,
            26.5234506
          ],
          [
            2.9804064,
            26.5258793
          ],
          [
            2.9779388,
            26.5293927
          ],
          [
            2.9769947,
            26.5305733
          ],
          [
            2.9760505,
            26.531658
          ],
          [
            2.974527,
            26.5332226
          ],
          [
            2.9733266,
            26.5343409
          ],
          [
            2.9732288,
            26.5344321
          ],
          [
            2.9684331,
            26.5385979
          ],
          [
            2.960483,
            26.5455085
          ],
          [
            2.9529406,
            26.5520732
          ],
          [
            2.9434241,
            26.5602977
          ],
          [
            2.9380919,
            26.565
          ],
          [
            2.9365148,
            26.5668424
          ],
          [
            2.9350664,
            26.5688767
          ],
          [
            2.9343583,
            26.5700186
          ],
          [
            2.9338755,
            26.571007
          ],
          [
            2.9299767,
            26.5799428
          ],
          [
            2.92284,
            26.5950719
          ],
          [
            2.9222008,
            26.5966018
          ],
          [
            2.9209531,
            26.5995885
          ],
          [
            2.919158,
            26.6040625
          ],
          [
            2.9162437,
            26.6130981
          ],
          [
            2.9129822,
            26.6207715
          ],
          [
            2.9109222,
            26.6275237
          ],
          [
            2.9092056,
            26.6353497
          ],
          [
            2.9068024,
            26.6417941
          ],
          [
            2.9030021,
            26.6479623
          ],
          [
            2.9026173,
            26.6485867
          ],
          [
            2.901771,
            26.6500617
          ],
          [
            2.9015786,
            26.6503972
          ],
          [
            2.9005904,
            26.6520164
          ],
          [
            2.8995926,
            26.6533012
          ],
          [
            2.8944884,
            26.6575945
          ],
          [
            2.8729851,
            26.6750848
          ],
          [
            2.8563304,
            26.6879894
          ],
          [
            2.8494381,
            26.6940198
          ],
          [
            2.8445179,
            26.6982677
          ],
          [
            2.8429443,
            26.7003915
          ],
          [
            2.839103,
            26.7062452
          ],
          [
            2.8371078,
            26.7092858
          ],
          [
            2.8339081,
            26.7137679
          ],
          [
            2.8295547,
            26.7198661
          ],
          [
            2.826673,
            26.7234512
          ],
          [
            2.8199417,
            26.7318253
          ],
          [
            2.8115303,
            26.7414837
          ],
          [
            2.8003723,
            26.7525209
          ],
          [
            2.7924759,
            26.7606448
          ],
          [
            2.7865831,
            26.7665154
          ],
          [
            2.7808029,
            26.7707605
          ],
          [
            2.7791538,
            26.7715866
          ],
          [
            2.7761692,
            26.7726913
          ],
          [
            2.775125,
            26.7731656
          ],
          [
            2.7734215,
            26.7748985
          ],
          [
            2.7717827,
            26.7775165
          ],
          [
            2.7699069,
            26.7851458
          ],
          [
            2.7683951,
            26.797479
          ],
          [
            2.7669355,
            26.8099304
          ],
          [
            2.7667267,
            26.8128997
          ],
          [
            2.7643234,
            26.8171894
          ],
          [
            2.759611,
            26.8263239
          ],
          [
            2.7551478,
            26.8324512
          ],
          [
            2.7530878,
            26.8358211
          ],
          [
            2.7511858,
            26.8377796
          ],
          [
            2.7508056,
            26.838127
          ],
          [
            2.7500815,
            26.8387301
          ],
          [
            2.7486641,
            26.8395008
          ],
          [
            2.7479183,
            26.8398262
          ],
          [
            2.7471586,
            26.8401267
          ],
          [
            2.731577,
            26.8462235
          ],
          [
            2.730625,
            26.8466179
          ],
          [
            2.7288836,
            26.8474618
          ],
          [
            2.7274414,
            26.8486137
          ],
          [
            2.7259653,
            26.8502186
          ],
          [
            2.7222589,
            26.8542469
          ],
          [
            2.719585,
            26.8570957
          ],
          [
            2.7186093,
            26.8581353
          ],
          [
            2.7179056,
            26.8587147
          ],
          [
            2.7170585,
            26.8593281
          ],
          [
            2.7162867,
            26.8598955
          ],
          [
            2.7138996,
            26.8617666
          ],
          [
            2.7115125,
            26.8635565
          ],
          [
            2.7099922,
            26.8647264
          ],
          [
            2.7092036,
            26.8654033
          ],
          [
            2.7090248,
            26.8655568
          ],
          [
            2.7084682,
            26.8660742
          ],
          [
            2.7069551,
            26.8677359
          ],
          [
            2.7055257,
            26.8695286
          ],
          [
            2.6990777,
            26.8799792
          ],
          [
            2.6900548,
            26.8975094
          ],
          [
            2.6867461,
            26.9039539
          ],
          [
            2.6845831,
            26.9075555
          ],
          [
            2.6754421,
            26.9228717
          ],
          [
            2.6720411,
            26.9285825
          ],
          [
            2.6686029,
            26.9351159
          ],
          [
            2.6632749,
            26.9454981
          ],
          [
            2.6599791,
            26.9519894
          ],
          [
            2.6573908,
            26.9567001
          ],
          [
            2.6428425,
            26.9807775
          ],
          [
            2.6332938,
            26.9945064
          ],
          [
            2.6240885,
            27.0073542
          ],
          [
            2.6115787,
            27.0228193
          ],
          [
            2.604047,
            27.0322044
          ],
          [
            2.5954889,
            27.0415813
          ],
          [
            2.5918286,
            27.0457517
          ],
          [
            2.5880806,
            27.0499081
          ],
          [
            2.5864796,
            27.0517065
          ],
          [
            2.5855578,
            27.0528007
          ],
          [
            2.5833578,
            27.0566525
          ],
          [
            2.5822063,
            27.0586242
          ],
          [
            2.5810941,
            27.0605474
          ],
          [
            2.5712642,
            27.0775242
          ],
          [
            2.5668603,
            27.0875895
          ],
          [
            2.5649502,
            27.0919317
          ],
          [
            2.5631398,
            27.0961059
          ],
          [
            2.5595538,
            27.1042719
          ],
          [
            2.5533271,
            27.113504
          ],
          [
            2.551147,
            27.1167069
          ],
          [
            2.5492465,
            27.1195901
          ],
          [
            2.5454712,
            27.1251603
          ],
          [
            2.5441732,
            27.127126
          ],
          [
            2.5431745,
            27.1287835
          ],
          [
            2.5411391,
            27.1327658
          ],
          [
            2.5350658,
            27.1445976
          ],
          [
            2.5345805,
            27.1453383
          ],
          [
            2.5304008,
            27.1502087
          ],
          [
            2.528298,
            27.1526809
          ],
          [
            2.5262857,
            27.1549487
          ],
          [
            2.5250082,
            27.1564814
          ],
          [
            2.5242499,
            27.1572227
          ],
          [
            2.5234907,
            27.1577847
          ],
          [
            2.5225705,
            27.1583383
          ],
          [
            2.5216684,
            27.158808
          ],
          [
            2.5191761,
            27.1600679
          ],
          [
            2.5181815,
            27.1605706
          ],
          [
            2.5177075,
            27.1608093
          ],
          [
            2.5147522,
            27.1622571
          ],
          [
            2.508772,
            27.1652611
          ],
          [
            2.5070156,
            27.166149
          ],
          [
            2.5063048,
            27.166548
          ],
          [
            2.5059101,
            27.1668122
          ],
          [
            2.5054783,
            27.1671128
          ],
          [
            2.5050459,
            27.1674437
          ],
          [
            2.5043866,
            27.1679743
          ],
          [
            2.5040495,
            27.1682813
          ],
          [
            2.5032962,
            27.169029
          ],
          [
            2.5027853,
            27.1696065
          ],
          [
            2.5022325,
            27.1703051
          ],
          [
            2.5018603,
            27.1708452
          ],
          [
            2.5015703,
            27.1713103
          ],
          [
            2.5013074,
            27.1717851
          ],
          [
            2.5009771,
            27.1724211
          ],
          [
            2.5004747,
            27.1735209
          ]
        ]
      },
      "properties": {
        "name": "Trans-Sahara",
        "highway": "primary",
        "maxspeed": "100",
        "ref": "RN 1"
      }
    },
    {
      "type": "Feature",
      "geometry": {
        "type": "LineString",
        "coordinates": [
          [
            2.4784791,
            27.1993161
          ],
          [
            2.4794131,
            27.1997863
          ],
          [
            2.4800594,
            27.2000412
          ],
          [
            2.4818756,
            27.2006516
          ],
          [
            2.481945,
            27.2006749
          ],
          [
            2.482638,
            27.2009078
          ],
          [
            2.4841495,
            27.2014157
          ],
          [
            2.4842381,
            27.2014444
          ],
          [
            2.4849181,
            27.2016731
          ],
          [
            2.4855268,
            27.2018777
          ],
          [
            2.4863807,
            27.2021649
          ],
          [
            2.4864189,
            27.2021777
          ]
        ]
      },
      "properties": {
        "highway": "secondary",
        "maxspeed": "50"
      }
    },
    {
      "type": "Feature",
      "geometry": {
        "type": "LineString",
        "coordinates": [
          [
            2.4461299,
            27.1865112
          ],
          [
            2.4477645,
            27.1876934
          ],
          [
            2.4492607,
            27.1887529
          ],
          [
            2.4498753,
            27.1892521
          ],
          [
            2.4503925,
            27.1896323
          ],
          [
            2.4521337,
            27.1907812
          ],
          [
            2.4537142,
            27.191858
          ],
          [
            2.4543963,
            27.1922453
          ],
          [
            2.4549421,
            27.1925075
          ],
          [
            2.4554992,
            27.1926886
          ],
          [
            2.4558091,
            27.1927752
          ],
          [
            2.4561793,
            27.1928788
          ],
          [
            2.4567177,
            27.1930293
          ],
          [
            2.458148,
            27.1934123
          ],
          [
            2.4591451,
            27.1936793
          ],
          [
            2.4596792,
            27.1938792
          ],
          [
            2.4607055,
            27.1943079
          ],
          [
            2.4611291,
            27.1944323
          ],
          [
            2.4637443,
            27.1951416
          ],
          [
            2.464222,
            27.1952177
          ],
          [
            2.4644071,
            27.1952527
          ],
          [
            2.4645506,
            27.1952798
          ],
          [
            2.4658308,
            27.1955218
          ],
          [
            2.4660728,
            27.1955454
          ],
          [
            2.4662405,
            27.1955329
          ],
          [
            2.466512,
            27.195481
          ],
          [
            2.4673182,
            27.1952928
          ],
          [
            2.4676296,
            27.1952295
          ],
          [
            2.46782,
            27.1952152
          ],
          [
            2.468048,
            27.1952271
          ],
          [
            2.468345,
            27.1952768
          ],
          [
            2.4686998,
            27.1953989
          ],
          [
            2.4698558,
            27.1958331
          ],
          [
            2.4701974,
            27.1959888
          ],
          [
            2.4709307,
            27.1963246
          ]
        ]
      },
      "properties": {
        "highway": "primary",
        "ref": "RN 52"
      }
    },
    {
      "type": "Feature",
      "geometry": {
        "type": "LineString",
        "coordinates": [
          [
            2.4459024,
            27.1862198
          ],
          [
            2.4459014,
            27.1862546
          ],
          [
            2.4458892,
            27.1862877
          ],
          [
            2.445867,
            27.1863164
          ],
          [
            2.4458365,
            27.1863382
          ],
          [
            2.4458002,
            27.1863514
          ],
          [
            2.4457781,
            27.1863546
          ],
          [
            2.4457556,
            27.1863545
          ],
          [
            2.4457173,
            27.1863464
          ],
          [
            2.4456831,
            27.1863289
          ],
          [
            2.4456561,
            27.1863034
          ],
          [
            2.4456384,
            27.186272
          ],
          [
            2.4456315,
            27.1862375
          ],
          [
            2.4456321,
            27.1862226
          ],
          [
            2.4456431,
            27.1861851
          ],
          [
            2.4456669,
            27.1861527
          ],
          [
            2.445701,
            27.1861286
          ],
          [
            2.4457138,
            27.186123
          ],
          [
            2.4457598,
            27.1861133
          ],
          [
            2.4458067,
            27.1861183
          ],
          [
            2.4458489,
            27.1861373
          ],
          [
            2.4458852,
            27.1861737
          ],
          [
            2.4459024,
            27.1862198
          ]
        ]
      },
      "properties": {
        "highway": "primary"
      }
    },
    {
      "type": "Feature",
      "geometry": {
        "type": "LineString",
        "coordinates": [
          [
            2.4461299,
            27.1865112
          ],
          [
            2.4460543,
            27.186467
          ],
          [
            2.4459765,
            27.1864258
          ],
          [
            2.4458967,
            27.1863879
          ],
          [
            2.4458002,
            27.1863514
          ]
        ]
      },
      "properties": {
        "highway": "primary",
        "ref": "RN 52"
      }
    },
    {
      "type": "Feature",
      "geometry": {
        "type": "LineString",
        "coordinates": [
          [
            2.4457138,
            27.186123
          ],
          [
            2.4457294,
            27.1860376
          ],
          [
            2.4457448,
            27.1859493
          ],
          [
            2.4457717,
            27.1858079
          ]
        ]
      },
      "properties": {
        "highway": "secondary"
      }
    },
    {
      "type": "Feature",
      "geometry": {
        "type": "LineString",
        "coordinates": [
          [
            2.4453985,
            27.1859753
          ],
          [
            2.4454979,
            27.1860286
          ],
          [
            2.4455987,
            27.1860797
          ],
          [
            2.445701,
            27.1861286
          ]
        ]
      },
      "properties": {
        "highway": "tertiary"
      }
    },
    {
      "type": "Feature",
      "geometry": {
        "type": "LineString",
        "coordinates": [
          [
            2.4459024,
            27.1862198
          ],
          [
            2.445978,
            27.1863235
          ],
          [
            2.4460494,
            27.1864202
          ],
          [
            2.4461299,
            27.1865112
          ]
        ]
      },
      "properties": {
        "highway": "primary",
        "ref": "RN 52"
      }
    },
    {
      "type": "Feature",
      "geometry": {
        "type": "LineString",
        "coordinates": [
          [
            2.4457717,
            27.1858079
          ],
          [
            2.4457935,
            27.185935
          ],
          [
            2.4458185,
            27.1860375
          ],
          [
            2.4458489,
            27.1861373
          ]
        ]
      },
      "properties": {
        "highway": "secondary"
      }
    },
    {
      "type": "Feature",
      "geometry": {
        "type": "LineString",
        "coordinates": [
          [
            1.0908485,
            26.9585881
          ],
          [
            1.0949085,
            26.9581937
          ],
          [
            1.098696,
            26.9578294
          ],
          [
            1.1006386,
            26.9577102
          ],
          [
            1.1022575,
            26.9576876
          ],
          [
            1.1036172,
            26.9577314
          ],
          [
            1.1049682,
            26.9578414
          ],
          [
            1.1061874,
            26.9579731
          ],
          [
            1.1073902,
            26.9581725
          ],
          [
            1.1088088,
            26.9584396
          ],
          [
            1.1099517,
            26.9586925
          ],
          [
            1.1111242,
            26.9590185
          ],
          [
            1.1128318,
            26.9595453
          ],
          [
            1.1210951,
            26.9622065
          ],
          [
            1.1219788,
            26.9624746
          ],
          [
            1.1229045,
            26.9627135
          ],
          [
            1.1247227,
            26.9631141
          ],
          [
            1.1261586,
            26.9633776
          ],
          [
            1.1281291,
            26.9636149
          ],
          [
            1.1291268,
            26.9637416
          ],
          [
            1.1301388,
            26.9639056
          ],
          [
            1.1329544,
            26.9645186
          ],
          [
            1.136139,
            26.9652564
          ],
          [
            1.1369267,
            26.9654103
          ],
          [
            1.1379691,
            26.9655738
          ],
          [
            1.1385629,
            26.9656135
          ],
          [
            1.139355,
            26.9656529
          ],
          [
            1.145259,
            26.965673
          ],
          [
            1.145907,
            26.965719
          ],
          [
            1.146549,
            26.965822
          ],
          [
            1.147488,
            26.9660349
          ],
          [
            1.1478084,
            26.9661322
          ],
          [
            1.1480925,
            26.9662524
          ],
          [
            1.148706,
            26.9665565
          ],
          [
            1.1493531,
            26.9669278
          ],
          [
            1.1501527,
            26.9674949
          ],
          [
            1.1510593,
            26.9681762
          ],
          [
            1.1518427,
            26.9687104
          ],
          [
            1.152687,
            26.9691741
          ],
          [
            1.1548119,
            26.9702088
          ],
          [
            1.1555198,
            26.9705978
          ],
          [
            1.15622,
            26.9710194
          ],
          [
            1.1571323,
            26.9716764
          ],
          [
            1.1584648,
            26.9727587
          ],
          [
            1.1596826,
            26.9737344
          ],
          [
            1.160337,
            26.9741882
          ],
          [
            1.1611348,
            26.9746539
          ],
          [
            1.1619303,
            26.9750652
          ],
          [
            1.1629655,
            26.975508
          ],
          [
            1.1662384,
            26.9767248
          ],
          [
            1.1679733,
            26.9774606
          ],
          [
            1.1694825,
            26.9781509
          ],
          [
            1.1708486,
            26.978816
          ],
          [
            1.1714977,
            26.9791554
          ],
          [
            1.172241,
            26.9795636
          ],
          [
            1.1736753,
            26.9803944
          ],
          [
            1.1751819,
            26.9813139
          ],
          [
            1.1768882,
            26.9824645
          ],
          [
            1.1784929,
            26.9836061
          ],
          [
            1.1795991,
            26.9845112
          ],
          [
            1.183278,
            26.9876506
          ],
          [
            1.1877718,
            26.9912433
          ],
          [
            1.1896388,
            26.9928069
          ],
          [
            1.1913282,
            26.9942665
          ],
          [
            1.1927884,
            26.9954226
          ],
          [
            1.1942241,
            26.9964863
          ],
          [
            1.1956139,
            26.997437
          ],
          [
            1.1973006,
            26.9984836
          ],
          [
            1.2030393,
            27.0017543
          ],
          [
            1.2185635,
            27.0113467
          ],
          [
            1.2209716,
            27.0126844
          ],
          [
            1.2231916,
            27.0136661
          ],
          [
            1.2248289,
            27.0142653
          ],
          [
            1.2265005,
            27.0147801
          ],
          [
            1.2285725,
            27.0152708
          ],
          [
            1.230032,
            27.0155424
          ],
          [
            1.2320567,
            27.0158134
          ],
          [
            1.234612,
            27.016006
          ],
          [
            1.23605,
            27.015997
          ],
          [
            1.2393434,
            27.015822
          ],
          [
            1.241569,
            27.0158443
          ],
          [
            1.2430654,
            27.0158782
          ],
          [
            1.2460584,
            27.0161165
          ],
          [
            1.2516663,
            27.0167581
          ],
          [
            1.2536876,
            27.0169105
          ],
          [
            1.256939,
            27.017015
          ],
          [
            1.259602,
            27.01693
          ],
          [
            1.263402,
            27.016594
          ],
          [
            1.265641,
            27.016258
          ],
          [
            1.268547,
            27.015686
          ],
          [
            1.271305,
            27.014967
          ],
          [
            1.274543,
            27.0138
          ],
          [
            1.276998,
            27.012959
          ],
          [
            1.291758,
            27.008785
          ],
          [
            1.294379,
            27.007889
          ],
          [
            1.296829,
            27.006815
          ],
          [
            1.298651,
            27.005844
          ],
          [
            1.300098,
            27.004936
          ],
          [
            1.306432,
            27.000578
          ],
          [
            1.309253,
            26.998919
          ],
          [
            1.311839,
            26.997587
          ],
          [
            1.314543,
            26.996384
          ],
          [
            1.315932,
            26.995863
          ],
          [
            1.317361,
            26.995401
          ],
          [
            1.318799,
            26.994997
          ],
          [
            1.319882,
            26.994747
          ],
          [
            1.321721,
            26.994415
          ],
          [
            1.323549,
            26.994158
          ],
          [
            1.325377,
            26.993973
          ],
          [
            1.3274359,
            26.9938127
          ],
          [
            1.3287744,
            26.9937592
          ],
          [
            1.330026,
            26.9937496
          ],
          [
            1.3323191,
            26.9937827
          ],
          [
            1.3328333,
            26.9938133
          ],
          [
            1.3332842,
            26.9938465
          ],
          [
            1.334969,
            26.993999
          ],
          [
            1.3352323,
            26.9940058
          ],
          [
            1.3372421,
            26.9942079
          ],
          [
            1.3381916,
            26.9943304
          ],
          [
            1.3393721,
            26.994532
          ],
          [
            1.3432723,
            26.9952374
          ],
          [
            1.3443178,
            26.9953916
          ],
          [
            1.3461621,
            26.9956322
          ],
          [
            1.3480155,
            26.9957783
          ],
          [
            1.3504773,
            26.9959089
          ],
          [
            1.3522142,
            26.9959341
          ],
          [
            1.3539388,
            26.9959024
          ],
          [
            1.356984,
            26.995745
          ],
          [
            1.361899,
            26.995218
          ],
          [
            1.363848,
            26.995077
          ],
          [
            1.373401,
            26.994682
          ],
          [
            1.390206,
            26.994076
          ],
          [
            1.392061,
            26.993994
          ],
          [
            1.39351,
            26.99386
          ],
          [
            1.396414,
            26.993456
          ],
          [
            1.400445,
            26.99268
          ],
          [
            1.402655,
            26.992165
          ],
          [
            1.408811,
            26.99052
          ],
          [
            1.410968,
            26.990007
          ],
          [
            1.412793,
            26.989693
          ],
          [
            1.415416,
            26.989401
          ],
          [
            1.416899,
            26.98933
          ],
          [
            1.418001,
            26.989336
          ],
          [
            1.419836,
            26.989429
          ],
          [
            1.423117,
            26.989687
          ],
          [
            1.425617,
            26.989693
          ],
          [
            1.427041,
            26.989605
          ],
          [
            1.428472,
            26.989454
          ],
          [
            1.432398,
            26.988823
          ],
          [
            1.43533,
            26.988434
          ],
          [
            1.437174,
            26.988279
          ],
          [
            1.439404,
            26.988173
          ],
          [
            1.442707,
            26.988178
          ],
          [
            1.449692,
            26.988419
          ],
          [
            1.452104,
            26.98842
          ],
          [
            1.454165,
            26.988371
          ],
          [
            1.456249,
            26.988264
          ],
          [
            1.461867,
            26.987764
          ],
          [
            1.465096,
            26.987564
          ],
          [
            1.475372,
            26.987507
          ],
          [
            1.477251,
            26.987516
          ],
          [
            1.478159,
            26.987583
          ],
          [
            1.479606,
            26.987835
          ],
          [
            1.480685,
            26.988182
          ],
          [
            1.481914,
            26.988791
          ],
          [
            1.48387,
            26.990025
          ],
          [
            1.484314,
            26.990229
          ],
          [
            1.4847544,
            26.9903698
          ],
          [
            1.485252,
            26.99048
          ],
          [
            1.485956,
            26.990547
          ],
          [
            1.4864387,
            26.9905272
          ],
          [
            1.486879,
            26.990475
          ],
          [
            1.487537,
            26.990316
          ],
          [
            1.488916,
            26.989853
          ],
          [
            1.4894131,
            26.9897583
          ],
          [
            1.489889,
            26.989697
          ],
          [
            1.4902492,
            26.9896787
          ],
          [
            1.490606,
            26.989685
          ],
          [
            1.491105,
            26.989773
          ],
          [
            1.491611,
            26.98992
          ],
          [
            1.494521,
            26.991232
          ],
          [
            1.495914,
            26.991802
          ],
          [
            1.497596,
            26.992382
          ],
          [
            1.500287,
            26.993151
          ],
          [
            1.501882,
            26.993702
          ],
          [
            1.503137,
            26.994196
          ],
          [
            1.505849,
            26.995525
          ],
          [
            1.508501,
            26.997049
          ],
          [
            1.510283,
            26.997913
          ],
          [
            1.511781,
            26.998545
          ],
          [
            1.513672,
            26.999207
          ],
          [
            1.516473,
            26.999973
          ],
          [
            1.517887,
            27.000425
          ],
          [
            1.519277,
            27.000929
          ],
          [
            1.520964,
            27.001642
          ],
          [
            1.5226,
            27.002447
          ],
          [
            1.52417,
            27.003353
          ],
          [
            1.52797,
            27.005898
          ],
          [
            1.530018,
            27.00717
          ],
          [
            1.532055,
            27.008329
          ],
          [
            1.534091,
            27.009384
          ],
          [
            1.536521,
            27.010508
          ],
          [
            1.538709,
            27.011427
          ],
          [
            1.540944,
            27.012272
          ],
          [
            1.543835,
            27.013262
          ],
          [
            1.545767,
            27.014038
          ],
          [
            1.548004,
            27.015039
          ],
          [
            1.549248,
            27.015644
          ],
          [
            1.552223,
            27.017199
          ],
          [
            1.553032,
            27.017731
          ],
          [
            1.553535,
            27.018122
          ],
          [
            1.554235,
            27.01873
          ],
          [
            1.554656,
            27.019186
          ],
          [
            1.555414,
            27.02021
          ],
          [
            1.556895,
            27.022692
          ],
          [
            1.557609,
            27.023748
          ],
          [
            1.558651,
            27.024921
          ],
          [
            1.559351,
            27.025589
          ],
          [
            1.560119,
            27.026222
          ],
          [
            1.561538,
            27.027241
          ],
          [
            1.563508,
            27.028521
          ],
          [
            1.564903,
            27.029354
          ],
          [
            1.567132,
            27.030556
          ],
          [
            1.568744,
            27.031342
          ],
          [
            1.570303,
            27.032009
          ],
          [
            1.571862,
            27.032541
          ],
          [
            1.573232,
            27.032928
          ],
          [
            1.574117,
            27.033123
          ],
          [
            1.575337,
            27.033325
          ],
          [
            1.577251,
            27.033508
          ],
          [
            1.579264,
            27.033514
          ],
          [
            1.58139,
            27.033335
          ],
          [
            1.591359,
            27.031601
          ],
          [
            1.593578,
            27.031178
          ],
          [
            1.596184,
            27.030586
          ],
          [
            1.600276,
            27.029505
          ],
          [
            1.602922,
            27.028957
          ],
          [
            1.60519,
            27.028591
          ],
          [
            1.607475,
            27.028297
          ],
          [
            1.61092,
            27.028042
          ],
          [
            1.612441,
            27.028002
          ],
          [
            1.614311,
            27.028015
          ],
          [
            1.618414,
            27.028242
          ],
          [
            1.620291,
            27.028294
          ],
          [
            1.621783,
            27.028284
          ],
          [
            1.625136,
            27.028164
          ],
          [
            1.627403,
            27.028183
          ],
          [
            1.629664,
            27.028292
          ],
          [
            1.634546,
            27.028761
          ],
          [
            1.636421,
            27.02886
          ],
          [
            1.638277,
            27.028835
          ],
          [
            1.642007,
            27.028553
          ],
          [
            1.644226,
            27.028482
          ],
          [
            1.645699,
            27.028488
          ],
          [
            1.647159,
            27.028551
          ],
          [
            1.652611,
            27.028971
          ],
          [
            1.654881,
            27.029032
          ],
          [
            1.657595,
            27.028994
          ],
          [
            1.661121,
            27.02877
          ],
          [
            1.663059,
            27.02874
          ],
          [
            1.665362,
            27.028847
          ],
          [
            1.66725,
            27.029064
          ],
          [
            1.668366,
            27.029238
          ],
          [
            1.669824,
            27.029531
          ],
          [
            1.673347,
            27.030352
          ],
          [
            1.677402,
            27.031065
          ],
          [
            1.679648,
            27.031511
          ],
          [
            1.682217,
            27.03216
          ],
          [
            1.684397,
            27.032791
          ],
          [
            1.685824,
            27.033276
          ],
          [
            1.687586,
            27.033941
          ],
          [
            1.691785,
            27.035734
          ],
          [
            1.693179,
            27.036289
          ],
          [
            1.695318,
            27.037014
          ],
          [
            1.698623,
            27.038059
          ],
          [
            1.702081,
            27.039442
          ],
          [
            1.703446,
            27.03994
          ],
          [
            1.705155,
            27.040506
          ],
          [
            1.710231,
            27.041967
          ],
          [
            1.711709,
            27.042473
          ],
          [
            1.714943,
            27.043787
          ],
          [
            1.718678,
            27.045563
          ],
          [
            1.721019,
            27.046585
          ],
          [
            1.723003,
            27.047344
          ],
          [
            1.725711,
            27.04829
          ],
          [
            1.727373,
            27.049
          ],
          [
            1.728663,
            27.049644
          ],
          [
            1.729931,
            27.050348
          ],
          [
            1.733953,
            27.052883
          ],
          [
            1.736802,
            27.054434
          ],
          [
            1.758027,
            27.064503
          ],
          [
            1.761113,
            27.065891
          ],
          [
            1.763481,
            27.066872
          ],
          [
            1.765176,
            27.067518
          ],
          [
            1.768308,
            27.068607
          ],
          [
            1.773045,
            27.070065
          ],
          [
            1.774482,
            27.070555
          ],
          [
            1.777655,
            27.071756
          ],
          [
            1.781919,
            27.0735
          ],
          [
            1.784484,
            27.074396
          ],
          [
            1.78673,
            27.075062
          ],
          [
            1.788628,
            27.075542
          ],
          [
            1.790522,
            27.075958
          ],
          [
            1.793561,
            27.076525
          ],
          [
            1.795805,
            27.07703
          ],
          [
            1.79834,
            27.07774
          ],
          [
            1.800432,
            27.078423
          ],
          [
            1.801788,
            27.078913
          ],
          [
            1.803861,
            27.079756
          ],
          [
            1.807703,
            27.081532
          ],
          [
            1.808752,
            27.081963
          ],
          [
            1.810494,
            27.082584
          ],
          [
            1.814029,
            27.083715
          ],
          [
            1.815783,
            27.084419
          ],
          [
            1.821882,
            27.087044
          ],
          [
            1.823517,
            27.087656
          ],
          [
            1.826096,
            27.088476
          ],
          [
            1.827392,
            27.088791
          ],
          [
            1.829069,
            27.089125
          ],
          [
            1.831143,
            27.089409
          ],
          [
            1.836689,
            27.089748
          ],
          [
            1.842703,
            27.090435
          ],
          [
            1.846449,
            27.090561
          ],
          [
            1.848296,
            27.090683
          ],
          [
            1.850121,
            27.090906
          ],
          [
            1.853324,
            27.091438
          ],
          [
            1.855074,
            27.091629
          ],
          [
            1.856794,
            27.091745
          ],
          [
            1.858873,
            27.091736
          ],
          [
            1.860585,
            27.091631
          ],
          [
            1.862252,
            27.091452
          ],
          [
            1.863871,
            27.091198
          ],
          [
            1.865443,
            27.090874
          ],
          [
            1.866976,
            27.090467
          ],
          [
            1.871269,
            27.089111
          ],
          [
            1.874134,
            27.088381
          ],
          [
            1.876014,
            27.087851
          ],
          [
            1.878952,
            27.086863
          ],
          [
            1.880375,
            27.086458
          ],
          [
            1.8808089,
            27.0863834
          ],
          [
            1.8810809,
            27.0863366
          ],
          [
            1.881585,
            27.08625
          ],
          [
            1.8823355,
            27.0861953
          ],
          [
            1.8829787,
            27.0861566
          ],
          [
            1.8830514,
            27.0861522
          ],
          [
            1.883592,
            27.0861646
          ],
          [
            1.8837702,
            27.0861862
          ],
          [
            1.884223,
            27.086241
          ],
          [
            1.884479,
            27.08626
          ],
          [
            1.8959637,
            27.0875415
          ],
          [
            1.9001349,
            27.087993
          ]
        ]
      },
      "properties": {
        "highway": "primary",
        "ref": "RN 52"
      }
    },
    {
      "type": "Feature",
      "geometry": {
        "type": "LineString",
        "coordinates": [
          [
            2.4452616,
            27.1864527
          ],
          [
            2.4453412,
            27.1864178
          ],
          [
            2.4454182,
            27.1863786
          ],
          [
            2.4454925,
            27.1863354
          ],
          [
            2.4455637,
            27.1862883
          ],
          [
            2.4456315,
            27.1862375
          ]
        ]
      },
      "properties": {
        "highway": "primary",
        "ref": "RN 52"
      }
    },
    {
      "type": "Feature",
      "geometry": {
        "type": "LineString",
        "coordinates": [
          [
            2.4456321,
            27.1862226
          ],
          [
            2.445555,
            27.1861396
          ],
          [
            2.4454771,
            27.1860571
          ],
          [
            2.4453985,
            27.1859753
          ]
        ]
      },
      "properties": {
        "highway": "tertiary"
      }
    },
    {
      "type": "Feature",
      "geometry": {
        "type": "LineString",
        "coordinates": [
          [
            1.9155519,
            27.0971328
          ],
          [
            1.9195118,
            27.097705
          ],
          [
            1.9195588,
            27.0976949
          ],
          [
            1.9195943,
            27.0976734
          ],
          [
            1.9196258,
            27.0976394
          ],
          [
            1.919653,
            27.0975788
          ],
          [
            1.9197636,
            27.0971704
          ],
          [
            1.9197834,
            27.0971388
          ],
          [
            1.9198193,
            27.0971054
          ],
          [
            1.9198753,
            27.0970857
          ],
          [
            1.9199537,
            27.0970797
          ],
          [
            1.9205596,
            27.0971293
          ],
          [
            1.9207413,
            27.0971555
          ],
          [
            1.9212174,
            27.0972445
          ],
          [
            1.9215862,
            27.0973125
          ],
          [
            1.9216479,
            27.0973149
          ],
          [
            1.9217049,
            27.0973101
          ],
          [
            1.9218966,
            27.0972713
          ],
          [
            1.9219731,
            27.0972636
          ],
          [
            1.922066,
            27.0972675
          ],
          [
            1.9231345,
            27.0973424
          ],
          [
            1.9233786,
            27.0973471
          ],
          [
            1.9233937,
            27.0969761
          ],
          [
            1.9241412,
            27.0970328
          ],
          [
            1.9245967,
            27.0970659
          ],
          [
            1.9250865,
            27.0971036
          ],
          [
            1.9261843,
            27.0971844
          ],
          [
            1.9262765,
            27.0967849
          ],
          [
            1.9262794,
            27.0967723
          ],
          [
            1.9263136,
            27.0966875
          ],
          [
            1.9263598,
            27.0965908
          ],
          [
            1.926685,
            27.0960494
          ],
          [
            1.9268896,
            27.0956763
          ],
          [
            1.9270612,
            27.09541
          ],
          [
            1.9275588,
            27.0947032
          ],
          [
            1.9278163,
            27.0942889
          ],
          [
            1.9279209,
            27.0940681
          ],
          [
            1.9280027,
            27.0938532
          ],
          [
            1.9280443,
            27.0936896
          ],
          [
            1.9280832,
            27.0934544
          ],
          [
            1.9281576,
            27.0925568
          ],
          [
            1.9282325,
            27.091652
          ],
          [
            1.9283041,
            27.0907008
          ],
          [
            1.9283051,
            27.0905476
          ]
        ]
      },
      "properties": {
        "highway": "tertiary"
      }
    },
    {
      "type": "Feature",
      "geometry": {
        "type": "LineString",
        "coordinates": [
          [
            1.9081443,
            27.1154482
          ],
          [
            1.9082138,
            27.1146946
          ],
          [
            1.9082158,
            27.1146725
          ],
          [
            1.9082403,
            27.1144078
          ],
          [
            1.9082521,
            27.1142795
          ],
          [
            1.9083423,
            27.1138363
          ],
          [
            1.908413,
            27.1134888
          ],
          [
            1.9086557,
            27.1132805
          ],
          [
            1.9087247,
            27.1130671
          ],
          [
            1.9087861,
            27.112877
          ],
          [
            1.9088165,
            27.1127864
          ],
          [
            1.908824,
            27.1127443
          ],
          [
            1.9088626,
            27.1125289
          ],
          [
            1.9089132,
            27.1120898
          ],
          [
            1.9089238,
            27.112024
          ],
          [
            1.908935,
            27.1119446
          ],
          [
            1.909002,
            27.1114687
          ]
        ]
      },
      "properties": {
        "highway": "tertiary"
      }
    },
    {
      "type": "Feature",
      "geometry": {
        "type": "LineString",
        "coordinates": [
          [
            1.9109136,
            27.0976936
          ],
          [
            1.9111839,
            27.0957688
          ],
          [
            1.9112456,
            27.0954661
          ],
          [
            1.9113891,
            27.0949611
          ],
          [
            1.9113894,
            27.0949332
          ],
          [
            1.9113747,
            27.0949053
          ],
          [
            1.9113415,
            27.0948829
          ],
          [
            1.9106163,
            27.0947779
          ],
          [
            1.9105841,
            27.0947596
          ],
          [
            1.9105663,
            27.0947364
          ],
          [
            1.9105589,
            27.0947092
          ],
          [
            1.9106395,
            27.0943135
          ],
          [
            1.9107393,
            27.0938242
          ],
          [
            1.9107955,
            27.0935483
          ],
          [
            1.9107913,
            27.0935245
          ],
          [
            1.9107799,
            27.0935066
          ],
          [
            1.9107568,
            27.0934944
          ],
          [
            1.909505,
            27.0932925
          ],
          [
            1.9094324,
            27.0932753
          ]
        ]
      },
      "properties": {
        "highway": "tertiary"
      }
    },
    {
      "type": "Feature",
      "geometry": {
        "type": "LineString",
        "coordinates": [
          [
            2.6346449,
            27.2440395
          ],
          [
            2.634866,
            27.2436371
          ],
          [
            2.6351956,
            27.2432641
          ],
          [
            2.6355493,
            27.2430403
          ],
          [
            2.6364543,
            27.2425234
          ],
          [
            2.6376455,
            27.2418307
          ],
          [
            2.6377189,
            27.241788
          ],
          [
            2.6384741,
            27.2414417
          ],
          [
            2.6387558,
            27.2413671
          ],
          [
            2.6391035,
            27.2413244
          ],
          [
            2.6394811,
            27.2413511
          ],
          [
            2.6397508,
            27.2414363
          ],
          [
            2.6400564,
            27.2415802
          ],
          [
            2.6407337,
            27.2420065
          ],
          [
            2.6428315,
            27.243408
          ],
          [
            2.643323,
            27.2436478
          ],
          [
            2.6437545,
            27.2437597
          ],
          [
            2.644222,
            27.243765
          ],
          [
            2.6447075,
            27.2436584
          ],
          [
            2.6459122,
            27.2432375
          ],
          [
            2.6466397,
            27.2430049
          ],
          [
            2.647962,
            27.242582
          ],
          [
            2.6506651,
            27.2416175
          ],
          [
            2.6532603,
            27.2407436
          ],
          [
            2.6552803,
            27.2400698
          ],
          [
            2.6568805,
            27.2395872
          ],
          [
            2.6592539,
            27.2387879
          ],
          [
            2.6597454,
            27.2386866
          ],
          [
            2.6603388,
            27.23866
          ],
          [
            2.6634974,
            27.23866
          ],
          [
            2.6701503,
            27.2386387
          ],
          [
            2.6754366,
            27.2389637
          ],
          [
            2.6761576,
            27.2390232
          ]
        ]
      },
      "properties": {
        "highway": "tertiary"
      }
    },
    {
      "type": "Feature",
      "geometry": {
        "type": "LineString",
        "coordinates": [
          [
            2.6761576,
            27.2390232
          ],
          [
            2.6805831,
            27.2393609
          ],
          [
            2.6833141,
            27.239584
          ],
          [
            2.6841597,
            27.2396563
          ],
          [
            2.6869243,
            27.2401623
          ],
          [
            2.6902742,
            27.2409142
          ],
          [
            2.6910223,
            27.2410732
          ],
          [
            2.6916402,
            27.2410732
          ],
          [
            2.6922256,
            27.2409576
          ],
          [
            2.6928761,
            27.2407118
          ],
          [
            2.6933802,
            27.2403648
          ],
          [
            2.6956569,
            27.2374441
          ],
          [
            2.6959008,
            27.2372273
          ],
          [
            2.6962911,
            27.2369959
          ],
          [
            2.6998687,
            27.2354777
          ],
          [
            2.7004379,
            27.235203
          ],
          [
            2.7011459,
            27.234746
          ],
          [
            2.7017481,
            27.2342018
          ],
          [
            2.7021035,
            27.233798
          ],
          [
            2.7046404,
            27.230935
          ],
          [
            2.7050144,
            27.2306169
          ],
          [
            2.7056323,
            27.2303711
          ],
          [
            2.7062665,
            27.230241
          ],
          [
            2.7110475,
            27.2293445
          ],
          [
            2.7129339,
            27.2292577
          ],
          [
            2.7152594,
            27.2292288
          ],
          [
            2.7159098,
            27.2291565
          ],
          [
            2.7256995,
            27.2272189
          ],
          [
            2.7313911,
            27.2254981
          ],
          [
            2.7322693,
            27.2252378
          ],
          [
            2.7350826,
            27.2237195
          ],
          [
            2.7378146,
            27.22223
          ],
          [
            2.7456691,
            27.2178194
          ],
          [
            2.7480108,
            27.2164456
          ],
          [
            2.7514258,
            27.2137991
          ],
          [
            2.7546131,
            27.2119046
          ],
          [
            2.7580118,
            27.2098944
          ],
          [
            2.7585973,
            27.2095762
          ],
          [
            2.7640287,
            27.2074213
          ],
          [
            2.7662729,
            27.2064957
          ],
          [
            2.7676714,
            27.2059027
          ],
          [
            2.7686308,
            27.205599
          ],
          [
            2.7691555,
            27.2052879
          ],
          [
            2.7698993,
            27.2048469
          ],
          [
            2.7704359,
            27.2045432
          ],
          [
            2.7731269,
            27.2040918
          ],
          [
            2.7734422,
            27.2040389
          ],
          [
            2.773668,
            27.2040193
          ],
          [
            2.773927,
            27.2040319
          ],
          [
            2.7741887,
            27.2040775
          ],
          [
            2.7754246,
            27.2043606
          ],
          [
            2.7779899,
            27.2049483
          ]
        ]
      },
      "properties": {
        "highway": "tertiary"
      }
    },
    {
      "type": "Feature",
      "geometry": {
        "type": "LineString",
        "coordinates": [
          [
            2.8509958,
            27.3236377
          ],
          [
            2.8513744,
            27.3237443
          ],
          [
            2.8517082,
            27.3239396
          ],
          [
            2.8520696,
            27.3242606
          ],
          [
            2.852258,
            27.3245199
          ],
          [
            2.8524028,
            27.324884
          ],
          [
            2.8524745,
            27.3252831
          ],
          [
            2.8524449,
            27.3255653
          ],
          [
            2.8523137,
            27.3260025
          ],
          [
            2.8518089,
            27.3270805
          ],
          [
            2.8504541,
            27.3302547
          ],
          [
            2.8487572,
            27.3341944
          ],
          [
            2.848407,
            27.3352121
          ],
          [
            2.8477373,
            27.3372811
          ],
          [
            2.8459146,
            27.34351
          ],
          [
            2.8451977,
            27.3458662
          ],
          [
            2.8451758,
            27.3459383
          ],
          [
            2.845159,
            27.3459935
          ],
          [
            2.8449505,
            27.3466787
          ],
          [
            2.8447553,
            27.3473202
          ]
        ]
      },
      "properties": {
        "highway": "secondary",
        "maxspeed": "60",
        "ref": "CW 143"
      }
    },
    {
      "type": "Feature",
      "geometry": {
        "type": "LineString",
        "coordinates": [
          [
            2.7767479,
            27.3317572
          ],
          [
            2.7774072,
            27.3308252
          ],
          [
            2.777461,
            27.3307284
          ],
          [
            2.7780271,
            27.3293095
          ],
          [
            2.7789337,
            27.3271704
          ],
          [
            2.7790913,
            27.3267117
          ],
          [
            2.7794568,
            27.3251172
          ],
          [
            2.7798653,
            27.3230999
          ],
          [
            2.7800337,
            27.3221432
          ],
          [
            2.7801376,
            27.3212832
          ],
          [
            2.7801699,
            27.3206633
          ],
          [
            2.7801806,
            27.3199467
          ],
          [
            2.7801949,
            27.3188287
          ],
          [
            2.7801734,
            27.3183629
          ],
          [
            2.7801125,
            27.3180906
          ],
          [
            2.7798044,
            27.3168544
          ],
          [
            2.7796575,
            27.3163814
          ],
          [
            2.7796324,
            27.316213
          ],
          [
            2.7796288,
            27.3159873
          ],
          [
            2.7800015,
            27.313952
          ],
          [
            2.7803277,
            27.3125132
          ],
          [
            2.7803849,
            27.3122608
          ],
          [
            2.7807288,
            27.3108741
          ],
          [
            2.7811445,
            27.3090037
          ],
          [
            2.7814168,
            27.307273
          ],
          [
            2.7816569,
            27.3061443
          ],
          [
            2.7820904,
            27.3042595
          ],
          [
            2.7824846,
            27.3025969
          ],
          [
            2.7827712,
            27.3013966
          ],
          [
            2.7829504,
            27.3006119
          ],
          [
            2.7832335,
            27.2993291
          ],
          [
            2.7836025,
            27.2977919
          ],
          [
            2.7840039,
            27.2960684
          ],
          [
            2.7841902,
            27.2951762
          ],
          [
            2.7842368,
            27.294585
          ],
          [
            2.7841114,
            27.2933165
          ],
          [
            2.7839573,
            27.2917578
          ],
          [
            2.7838247,
            27.2908441
          ],
          [
            2.783753,
            27.2904428
          ],
          [
            2.7837566,
            27.2898229
          ],
          [
            2.7837208,
            27.2889845
          ],
          [
            2.7835488,
            27.2883072
          ],
          [
            2.7831511,
            27.2865945
          ],
          [
            2.7829325,
            27.2856664
          ],
          [
            2.782567,
            27.2840325
          ],
          [
            2.7824129,
            27.283169
          ],
          [
            2.7823735,
            27.2827497
          ],
          [
            2.7823843,
            27.2822517
          ],
          [
            2.7824344,
            27.2813702
          ],
          [
            2.7825598,
            27.2805031
          ],
          [
            2.7828752,
            27.2780773
          ],
          [
            2.7831152,
            27.2762642
          ],
          [
            2.7833804,
            27.2742648
          ],
          [
            2.7836097,
            27.2724589
          ],
          [
            2.7837781,
            27.2712549
          ],
          [
            2.7839286,
            27.2700904
          ],
          [
            2.7841544,
            27.2684385
          ],
          [
            2.7844088,
            27.2665502
          ],
          [
            2.7846453,
            27.2647299
          ],
          [
            2.784871,
            27.2629849
          ],
          [
            2.7851146,
            27.2609748
          ],
          [
            2.7852472,
            27.2601184
          ],
          [
            2.7854443,
            27.2585741
          ],
          [
            2.7856915,
            27.2566356
          ],
          [
            2.7859388,
            27.2547114
          ],
          [
            2.7860284,
            27.2540485
          ],
          [
            2.7860463,
            27.2538407
          ],
          [
            2.7859961,
            27.2533749
          ],
          [
            2.7858564,
            27.2529162
          ],
          [
            2.7856844,
            27.2525687
          ],
          [
            2.7852293,
            27.2519989
          ],
          [
            2.7823664,
            27.2489246
          ],
          [
            2.7808041,
            27.2472297
          ],
          [
            2.7804207,
            27.2467962
          ],
          [
            2.7802559,
            27.2465812
          ],
          [
            2.7801054,
            27.2463053
          ],
          [
            2.779962,
            27.2458574
          ],
          [
            2.7799047,
            27.2454023
          ],
          [
            2.7799155,
            27.244528
          ],
          [
            2.7799549,
            27.2434351
          ],
          [
            2.7799549,
            27.241726
          ],
          [
            2.7799728,
            27.2407943
          ],
          [
            2.7800301,
            27.2400311
          ],
          [
            2.7802845,
            27.2390672
          ],
          [
            2.7805963,
            27.23815
          ],
          [
            2.7807396,
            27.2376483
          ],
          [
            2.780865,
            27.2367919
          ],
          [
            2.7809582,
            27.235588
          ],
          [
            2.7810692,
            27.2347065
          ],
          [
            2.781166,
            27.2342873
          ],
          [
            2.7814885,
            27.2331084
          ],
          [
            2.7820689,
            27.2308689
          ],
          [
            2.78218,
            27.2303028
          ],
          [
            2.782223,
            27.2299767
          ],
          [
            2.7821836,
            27.2295683
          ],
          [
            2.7820116,
            27.2288086
          ],
          [
            2.7816139,
            27.2273933
          ],
          [
            2.7813057,
            27.226562
          ],
          [
            2.7811767,
            27.2260352
          ],
          [
            2.7811158,
            27.2254297
          ],
          [
            2.781123,
            27.224928
          ],
          [
            2.7811732,
            27.2244766
          ],
          [
            2.7813129,
            27.2236811
          ],
          [
            2.781338,
            27.2233944
          ],
          [
            2.7813559,
            27.2225811
          ],
          [
            2.7813021,
            27.2218035
          ],
          [
            2.7812556,
            27.2204813
          ],
          [
            2.7812412,
            27.2195425
          ],
          [
            2.7811552,
            27.217604
          ],
          [
            2.7810621,
            27.215103
          ],
          [
            2.7810006,
            27.2133661
          ],
          [
            2.7809296,
            27.2129303
          ],
          [
            2.7807928,
            27.2122715
          ],
          [
            2.7804989,
            27.211557
          ],
          [
            2.7801591,
            27.2109147
          ],
          [
            2.7799922,
            27.2105993
          ],
          [
            2.7797904,
            27.2102782
          ],
          [
            2.7794094,
            27.2096719
          ],
          [
            2.7793811,
            27.2096352
          ],
          [
            2.7791206,
            27.209297
          ],
          [
            2.7786696,
            27.2088257
          ],
          [
            2.7783402,
            27.2084355
          ],
          [
            2.7781831,
            27.2082429
          ],
          [
            2.7780767,
            27.2079642
          ],
          [
            2.7780412,
            27.2071484
          ],
          [
            2.7780108,
            27.2062565
          ],
          [
            2.7779899,
            27.2049483
          ]
        ]
      },
      "properties": {
        "highway": "tertiary"
      }
    },
    {
      "type": "Feature",
      "geometry": {
        "type": "LineString",
        "coordinates": [
          [
            2.8430309,
            27.3535621
          ],
          [
            2.8439541,
            27.3541428
          ],
          [
            2.8448638,
            27.3547175
          ],
          [
            2.8455278,
            27.3551482
          ],
          [
            2.8461528,
            27.3555537
          ],
          [
            2.8462653,
            27.3556256
          ],
          [
            2.8467356,
            27.3559111
          ],
          [
            2.847117,
            27.356152
          ],
          [
            2.8471763,
            27.3561885
          ],
          [
            2.847246,
            27.3562242
          ],
          [
            2.8478757,
            27.3565268
          ],
          [
            2.8480439,
            27.3565941
          ],
          [
            2.848201,
            27.356657
          ],
          [
            2.8491604,
            27.3570751
          ],
          [
            2.8497197,
            27.3573349
          ],
          [
            2.8501347,
            27.3575252
          ]
        ]
      },
      "properties": {
        "highway": "secondary",
        "maxspeed": "60",
        "ref": "CW 143"
      }
    },
    {
      "type": "Feature",
      "geometry": {
        "type": "LineString",
        "coordinates": [
          [
            2.8427878,
            27.3535565
          ],
          [
            2.8428013,
            27.3535259
          ],
          [
            2.8428242,
            27.3535003
          ],
          [
            2.8428427,
            27.3534877
          ],
          [
            2.8428634,
            27.3534784
          ],
          [
            2.842897,
            27.3534713
          ],
          [
            2.8429315,
            27.3534727
          ],
          [
            2.8429642,
            27.3534824
          ],
          [
            2.8429927,
            27.3534998
          ],
          [
            2.8430146,
            27.3535235
          ],
          [
            2.8430248,
            27.3535421
          ],
          [
            2.8430309,
            27.3535621
          ],
          [
            2.8430318,
            27.3535945
          ],
          [
            2.843022,
            27.3536258
          ],
          [
            2.8430023,
            27.3536532
          ],
          [
            2.8429745,
            27.3536743
          ],
          [
            2.8429526,
            27.3536839
          ],
          [
            2.8429139,
            27.353691
          ],
          [
            2.8428748,
            27.3536869
          ],
          [
            2.842839,
            27.353672
          ],
          [
            2.8428119,
            27.3536497
          ],
          [
            2.8427933,
            27.3536212
          ],
          [
            2.842785,
            27.3535892
          ],
          [
            2.8427878,
            27.3535565
          ]
        ]
      },
      "properties": {
        "highway": "secondary"
      }
    },
    {
      "type": "Feature",
      "geometry": {
        "type": "LineString",
        "coordinates": [
          [
            2.8428634,
            27.3534784
          ],
          [
            2.8429082,
            27.3533732
          ],
          [
            2.8429504,
            27.3532589
          ],
          [
            2.8429826,
            27.3531648
          ],
          [
            2.8430989,
            27.3527849
          ],
          [
            2.8432595,
            27.3522461
          ],
          [
            2.8433268,
            27.3519851
          ],
          [
            2.8433379,
            27.3519387
          ],
          [
            2.8434559,
            27.3515023
          ],
          [
            2.8437447,
            27.3506027
          ],
          [
            2.8440253,
            27.3495824
          ],
          [
            2.8440548,
            27.3494865
          ],
          [
            2.8446939,
            27.3474018
          ],
          [
            2.8447061,
            27.3473757
          ],
          [
            2.8447266,
            27.3473469
          ],
          [
            2.8447553,
            27.3473202
          ]
        ]
      },
      "properties": {
        "highway": "secondary",
        "ref": "CW 143"
      }
    },
    {
      "type": "Feature",
      "geometry": {
        "type": "LineString",
        "coordinates": [
          [
            2.8447553,
            27.3473202
          ],
          [
            2.8447623,
            27.3473524
          ],
          [
            2.8447647,
            27.3473899
          ],
          [
            2.8447612,
            27.3474261
          ],
          [
            2.844581,
            27.348013
          ],
          [
            2.8443956,
            27.3486168
          ],
          [
            2.8441236,
            27.3495026
          ],
          [
            2.8440938,
            27.3496005
          ],
          [
            2.8438087,
            27.3506212
          ],
          [
            2.8436606,
            27.3510786
          ],
          [
            2.8435302,
            27.3514816
          ],
          [
            2.8435185,
            27.3515178
          ],
          [
            2.843507,
            27.3515597
          ],
          [
            2.8433981,
            27.3519517
          ],
          [
            2.8433871,
            27.3519973
          ],
          [
            2.8433147,
            27.352261
          ],
          [
            2.8431566,
            27.3528087
          ],
          [
            2.8430477,
            27.3531844
          ],
          [
            2.8430309,
            27.3532785
          ],
          [
            2.8430195,
            27.3533917
          ],
          [
            2.8430146,
            27.3535235
          ]
        ]
      },
      "properties": {
        "highway": "secondary",
        "maxspeed": "60",
        "ref": "CW 143"
      }
    },
    {
      "type": "Feature",
      "geometry": {
        "type": "LineString",
        "coordinates": [
          [
            2.842785,
            27.3535892
          ],
          [
            2.8422562,
            27.3533784
          ],
          [
            2.841518,
            27.3531257
          ],
          [
            2.8410199,
            27.3530184
          ],
          [
            2.8399834,
            27.3528211
          ],
          [
            2.8388739,
            27.3526458
          ],
          [
            2.83865,
            27.3525831
          ]
        ]
      },
      "properties": {
        "highway": "secondary",
        "maxspeed": "60",
        "ref": "CW 143"
      }
    },
    {
      "type": "Feature",
      "geometry": {
        "type": "LineString",
        "coordinates": [
          [
            2.83865,
            27.3525831
          ],
          [
            2.8388844,
            27.3525791
          ],
          [
            2.839995,
            27.3527545
          ],
          [
            2.8410333,
            27.3529522
          ],
          [
            2.8415356,
            27.3530604
          ],
          [
            2.842272,
            27.3533191
          ],
          [
            2.8428242,
            27.3535003
          ]
        ]
      },
      "properties": {
        "highway": "secondary",
        "maxspeed": "60",
        "ref": "CW 143"
      }
    },
    {
      "type": "Feature",
      "geometry": {
        "type": "LineString",
        "coordinates": [
          [
            2.8501032,
            27.3576017
          ],
          [
            2.8496828,
            27.3574112
          ],
          [
            2.8491177,
            27.357147
          ],
          [
            2.8481656,
            27.3567354
          ],
          [
            2.847997,
            27.3566652
          ],
          [
            2.8478589,
            27.3566078
          ],
          [
            2.8472142,
            27.3563043
          ],
          [
            2.8471481,
            27.3562689
          ],
          [
            2.8470951,
            27.3562362
          ],
          [
            2.8467143,
            27.3559997
          ],
          [
            2.8462117,
            27.3556906
          ],
          [
            2.8461047,
            27.3556225
          ],
          [
            2.8454908,
            27.355228
          ],
          [
            2.8448144,
            27.3547935
          ],
          [
            2.8439014,
            27.3542069
          ],
          [
            2.8429745,
            27.3536743
          ]
        ]
      },
      "properties": {
        "highway": "secondary",
        "maxspeed": "60",
        "ref": "CW 143"
      }
    },
    {
      "type": "Feature",
      "geometry": {
        "type": "LineString",
        "coordinates": [
          [
            2.4864189,
            27.2021777
          ],
          [
            2.486695,
            27.2021914
          ],
          [
            2.4872465,
            27.2022187
          ]
        ]
      },
      "properties": {
        "highway": "secondary",
        "maxspeed": "25"
      }
    },
    {
      "type": "Feature",
      "geometry": {
        "type": "LineString",
        "coordinates": [
          [
            2.486927,
            27.20257
          ],
          [
            2.4868707,
            27.2025268
          ],
          [
            2.4866308,
            27.2023428
          ],
          [
            2.4864189,
            27.2021777
          ]
        ]
      },
      "properties": {
        "highway": "secondary",
        "maxspeed": "25"
      }
    },
    {
      "type": "Feature",
      "geometry": {
        "type": "LineString",
        "coordinates": [
          [
            2.5782227,
            27.532912
          ],
          [
            2.5749197,
            27.5342409
          ]
        ]
      },
      "properties": {
        "highway": "secondary"
      }
    },
    {
      "type": "Feature",
      "geometry": {
        "type": "LineString",
        "coordinates": [
          [
            2.5749197,
            27.5342409
          ],
          [
            2.5669905,
            27.5374569
          ]
        ]
      },
      "properties": {
        "highway": "secondary"
      }
    },
    {
      "type": "Feature",
      "geometry": {
        "type": "LineString",
        "coordinates": [
          [
            2.5669905,
            27.5374569
          ],
          [
            2.559208,
            27.5405838
          ]
        ]
      },
      "properties": {
        "highway": "secondary"
      }
    },
    {
      "type": "Feature",
      "geometry": {
        "type": "LineString",
        "coordinates": [
          [
            2.559208,
            27.5405838
          ],
          [
            2.552876,
            27.543105
          ],
          [
            2.5450996,
            27.5462222
          ],
          [
            2.5375321,
            27.5492588
          ],
          [
            2.5342077,
            27.5506037
          ],
          [
            2.5300594,
            27.5522819
          ],
          [
            2.5288738,
            27.5527539
          ],
          [
            2.5276923,
            27.5532372
          ],
          [
            2.5225043,
            27.555309
          ],
          [
            2.5216405,
            27.5556592
          ]
        ]
      },
      "properties": {
        "highway": "secondary"
      }
    },
    {
      "type": "Feature",
      "geometry": {
        "type": "LineString",
        "coordinates": [
          [
            2.5216405,
            27.5556592
          ],
          [
            2.5213354,
            27.5557721
          ],
          [
            2.5207467,
            27.5560099
          ],
          [
            2.5199977,
            27.5563096
          ],
          [
            2.5162728,
            27.5578058
          ],
          [
            2.516077,
            27.5578915
          ],
          [
            2.5157109,
            27.5580377
          ],
          [
            2.5134838,
            27.5589314
          ],
          [
            2.5130917,
            27.5590887
          ],
          [
            2.5097041,
            27.5604501
          ],
          [
            2.5094023,
            27.5605737
          ],
          [
            2.5065552,
            27.5616996
          ],
          [
            2.5063272,
            27.5617935
          ],
          [
            2.5062306,
            27.5618167
          ],
          [
            2.5061548,
            27.5618227
          ],
          [
            2.5010316,
            27.5617618
          ],
          [
            2.4949325,
            27.5617287
          ],
          [
            2.4895625,
            27.5617418
          ]
        ]
      },
      "properties": {
        "highway": "secondary"
      }
    },
    {
      "type": "Feature",
      "geometry": {
        "type": "LineString",
        "coordinates": [
          [
            2.4895625,
            27.5617418
          ],
          [
            2.4891639,
            27.5617384
          ],
          [
            2.4886473,
            27.5617404
          ],
          [
            2.4876576,
            27.5617354
          ]
        ]
      },
      "properties": {
        "highway": "secondary"
      }
    },
    {
      "type": "Feature",
      "geometry": {
        "type": "LineString",
        "coordinates": [
          [
            1.909002,
            27.1114687
          ],
          [
            1.9093218,
            27.1102871
          ],
          [
            1.9095841,
            27.1092786
          ],
          [
            1.9096504,
            27.1090239
          ],
          [
            1.9097731,
            27.1085519
          ],
          [
            1.9097894,
            27.1084894
          ],
          [
            1.9098858,
            27.1081186
          ],
          [
            1.9099252,
            27.107967
          ],
          [
            1.910037,
            27.107537
          ],
          [
            1.910099,
            27.1072988
          ],
          [
            1.9100645,
            27.1069501
          ],
          [
            1.9100372,
            27.1066744
          ],
          [
            1.9100233,
            27.1065336
          ],
          [
            1.9100036,
            27.1063351
          ],
          [
            1.9099516,
            27.1058098
          ],
          [
            1.9100142,
            27.1046056
          ],
          [
            1.910234,
            27.1045964
          ],
          [
            1.910463,
            27.1045137
          ],
          [
            1.9106582,
            27.1043514
          ],
          [
            1.9107938,
            27.1041891
          ],
          [
            1.9109128,
            27.1040237
          ],
          [
            1.9110548,
            27.1038454
          ],
          [
            1.911113,
            27.1037577
          ],
          [
            1.9112164,
            27.1032294
          ],
          [
            1.9112821,
            27.1028939
          ],
          [
            1.9113939,
            27.1023231
          ],
          [
            1.9114601,
            27.101985
          ],
          [
            1.911477,
            27.1018984
          ],
          [
            1.911477,
            27.1017786
          ],
          [
            1.911477,
            27.1011809
          ],
          [
            1.9114599,
            27.1011153
          ],
          [
            1.9112311,
            27.1002377
          ],
          [
            1.9110649,
            27.0996
          ],
          [
            1.9110191,
            27.0994244
          ],
          [
            1.9108616,
            27.09882
          ],
          [
            1.9109136,
            27.0976936
          ]
        ]
      },
      "properties": {
        "highway": "tertiary"
      }
    },
    {
      "type": "Feature",
      "geometry": {
        "type": "LineString",
        "coordinates": [
          [
            1.9080154,
            27.0974129
          ],
          [
            1.9057486,
            27.0969837
          ],
          [
            1.9056478,
            27.0969645
          ]
        ]
      },
      "properties": {
        "highway": "tertiary"
      }
    },
    {
      "type": "Feature",
      "geometry": {
        "type": "LineString",
        "coordinates": [
          [
            1.9109136,
            27.0976936
          ],
          [
            1.9118551,
            27.0978175
          ],
          [
            1.913103,
            27.0980366
          ],
          [
            1.9136058,
            27.0981103
          ],
          [
            1.9153423,
            27.0983648
          ]
        ]
      },
      "properties": {
        "highway": "tertiary"
      }
    },
    {
      "type": "Feature",
      "geometry": {
        "type": "LineString",
        "coordinates": [
          [
            1.9153423,
            27.0983648
          ],
          [
            1.9154141,
            27.0977381
          ],
          [
            1.9154486,
            27.0974331
          ],
          [
            1.9154949,
            27.0971854
          ],
          [
            1.9155054,
            27.0971622
          ],
          [
            1.9155254,
            27.0971425
          ],
          [
            1.9155519,
            27.0971328
          ]
        ]
      },
      "properties": {
        "highway": "tertiary"
      }
    },
    {
      "type": "Feature",
      "geometry": {
        "type": "LineString",
        "coordinates": [
          [
            1.9109213,
            27.0892014
          ],
          [
            1.9108218,
            27.0894039
          ],
          [
            1.9107909,
            27.0894731
          ],
          [
            1.9107614,
            27.089546
          ],
          [
            1.9106478,
            27.0898601
          ],
          [
            1.9105364,
            27.0901972
          ],
          [
            1.9104505,
            27.0904574
          ],
          [
            1.9101069,
            27.0914973
          ],
          [
            1.9097985,
            27.0924085
          ],
          [
            1.909505,
            27.0932925
          ]
        ]
      },
      "properties": {
        "highway": "tertiary"
      }
    },
    {
      "type": "Feature",
      "geometry": {
        "type": "LineString",
        "coordinates": [
          [
            1.9024518,
            27.109714
          ],
          [
            1.9026068,
            27.1090169
          ],
          [
            1.9027134,
            27.1086369
          ],
          [
            1.9027606,
            27.1084254
          ],
          [
            1.9028382,
            27.1081639
          ],
          [
            1.9029856,
            27.107557
          ],
          [
            1.9031547,
            27.1068796
          ],
          [
            1.9032679,
            27.1064202
          ],
          [
            1.9033576,
            27.1060564
          ],
          [
            1.9035155,
            27.1053645
          ],
          [
            1.9036551,
            27.1047639
          ],
          [
            1.9036791,
            27.1046434
          ],
          [
            1.9038034,
            27.1041503
          ],
          [
            1.9039092,
            27.103738
          ],
          [
            1.9039822,
            27.1034448
          ],
          [
            1.9040851,
            27.1029991
          ],
          [
            1.9043251,
            27.1019326
          ],
          [
            1.904422,
            27.1016111
          ],
          [
            1.9044797,
            27.101368
          ],
          [
            1.904514,
            27.1012319
          ],
          [
            1.9045929,
            27.1009284
          ],
          [
            1.9047018,
            27.1005117
          ],
          [
            1.9047664,
            27.1002711
          ],
          [
            1.9048873,
            27.0998205
          ],
          [
            1.9051701,
            27.0987667
          ],
          [
            1.9054198,
            27.097836
          ],
          [
            1.9055258,
            27.0974308
          ],
          [
            1.9056478,
            27.0969645
          ]
        ]
      },
      "properties": {
        "highway": "tertiary"
      }
    },
    {
      "type": "Feature",
      "geometry": {
        "type": "LineString",
        "coordinates": [
          [
            1.909505,
            27.0932925
          ],
          [
            1.9093797,
            27.0936578
          ],
          [
            1.909087,
            27.0944608
          ],
          [
            1.9087614,
            27.095349
          ],
          [
            1.9084293,
            27.0963246
          ],
          [
            1.9080853,
            27.0973037
          ],
          [
            1.9080739,
            27.0973289
          ],
          [
            1.9080627,
            27.0973493
          ],
          [
            1.9080154,
            27.0974129
          ]
        ]
      },
      "properties": {
        "highway": "tertiary"
      }
    },
    {
      "type": "Feature",
      "geometry": {
        "type": "LineString",
        "coordinates": [
          [
            2.4789338,
            27.1944362
          ],
          [
            2.4791426,
            27.1938866
          ],
          [
            2.4795574,
            27.1928008
          ],
          [
            2.4795949,
            27.1925789
          ],
          [
            2.4796057,
            27.1922736
          ],
          [
            2.4796023,
            27.1921738
          ],
          [
            2.479603,
            27.1920278
          ],
          [
            2.4796271,
            27.1919205
          ],
          [
            2.4796486,
            27.191825
          ],
          [
            2.4797109,
            27.1916244
          ],
          [
            2.4797148,
            27.1916118
          ],
          [
            2.4797656,
            27.1914482
          ],
          [
            2.4798224,
            27.1912652
          ],
          [
            2.4798605,
            27.191152
          ],
          [
            2.4799124,
            27.1909725
          ],
          [
            2.4799309,
            27.1909083
          ],
          [
            2.4800132,
            27.1905422
          ],
          [
            2.48002,
            27.1905121
          ],
          [
            2.4800753,
            27.1902538
          ],
          [
            2.4800876,
            27.1901964
          ],
          [
            2.4801072,
            27.1901049
          ],
          [
            2.4801287,
            27.1900429
          ],
          [
            2.480185,
            27.1900047
          ],
          [
            2.4803165,
            27.1899689
          ],
          [
            2.4804103,
            27.1899164
          ],
          [
            2.4804667,
            27.1898186
          ],
          [
            2.4805002,
            27.1896623
          ],
          [
            2.4805223,
            27.189244
          ],
          [
            2.4804935,
            27.1890456
          ],
          [
            2.4804681,
            27.1889654
          ],
          [
            2.4803567,
            27.1886137
          ],
          [
            2.4803513,
            27.1884921
          ],
          [
            2.4803632,
            27.1884214
          ],
          [
            2.4804099,
            27.1881445
          ],
          [
            2.4804545,
            27.1879025
          ],
          [
            2.4804725,
            27.187805
          ],
          [
            2.4805073,
            27.1876165
          ],
          [
            2.4805605,
            27.1873278
          ],
          [
            2.4805123,
            27.1871083
          ],
          [
            2.480531,
            27.1868792
          ],
          [
            2.4805736,
            27.1865306
          ],
          [
            2.4806732,
            27.1857149
          ],
          [
            2.4807344,
            27.185343
          ],
          [
            2.4808314,
            27.1847534
          ],
          [
            2.4809387,
            27.1842428
          ],
          [
            2.4810246,
            27.1838777
          ],
          [
            2.4811768,
            27.1833331
          ],
          [
            2.4812849,
            27.1829566
          ],
          [
            2.4813692,
            27.1826824
          ],
          [
            2.4815022,
            27.1823007
          ],
          [
            2.4815914,
            27.1820447
          ],
          [
            2.4817188,
            27.1816791
          ],
          [
            2.4817789,
            27.1815068
          ],
          [
            2.4817998,
            27.181438
          ],
          [
            2.4818803,
            27.1811734
          ],
          [
            2.4819177,
            27.1810504
          ],
          [
            2.4819875,
            27.1807193
          ],
          [
            2.4820143,
            27.1805922
          ],
          [
            2.4820911,
            27.1801606
          ],
          [
            2.482191,
            27.1792213
          ],
          [
            2.4822649,
            27.1786175
          ],
          [
            2.4823166,
            27.1781942
          ],
          [
            2.4823519,
            27.1777978
          ],
          [
            2.4823947,
            27.177289
          ],
          [
            2.4824136,
            27.1770643
          ],
          [
            2.4824089,
            27.1760564
          ],
          [
            2.4824071,
            27.1756634
          ],
          [
            2.4824054,
            27.1752818
          ],
          [
            2.4824037,
            27.1749164
          ],
          [
            2.4824188,
            27.1745645
          ],
          [
            2.4824541,
            27.17405
          ],
          [
            2.4825002,
            27.173377
          ],
          [
            2.4825113,
            27.1732158
          ],
          [
            2.4825118,
            27.17294
          ],
          [
            2.4825126,
            27.1725725
          ],
          [
            2.4825129,
            27.1724127
          ],
          [
            2.4825132,
            27.1722504
          ],
          [
            2.4825444,
            27.1716173
          ],
          [
            2.4825599,
            27.1713036
          ],
          [
            2.4825668,
            27.1711623
          ],
          [
            2.4824336,
            27.1701475
          ],
          [
            2.4823428,
            27.1697311
          ],
          [
            2.4820783,
            27.1685177
          ],
          [
            2.4818957,
            27.1674054
          ],
          [
            2.4814859,
            27.1648685
          ]
        ]
      },
      "properties": {
        "highway": "tertiary"
      }
    },
    {
      "type": "Feature",
      "geometry": {
        "type": "LineString",
        "coordinates": [
          [
            2.5576728,
            27.4187525
          ],
          [
            2.5569767,
            27.4187573
          ],
          [
            2.5563168,
            27.4187942
          ],
          [
            2.5553164,
            27.4188823
          ],
          [
            2.5545305,
            27.4190394
          ],
          [
            2.5542381,
            27.4190727
          ],
          [
            2.5540638,
            27.4190775
          ],
          [
            2.5539002,
            27.4190394
          ],
          [
            2.5533611,
            27.4188918
          ],
          [
            2.5532296,
            27.4188132
          ],
          [
            2.5531066,
            27.418726
          ],
          [
            2.5528115,
            27.4183969
          ],
          [
            2.5527069,
            27.4183147
          ],
          [
            2.5525219,
            27.4182362
          ],
          [
            2.5521624,
            27.4181647
          ],
          [
            2.5517628,
            27.4180374
          ],
          [
            2.5515355,
            27.4179772
          ],
          [
            2.5513061,
            27.4179629
          ],
          [
            2.5510567,
            27.4179391
          ],
          [
            2.5508488,
            27.4178772
          ],
          [
            2.5505819,
            27.4177844
          ],
          [
            2.5499516,
            27.417657
          ],
          [
            2.5467611,
            27.4175403
          ],
          [
            2.5464252,
            27.4175576
          ],
          [
            2.5461167,
            27.4176207
          ],
          [
            2.5455723,
            27.4177707
          ],
          [
            2.5452692,
            27.4178231
          ],
          [
            2.5433152,
            27.41806
          ],
          [
            2.5415583,
            27.4183885
          ],
          [
            2.5413035,
            27.4184195
          ],
          [
            2.5410085,
            27.4184243
          ],
          [
            2.5404801,
            27.4183862
          ],
          [
            2.5401475,
            27.4183838
          ],
          [
            2.5398015,
            27.4184171
          ],
          [
            2.5387769,
            27.418529
          ],
          [
            2.5382968,
            27.4185409
          ],
          [
            2.5379052,
            27.4185338
          ],
          [
            2.5375618,
            27.4184981
          ],
          [
            2.5371649,
            27.4184076
          ],
          [
            2.5368242,
            27.4183481
          ],
          [
            2.5364675,
            27.4183076
          ],
          [
            2.5361751,
            27.4183076
          ],
          [
            2.5355207,
            27.4183528
          ],
          [
            2.5332301,
            27.4183004
          ],
          [
            2.5321491,
            27.418329
          ],
          [
            2.530867,
            27.4184052
          ],
          [
            2.5301294,
            27.4185052
          ],
          [
            2.5295796,
            27.4185457
          ],
          [
            2.5276323,
            27.41871
          ],
          [
            2.5262456,
            27.4188838
          ],
          [
            2.5209,
            27.4198885
          ],
          [
            2.5201865,
            27.4200004
          ],
          [
            2.5195696,
            27.4200814
          ],
          [
            2.518663,
            27.4201552
          ],
          [
            2.5176893,
            27.4202909
          ],
          [
            2.5169812,
            27.4203766
          ],
          [
            2.5146236,
            27.4206051
          ],
          [
            2.5131832,
            27.420717
          ],
          [
            2.5121801,
            27.4208266
          ],
          [
            2.511649,
            27.4209432
          ],
          [
            2.5114425,
            27.4209718
          ],
          [
            2.5112172,
            27.4209908
          ],
          [
            2.5109624,
            27.421067
          ],
          [
            2.510603,
            27.4211813
          ],
          [
            2.5103562,
            27.4212265
          ],
          [
            2.5094255,
            27.4213837
          ],
          [
            2.509117,
            27.4214527
          ],
          [
            2.5082265,
            27.4217479
          ],
          [
            2.50791,
            27.4218789
          ],
          [
            2.5076767,
            27.4219408
          ],
          [
            2.5074272,
            27.4219717
          ],
          [
            2.5061693,
            27.422117
          ],
          [
            2.5051152,
            27.4221479
          ],
          [
            2.5047128,
            27.4221908
          ],
          [
            2.5043561,
            27.422167
          ],
          [
            2.5035246,
            27.4221551
          ],
          [
            2.5031518,
            27.4221289
          ],
          [
            2.5029399,
            27.4220622
          ],
          [
            2.5025805,
            27.421867
          ]
        ]
      },
      "properties": {
        "highway": "secondary"
      }
    },
    {
      "type": "Feature",
      "geometry": {
        "type": "LineString",
        "coordinates": [
          [
            1.9081443,
            27.1154482
          ],
          [
            1.9082433,
            27.1155648
          ],
          [
            1.9084242,
            27.1156857
          ],
          [
            1.9082966,
            27.116467
          ],
          [
            1.9081359,
            27.117016
          ],
          [
            1.908053,
            27.117165
          ],
          [
            1.9079019,
            27.1172808
          ],
          [
            1.9075616,
            27.1175444
          ],
          [
            1.9074441,
            27.1176767
          ],
          [
            1.9073607,
            27.1178677
          ],
          [
            1.9072941,
            27.1181238
          ],
          [
            1.9069055,
            27.1200371
          ],
          [
            1.9061951,
            27.1229227
          ],
          [
            1.9061749,
            27.1229928
          ],
          [
            1.9061281,
            27.1230693
          ],
          [
            1.9060781,
            27.1231111
          ],
          [
            1.906,
            27.1231364
          ],
          [
            1.9059146,
            27.1231392
          ],
          [
            1.9058232,
            27.1231137
          ],
          [
            1.8939569,
            27.1190682
          ],
          [
            1.8938918,
            27.1190407
          ],
          [
            1.8938527,
            27.1190085
          ],
          [
            1.8938385,
            27.1189596
          ],
          [
            1.8938394,
            27.1189127
          ],
          [
            1.8950943,
            27.1146687
          ],
          [
            1.8960961,
            27.1112046
          ],
          [
            1.8968746,
            27.1085057
          ],
          [
            1.8968934,
            27.1084778
          ],
          [
            1.8969503,
            27.1084634
          ],
          [
            1.8970179,
            27.1084673
          ],
          [
            1.8996211,
            27.1090234
          ],
          [
            1.9001169,
            27.1091293
          ],
          [
            1.9005326,
            27.1092339
          ],
          [
            1.9009472,
            27.1093376
          ],
          [
            1.9022981,
            27.1096755
          ],
          [
            1.9024518,
            27.109714
          ],
          [
            1.9025138,
            27.1097295
          ],
          [
            1.9027974,
            27.1098004
          ],
          [
            1.9034489,
            27.1099818
          ],
          [
            1.9035366,
            27.1100062
          ],
          [
            1.9085166,
            27.1113382
          ],
          [
            1.908746,
            27.1113998
          ],
          [
            1.909002,
            27.1114687
          ]
        ]
      },
      "properties": {
        "highway": "tertiary"
      }
    },
    {
      "type": "Feature",
      "geometry": {
        "type": "LineString",
        "coordinates": [
          [
            2.4996423,
            27.2547624
          ],
          [
            2.4997434,
            27.2547582
          ],
          [
            2.4998431,
            27.2547448
          ],
          [
            2.4999406,
            27.2547219
          ],
          [
            2.5041317,
            27.2533305
          ],
          [
            2.5041933,
            27.2533192
          ],
          [
            2.5042555,
            27.2533109
          ],
          [
            2.5043191,
            27.2533075
          ]
        ]
      },
      "properties": {
        "highway": "secondary"
      }
    },
    {
      "type": "Feature",
      "geometry": {
        "type": "LineString",
        "coordinates": [
          [
            2.5085606,
            27.277913
          ],
          [
            2.5085471,
            27.2778181
          ],
          [
            2.508528,
            27.2777239
          ],
          [
            2.5085035,
            27.2776306
          ],
          [
            2.5084736,
            27.2775387
          ],
          [
            2.5080786,
            27.2764093
          ],
          [
            2.5076872,
            27.2754111
          ],
          [
            2.5068302,
            27.2730756
          ],
          [
            2.5058667,
            27.2704533
          ],
          [
            2.5058028,
            27.2702745
          ],
          [
            2.5046143,
            27.2670589
          ],
          [
            2.5045917,
            27.2670016
          ],
          [
            2.5035467,
            27.2643484
          ],
          [
            2.5024302,
            27.2617776
          ],
          [
            2.4996673,
            27.2553416
          ],
          [
            2.499589,
            27.2552097
          ],
          [
            2.4995219,
            27.2551144
          ],
          [
            2.4994131,
            27.2550005
          ]
        ]
      },
      "properties": {
        "name": "Trans-Sahara",
        "highway": "trunk",
        "maxspeed": "100",
        "ref": "RN 1"
      }
    },
    {
      "type": "Feature",
      "geometry": {
        "type": "LineString",
        "coordinates": [
          [
            2.4907683,
            27.2776411
          ],
          [
            2.4906411,
            27.2776648
          ],
          [
            2.4905206,
            27.277713
          ],
          [
            2.4898853,
            27.2780836
          ],
          [
            2.4897087,
            27.2781863
          ],
          [
            2.4894599,
            27.2782773
          ],
          [
            2.4893243,
            27.278314
          ],
          [
            2.4887435,
            27.2784714
          ],
          [
            2.4884006,
            27.2785643
          ],
          [
            2.4881465,
            27.278583
          ],
          [
            2.4879161,
            27.278531
          ],
          [
            2.4875739,
            27.2784698
          ],
          [
            2.4871749,
            27.2783378
          ],
          [
            2.4869388,
            27.2781233
          ],
          [
            2.4868986,
            27.2779612
          ],
          [
            2.4868852,
            27.2778062
          ],
          [
            2.4868987,
            27.2776605
          ],
          [
            2.486912,
            27.2775178
          ],
          [
            2.4870268,
            27.2771503
          ],
          [
            2.4870408,
            27.2771053
          ],
          [
            2.4872942,
            27.2765952
          ],
          [
            2.4873268,
            27.2765366
          ],
          [
            2.487486,
            27.2762507
          ],
          [
            2.4875155,
            27.2761643
          ],
          [
            2.4875329,
            27.2760707
          ],
          [
            2.4875678,
            27.275843
          ],
          [
            2.4875812,
            27.2756652
          ],
          [
            2.4875906,
            27.2755403
          ],
          [
            2.487592,
            27.2752351
          ],
          [
            2.4875598,
            27.2750384
          ],
          [
            2.4873854,
            27.2745449
          ],
          [
            2.487077,
            27.2737308
          ],
          [
            2.486963,
            27.2732814
          ],
          [
            2.4868906,
            27.2728356
          ],
          [
            2.486845,
            27.2725817
          ],
          [
            2.4868235,
            27.2725412
          ],
          [
            2.4867725,
            27.2724911
          ],
          [
            2.4867015,
            27.2724768
          ],
          [
            2.486625,
            27.2724804
          ],
          [
            2.4860953,
            27.2725364
          ],
          [
            2.4853429,
            27.272633
          ],
          [
            2.4848226,
            27.272739
          ],
          [
            2.4841359,
            27.2729024
          ],
          [
            2.4833447,
            27.2731431
          ],
          [
            2.4827868,
            27.2733386
          ],
          [
            2.4813652,
            27.2737725
          ],
          [
            2.4804908,
            27.2740276
          ],
          [
            2.4802628,
            27.2740658
          ],
          [
            2.4798471,
            27.2740872
          ],
          [
            2.4792033,
            27.2741158
          ],
          [
            2.4789003,
            27.2741206
          ],
          [
            2.4787915,
            27.2741035
          ],
          [
            2.4786428,
            27.2740801
          ],
          [
            2.478404,
            27.2739871
          ],
          [
            2.4780366,
            27.2737606
          ],
          [
            2.4778274,
            27.2736104
          ],
          [
            2.4775887,
            27.2735127
          ],
          [
            2.4771649,
            27.2733649
          ],
          [
            2.4769636,
            27.273289
          ],
          [
            2.4767411,
            27.2732051
          ],
          [
            2.4763012,
            27.2730382
          ],
          [
            2.4759471,
            27.272919
          ],
          [
            2.4758184,
            27.2728833
          ],
          [
            2.4757057,
            27.2728833
          ],
          [
            2.4755529,
            27.2729524
          ],
          [
            2.4753785,
            27.2731956
          ],
          [
            2.4751693,
            27.273434
          ],
          [
            2.4751157,
            27.273482
          ],
          [
            2.4748608,
            27.2737105
          ],
          [
            2.474767,
            27.2737916
          ],
          [
            2.4746677,
            27.2738297
          ],
          [
            2.4745685,
            27.2738536
          ],
          [
            2.4744129,
            27.2738321
          ],
          [
            2.4741018,
            27.2737844
          ],
          [
            2.4739194,
            27.273732
          ],
          [
            2.4738675,
            27.2735173
          ]
        ]
      },
      "properties": {
        "highway": "tertiary",
        "maxspeed": "60",
        "ref": "CW 143"
      }
    },
    {
      "type": "Feature",
      "geometry": {
        "type": "LineString",
        "coordinates": [
          [
            2.5087555,
            27.2778557
          ],
          [
            2.5088041,
            27.2778793
          ],
          [
            2.5088406,
            27.2779181
          ],
          [
            2.5088612,
            27.2779652
          ],
          [
            2.5088626,
            27.2780157
          ],
          [
            2.5088448,
            27.2780636
          ],
          [
            2.5088256,
            27.2780888
          ],
          [
            2.5087895,
            27.2781173
          ],
          [
            2.5087457,
            27.2781353
          ],
          [
            2.508698,
            27.2781414
          ],
          [
            2.5086503,
            27.278135
          ],
          [
            2.5086067,
            27.2781166
          ],
          [
            2.5085709,
            27.2780878
          ],
          [
            2.508546,
            27.2780516
          ],
          [
            2.508534,
            27.2780102
          ],
          [
            2.5085357,
            27.2779677
          ],
          [
            2.5085507,
            27.2779261
          ],
          [
            2.5085606,
            27.277913
          ],
          [
            2.5085979,
            27.2778772
          ],
          [
            2.5086467,
            27.2778543
          ],
          [
            2.5087012,
            27.2778468
          ],
          [
            2.5087555,
            27.2778557
          ]
        ]
      },
      "properties": {
        "highway": "trunk"
      }
    },
    {
      "type": "Feature",
      "geometry": {
        "type": "LineString",
        "coordinates": [
          [
            2.5088406,
            27.2779181
          ],
          [
            2.5089405,
            27.277959
          ],
          [
            2.5090924,
            27.2779906
          ],
          [
            2.5093114,
            27.2780469
          ]
        ]
      },
      "properties": {
        "highway": "secondary"
      }
    },
    {
      "type": "Feature",
      "geometry": {
        "type": "LineString",
        "coordinates": [
          [
            2.5176914,
            27.2711803
          ],
          [
            2.5176495,
            27.2716933
          ],
          [
            2.5176324,
            27.2719852
          ],
          [
            2.5176089,
            27.2723117
          ],
          [
            2.5175909,
            27.2726189
          ],
          [
            2.5175547,
            27.2731714
          ],
          [
            2.517477,
            27.2744211
          ],
          [
            2.5174069,
            27.2756291
          ],
          [
            2.5173731,
            27.2762161
          ],
          [
            2.517354,
            27.2765918
          ],
          [
            2.5172897,
            27.2781721
          ]
        ]
      },
      "properties": {
        "highway": "tertiary"
      }
    },
    {
      "type": "Feature",
      "geometry": {
        "type": "LineString",
        "coordinates": [
          [
            2.508546,
            27.2780516
          ],
          [
            2.5084022,
            27.2780272
          ],
          [
            2.5082577,
            27.2780069
          ],
          [
            2.5081124,
            27.2779907
          ]
        ]
      },
      "properties": {
        "highway": "secondary"
      }
    },
    {
      "type": "Feature",
      "geometry": {
        "type": "LineString",
        "coordinates": [
          [
            2.5046143,
            27.2670589
          ],
          [
            2.504698,
            27.2670368
          ]
        ]
      },
      "properties": {
        "highway": "trunk_link"
      }
    },
    {
      "type": "Feature",
      "geometry": {
        "type": "LineString",
        "coordinates": [
          [
            2.4996952,
            27.2549479
          ],
          [
            2.499702,
            27.255027
          ],
          [
            2.4997319,
            27.2551868
          ],
          [
            2.4997635,
            27.2552971
          ],
          [
            2.5025125,
            27.2617496
          ],
          [
            2.503627,
            27.2643198
          ],
          [
            2.5046601,
            27.2669335
          ],
          [
            2.504698,
            27.2670368
          ],
          [
            2.5058082,
            27.269995
          ],
          [
            2.5059204,
            27.2702606
          ],
          [
            2.5059794,
            27.2704358
          ],
          [
            2.5060736,
            27.2707184
          ],
          [
            2.5069089,
            27.2730386
          ],
          [
            2.5077835,
            27.2753864
          ],
          [
            2.5085742,
            27.2775132
          ],
          [
            2.5086139,
            27.2776092
          ],
          [
            2.5086451,
            27.2776848
          ],
          [
            2.5086879,
            27.277756
          ],
          [
            2.5087412,
            27.2778212
          ],
          [
            2.5088041,
            27.2778793
          ]
        ]
      },
      "properties": {
        "name": "Trans-Sahara",
        "highway": "trunk",
        "maxspeed": "100",
        "ref": "RN 1"
      }
    },
    {
      "type": "Feature",
      "geometry": {
        "type": "LineString",
        "coordinates": [
          [
            2.4997021,
            27.2549311
          ],
          [
            2.4996952,
            27.2549479
          ],
          [
            2.4996651,
            27.2549899
          ],
          [
            2.4996218,
            27.2550214
          ],
          [
            2.4995695,
            27.2550392
          ],
          [
            2.4995136,
            27.2550415
          ],
          [
            2.4994596,
            27.2550282
          ],
          [
            2.4994131,
            27.2550005
          ],
          [
            2.4994029,
            27.2549913
          ],
          [
            2.499377,
            27.2549585
          ],
          [
            2.4993614,
            27.254921
          ],
          [
            2.4993569,
            27.2548811
          ],
          [
            2.4993591,
            27.2548605
          ],
          [
            2.4993768,
            27.2548133
          ],
          [
            2.4994101,
            27.2547734
          ],
          [
            2.4994557,
            27.2547448
          ],
          [
            2.4995092,
            27.2547303
          ],
          [
            2.4995651,
            27.2547314
          ],
          [
            2.4996177,
            27.254748
          ],
          [
            2.4996423,
            27.2547624
          ],
          [
            2.4996784,
            27.2547965
          ],
          [
            2.4997015,
            27.2548385
          ],
          [
            2.4997097,
            27.2548847
          ],
          [
            2.4997021,
            27.2549311
          ]
        ]
      },
      "properties": {
        "highway": "trunk",
        "maxspeed": "100"
      }
    },
    {
      "type": "Feature",
      "geometry": {
        "type": "LineString",
        "coordinates": [
          [
            2.5043191,
            27.2533075
          ],
          [
            2.5042686,
            27.2533377
          ],
          [
            2.5042154,
            27.253365
          ],
          [
            2.5041592,
            27.253387
          ],
          [
            2.5036789,
            27.2535478
          ],
          [
            2.4999768,
            27.2547921
          ],
          [
            2.4998826,
            27.2548345
          ],
          [
            2.4997908,
            27.2548808
          ],
          [
            2.4997021,
            27.2549311
          ]
        ]
      },
      "properties": {
        "highway": "secondary"
      }
    },
    {
      "type": "Feature",
      "geometry": {
        "type": "LineString",
        "coordinates": [
          [
            2.4968737,
            27.2486113
          ],
          [
            2.4969153,
            27.2486285
          ],
          [
            2.4969494,
            27.2486557
          ],
          [
            2.496974,
            27.2486931
          ],
          [
            2.4969844,
            27.2487355
          ],
          [
            2.4969789,
            27.2487802
          ],
          [
            2.4969574,
            27.248821
          ],
          [
            2.4969222,
            27.2488534
          ],
          [
            2.4968772,
            27.2488739
          ],
          [
            2.4968271,
            27.2488804
          ],
          [
            2.4967773,
            27.2488722
          ],
          [
            2.4967332,
            27.24885
          ],
          [
            2.4967169,
            27.2488366
          ],
          [
            2.4966911,
            27.2488029
          ],
          [
            2.4966774,
            27.248764
          ],
          [
            2.4966772,
            27.2487233
          ],
          [
            2.4966859,
            27.2486939
          ],
          [
            2.4967085,
            27.2486584
          ],
          [
            2.4967418,
            27.2486304
          ],
          [
            2.4967829,
            27.2486123
          ],
          [
            2.4968282,
            27.2486057
          ],
          [
            2.4968737,
            27.2486113
          ]
        ]
      },
      "properties": {
        "highway": "trunk"
      }
    },
    {
      "type": "Feature",
      "geometry": {
        "type": "LineString",
        "coordinates": [
          [
            2.4967169,
            27.2488366
          ],
          [
            2.4966291,
            27.2488195
          ],
          [
            2.4964594,
            27.2488062
          ]
        ]
      },
      "properties": {
        "highway": "tertiary"
      }
    },
    {
      "type": "Feature",
      "geometry": {
        "type": "LineString",
        "coordinates": [
          [
            2.4969844,
            27.2487355
          ],
          [
            2.4970493,
            27.2491181
          ],
          [
            2.4970957,
            27.2492756
          ],
          [
            2.499355,
            27.2543611
          ],
          [
            2.4994299,
            27.2544964
          ],
          [
            2.499518,
            27.2546253
          ],
          [
            2.4996177,
            27.254748
          ]
        ]
      },
      "properties": {
        "name": "Trans-Sahara",
        "highway": "trunk",
        "maxspeed": "80",
        "ref": "RN 1"
      }
    },
    {
      "type": "Feature",
      "geometry": {
        "type": "LineString",
        "coordinates": [
          [
            2.4993591,
            27.2548605
          ],
          [
            2.4993444,
            27.2547162
          ],
          [
            2.4993227,
            27.2546044
          ],
          [
            2.4992715,
            27.2544221
          ],
          [
            2.497021,
            27.2493106
          ],
          [
            2.4969528,
            27.249158
          ],
          [
            2.4968569,
            27.2489986
          ],
          [
            2.4967332,
            27.24885
          ]
        ]
      },
      "properties": {
        "name": "Trans-Sahara",
        "highway": "trunk",
        "maxspeed": "80",
        "ref": "RN 1"
      }
    },
    {
      "type": "Feature",
      "geometry": {
        "type": "LineString",
        "coordinates": [
          [
            2.4966859,
            27.2486939
          ],
          [
            2.496658,
            27.2486035
          ],
          [
            2.4965836,
            27.2483186
          ],
          [
            2.4949885,
            27.2445335
          ],
          [
            2.4947331,
            27.2438476
          ],
          [
            2.4945415,
            27.2431522
          ],
          [
            2.4942595,
            27.2419033
          ],
          [
            2.4941425,
            27.2413498
          ],
          [
            2.494036,
            27.2405408
          ],
          [
            2.4939828,
            27.2399448
          ],
          [
            2.4939438,
            27.2379187
          ],
          [
            2.4941189,
            27.233469
          ],
          [
            2.4942499,
            27.2301415
          ],
          [
            2.4942582,
            27.2297356
          ],
          [
            2.4942582,
            27.2294958
          ],
          [
            2.4942084,
            27.229064
          ],
          [
            2.4941296,
            27.2285659
          ],
          [
            2.4940374,
            27.2280852
          ],
          [
            2.4939013,
            27.2275954
          ],
          [
            2.4936855,
            27.2270455
          ],
          [
            2.493449,
            27.2265289
          ],
          [
            2.4932456,
            27.226182
          ],
          [
            2.4929424,
            27.2257312
          ],
          [
            2.4924848,
            27.2251303
          ],
          [
            2.4921239,
            27.2247611
          ],
          [
            2.4915925,
            27.2242502
          ],
          [
            2.4907694,
            27.223563
          ],
          [
            2.4853932,
            27.2190551
          ],
          [
            2.4844319,
            27.2182434
          ],
          [
            2.4840953,
            27.2178923
          ],
          [
            2.4839076,
            27.217662
          ],
          [
            2.4837036,
            27.2173598
          ],
          [
            2.4835224,
            27.217046
          ],
          [
            2.4833476,
            27.2166747
          ],
          [
            2.4832311,
            27.2163523
          ],
          [
            2.4831437,
            27.2160444
          ],
          [
            2.4831113,
            27.2158803
          ],
          [
            2.4830887,
            27.2156846
          ],
          [
            2.4830628,
            27.2154572
          ],
          [
            2.4830595,
            27.215296
          ],
          [
            2.4830657,
            27.2148239
          ],
          [
            2.483082,
            27.2145072
          ],
          [
            2.4830993,
            27.2143695
          ],
          [
            2.4831351,
            27.2142184
          ],
          [
            2.4834356,
            27.2135039
          ],
          [
            2.4835404,
            27.2132547
          ],
          [
            2.4836698,
            27.2129471
          ],
          [
            2.4843553,
            27.2113171
          ],
          [
            2.4844716,
            27.2110428
          ],
          [
            2.4845182,
            27.2109068
          ],
          [
            2.4845344,
            27.2107897
          ],
          [
            2.4845491,
            27.210555
          ],
          [
            2.4845711,
            27.2104323
          ]
        ]
      },
      "properties": {
        "name": "Trans-Sahara",
        "highway": "trunk",
        "maxspeed": "80",
        "ref": "RN 1"
      }
    },
    {
      "type": "Feature",
      "geometry": {
        "type": "LineString",
        "coordinates": [
          [
            2.4849411,
            27.2097213
          ],
          [
            2.4841783,
            27.2094432
          ],
          [
            2.4834874,
            27.2091913
          ],
          [
            2.4834619,
            27.2091819
          ],
          [
            2.4834368,
            27.2091727
          ],
          [
            2.483161,
            27.2090223
          ],
          [
            2.482588,
            27.2087099
          ],
          [
            2.4821108,
            27.2084497
          ],
          [
            2.481419,
            27.2080725
          ],
          [
            2.4813895,
            27.2080565
          ],
          [
            2.4810726,
            27.2078836
          ],
          [
            2.4809791,
            27.2078326
          ],
          [
            2.4806191,
            27.2076362
          ],
          [
            2.4802044,
            27.2074367
          ],
          [
            2.4798628,
            27.2073068
          ],
          [
            2.4795479,
            27.2072108
          ]
        ]
      },
      "properties": {
        "highway": "tertiary"
      }
    },
    {
      "type": "Feature",
      "geometry": {
        "type": "LineString",
        "coordinates": [
          [
            2.5217279,
            27.3158748
          ],
          [
            2.5213698,
            27.3146935
          ],
          [
            2.5179312,
            27.3032833
          ],
          [
            2.5175042,
            27.302119
          ],
          [
            2.5160123,
            27.2980511
          ],
          [
            2.510754,
            27.2837133
          ],
          [
            2.509617,
            27.2806563
          ],
          [
            2.5088252,
            27.2785274
          ],
          [
            2.5086915,
            27.2782662
          ],
          [
            2.5085709,
            27.2780878
          ]
        ]
      },
      "properties": {
        "name": "Trans-Sahara",
        "highway": "trunk",
        "maxspeed": "100",
        "ref": "RN 1"
      }
    },
    {
      "type": "Feature",
      "geometry": {
        "type": "LineString",
        "coordinates": [
          [
            2.5088256,
            27.2780888
          ],
          [
            2.5088708,
            27.2782583
          ],
          [
            2.5089306,
            27.2784894
          ],
          [
            2.5108402,
            27.2837021
          ],
          [
            2.5160917,
            27.2980166
          ],
          [
            2.5175745,
            27.3020579
          ],
          [
            2.5180159,
            27.3032609
          ],
          [
            2.5214524,
            27.3146828
          ],
          [
            2.5217279,
            27.3158748
          ]
        ]
      },
      "properties": {
        "name": "Trans-Sahara",
        "highway": "trunk",
        "maxspeed": "100",
        "ref": "RN 1"
      }
    },
    {
      "type": "Feature",
      "geometry": {
        "type": "LineString",
        "coordinates": [
          [
            2.4964594,
            27.2488062
          ],
          [
            2.4965908,
            27.2487609
          ],
          [
            2.4966772,
            27.2487233
          ]
        ]
      },
      "properties": {
        "highway": "tertiary"
      }
    },
    {
      "type": "Feature",
      "geometry": {
        "type": "LineString",
        "coordinates": [
          [
            2.5093114,
            27.2780469
          ],
          [
            2.5090709,
            27.2780649
          ],
          [
            2.5088448,
            27.2780636
          ]
        ]
      },
      "properties": {
        "highway": "secondary"
      }
    },
    {
      "type": "Feature",
      "geometry": {
        "type": "LineString",
        "coordinates": [
          [
            2.5081124,
            27.2779907
          ],
          [
            2.5082408,
            27.2779748
          ],
          [
            2.5083446,
            27.2779613
          ],
          [
            2.508448,
            27.2779451
          ],
          [
            2.5085507,
            27.2779261
          ]
        ]
      },
      "properties": {
        "highway": "secondary"
      }
    },
    {
      "type": "Feature",
      "geometry": {
        "type": "LineString",
        "coordinates": [
          [
            2.9030021,
            26.6479623
          ],
          [
            2.9033374,
            26.6480021
          ],
          [
            2.9039173,
            26.6478985
          ],
          [
            2.905019,
            26.6477236
          ],
          [
            2.9056931,
            26.647594
          ],
          [
            2.9066137,
            26.6473996
          ],
          [
            2.9074037,
            26.6471535
          ],
          [
            2.9078314,
            26.646985
          ],
          [
            2.9082808,
            26.6467388
          ],
          [
            2.9087954,
            26.6463307
          ],
          [
            2.9096435,
            26.645644
          ],
          [
            2.910918,
            26.644551
          ],
          [
            2.9114005,
            26.644161
          ],
          [
            2.9123647,
            26.643353
          ],
          [
            2.9131673,
            26.6426695
          ],
          [
            2.914198,
            26.6418077
          ],
          [
            2.9176794,
            26.6388955
          ],
          [
            2.9197216,
            26.6371973
          ],
          [
            2.9215122,
            26.6356945
          ],
          [
            2.9234215,
            26.6341066
          ],
          [
            2.9253783,
            26.6324764
          ],
          [
            2.9269884,
            26.6311475
          ],
          [
            2.9298713,
            26.6287487
          ],
          [
            2.9317616,
            26.6272032
          ],
          [
            2.932721,
            26.6264093
          ],
          [
            2.9344546,
            26.6249784
          ],
          [
            2.9367438,
            26.6230678
          ],
          [
            2.9382922,
            26.6217897
          ],
          [
            2.93966,
            26.6206815
          ],
          [
            2.9415646,
            26.6189322
          ],
          [
            2.9426047,
            26.6179895
          ],
          [
            2.9446375,
            26.6159471
          ],
          [
            2.9461146,
            26.614427
          ],
          [
            2.9469173,
            26.6136499
          ],
          [
            2.9480666,
            26.612393
          ],
          [
            2.9498335,
            26.6105204
          ],
          [
            2.9527971,
            26.6072676
          ],
          [
            2.9547682,
            26.6050424
          ],
          [
            2.9567297,
            26.6026558
          ],
          [
            2.9584918,
            26.6004815
          ],
          [
            2.9601589,
            26.5984727
          ],
          [
            2.9612274,
            26.5971191
          ],
          [
            2.9618944,
            26.5962446
          ],
          [
            2.9634165,
            26.594277
          ],
          [
            2.9663059,
            26.5904592
          ],
          [
            2.9682826,
            26.588155
          ],
          [
            2.9699011,
            26.5862375
          ],
          [
            2.9722882,
            26.583885
          ],
          [
            2.9728269,
            26.5832696
          ],
          [
            2.9734075,
            26.5825176
          ],
          [
            2.9742784,
            26.5816492
          ],
          [
            2.9770013,
            26.5786143
          ],
          [
            2.9809727,
            26.573916
          ],
          [
            2.982644,
            26.5720963
          ],
          [
            2.9834152,
            26.5710601
          ],
          [
            2.9850392,
            26.5690769
          ],
          [
            2.9859683,
            26.5678199
          ],
          [
            2.9870146,
            26.566514
          ],
          [
            2.9875533,
            26.5657598
          ],
          [
            2.9881779,
            26.5649288
          ],
          [
            2.9885214,
            26.564419
          ],
          [
            2.9892476,
            26.5634902
          ],
          [
            2.9898566,
            26.5626871
          ],
          [
            2.9903328,
            26.5619818
          ],
          [
            2.9909418,
            26.561032
          ],
          [
            2.9918397,
            26.5598867
          ],
          [
            2.9924721,
            26.5589788
          ],
          [
            2.993776,
            26.5569675
          ],
          [
            2.994424,
            26.5559408
          ],
          [
            2.9949549,
            26.555005
          ],
          [
            2.9950877,
            26.5547396
          ],
          [
            2.9957045,
            26.5538387
          ],
          [
            2.9966492,
            26.552321
          ],
          [
            2.9968044,
            26.5521296
          ],
          [
            2.9968882,
            26.5519983
          ],
          [
            2.9980627,
            26.5501635
          ],
          [
            2.9990987,
            26.5485989
          ],
          [
            3.0006155,
            26.5463844
          ],
          [
            3.0018181,
            26.5448933
          ],
          [
            3.0027887,
            26.5438552
          ],
          [
            3.0039491,
            26.5428925
          ],
          [
            3.0056352,
            26.5416136
          ],
          [
            3.0070571,
            26.5405411
          ],
          [
            3.0086091,
            26.5393273
          ],
          [
            3.0095384,
            26.5386289
          ],
          [
            3.0102726,
            26.5380303
          ],
          [
            3.0109231,
            26.5374732
          ],
          [
            3.0116387,
            26.5367665
          ],
          [
            3.0124008,
            26.5358519
          ],
          [
            3.0142946,
            26.5336012
          ],
          [
            3.0153744,
            26.5323165
          ],
          [
            3.0163468,
            26.5311228
          ],
          [
            3.01724,
            26.5300606
          ],
          [
            3.0184724,
            26.5285635
          ],
          [
            3.0192017,
            26.5276834
          ],
          [
            3.0202871,
            26.5263885
          ],
          [
            3.0209429,
            26.5256045
          ],
          [
            3.021757,
            26.524608
          ],
          [
            3.0227067,
            26.5234598
          ],
          [
            3.0234078,
            26.52261
          ],
          [
            3.0241766,
            26.5217146
          ],
          [
            3.0252338,
            26.5203893
          ],
          [
            3.0261383,
            26.5193321
          ],
          [
            3.0268958,
            26.5183659
          ],
          [
            3.0274951,
            26.5175819
          ],
          [
            3.027823,
            26.517076
          ],
          [
            3.0287501,
            26.5155382
          ],
          [
            3.028948,
            26.515179
          ],
          [
            3.0295981,
            26.5140864
          ],
          [
            3.0301352,
            26.5131859
          ],
          [
            3.0305592,
            26.5123765
          ],
          [
            3.0311019,
            26.5109954
          ],
          [
            3.0318173,
            26.509416
          ],
          [
            3.0320698,
            26.5088416
          ],
          [
            3.0322382,
            26.5082577
          ],
          [
            3.0324487,
            26.5076739
          ],
          [
            3.0326486,
            26.5073161
          ],
          [
            3.0329538,
            26.5069488
          ],
          [
            3.03328,
            26.5066757
          ],
          [
            3.0341429,
            26.5060824
          ],
          [
            3.0353326,
            26.5052795
          ],
          [
            3.0359147,
            26.5049218
          ],
          [
            3.0365528,
            26.5045327
          ],
          [
            3.0374013,
            26.5041562
          ],
          [
            3.038355,
            26.5038236
          ],
          [
            3.0388389,
            26.5036353
          ],
          [
            3.0393297,
            26.5034784
          ],
          [
            3.0397084,
            26.503309
          ],
          [
            3.0397876,
            26.5032751
          ],
          [
            3.0401923,
            26.5031019
          ],
          [
            3.0404377,
            26.5030078
          ],
          [
            3.0408374,
            26.5029073
          ],
          [
            3.0413353,
            26.5028697
          ],
          [
            3.0419664,
            26.5028634
          ],
          [
            3.0426677,
            26.5028634
          ],
          [
            3.0436073,
            26.5028697
          ],
          [
            3.0445189,
            26.5029513
          ],
          [
            3.0454235,
            26.5031019
          ],
          [
            3.0469102,
            26.5033278
          ],
          [
            3.0482215,
            26.5035488
          ],
          [
            3.0488067,
            26.5036369
          ],
          [
            3.0495779,
            26.5037593
          ],
          [
            3.049999,
            26.5038229
          ],
          [
            3.0502397,
            26.5038327
          ],
          [
            3.0506225,
            26.5037984
          ],
          [
            3.0512898,
            26.5037054
          ],
          [
            3.0526845,
            26.5034999
          ],
          [
            3.0532204,
            26.5034167
          ],
          [
            3.0535322,
            26.5033335
          ],
          [
            3.0538932,
            26.5031817
          ],
          [
            3.0543526,
            26.5029566
          ],
          [
            3.0551074,
            26.5025552
          ],
          [
            3.0559278,
            26.5021294
          ],
          [
            3.0563623,
            26.501874
          ],
          [
            3.0566274,
            26.5017914
          ],
          [
            3.0570539,
            26.5017192
          ],
          [
            3.0580799,
            26.5016676
          ],
          [
            3.0591289,
            26.5015954
          ],
          [
            3.0599474,
            26.5014407
          ],
          [
            3.0609503,
            26.5011621
          ],
          [
            3.0624028,
            26.5007082
          ],
          [
            3.0640282,
            26.5001614
          ],
          [
            3.0655216,
            26.4996114
          ],
          [
            3.0670989,
            26.4991288
          ],
          [
            3.0696822,
            26.4985369
          ],
          [
            3.0705849,
            26.4983179
          ],
          [
            3.0713779,
            26.4981442
          ],
          [
            3.0723397,
            26.4979781
          ],
          [
            3.0747525,
            26.4976082
          ],
          [
            3.0769207,
            26.4972911
          ],
          [
            3.0788104,
            26.4970193
          ],
          [
            3.0798059,
            26.4968985
          ],
          [
            3.0808858,
            26.4967097
          ],
          [
            3.0825225,
            26.4963699
          ],
          [
            3.0834758,
            26.4961359
          ],
          [
            3.0847147,
            26.4958065
          ],
          [
            3.0852306,
            26.4956527
          ],
          [
            3.0875421,
            26.4949656
          ],
          [
            3.0908577,
            26.4938783
          ],
          [
            3.0920556,
            26.4935008
          ],
          [
            3.0976237,
            26.4917642
          ],
          [
            3.0987795,
            26.4913715
          ],
          [
            3.1007199,
            26.4907977
          ],
          [
            3.103023,
            26.4900728
          ],
          [
            3.1076546,
            26.488608
          ],
          [
            3.109401,
            26.4880492
          ],
          [
            3.1123368,
            26.4871431
          ],
          [
            3.1151293,
            26.4862521
          ],
          [
            3.1188582,
            26.4850741
          ],
          [
            3.1219459,
            26.4841076
          ],
          [
            3.123996,
            26.4834733
          ],
          [
            3.1262232,
            26.4827635
          ],
          [
            3.1301546,
            26.4815251
          ],
          [
            3.1307873,
            26.4813363
          ],
          [
            3.1316647,
            26.4811173
          ],
          [
            3.1371906,
            26.4801356
          ],
          [
            3.1376447,
            26.4800535
          ],
          [
            3.1403627,
            26.4795617
          ],
          [
            3.1414847,
            26.479373
          ],
          [
            3.1418391,
            26.4792974
          ],
          [
            3.1421512,
            26.4792219
          ],
          [
            3.1424971,
            26.479086
          ],
          [
            3.1435685,
            26.4785725
          ],
          [
            3.1451462,
            26.4777494
          ],
          [
            3.1467322,
            26.4769414
          ],
          [
            3.1493053,
            26.4756349
          ],
          [
            3.1517513,
            26.474564
          ],
          [
            3.1530343,
            26.4740081
          ],
          [
            3.1558775,
            26.4727907
          ],
          [
            3.1567088,
            26.4723819
          ],
          [
            3.1579097,
            26.471725
          ],
          [
            3.1590182,
            26.4711921
          ],
          [
            3.1614765,
            26.4701952
          ],
          [
            3.1621026,
            26.4699747
          ],
          [
            3.1642221,
            26.469281
          ],
          [
            3.1653152,
            26.4688997
          ],
          [
            3.1668343,
            26.4683622
          ],
          [
            3.1691026,
            26.4674893
          ],
          [
            3.1695337,
            26.4673193
          ],
          [
            3.1699186,
            26.4671677
          ],
          [
            3.1702881,
            26.4670758
          ],
          [
            3.1706268,
            26.4670436
          ],
          [
            3.1712735,
            26.4670345
          ],
          [
            3.1716686,
            26.4670161
          ],
          [
            3.1719611,
            26.4669564
          ],
          [
            3.1723306,
            26.4668277
          ],
          [
            3.172926,
            26.4665383
          ],
          [
            3.1740242,
            26.4659916
          ],
          [
            3.1769854,
            26.4645123
          ],
          [
            3.1778321,
            26.464108
          ],
          [
            3.1784121,
            26.4637542
          ],
          [
            3.1792127,
            26.4631983
          ],
          [
            3.1798593,
            26.4627894
          ],
          [
            3.1803981,
            26.4625275
          ],
          [
            3.1822611,
            26.4616822
          ],
          [
            3.184968,
            26.4604935
          ],
          [
            3.185944,
            26.4600533
          ],
          [
            3.1866816,
            26.4597332
          ],
          [
            3.1871883,
            26.4594864
          ],
          [
            3.1875757,
            26.4592729
          ],
          [
            3.187911,
            26.4590661
          ],
          [
            3.1882388,
            26.458806
          ],
          [
            3.1885741,
            26.4584992
          ],
          [
            3.1890658,
            26.4579189
          ],
          [
            3.1901685,
            26.4563047
          ],
          [
            3.1906975,
            26.4555776
          ],
          [
            3.19107,
            26.4551507
          ],
          [
            3.191599,
            26.4546504
          ],
          [
            3.1920684,
            26.4542902
          ],
          [
            3.1943483,
            26.4528227
          ],
          [
            3.2001076,
            26.4491205
          ],
          [
            3.202693,
            26.4474661
          ],
          [
            3.2037882,
            26.4467323
          ],
          [
            3.2070888,
            26.4446177
          ],
          [
            3.209391,
            26.4432501
          ],
          [
            3.2102702,
            26.4427831
          ],
          [
            3.2106576,
            26.4426363
          ],
          [
            3.2174526,
            26.4408351
          ],
          [
            3.2240464,
            26.439154
          ],
          [
            3.2305954,
            26.4374594
          ],
          [
            3.2344176,
            26.4364454
          ],
          [
            3.2367422,
            26.4358516
          ],
          [
            3.2397597,
            26.4350844
          ],
          [
            3.2417862,
            26.4345774
          ],
          [
            3.2457201,
            26.4336033
          ],
          [
            3.248298,
            26.4329962
          ],
          [
            3.252068,
            26.4321889
          ],
          [
            3.2553091,
            26.431495
          ],
          [
            3.2587661,
            26.4307545
          ],
          [
            3.2647192,
            26.4294468
          ],
          [
            3.2694652,
            26.428446
          ],
          [
            3.2715141,
            26.428019
          ],
          [
            3.2735481,
            26.427592
          ],
          [
            3.2756045,
            26.4271183
          ],
          [
            3.2770871,
            26.4267847
          ],
          [
            3.2778173,
            26.4266045
          ],
          [
            3.2783388,
            26.4264177
          ],
          [
            3.2792776,
            26.4260374
          ],
          [
            3.2807305,
            26.4253635
          ],
          [
            3.2816171,
            26.4247964
          ],
          [
            3.2828241,
            26.4240024
          ],
          [
            3.2856272,
            26.4221659
          ],
          [
            3.287174,
            26.4211197
          ],
          [
            3.2887857,
            26.4200445
          ],
          [
            3.291376,
            26.4182896
          ],
          [
            3.2926752,
            26.4174169
          ],
          [
            3.2945206,
            26.4161355
          ],
          [
            3.2954409,
            26.4154916
          ],
          [
            3.2973847,
            26.4141317
          ],
          [
            3.302882,
            26.4103706
          ],
          [
            3.3078587,
            26.406879
          ],
          [
            3.3119467,
            26.4039816
          ],
          [
            3.3151342,
            26.401774
          ],
          [
            3.3186416,
            26.3993011
          ],
          [
            3.3206797,
            26.3978788
          ],
          [
            3.3228244,
            26.3964566
          ],
          [
            3.3261304,
            26.3944399
          ],
          [
            3.3296259,
            26.3922109
          ],
          [
            3.3324579,
            26.3904701
          ],
          [
            3.3352544,
            26.38874
          ],
          [
            3.3386196,
            26.3866701
          ],
          [
            3.3400652,
            26.3857254
          ],
          [
            3.3421033,
            26.3844304
          ],
          [
            3.3443902,
            26.3830716
          ],
          [
            3.3481939,
            26.3808849
          ],
          [
            3.350623,
            26.3795049
          ],
          [
            3.3517842,
            26.378921
          ],
          [
            3.3536209,
            26.3781142
          ],
          [
            3.3572468,
            26.3764051
          ],
          [
            3.3598773,
            26.3751206
          ],
          [
            3.3618325,
            26.3741015
          ],
          [
            3.3632781,
            26.3732203
          ],
          [
            3.3654465,
            26.3717766
          ],
          [
            3.3684325,
            26.3698019
          ],
          [
            3.3729116,
            26.3669142
          ],
          [
            3.3757673,
            26.3651412
          ],
          [
            3.3771537,
            26.3641751
          ],
          [
            3.3777817,
            26.3636336
          ],
          [
            3.3781134,
            26.3632408
          ],
          [
            3.3786467,
            26.3624552
          ],
          [
            3.3794998,
            26.3613935
          ],
          [
            3.379879,
            26.3607989
          ],
          [
            3.3806966,
            26.3593762
          ],
          [
            3.3817275,
            26.3573376
          ],
          [
            3.3823081,
            26.3561697
          ],
          [
            3.3829243,
            26.3551929
          ],
          [
            3.3833864,
            26.3546726
          ],
          [
            3.3838841,
            26.3541523
          ],
          [
            3.3842988,
            26.3536851
          ],
          [
            3.3848557,
            26.3531967
          ],
          [
            3.3855904,
            26.352549
          ],
          [
            3.3860051,
            26.3521137
          ],
          [
            3.3863369,
            26.3517102
          ],
          [
            3.3867042,
            26.3511899
          ],
          [
            3.3872493,
            26.3505528
          ],
          [
            3.3879958,
            26.3500007
          ],
          [
            3.3893348,
            26.3490663
          ],
          [
            3.3915506,
            26.3478027
          ],
          [
            3.391835,
            26.3475691
          ],
          [
            3.3919416,
            26.3474311
          ],
          [
            3.3921312,
            26.3473355
          ],
          [
            3.3937546,
            26.3464754
          ],
          [
            3.3950343,
            26.3456578
          ],
          [
            3.3960534,
            26.3449569
          ],
          [
            3.3968828,
            26.3443835
          ],
          [
            3.3974516,
            26.3439057
          ],
          [
            3.3978545,
            26.3434703
          ],
          [
            3.3983877,
            26.3428651
          ],
          [
            3.3993119,
            26.3417288
          ],
          [
            3.3996674,
            26.3410917
          ],
          [
            3.400094,
            26.340274
          ],
          [
            3.4004139,
            26.3396794
          ],
          [
            3.4007812,
            26.3390741
          ],
          [
            3.4012197,
            26.3384794
          ],
          [
            3.4016699,
            26.3378953
          ],
          [
            3.401978,
            26.3373856
          ],
          [
            3.4023691,
            26.3369608
          ],
          [
            3.4029971,
            26.3364299
          ],
          [
            3.4034947,
            26.3359626
          ],
          [
            3.4039332,
            26.3354635
          ],
          [
            3.4043479,
            26.3349644
          ],
          [
            3.4047034,
            26.3344334
          ],
          [
            3.4048811,
            26.3340192
          ],
          [
            3.4052484,
            26.3334989
          ],
          [
            3.4054617,
            26.3330316
          ],
          [
            3.4058054,
            26.3324581
          ],
          [
            3.4059594,
            26.3318846
          ],
          [
            3.4069192,
            26.3276897
          ],
          [
            3.4071325,
            26.3270525
          ],
          [
            3.4074998,
            26.3261392
          ],
          [
            3.4080093,
            26.3251515
          ],
          [
            3.4086374,
            26.3240151
          ],
          [
            3.4090639,
            26.3234416
          ],
          [
            3.4092417,
            26.3231229
          ],
          [
            3.4093483,
            26.3226875
          ],
          [
            3.409372,
            26.3218485
          ],
          [
            3.4093957,
            26.3212962
          ],
          [
            3.4093246,
            26.320712
          ],
          [
            3.4091587,
            26.3200748
          ],
          [
            3.4090382,
            26.319038
          ],
          [
            3.409,
            26.3185188
          ],
          [
            3.4090191,
            26.3180623
          ],
          [
            3.4091464,
            26.3176401
          ],
          [
            3.4092992,
            26.3173548
          ],
          [
            3.4096302,
            26.3170809
          ],
          [
            3.4101203,
            26.3167956
          ],
          [
            3.4105978,
            26.3164818
          ],
          [
            3.4112089,
            26.3161337
          ],
          [
            3.4115717,
            26.3158883
          ],
          [
            3.4117436,
            26.3156772
          ],
          [
            3.4120428,
            26.315312
          ],
          [
            3.4122529,
            26.3151294
          ],
          [
            3.4125966,
            26.3147528
          ],
          [
            3.412864,
            26.3144732
          ],
          [
            3.413055,
            26.3143363
          ],
          [
            3.4134751,
            26.3141423
          ],
          [
            3.4139589,
            26.3139368
          ],
          [
            3.4150793,
            26.3134518
          ],
          [
            3.4159832,
            26.3130524
          ],
          [
            3.4168044,
            26.3126587
          ],
          [
            3.417441,
            26.3123848
          ],
          [
            3.4177657,
            26.3123277
          ],
          [
            3.4180458,
            26.3122935
          ],
          [
            3.4183068,
            26.3121907
          ],
          [
            3.4184786,
            26.3120937
          ],
          [
            3.418606,
            26.3119625
          ],
          [
            3.4188415,
            26.3117057
          ],
          [
            3.4210122,
            26.3088639
          ],
          [
            3.4226355,
            26.3067925
          ],
          [
            3.4228201,
            26.3064786
          ],
          [
            3.4230175,
            26.3062675
          ],
          [
            3.423253,
            26.3060849
          ],
          [
            3.4236031,
            26.3058909
          ],
          [
            3.4239596,
            26.3056341
          ],
          [
            3.4241187,
            26.3054343
          ],
          [
            3.4243925,
            26.3050577
          ],
          [
            3.4261112,
            26.30229
          ],
          [
            3.4271998,
            26.3005665
          ],
          [
            3.4278427,
            26.2995279
          ],
          [
            3.4290101,
            26.2981966
          ],
          [
            3.4304784,
            26.2971742
          ],
          [
            3.4323601,
            26.2956661
          ],
          [
            3.4337287,
            26.2945031
          ],
          [
            3.4349119,
            26.2931739
          ],
          [
            3.435924,
            26.2917041
          ],
          [
            3.4377487,
            26.2888667
          ],
          [
            3.4390317,
            26.2869496
          ],
          [
            3.4397445,
            26.286221
          ],
          [
            3.4401579,
            26.2856458
          ],
          [
            3.4406569,
            26.2850707
          ],
          [
            3.4411416,
            26.2847767
          ],
          [
            3.4416405,
            26.2845978
          ],
          [
            3.4422963,
            26.2843293
          ],
          [
            3.4427809,
            26.2840865
          ],
          [
            3.4431516,
            26.2837542
          ],
          [
            3.4437788,
            26.2831279
          ],
          [
            3.4471004,
            26.2796384
          ],
          [
            3.4474568,
            26.2793316
          ],
          [
            3.4478844,
            26.2791782
          ],
          [
            3.4483976,
            26.2789226
          ],
          [
            3.4488396,
            26.2785263
          ],
          [
            3.4498089,
            26.277606
          ],
          [
            3.453273,
            26.2743592
          ],
          [
            3.4568797,
            26.2709973
          ],
          [
            3.4620576,
            26.2660443
          ],
          [
            3.4634212,
            26.2648527
          ],
          [
            3.4644707,
            26.2639811
          ],
          [
            3.4650012,
            26.263474
          ],
          [
            3.4673169,
            26.2613071
          ],
          [
            3.4695125,
            26.2592478
          ],
          [
            3.4707323,
            26.2580809
          ],
          [
            3.4711467,
            26.2576086
          ],
          [
            3.4713752,
            26.2572439
          ],
          [
            3.4717198,
            26.2563757
          ],
          [
            3.4722658,
            26.2552366
          ],
          [
            3.4725136,
            26.2548754
          ],
          [
            3.4727499,
            26.2546601
          ],
          [
            3.4730984,
            26.2544448
          ],
          [
            3.4736289,
            26.2541427
          ],
          [
            3.4745079,
            26.2534932
          ],
          [
            3.47584,
            26.2524826
          ],
          [
            3.4767191,
            26.2518054
          ],
          [
            3.4799835,
            26.2493048
          ],
          [
            3.4804288,
            26.2489991
          ],
          [
            3.4808122,
            26.248565
          ],
          [
            3.4809632,
            26.2482698
          ],
          [
            3.4810833,
            26.2480336
          ],
          [
            3.481184,
            26.2477106
          ],
          [
            3.4811994,
            26.2471549
          ],
          [
            3.4811878,
            26.2468632
          ],
          [
            3.4811452,
            26.2466895
          ],
          [
            3.4810871,
            26.2465714
          ],
          [
            3.4809748,
            26.2464707
          ],
          [
            3.4807812,
            26.2463492
          ],
          [
            3.4805295,
            26.2462137
          ],
          [
            3.4803708,
            26.2461234
          ],
          [
            3.480181,
            26.2460053
          ],
          [
            3.4800648,
            26.2459289
          ],
          [
            3.4800106,
            26.2458178
          ],
          [
            3.4800145,
            26.245724
          ],
          [
            3.4800958,
            26.2456198
          ],
          [
            3.4803204,
            26.2454982
          ],
          [
            3.4806302,
            26.2453593
          ],
          [
            3.4808006,
            26.2452759
          ],
          [
            3.4809477,
            26.245203
          ],
          [
            3.4810174,
            26.2451092
          ],
          [
            3.4810136,
            26.2450085
          ],
          [
            3.480971,
            26.2445744
          ],
          [
            3.4814002,
            26.2444388
          ],
          [
            3.4822507,
            26.2437858
          ],
          [
            3.4823733,
            26.2434173
          ],
          [
            3.4825391,
            26.2431199
          ],
          [
            3.4827841,
            26.2427514
          ],
          [
            3.4830076,
            26.2425187
          ],
          [
            3.4836491,
            26.2420726
          ],
          [
            3.4854151,
            26.2410381
          ],
          [
            3.4869576,
            26.2400166
          ],
          [
            3.4902373,
            26.2378313
          ],
          [
            3.4911744,
            26.2370943
          ],
          [
            3.4919601,
            26.2363895
          ],
          [
            3.4929908,
            26.2356719
          ],
          [
            3.493899,
            26.2352128
          ],
          [
            3.4944252,
            26.2350059
          ],
          [
            3.4949803,
            26.2348443
          ],
          [
            3.4954272,
            26.234799
          ],
          [
            3.4957659,
            26.2348378
          ],
          [
            3.4966814,
            26.2351352
          ],
          [
            3.5006603,
            26.2365059
          ],
          [
            3.5016072,
            26.2368332
          ],
          [
            3.5021336,
            26.2370206
          ],
          [
            3.5025174,
            26.2370799
          ],
          [
            3.5039369,
            26.2372151
          ],
          [
            3.5058014,
            26.2374156
          ],
          [
            3.5065549,
            26.2373755
          ],
          [
            3.5077681,
            26.2372552
          ],
          [
            3.5094474,
            26.2370261
          ],
          [
            3.5102136,
            26.2368887
          ],
          [
            3.5112736,
            26.2365909
          ],
          [
            3.5121292,
            26.2362415
          ],
          [
            3.5130551,
            26.2358177
          ],
          [
            3.5137319,
            26.235474
          ],
          [
            3.5148621,
            26.2347294
          ],
          [
            3.5156858,
            26.2341567
          ],
          [
            3.5164648,
            26.2335954
          ],
          [
            3.5170522,
            26.2332346
          ],
          [
            3.5175503,
            26.2329768
          ],
          [
            3.5180483,
            26.2327878
          ],
          [
            3.5184953,
            26.2325873
          ],
          [
            3.5189614,
            26.2322952
          ],
          [
            3.5195808,
            26.2317797
          ],
          [
            3.5203023,
            26.2311612
          ],
          [
            3.5212766,
            26.2294042
          ],
          [
            3.5218437,
            26.2281832
          ],
          [
            3.5221578,
            26.2271736
          ],
          [
            3.5223411,
            26.2266336
          ],
          [
            3.5223323,
            26.2252091
          ],
          [
            3.5221491,
            26.2234324
          ],
          [
            3.5221055,
            26.2231663
          ],
          [
            3.5219833,
            26.2214913
          ],
          [
            3.5219363,
            26.2208546
          ],
          [
            3.5219363,
            26.2202128
          ],
          [
            3.5220584,
            26.2195709
          ],
          [
            3.5221282,
            26.2191796
          ],
          [
            3.5223201,
            26.2184908
          ],
          [
            3.5224074,
            26.2180446
          ],
          [
            3.5226691,
            26.2172776
          ],
          [
            3.5230269,
            26.21608
          ],
          [
            3.5231403,
            26.2153129
          ],
          [
            3.5232188,
            26.2146084
          ],
          [
            3.5233235,
            26.2140761
          ],
          [
            3.5234108,
            26.2137709
          ],
          [
            3.5236463,
            26.213356
          ],
          [
            3.5239953,
            26.212902
          ],
          [
            3.5242396,
            26.2124871
          ],
          [
            3.5243269,
            26.2122445
          ],
          [
            3.5243792,
            26.2119001
          ],
          [
            3.5244141,
            26.2112582
          ],
          [
            3.5244577,
            26.2104441
          ],
          [
            3.5245363,
            26.2095596
          ],
          [
            3.5246497,
            26.2075791
          ],
          [
            3.5247195,
            26.206217
          ],
          [
            3.5247893,
            26.2057161
          ],
          [
            3.5249725,
            26.2046045
          ],
          [
            3.5251296,
            26.2037434
          ],
          [
            3.5254786,
            26.2019742
          ],
          [
            3.525749,
            26.2006355
          ],
          [
            3.5259846,
            26.1996883
          ],
          [
            3.5264383,
            26.1977859
          ],
          [
            3.526988,
            26.1957661
          ],
          [
            3.527267,
            26.1947274
          ],
          [
            3.5278408,
            26.1932796
          ],
          [
            3.5282402,
            26.1922178
          ],
          [
            3.5288317,
            26.1907595
          ],
          [
            3.5292939,
            26.1894449
          ],
          [
            3.5295076,
            26.1890302
          ],
          [
            3.5296122,
            26.1886546
          ],
          [
            3.5297787,
            26.1882449
          ],
          [
            3.5298729,
            26.1879383
          ],
          [
            3.5299083,
            26.1876528
          ],
          [
            3.530053,
            26.1851702
          ],
          [
            3.5301151,
            26.1846294
          ],
          [
            3.5304543,
            26.1835244
          ],
          [
            3.5307749,
            26.1825112
          ],
          [
            3.5310073,
            26.1818857
          ],
          [
            3.5310584,
            26.1816105
          ],
          [
            3.5310584,
            26.181402
          ],
          [
            3.5310166,
            26.1810183
          ],
          [
            3.5309562,
            26.1806347
          ],
          [
            3.5308539,
            26.1801843
          ],
          [
            3.5306588,
            26.179538
          ],
          [
            3.5304404,
            26.1788541
          ],
          [
            3.5303103,
            26.1786122
          ],
          [
            3.5301941,
            26.1784496
          ],
          [
            3.5292741,
            26.1774905
          ],
          [
            3.52867,
            26.1768691
          ],
          [
            3.5282471,
            26.1764021
          ],
          [
            3.5277685,
            26.17586
          ],
          [
            3.5257668,
            26.1737019
          ],
          [
            3.5254536,
            26.1733386
          ],
          [
            3.5251939,
            26.1729684
          ],
          [
            3.5250259,
            26.1726942
          ],
          [
            3.5248502,
            26.1724063
          ],
          [
            3.5246134,
            26.1719538
          ],
          [
            3.5244683,
            26.1717139
          ],
          [
            3.5243448,
            26.17147
          ],
          [
            3.5242117,
            26.1711316
          ],
          [
            3.524123,
            26.1706041
          ],
          [
            3.5239345,
            26.1696288
          ],
          [
            3.5236461,
            26.1686136
          ],
          [
            3.5234243,
            26.1678173
          ],
          [
            3.5232185,
            26.1670964
          ],
          [
            3.5232118,
            26.166727
          ],
          [
            3.5231646,
            26.1663274
          ],
          [
            3.5230431,
            26.1657462
          ],
          [
            3.5228003,
            26.1645231
          ],
          [
            3.5227193,
            26.1638813
          ],
          [
            3.5225642,
            26.163179
          ],
          [
            3.5223955,
            26.1624039
          ],
          [
            3.5221999,
            26.1618529
          ],
          [
            3.5219975,
            26.1614412
          ],
          [
            3.5218288,
            26.1611263
          ],
          [
            3.5215927,
            26.1607207
          ],
          [
            3.5213971,
            26.1603876
          ],
          [
            3.5213094,
            26.1601515
          ],
          [
            3.5212554,
            26.1599275
          ],
          [
            3.5212284,
            26.1595097
          ],
          [
            3.5211273,
            26.1584076
          ],
          [
            3.5210868,
            26.1579898
          ],
          [
            3.5209788,
            26.1573843
          ],
          [
            3.5208911,
            26.157021
          ],
          [
            3.5207832,
            26.1565911
          ],
          [
            3.5206848,
            26.1559535
          ],
          [
            3.5206582,
            26.1556502
          ],
          [
            3.5206057,
            26.1548062
          ],
          [
            3.5205751,
            26.1540486
          ],
          [
            3.5205794,
            26.1537424
          ],
          [
            3.5205707,
            26.1527296
          ],
          [
            3.5205401,
            26.1517953
          ],
          [
            3.5205313,
            26.1511043
          ],
          [
            3.5204964,
            26.1504213
          ],
          [
            3.5203914,
            26.1485133
          ],
          [
            3.5203477,
            26.1475868
          ],
          [
            3.5203039,
            26.1465622
          ],
          [
            3.5202821,
            26.1460557
          ],
          [
            3.5202252,
            26.1455807
          ],
          [
            3.520199,
            26.1449368
          ],
          [
            3.5201815,
            26.1443048
          ],
          [
            3.5201246,
            26.1426127
          ],
          [
            3.5199282,
            26.1390117
          ],
          [
            3.5199282,
            26.1378399
          ],
          [
            3.5198107,
            26.1347111
          ],
          [
            3.5197715,
            26.1330823
          ],
          [
            3.5197193,
            26.1323791
          ],
          [
            3.5197324,
            26.1319573
          ],
          [
            3.5197715,
            26.1313948
          ],
          [
            3.5199021,
            26.1303987
          ],
          [
            3.5200195,
            26.129215
          ],
          [
            3.5200979,
            26.1281955
          ],
          [
            3.5200979,
            26.1274337
          ],
          [
            3.5201109,
            26.1265314
          ],
          [
            3.5201575,
            26.1258915
          ],
          [
            3.5201654,
            26.1255279
          ],
          [
            3.5201874,
            26.1249884
          ],
          [
            3.5201703,
            26.1246398
          ],
          [
            3.5201581,
            26.1243613
          ],
          [
            3.5201654,
            26.1241596
          ],
          [
            3.5202118,
            26.1237736
          ],
          [
            3.5202387,
            26.1234272
          ],
          [
            3.5202851,
            26.1227869
          ],
          [
            3.5203022,
            26.1224448
          ],
          [
            3.520309,
            26.1218298
          ],
          [
            3.5203232,
            26.1211358
          ],
          [
            3.5203268,
            26.1209098
          ],
          [
            3.5203551,
            26.1204991
          ],
          [
            3.5204048,
            26.1200311
          ],
          [
            3.5204296,
            26.1197605
          ],
          [
            3.520497,
            26.117949
          ],
          [
            3.5205395,
            26.1161534
          ],
          [
            3.5205962,
            26.1152365
          ],
          [
            3.5206211,
            26.1146921
          ],
          [
            3.5206281,
            26.1141604
          ],
          [
            3.5206575,
            26.1137912
          ],
          [
            3.5207508,
            26.113226
          ],
          [
            3.5208557,
            26.1128491
          ],
          [
            3.5213338,
            26.1115212
          ],
          [
            3.5216848,
            26.1106265
          ],
          [
            3.5218267,
            26.1103399
          ],
          [
            3.5219898,
            26.1100948
          ],
          [
            3.5223195,
            26.1096395
          ],
          [
            3.5226954,
            26.1091842
          ],
          [
            3.5232343,
            26.1085729
          ],
          [
            3.5235499,
            26.1081494
          ],
          [
            3.5237343,
            26.1078947
          ],
          [
            3.5240747,
            26.1073693
          ],
          [
            3.5241028,
            26.1073123
          ],
          [
            3.5242129,
            26.1070892
          ],
          [
            3.5243299,
            26.1067994
          ],
          [
            3.5243831,
            26.1065925
          ],
          [
            3.524447,
            26.1062709
          ],
          [
            3.5244931,
            26.1058888
          ],
          [
            3.5245462,
            26.1056341
          ],
          [
            3.5245888,
            26.1054621
          ],
          [
            3.5246632,
            26.1052679
          ],
          [
            3.5251987,
            26.1043923
          ],
          [
            3.5254398,
            26.1040134
          ],
          [
            3.5257766,
            26.1034944
          ],
          [
            3.5259007,
            26.1032429
          ],
          [
            3.5259858,
            26.1029467
          ],
          [
            3.5260674,
            26.1025583
          ],
          [
            3.5261808,
            26.1021221
          ],
          [
            3.5263014,
            26.1015425
          ],
          [
            3.5264184,
            26.1008484
          ],
          [
            3.5264999,
            26.1003517
          ],
          [
            3.5265602,
            26.0998932
          ],
          [
            3.5265957,
            26.0994346
          ],
          [
            3.5266914,
            26.0983839
          ],
          [
            3.526734,
            26.097833
          ],
          [
            3.5268403,
            26.096537
          ],
          [
            3.5268793,
            26.0962186
          ],
          [
            3.5269999,
            26.0948557
          ],
          [
            3.5271063,
            26.0940278
          ],
          [
            3.5271523,
            26.0935183
          ],
          [
            3.5272587,
            26.0922637
          ],
          [
            3.5274041,
            26.0911236
          ],
          [
            3.5274644,
            26.090525
          ],
          [
            3.5274786,
            26.0901779
          ],
          [
            3.5275176,
            26.0898849
          ],
          [
            3.5276275,
            26.08949
          ],
          [
            3.527709,
            26.0891748
          ],
          [
            3.5281717,
            26.087569
          ],
          [
            3.5285361,
            26.0860263
          ],
          [
            3.5289655,
            26.0841445
          ],
          [
            3.5296162,
            26.0810005
          ],
          [
            3.5306573,
            26.0762667
          ],
          [
            3.5308481,
            26.0752626
          ],
          [
            3.5309899,
            26.0744349
          ],
          [
            3.5313716,
            26.0721036
          ],
          [
            3.5315079,
            26.0712171
          ],
          [
            3.5316224,
            26.0705314
          ],
          [
            3.5316769,
            26.0701787
          ],
          [
            3.531726,
            26.0698261
          ],
          [
            3.5317914,
            26.0692971
          ],
          [
            3.5318896,
            26.0686555
          ],
          [
            3.5320095,
            26.0678767
          ],
          [
            3.532304,
            26.0661036
          ],
          [
            3.532413,
            26.0651142
          ],
          [
            3.5325166,
            26.0645999
          ],
          [
            3.5326802,
            26.0640709
          ],
          [
            3.5327947,
            26.0634684
          ],
          [
            3.5328056,
            26.0633215
          ],
          [
            3.5328056,
            26.0631403
          ],
          [
            3.532702,
            26.0624006
          ],
          [
            3.5325275,
            26.0607793
          ],
          [
            3.5322385,
            26.0583301
          ],
          [
            3.5320259,
            26.0568214
          ],
          [
            3.5318405,
            26.0552049
          ],
          [
            3.5316551,
            26.0535247
          ],
          [
            3.5315406,
            26.0530251
          ],
          [
            3.5313934,
            26.0523589
          ],
          [
            3.531268,
            26.0513987
          ],
          [
            3.5311282,
            26.050189
          ],
          [
            3.5311044,
            26.049983
          ],
          [
            3.5310062,
            26.0485918
          ],
          [
            3.5308099,
            26.0458876
          ],
          [
            3.5306409,
            26.043443
          ],
          [
            3.5304882,
            26.0414246
          ],
          [
            3.53042,
            26.0405662
          ],
          [
            3.5303674,
            26.0399317
          ],
          [
            3.5303374,
            26.0394762
          ],
          [
            3.5302886,
            26.0387135
          ],
          [
            3.5302435,
            26.038177
          ],
          [
            3.5301534,
            26.0371072
          ],
          [
            3.5301233,
            26.0366449
          ],
          [
            3.5301458,
            26.0362703
          ],
          [
            3.5302059,
            26.0356966
          ],
          [
            3.5302811,
            26.0353524
          ],
          [
            3.530544,
            26.034556
          ],
          [
            3.5312232,
            26.0320969
          ],
          [
            3.5317665,
            26.0302606
          ],
          [
            3.5319394,
            26.0297391
          ],
          [
            3.5320135,
            26.0293396
          ],
          [
            3.5320258,
            26.0290345
          ],
          [
            3.5320011,
            26.0286406
          ],
          [
            3.5319641,
            26.0280469
          ],
          [
            3.5319665,
            26.0274115
          ],
          [
            3.5319401,
            26.0269251
          ],
          [
            3.5319005,
            26.0266405
          ],
          [
            3.5318543,
            26.0264151
          ],
          [
            3.5317685,
            26.0261719
          ],
          [
            3.5316233,
            26.0258398
          ],
          [
            3.5315507,
            26.025567
          ],
          [
            3.5315045,
            26.0251993
          ],
          [
            3.5315111,
            26.0248079
          ],
          [
            3.5316035,
            26.0240013
          ],
          [
            3.5316365,
            26.0235209
          ],
          [
            3.5316167,
            26.0228862
          ],
          [
            3.5315639,
            26.0224533
          ],
          [
            3.5314979,
            26.0220263
          ],
          [
            3.5314253,
            26.0215577
          ],
          [
            3.5314385,
            26.0212019
          ],
          [
            3.5316827,
            26.020419
          ],
          [
            3.5317091,
            26.0200987
          ],
          [
            3.5316827,
            26.019731
          ],
          [
            3.5314847,
            26.0173051
          ],
          [
            3.5314583,
            26.0167535
          ],
          [
            3.5312933,
            26.015075
          ],
          [
            3.5309963,
            26.0122457
          ],
          [
            3.5308181,
            26.0108103
          ],
          [
            3.5307653,
            26.0104603
          ],
          [
            3.5307059,
            26.0102231
          ],
          [
            3.5306267,
            26.0100095
          ],
          [
            3.5305155,
            26.0097641
          ],
          [
            3.5298081,
            26.0083443
          ],
          [
            3.5290949,
            26.0069219
          ],
          [
            3.5283433,
            26.0054174
          ],
          [
            3.5279514,
            26.0046731
          ],
          [
            3.5275122,
            26.0038095
          ],
          [
            3.5267253,
            26.0021566
          ],
          [
            3.5266163,
            26.0019235
          ],
          [
            3.526575,
            26.0017911
          ],
          [
            3.5265426,
            26.0016348
          ],
          [
            3.5265337,
            26.0014944
          ],
          [
            3.5265367,
            26.0013514
          ],
          [
            3.5265838,
            26.0010785
          ],
          [
            3.5266634,
            26.0006176
          ],
          [
            3.5267241,
            25.9999394
          ],
          [
            3.526814,
            25.9992531
          ],
          [
            3.5269727,
            25.9985806
          ],
          [
            3.527037,
            25.998224
          ],
          [
            3.5270681,
            25.9978747
          ],
          [
            3.5270965,
            25.9972779
          ],
          [
            3.5270674,
            25.9966073
          ],
          [
            3.5270614,
            25.9958303
          ],
          [
            3.5270304,
            25.9953278
          ],
          [
            3.5269496,
            25.9949481
          ],
          [
            3.5268005,
            25.9944791
          ],
          [
            3.5267011,
            25.9940938
          ],
          [
            3.5266701,
            25.9937588
          ],
          [
            3.5266142,
            25.9930665
          ],
          [
            3.5265645,
            25.9920447
          ],
          [
            3.5264961,
            25.9912686
          ],
          [
            3.5264464,
            25.9908275
          ],
          [
            3.526403,
            25.9903528
          ],
          [
            3.5263595,
            25.9897945
          ],
          [
            3.5263222,
            25.9894762
          ],
          [
            3.5262787,
            25.9892529
          ],
          [
            3.5261855,
            25.9890351
          ],
          [
            3.5251916,
            25.9873655
          ],
          [
            3.5239741,
            25.9853107
          ],
          [
            3.5234958,
            25.9845457
          ],
          [
            3.523297,
            25.9841716
          ],
          [
            3.5230547,
            25.9837528
          ],
          [
            3.5229181,
            25.9834624
          ],
          [
            3.5227007,
            25.9829822
          ],
          [
            3.5222783,
            25.9819547
          ],
          [
            3.5218496,
            25.9809105
          ],
          [
            3.5214397,
            25.9799444
          ],
          [
            3.5212657,
            25.9794363
          ],
          [
            3.5211601,
            25.9789783
          ],
          [
            3.5209676,
            25.9778615
          ],
          [
            3.5208123,
            25.976834
          ],
          [
            3.5207377,
            25.9761471
          ],
          [
            3.520601,
            25.9750302
          ],
          [
            3.5205638,
            25.9743936
          ],
          [
            3.5206135,
            25.973595
          ],
          [
            3.5207688,
            25.9727685
          ],
          [
            3.5208806,
            25.972305
          ],
          [
            3.5208992,
            25.97197
          ],
          [
            3.5208992,
            25.9714618
          ],
          [
            3.5208682,
            25.9710764
          ],
          [
            3.520806,
            25.9706352
          ],
          [
            3.5207377,
            25.9702722
          ],
          [
            3.5205948,
            25.9697584
          ],
          [
            3.5204271,
            25.9692838
          ],
          [
            3.5202283,
            25.9684516
          ],
          [
            3.5200047,
            25.9674799
          ],
          [
            3.519837,
            25.9667092
          ],
          [
            3.5196258,
            25.9655866
          ],
          [
            3.5191599,
            25.963241
          ],
          [
            3.5188679,
            25.9616716
          ],
          [
            3.5188701,
            25.9613628
          ],
          [
            3.5189302,
            25.9610028
          ],
          [
            3.5189869,
            25.9606097
          ],
          [
            3.5192038,
            25.9597516
          ],
          [
            3.5193473,
            25.9591305
          ],
          [
            3.5196413,
            25.9577816
          ],
          [
            3.5203473,
            25.9550001
          ],
          [
            3.5203541,
            25.9546905
          ],
          [
            3.5203693,
            25.9539728
          ],
          [
            3.520361,
            25.9536377
          ],
          [
            3.5203428,
            25.9524117
          ],
          [
            3.5203108,
            25.9517639
          ],
          [
            3.5203245,
            25.9510054
          ],
          [
            3.5202744,
            25.9503452
          ],
          [
            3.5201467,
            25.9492136
          ],
          [
            3.5201102,
            25.9486436
          ],
          [
            3.5200464,
            25.948045
          ],
          [
            3.5199688,
            25.947516
          ],
          [
            3.5198548,
            25.9469051
          ],
          [
            3.5195539,
            25.9447483
          ],
          [
            3.5193487,
            25.9430261
          ],
          [
            3.5188516,
            25.9392085
          ],
          [
            3.5187992,
            25.9387854
          ],
          [
            3.5183364,
            25.9350545
          ],
          [
            3.518268,
            25.9342302
          ],
          [
            3.5181994,
            25.9331597
          ],
          [
            3.518195,
            25.9330902
          ],
          [
            3.5179989,
            25.9305968
          ],
          [
            3.5178576,
            25.9285751
          ],
          [
            3.5178314,
            25.9278376
          ],
          [
            3.5178056,
            25.9271689
          ],
          [
            3.5177385,
            25.9266442
          ],
          [
            3.5176197,
            25.9258687
          ],
          [
            3.5173926,
            25.9246845
          ],
          [
            3.5172377,
            25.9237047
          ],
          [
            3.5170776,
            25.923036
          ],
          [
            3.5168504,
            25.9222512
          ],
          [
            3.5166903,
            25.9216707
          ],
          [
            3.5163754,
            25.9204865
          ],
          [
            3.5161792,
            25.9197342
          ],
          [
            3.5160294,
            25.9191351
          ],
          [
            3.5158539,
            25.9186196
          ],
          [
            3.5156267,
            25.9179416
          ],
          [
            3.5154098,
            25.9172124
          ],
          [
            3.5150484,
            25.9161304
          ],
          [
            3.5147419,
            25.9151129
          ],
          [
            3.5146364,
            25.9148066
          ],
          [
            3.5145351,
            25.9144017
          ],
          [
            3.5143627,
            25.913417
          ],
          [
            3.5140096,
            25.9110964
          ],
          [
            3.5134137,
            25.9071685
          ],
          [
            3.5132186,
            25.9060087
          ],
          [
            3.5129694,
            25.9049755
          ],
          [
            3.5126227,
            25.9039423
          ],
          [
            3.5123988,
            25.9032777
          ],
          [
            3.5118135,
            25.9017861
          ],
          [
            3.5110861,
            25.899981
          ],
          [
            3.51076,
            25.8990671
          ],
          [
            3.5105217,
            25.8982774
          ],
          [
            3.510158,
            25.8966753
          ],
          [
            3.5085212,
            25.8898328
          ],
          [
            3.5076286,
            25.8863392
          ],
          [
            3.507476,
            25.8856871
          ],
          [
            3.50727,
            25.8847262
          ],
          [
            3.5071174,
            25.8836622
          ],
          [
            3.5065591,
            25.8806486
          ],
          [
            3.5062692,
            25.8798866
          ],
          [
            3.5060022,
            25.8791522
          ],
          [
            3.5056665,
            25.8785687
          ],
          [
            3.5051706,
            25.8776832
          ],
          [
            3.5048273,
            25.8768114
          ],
          [
            3.5044916,
            25.8757886
          ],
          [
            3.5039957,
            25.8742373
          ],
          [
            3.5037973,
            25.8735508
          ],
          [
            3.5036218,
            25.8729398
          ],
          [
            3.5035608,
            25.8724525
          ],
          [
            3.5036066,
            25.8719102
          ],
          [
            3.5039651,
            25.869837
          ],
          [
            3.5040414,
            25.8692947
          ],
          [
            3.5040414,
            25.868821
          ],
          [
            3.5039575,
            25.8682993
          ],
          [
            3.5038583,
            25.8679011
          ],
          [
            3.5038354,
            25.8675647
          ],
          [
            3.5038736,
            25.8671254
          ],
          [
            3.5039194,
            25.8663908
          ],
          [
            3.5038965,
            25.8657936
          ],
          [
            3.5037134,
            25.8626699
          ],
          [
            3.50366,
            25.8608438
          ],
          [
            3.5036829,
            25.858997
          ],
          [
            3.5036905,
            25.8579534
          ],
          [
            3.5036829,
            25.8576376
          ],
          [
            3.5036371,
            25.8571982
          ],
          [
            3.5034769,
            25.8565117
          ],
          [
            3.5031259,
            25.8548364
          ],
          [
            3.5030801,
            25.8544382
          ],
          [
            3.5030801,
            25.8542391
          ],
          [
            3.5030878,
            25.853937
          ],
          [
            3.5031107,
            25.8537723
          ],
          [
            3.5031564,
            25.85358
          ],
          [
            3.5032404,
            25.8533809
          ],
          [
            3.5033472,
            25.8532161
          ],
          [
            3.5035745,
            25.8529444
          ],
          [
            3.5040149,
            25.8525267
          ],
          [
            3.5051273,
            25.8515897
          ],
          [
            3.5055025,
            25.8512736
          ],
          [
            3.505794,
            25.8509791
          ],
          [
            3.5060916,
            25.850706
          ],
          [
            3.5061749,
            25.8505989
          ],
          [
            3.5062284,
            25.8504972
          ],
          [
            3.5064129,
            25.8496778
          ],
          [
            3.5066033,
            25.8485693
          ],
          [
            3.5067045,
            25.8481249
          ],
          [
            3.5068413,
            25.8478732
          ],
          [
            3.5069663,
            25.8477286
          ],
          [
            3.5071329,
            25.8475786
          ],
          [
            3.5072817,
            25.8474929
          ],
          [
            3.507478,
            25.8474608
          ],
          [
            3.5076744,
            25.8474715
          ],
          [
            3.5085432,
            25.8475947
          ],
          [
            3.5099058,
            25.8477553
          ],
          [
            3.5102212,
            25.84775
          ],
          [
            3.5105604,
            25.8477072
          ],
          [
            3.5133452,
            25.8473591
          ],
          [
            3.5137736,
            25.8472948
          ],
          [
            3.514095,
            25.8472038
          ],
          [
            3.5144341,
            25.8470752
          ],
          [
            3.5148804,
            25.8468932
          ],
          [
            3.5153743,
            25.8467004
          ],
          [
            3.5169214,
            25.8461274
          ],
          [
            3.5175046,
            25.8459239
          ],
          [
            3.5180044,
            25.8457793
          ],
          [
            3.5185697,
            25.845624
          ],
          [
            3.519016,
            25.8454687
          ],
          [
            3.5195516,
            25.8452277
          ],
          [
            3.5204382,
            25.8448421
          ],
          [
            3.5205631,
            25.8447564
          ],
          [
            3.5206762,
            25.8446493
          ],
          [
            3.5211879,
            25.844162
          ],
          [
            3.5219674,
            25.8433533
          ],
          [
            3.5221757,
            25.8431927
          ],
          [
            3.5224137,
            25.8430748
          ],
          [
            3.5226577,
            25.8429838
          ],
          [
            3.5230147,
            25.842941
          ],
          [
            3.5237704,
            25.8429999
          ],
          [
            3.5251748,
            25.8432087
          ],
          [
            3.5255853,
            25.8432141
          ],
          [
            3.5260078,
            25.8431659
          ],
          [
            3.5264839,
            25.843123
          ],
          [
            3.52743,
            25.8429945
          ],
          [
            3.5285725,
            25.8428874
          ],
          [
            3.5295008,
            25.8429142
          ],
          [
            3.5308218,
            25.8430588
          ],
          [
            3.5309185,
            25.8430646
          ],
          [
            3.531268,
            25.8430856
          ],
          [
            3.5321844,
            25.8430374
          ],
          [
            3.5334519,
            25.8428767
          ],
          [
            3.537284,
            25.8423947
          ],
          [
            3.5379088,
            25.842293
          ],
          [
            3.5381468,
            25.8422073
          ],
          [
            3.5383134,
            25.842052
          ],
          [
            3.5384919,
            25.8418003
          ],
          [
            3.5392893,
            25.8406488
          ],
          [
            3.5397415,
            25.8400008
          ],
          [
            3.5399974,
            25.8398294
          ],
          [
            3.540521,
            25.8395884
          ],
          [
            3.5410209,
            25.8393367
          ],
          [
            3.5413005,
            25.8391225
          ],
          [
            3.5414791,
            25.8389244
          ],
          [
            3.5417766,
            25.8386512
          ],
          [
            3.5421515,
            25.8383245
          ],
          [
            3.5429607,
            25.8375908
          ],
          [
            3.5431273,
            25.837398
          ],
          [
            3.543288,
            25.8370927
          ],
          [
            3.5444245,
            25.834281
          ],
          [
            3.5445733,
            25.8340186
          ],
          [
            3.5447756,
            25.8337775
          ],
          [
            3.5459003,
            25.8326153
          ],
          [
            3.5460907,
            25.8324975
          ],
          [
            3.546656,
            25.8322404
          ],
          [
            3.5501787,
            25.8306926
          ],
          [
            3.5504167,
            25.8305587
          ],
          [
            3.5505595,
            25.8304087
          ],
          [
            3.5507916,
            25.8300391
          ],
          [
            3.5512081,
            25.8290751
          ],
          [
            3.5514878,
            25.8285234
          ],
          [
            3.551702,
            25.8283627
          ],
          [
            3.5519043,
            25.8282556
          ],
          [
            3.5539096,
            25.8274843
          ],
          [
            3.5556174,
            25.8269005
          ],
          [
            3.5572835,
            25.8264238
          ],
          [
            3.5579143,
            25.826231
          ],
          [
            3.5582535,
            25.8260971
          ],
          [
            3.5584915,
            25.8259578
          ],
          [
            3.5587592,
            25.8257168
          ],
          [
            3.5590151,
            25.8255561
          ],
          [
            3.5608955,
            25.8242974
          ],
          [
            3.5612584,
            25.8240242
          ],
          [
            3.5616512,
            25.8237618
          ],
          [
            3.5619428,
            25.8236011
          ],
          [
            3.5623057,
            25.8234672
          ],
          [
            3.563591,
            25.8231726
          ],
          [
            3.5647633,
            25.8229262
          ],
          [
            3.5650965,
            25.822803
          ],
          [
            3.5657987,
            25.8224602
          ],
          [
            3.5681372,
            25.8214639
          ],
          [
            3.569125,
            25.8211318
          ],
          [
            3.5695356,
            25.820939
          ],
          [
            3.5702318,
            25.8205908
          ],
          [
            3.5708804,
            25.8202052
          ],
          [
            3.571047,
            25.8200766
          ],
          [
            3.5712076,
            25.8199534
          ],
          [
            3.5714278,
            25.8197017
          ],
          [
            3.5715528,
            25.8194713
          ],
          [
            3.5721716,
            25.8181536
          ],
          [
            3.57285,
            25.8168199
          ],
          [
            3.5733617,
            25.8159146
          ],
          [
            3.5736473,
            25.8154914
          ],
          [
            3.5744328,
            25.8145647
          ],
          [
            3.5752361,
            25.8136809
          ],
          [
            3.5756229,
            25.8132256
          ],
          [
            3.5759204,
            25.8128345
          ],
          [
            3.576337,
            25.8122667
          ],
          [
            3.5775449,
            25.8104132
          ],
          [
            3.5779912,
            25.8097168
          ],
          [
            3.5782471,
            25.8092722
          ],
          [
            3.5785267,
            25.8087901
          ],
          [
            3.5788183,
            25.8080616
          ],
          [
            3.5797644,
            25.8055545
          ],
          [
            3.5801036,
            25.804542
          ],
          [
            3.5805856,
            25.8030152
          ],
          [
            3.5809248,
            25.8021955
          ],
          [
            3.5813235,
            25.8012848
          ],
          [
            3.5816924,
            25.800508
          ],
          [
            3.5824136,
            25.7990287
          ],
          [
            3.5830156,
            25.7978172
          ],
          [
            3.5831396,
            25.7975368
          ],
          [
            3.5842405,
            25.7950039
          ],
          [
            3.5845611,
            25.7943146
          ],
          [
            3.5848916,
            25.7935193
          ],
          [
            3.5853888,
            25.7926798
          ],
          [
            3.5857683,
            25.7919847
          ],
          [
            3.5861282,
            25.7912424
          ],
          [
            3.5865829,
            25.7902468
          ],
          [
            3.5868544,
            25.7895811
          ],
          [
            3.5872339,
            25.7886061
          ],
          [
            3.587512,
            25.7878844
          ],
          [
            3.587741,
            25.7872216
          ],
          [
            3.5879864,
            25.7865205
          ],
          [
            3.5881892,
            25.7859903
          ],
          [
            3.5883626,
            25.7856015
          ],
          [
            3.5886407,
            25.7850595
          ],
          [
            3.5889122,
            25.7845911
          ],
          [
            3.58938,
            25.7837692
          ],
          [
            3.5908536,
            25.7810671
          ],
          [
            3.5912229,
            25.7804411
          ],
          [
            3.5917169,
            25.7795955
          ],
          [
            3.592445,
            25.7783311
          ],
          [
            3.5929564,
            25.777483
          ],
          [
            3.5934475,
            25.7766921
          ],
          [
            3.5937394,
            25.7762082
          ],
          [
            3.5959872,
            25.7732109
          ],
          [
            3.5965779,
            25.772487
          ],
          [
            3.5973269,
            25.7715109
          ],
          [
            3.5980577,
            25.7703867
          ],
          [
            3.5988432,
            25.7691199
          ],
          [
            3.600049,
            25.7673102
          ],
          [
            3.600871,
            25.7659721
          ],
          [
            3.6016079,
            25.7649575
          ],
          [
            3.6028014,
            25.7634932
          ],
          [
            3.6033677,
            25.7627858
          ],
          [
            3.6036418,
            25.7624238
          ],
          [
            3.6037879,
            25.7622264
          ],
          [
            3.6038732,
            25.7620344
          ],
          [
            3.6039219,
            25.7618315
          ],
          [
            3.6039828,
            25.7615134
          ],
          [
            3.6041168,
            25.7605372
          ],
          [
            3.6042934,
            25.7587274
          ],
          [
            3.604403,
            25.7571862
          ],
          [
            3.6044578,
            25.7566213
          ],
          [
            3.6045978,
            25.7561661
          ],
          [
            3.6052129,
            25.7544385
          ],
          [
            3.6058218,
            25.7526285
          ],
          [
            3.6068205,
            25.749738
          ],
          [
            3.6072224,
            25.7488769
          ],
          [
            3.6078862,
            25.7475496
          ],
          [
            3.6083916,
            25.7466226
          ],
          [
            3.6094816,
            25.7445383
          ],
          [
            3.6103891,
            25.7427542
          ],
          [
            3.610607,
            25.7423984
          ],
          [
            3.6109476,
            25.7418831
          ],
          [
            3.6117104,
            25.7409383
          ],
          [
            3.6128546,
            25.7396622
          ],
          [
            3.6157152,
            25.7362019
          ],
          [
            3.6178947,
            25.7335391
          ],
          [
            3.6187801,
            25.7324716
          ],
          [
            3.619387,
            25.7317865
          ],
          [
            3.6197764,
            25.7313088
          ],
          [
            3.6202156,
            25.730734
          ],
          [
            3.6209531,
            25.7298233
          ],
          [
            3.6211934,
            25.7295919
          ],
          [
            3.6213923,
            25.7294575
          ],
          [
            3.6215497,
            25.7293978
          ],
          [
            3.622022,
            25.7292411
          ],
          [
            3.6222541,
            25.7291365
          ],
          [
            3.6224281,
            25.7290096
          ],
          [
            3.6227264,
            25.728614
          ],
          [
            3.6235965,
            25.7273226
          ],
          [
            3.6243422,
            25.7261506
          ],
          [
            3.6250963,
            25.725001
          ],
          [
            3.6254609,
            25.724456
          ],
          [
            3.6259166,
            25.7237543
          ],
          [
            3.6262729,
            25.723269
          ],
          [
            3.6265381,
            25.7229704
          ],
          [
            3.6277976,
            25.7217237
          ],
          [
            3.6285268,
            25.7210295
          ],
          [
            3.628966,
            25.720477
          ],
          [
            3.6292395,
            25.7200366
          ],
          [
            3.6295046,
            25.7195961
          ],
          [
            3.6296952,
            25.7191557
          ],
          [
            3.6315182,
            25.715057
          ],
          [
            3.6331175,
            25.7115481
          ],
          [
            3.6341533,
            25.7091963
          ],
          [
            3.6364818,
            25.7041193
          ],
          [
            3.6374513,
            25.7019241
          ],
          [
            3.6385285,
            25.6998484
          ],
          [
            3.6388931,
            25.6992063
          ],
          [
            3.63915,
            25.6988404
          ],
          [
            3.63944,
            25.6985193
          ],
          [
            3.6399206,
            25.6980415
          ],
          [
            3.6413296,
            25.6966446
          ],
          [
            3.6418135,
            25.6960995
          ],
          [
            3.6429577,
            25.6950184
          ],
          [
            3.6434618,
            25.6945097
          ],
          [
            3.6436231,
            25.6943371
          ],
          [
            3.643739,
            25.6941645
          ],
          [
            3.6444699,
            25.6928972
          ],
          [
            3.6459569,
            25.6905851
          ],
          [
            3.6463098,
            25.6900264
          ],
          [
            3.6478371,
            25.6878914
          ],
          [
            3.6492586,
            25.6859926
          ],
          [
            3.6515672,
            25.6823858
          ],
          [
            3.6522931,
            25.6810547
          ],
          [
            3.6530442,
            25.6795919
          ],
          [
            3.6531651,
            25.679442
          ],
          [
            3.6533869,
            25.6791831
          ],
          [
            3.6538154,
            25.6787969
          ],
          [
            3.6541128,
            25.6784835
          ],
          [
            3.6547933,
            25.6779383
          ],
          [
            3.6551562,
            25.6776294
          ],
          [
            3.6553125,
            25.6774704
          ],
          [
            3.6555242,
            25.6771342
          ],
          [
            3.6558417,
            25.6766481
          ],
          [
            3.6560736,
            25.6763211
          ],
          [
            3.6563609,
            25.6759485
          ],
          [
            3.6565172,
            25.675785
          ],
          [
            3.6567138,
            25.6756078
          ],
          [
            3.6570213,
            25.6754034
          ],
          [
            3.6584629,
            25.6744584
          ],
          [
            3.6598379,
            25.6735782
          ],
          [
            3.6602856,
            25.6732936
          ],
          [
            3.6607118,
            25.67302
          ],
          [
            3.6607748,
            25.6729856
          ],
          [
            3.6609602,
            25.6728846
          ],
          [
            3.6610982,
            25.6727602
          ],
          [
            3.6611963,
            25.6726607
          ],
          [
            3.6617298,
            25.6720085
          ],
          [
            3.661923,
            25.671757
          ],
          [
            3.6620426,
            25.6715442
          ],
          [
            3.6621376,
            25.6713038
          ],
          [
            3.6622327,
            25.6710191
          ],
          [
            3.6623032,
            25.6707345
          ],
          [
            3.6624197,
            25.6703199
          ],
          [
            3.6625209,
            25.6699717
          ],
          [
            3.6626037,
            25.6697368
          ],
          [
            3.6627448,
            25.6693885
          ],
          [
            3.6629226,
            25.6690099
          ],
          [
            3.6631342,
            25.6686036
          ],
          [
            3.6634807,
            25.667979
          ],
          [
            3.6636095,
            25.6677275
          ],
          [
            3.6637076,
            25.6675479
          ],
          [
            3.6639345,
            25.6670891
          ],
          [
            3.6645516,
            25.6658051
          ],
          [
            3.6649779,
            25.6649041
          ],
          [
            3.6650514,
            25.6646111
          ],
          [
            3.6650974,
            25.6643458
          ],
          [
            3.6651588,
            25.663934
          ],
          [
            3.665171,
            25.6636686
          ],
          [
            3.6652354,
            25.6627814
          ],
          [
            3.66526,
            25.6625382
          ],
          [
            3.6653029,
            25.6623724
          ],
          [
            3.6655605,
            25.6618196
          ],
          [
            3.6660572,
            25.6607251
          ],
          [
            3.6664497,
            25.6598987
          ],
          [
            3.6668146,
            25.6592381
          ],
          [
            3.6669403,
            25.6590198
          ],
          [
            3.6671825,
            25.6586079
          ],
          [
            3.6677529,
            25.6577566
          ],
          [
            3.6679767,
            25.6573946
          ],
          [
            3.6681852,
            25.6569965
          ],
          [
            3.6685655,
            25.6561286
          ],
          [
            3.6693964,
            25.6541883
          ],
          [
            3.6699913,
            25.6528588
          ],
          [
            3.6707272,
            25.6513606
          ],
          [
            3.6709756,
            25.6510179
          ],
          [
            3.671687,
            25.6500421
          ],
          [
            3.6720396,
            25.6495004
          ],
          [
            3.6721745,
            25.6492322
          ],
          [
            3.6723769,
            25.6487015
          ],
          [
            3.6724781,
            25.6484002
          ],
          [
            3.6725272,
            25.6480602
          ],
          [
            3.6726069,
            25.6474217
          ],
          [
            3.6726958,
            25.6467472
          ],
          [
            3.6727909,
            25.6463602
          ],
          [
            3.6732477,
            25.6454259
          ],
          [
            3.6735663,
            25.6447326
          ],
          [
            3.6736782,
            25.6444793
          ],
          [
            3.6737733,
            25.6442015
          ],
          [
            3.6738267,
            25.6439486
          ],
          [
            3.6738757,
            25.6436958
          ],
          [
            3.6739291,
            25.6435032
          ],
          [
            3.6740582,
            25.6432062
          ],
          [
            3.6742051,
            25.6429172
          ],
          [
            3.6743431,
            25.6426724
          ],
          [
            3.6745345,
            25.6423474
          ],
          [
            3.6749218,
            25.6418016
          ],
          [
            3.6753759,
            25.6411434
          ],
          [
            3.6760837,
            25.6401361
          ],
          [
            3.6765066,
            25.6395702
          ],
          [
            3.6767292,
            25.6392892
          ],
          [
            3.6769696,
            25.6390484
          ],
          [
            3.6771521,
            25.6388598
          ],
          [
            3.6774637,
            25.6385869
          ],
          [
            3.6776819,
            25.6383862
          ],
          [
            3.677762,
            25.6382538
          ],
          [
            3.677851,
            25.6380411
          ],
          [
            3.677989,
            25.6377682
          ],
          [
            3.6789773,
            25.635637
          ],
          [
            3.6794848,
            25.6346618
          ],
          [
            3.6799166,
            25.6338631
          ],
          [
            3.6801303,
            25.6334336
          ],
          [
            3.6802104,
            25.633237
          ],
          [
            3.6803573,
            25.6326751
          ],
          [
            3.6804953,
            25.6322135
          ],
          [
            3.6806779,
            25.6317038
          ],
          [
            3.680847,
            25.6312904
          ],
          [
            3.6811186,
            25.6307285
          ],
          [
            3.6819065,
            25.6291471
          ],
          [
            3.6821291,
            25.6286534
          ],
          [
            3.6821959,
            25.6284728
          ],
          [
            3.682215,
            25.6283586
          ],
          [
            3.6822232,
            25.6281299
          ],
          [
            3.6822216,
            25.6280378
          ],
          [
            3.6821839,
            25.6272034
          ],
          [
            3.6821822,
            25.626702
          ],
          [
            3.6821822,
            25.6259241
          ],
          [
            3.6821905,
            25.6257545
          ],
          [
            3.6822098,
            25.6255725
          ],
          [
            3.6822734,
            25.6253506
          ],
          [
            3.6827187,
            25.6242509
          ],
          [
            3.6828155,
            25.624049
          ],
          [
            3.6828542,
            25.6239417
          ],
          [
            3.6828874,
            25.6238146
          ],
          [
            3.6828901,
            25.623665
          ],
          [
            3.6828984,
            25.6234954
          ],
          [
            3.682821,
            25.622503
          ],
          [
            3.6827989,
            25.6221863
          ],
          [
            3.6828044,
            25.6217948
          ],
          [
            3.6827989,
            25.6216003
          ],
          [
            3.6827906,
            25.6211714
          ],
          [
            3.6828127,
            25.6209819
          ],
          [
            3.6828542,
            25.6208174
          ],
          [
            3.6829095,
            25.6206378
          ],
          [
            3.6830837,
            25.620174
          ],
          [
            3.6832082,
            25.6197925
          ],
          [
            3.6833243,
            25.6194658
          ],
          [
            3.6834626,
            25.6189621
          ],
          [
            3.6835511,
            25.6185682
          ],
          [
            3.6838276,
            25.6173687
          ],
          [
            3.6840884,
            25.6164579
          ],
          [
            3.684244,
            25.6159056
          ],
          [
            3.6843334,
            25.6155065
          ],
          [
            3.6844004,
            25.615155
          ],
          [
            3.6845019,
            25.6145784
          ],
          [
            3.6847353,
            25.6132805
          ],
          [
            3.6848734,
            25.6124879
          ],
          [
            3.6850337,
            25.611655
          ],
          [
            3.6850723,
            25.6113694
          ],
          [
            3.6850825,
            25.611179
          ],
          [
            3.6850764,
            25.6110069
          ],
          [
            3.6850703,
            25.6108495
          ],
          [
            3.6850058,
            25.6104736
          ],
          [
            3.6850058,
            25.6102817
          ],
          [
            3.6850514,
            25.6100898
          ],
          [
            3.6851578,
            25.6098979
          ],
          [
            3.6852795,
            25.6096923
          ],
          [
            3.6853707,
            25.6095278
          ],
          [
            3.6854315,
            25.6093633
          ],
          [
            3.6855379,
            25.6088424
          ],
          [
            3.6862827,
            25.6051825
          ],
          [
            3.6866019,
            25.6040036
          ],
          [
            3.6869515,
            25.6027699
          ],
          [
            3.6872099,
            25.6016595
          ],
          [
            3.6873011,
            25.6010701
          ],
          [
            3.6873771,
            25.600508
          ],
          [
            3.6874836,
            25.5999323
          ],
          [
            3.68759,
            25.599617
          ],
          [
            3.6879092,
            25.5989041
          ],
          [
            3.6885628,
            25.597547
          ],
          [
            3.6889739,
            25.5965713
          ],
          [
            3.6891975,
            25.5959274
          ],
          [
            3.6892624,
            25.5957323
          ],
          [
            3.6893633,
            25.5955307
          ],
          [
            3.6895869,
            25.5951664
          ],
          [
            3.6899547,
            25.594516
          ],
          [
            3.6904451,
            25.5935729
          ],
          [
            3.6909139,
            25.5927924
          ],
          [
            3.6911375,
            25.5923305
          ],
          [
            3.6913755,
            25.5918427
          ],
          [
            3.6915053,
            25.591498
          ],
          [
            3.6916567,
            25.5910882
          ],
          [
            3.6917721,
            25.5906004
          ],
          [
            3.6918803,
            25.5900475
          ],
          [
            3.6920101,
            25.5895141
          ],
          [
            3.6921111,
            25.5891108
          ],
          [
            3.6921976,
            25.5888767
          ],
          [
            3.692277,
            25.588675
          ],
          [
            3.6924284,
            25.5884018
          ],
          [
            3.692652,
            25.5879205
          ],
          [
            3.6928106,
            25.5874782
          ],
          [
            3.6931135,
            25.5867236
          ],
          [
            3.6935253,
            25.5856616
          ],
          [
            3.6937587,
            25.5851074
          ],
          [
            3.6938376,
            25.5848691
          ],
          [
            3.6939097,
            25.5845657
          ],
          [
            3.6939509,
            25.5843583
          ],
          [
            3.6942083,
            25.583377
          ],
          [
            3.6942564,
            25.5831696
          ],
          [
            3.6943147,
            25.5828569
          ],
          [
            3.6943748,
            25.5822153
          ],
          [
            3.6944047,
            25.5817434
          ],
          [
            3.6944496,
            25.5813568
          ],
          [
            3.6944795,
            25.5811052
          ],
          [
            3.6945343,
            25.5808939
          ],
          [
            3.6946638,
            25.580449
          ],
          [
            3.694913,
            25.5797389
          ],
          [
            3.6952966,
            25.5786287
          ],
          [
            3.6956604,
            25.577586
          ],
          [
            3.6957949,
            25.5771006
          ],
          [
            3.6960142,
            25.5761703
          ],
          [
            3.6961338,
            25.5756129
          ],
          [
            3.6963133,
            25.5751386
          ],
          [
            3.6964217,
            25.5748284
          ],
          [
            3.696851,
            25.5737098
          ],
          [
            3.6991235,
            25.5678728
          ],
          [
            3.6998605,
            25.5659259
          ],
          [
            3.7021336,
            25.5600197
          ],
          [
            3.7024154,
            25.5592571
          ],
          [
            3.7027348,
            25.5583419
          ],
          [
            3.7029761,
            25.5574415
          ],
          [
            3.7031481,
            25.5567996
          ],
          [
            3.7037117,
            25.5548251
          ],
          [
            3.7049328,
            25.5507066
          ],
          [
            3.7054964,
            25.5488337
          ],
          [
            3.7055903,
            25.5484184
          ],
          [
            3.7067269,
            25.5434267
          ],
          [
            3.7070831,
            25.5418056
          ],
          [
            3.707375,
            25.5404774
          ],
          [
            3.7080137,
            25.5375025
          ],
          [
            3.7089061,
            25.5336377
          ],
          [
            3.7090751,
            25.5327392
          ],
          [
            3.7093851,
            25.5313492
          ],
          [
            3.7094039,
            25.5306118
          ],
          [
            3.7094235,
            25.5286232
          ],
          [
            3.7094888,
            25.5257138
          ],
          [
            3.7095067,
            25.5247994
          ],
          [
            3.7094932,
            25.5239335
          ],
          [
            3.7094932,
            25.5236017
          ],
          [
            3.7095201,
            25.5231688
          ],
          [
            3.7096009,
            25.5228248
          ],
          [
            3.7098654,
            25.5217849
          ],
          [
            3.7100672,
            25.5211497
          ],
          [
            3.7103317,
            25.5203566
          ],
          [
            3.7110671,
            25.5181918
          ],
          [
            3.7113457,
            25.5175162
          ],
          [
            3.7113675,
            25.5174634
          ],
          [
            3.7115558,
            25.5170385
          ],
          [
            3.7116544,
            25.5166258
          ],
          [
            3.7117386,
            25.5162169
          ],
          [
            3.7117486,
            25.5161685
          ],
          [
            3.7120221,
            25.515339
          ],
          [
            3.7130054,
            25.5123934
          ],
          [
            3.7133135,
            25.5114705
          ],
          [
            3.7133179,
            25.5113045
          ],
          [
            3.713291,
            25.5111508
          ],
          [
            3.7132552,
            25.5109727
          ],
          [
            3.7132238,
            25.510823
          ],
          [
            3.7132283,
            25.5106207
          ],
          [
            3.7133135,
            25.51039
          ],
          [
            3.7134525,
            25.5101958
          ],
          [
            3.7140178,
            25.5095576
          ],
          [
            3.7142133,
            25.5093137
          ],
          [
            3.7144547,
            25.5088053
          ],
          [
            3.7150526,
            25.5076897
          ],
          [
            3.7152852,
            25.5071149
          ],
          [
            3.7157008,
            25.5058147
          ],
          [
            3.7159845,
            25.5049399
          ],
          [
            3.7162019,
            25.5040358
          ],
          [
            3.7162492,
            25.503541
          ],
          [
            3.7162113,
            25.5033704
          ],
          [
            3.7160851,
            25.5030693
          ],
          [
            3.7159328,
            25.5026935
          ],
          [
            3.7157602,
            25.5023911
          ],
          [
            3.7156079,
            25.502139
          ],
          [
            3.7150221,
            25.5013424
          ],
          [
            3.714634,
            25.5008671
          ],
          [
            3.7135213,
            25.4998306
          ],
          [
            3.7121591,
            25.4985367
          ],
          [
            3.7116047,
            25.4979577
          ],
          [
            3.7112325,
            25.4975288
          ],
          [
            3.7103138,
            25.4963243
          ],
          [
            3.7097871,
            25.4956631
          ],
          [
            3.7095812,
            25.4954165
          ],
          [
            3.7092605,
            25.4951126
          ],
          [
            3.7081715,
            25.4941011
          ],
          [
            3.7075894,
            25.4935721
          ],
          [
            3.7074073,
            25.4934006
          ],
          [
            3.7072845,
            25.4932433
          ],
          [
            3.7072053,
            25.4931003
          ],
          [
            3.7071301,
            25.4928894
          ],
          [
            3.7070192,
            25.4918707
          ],
          [
            3.7069875,
            25.4909343
          ],
          [
            3.7069994,
            25.4905947
          ],
          [
            3.7069558,
            25.490223
          ],
          [
            3.7069083,
            25.4896153
          ],
          [
            3.7068687,
            25.4890219
          ],
          [
            3.7067578,
            25.4874921
          ],
          [
            3.7066588,
            25.4858978
          ],
          [
            3.706639,
            25.4855547
          ],
          [
            3.7067485,
            25.48445
          ],
          [
            3.7068196,
            25.4837672
          ],
          [
            3.7068196,
            25.4830843
          ],
          [
            3.7068196,
            25.482493
          ],
          [
            3.7068145,
            25.481801
          ],
          [
            3.706779,
            25.4816176
          ],
          [
            3.7067231,
            25.4814297
          ],
          [
            3.7065048,
            25.4810172
          ],
          [
            3.7063931,
            25.4807514
          ],
          [
            3.7063119,
            25.4804535
          ],
          [
            3.7059347,
            25.4785452
          ],
          [
            3.705706,
            25.4778306
          ],
          [
            3.7054949,
            25.4772748
          ],
          [
            3.7055301,
            25.4765125
          ],
          [
            3.7054567,
            25.4757845
          ],
          [
            3.7060504,
            25.472634
          ],
          [
            3.7060989,
            25.4710588
          ],
          [
            3.7060746,
            25.4701071
          ],
          [
            3.7060262,
            25.469035
          ],
          [
            3.7059292,
            25.4683021
          ],
          [
            3.705796,
            25.4678207
          ],
          [
            3.7050971,
            25.4651336
          ],
          [
            3.7047549,
            25.4644705
          ],
          [
            3.7042625,
            25.4639505
          ],
          [
            3.7040037,
            25.4637018
          ],
          [
            3.7038118,
            25.4632841
          ],
          [
            3.7031107,
            25.4608953
          ],
          [
            3.7020758,
            25.4573083
          ],
          [
            3.7019589,
            25.4570596
          ],
          [
            3.7017753,
            25.4569089
          ],
          [
            3.7014832,
            25.4567506
          ],
          [
            3.7009574,
            25.4564567
          ],
          [
            3.7006152,
            25.4562155
          ],
          [
            3.7002312,
            25.4558247
          ],
          [
            3.6993298,
            25.4546114
          ],
          [
            3.6984869,
            25.4533604
          ],
          [
            3.6976738,
            25.4523273
          ],
          [
            3.6971646,
            25.4518073
          ],
          [
            3.6962382,
            25.4508879
          ],
          [
            3.6943937,
            25.4491997
          ],
          [
            3.6921279,
            25.4473458
          ],
          [
            3.69136,
            25.4465846
          ],
          [
            3.6910095,
            25.4462078
          ],
          [
            3.6896156,
            25.4444739
          ],
          [
            3.6891399,
            25.4438935
          ],
          [
            3.6887894,
            25.443268
          ],
          [
            3.688539,
            25.442748
          ],
          [
            3.6883303,
            25.4422355
          ],
          [
            3.6882385,
            25.4417682
          ],
          [
            3.6882719,
            25.4413009
          ],
          [
            3.6884221,
            25.4398463
          ],
          [
            3.6884889,
            25.43959
          ],
          [
            3.6885473,
            25.4393564
          ],
          [
            3.6885473,
            25.4391604
          ],
          [
            3.6884806,
            25.4389871
          ],
          [
            3.688322,
            25.4385574
          ],
          [
            3.6882135,
            25.4382937
          ],
          [
            3.6881384,
            25.4379093
          ],
          [
            3.688105,
            25.4374344
          ],
          [
            3.6881467,
            25.4368993
          ],
          [
            3.6882135,
            25.4358592
          ],
          [
            3.6882552,
            25.435038
          ],
          [
            3.688347,
            25.4344049
          ],
          [
            3.6883721,
            25.4318949
          ],
          [
            3.6880132,
            25.4297769
          ],
          [
            3.687696,
            25.4280476
          ],
          [
            3.6875374,
            25.4274672
          ],
          [
            3.6874456,
            25.4269998
          ],
          [
            3.6872117,
            25.4257584
          ],
          [
            3.6871785,
            25.4255827
          ],
          [
            3.687108,
            25.4242731
          ],
          [
            3.6872565,
            25.4226073
          ],
          [
            3.6872667,
            25.4220938
          ],
          [
            3.6871956,
            25.4216306
          ],
          [
            3.6871093,
            25.4212042
          ],
          [
            3.686957,
            25.4207319
          ],
          [
            3.6868859,
            25.4205439
          ],
          [
            3.6860989,
            25.4180296
          ],
          [
            3.6856928,
            25.4168969
          ],
          [
            3.6855506,
            25.4163833
          ],
          [
            3.6855201,
            25.416177
          ],
          [
            3.6852586,
            25.4142968
          ],
          [
            3.6850352,
            25.4120925
          ],
          [
            3.6847762,
            25.4097858
          ],
          [
            3.6844107,
            25.406791
          ],
          [
            3.6838369,
            25.401335
          ],
          [
            3.6835659,
            25.398805
          ],
          [
            3.6832601,
            25.3960427
          ],
          [
            3.6831697,
            25.3955028
          ],
          [
            3.6824192,
            25.3895699
          ],
          [
            3.6819813,
            25.3874353
          ],
          [
            3.6811196,
            25.3846601
          ],
          [
            3.680793,
            25.3839255
          ],
          [
            3.6805706,
            25.3835174
          ],
          [
            3.6802439,
            25.3830968
          ],
          [
            3.6797783,
            25.3825505
          ],
          [
            3.6794378,
            25.3821989
          ],
          [
            3.6769199,
            25.3794499
          ],
          [
            3.6767507,
            25.3791909
          ],
          [
            3.6765815,
            25.378932
          ],
          [
            3.6759308,
            25.3780682
          ],
          [
            3.6752109,
            25.3769912
          ],
          [
            3.6746004,
            25.3759609
          ],
          [
            3.6742031,
            25.3751336
          ],
          [
            3.6734544,
            25.3731407
          ],
          [
            3.6728324,
            25.3716577
          ],
          [
            3.6727,
            25.3711946
          ],
          [
            3.6726309,
            25.3707991
          ],
          [
            3.6726194,
            25.3698
          ],
          [
            3.6725042,
            25.3676561
          ],
          [
            3.6723141,
            25.3653873
          ],
          [
            3.6720895,
            25.3628374
          ],
          [
            3.6718697,
            25.3599576
          ],
          [
            3.6716773,
            25.3575605
          ],
          [
            3.6715398,
            25.3555484
          ],
          [
            3.6715398,
            25.3536832
          ],
          [
            3.671856,
            25.3483655
          ],
          [
            3.6719797,
            25.3462788
          ],
          [
            3.6720346,
            25.344751
          ],
          [
            3.6719247,
            25.341404
          ],
          [
            3.6719109,
            25.3406711
          ],
          [
            3.6719934,
            25.3398016
          ],
          [
            3.6721858,
            25.3387706
          ],
          [
            3.6724057,
            25.3379685
          ],
          [
            3.6735328,
            25.3340928
          ],
          [
            3.6751683,
            25.3291734
          ],
          [
            3.6757594,
            25.3275211
          ],
          [
            3.6769551,
            25.3244774
          ],
          [
            3.6775461,
            25.3228002
          ],
          [
            3.6780409,
            25.3210112
          ],
          [
            3.6782058,
            25.3202036
          ],
          [
            3.6783708,
            25.3195079
          ],
          [
            3.6792092,
            25.3173267
          ],
          [
            3.6815045,
            25.3116487
          ],
          [
            3.6821779,
            25.3107066
          ],
          [
            3.6845695,
            25.3073766
          ],
          [
            3.6854173,
            25.3061254
          ],
          [
            3.6860437,
            25.3044631
          ],
          [
            3.686963,
            25.3026822
          ],
          [
            3.6882157,
            25.3005541
          ],
          [
            3.6884178,
            25.3002344
          ],
          [
            3.6891957,
            25.2996682
          ],
          [
            3.6905898,
            25.2985356
          ],
          [
            3.6921355,
            25.2969281
          ],
          [
            3.6935195,
            25.2952657
          ],
          [
            3.694752,
            25.2938774
          ],
          [
            3.6950551,
            25.2932654
          ],
          [
            3.695439,
            25.2919044
          ],
          [
            3.6960451,
            25.2904247
          ],
          [
            3.6971968,
            25.2880407
          ],
          [
            3.6984293,
            25.2855469
          ],
          [
            3.6986617,
            25.2849441
          ],
          [
            3.6992072,
            25.2820301
          ],
          [
            3.6991567,
            25.2813176
          ],
          [
            3.6989446,
            25.2806233
          ],
          [
            3.6976312,
            25.2778737
          ],
          [
            3.6974595,
            25.2773804
          ],
          [
            3.6973988,
            25.2767762
          ],
          [
            3.6973602,
            25.2764828
          ],
          [
            3.6973139,
            25.2760754
          ],
          [
            3.6973036,
            25.2755701
          ],
          [
            3.6973164,
            25.2753372
          ],
          [
            3.6973937,
            25.2750508
          ],
          [
            3.6975276,
            25.2747993
          ],
          [
            3.6977619,
            25.2743104
          ],
          [
            3.698143,
            25.2739099
          ],
          [
            3.6987641,
            25.2733242
          ],
          [
            3.6990159,
            25.2730902
          ],
          [
            3.6993275,
            25.2727642
          ],
          [
            3.6994588,
            25.2726781
          ],
          [
            3.7007721,
            25.2719865
          ],
          [
            3.7013772,
            25.2716465
          ],
          [
            3.7028199,
            25.2708923
          ],
          [
            3.7035149,
            25.2706583
          ],
          [
            3.7050967,
            25.2704199
          ],
          [
            3.7080253,
            25.2698304
          ],
          [
            3.710024,
            25.2694316
          ],
          [
            3.7116776,
            25.2691369
          ],
          [
            3.7145104,
            25.2685344
          ],
          [
            3.7177409,
            25.2679015
          ],
          [
            3.7195959,
            25.2675418
          ],
          [
            3.7218793,
            25.2670455
          ]
        ]
      },
      "properties": {
        "name": "الطريق العابر للصحراء السابق",
        "highway": "tertiary"
      }
    },
    {
      "type": "Feature",
      "geometry": {
        "type": "LineString",
        "coordinates": [
          [
            2.481145,
            27.1987751
          ],
          [
            2.4811532,
            27.1986745
          ]
        ]
      },
      "properties": {
        "highway": "secondary_link"
      }
    },
    {
      "type": "Feature",
      "geometry": {
        "type": "LineString",
        "coordinates": [
          [
            2.480122,
            27.1988414
          ],
          [
            2.4801287,
            27.1987412
          ]
        ]
      },
      "properties": {
        "highway": "secondary_link"
      }
    },
    {
      "type": "Feature",
      "geometry": {
        "type": "LineString",
        "coordinates": [
          [
            2.4740724,
            27.2018791
          ],
          [
            2.4743405,
            27.2016826
          ],
          [
            2.4743944,
            27.2016691
          ],
          [
            2.4744639,
            27.2016516
          ],
          [
            2.4749628,
            27.2016993
          ],
          [
            2.4751711,
            27.2016692
          ],
          [
            2.4752927,
            27.2016516
          ],
          [
            2.4754751,
            27.2016707
          ],
          [
            2.4757518,
            27.2017222
          ],
          [
            2.4761613,
            27.2017985
          ],
          [
            2.4764897,
            27.2018596
          ],
          [
            2.4772715,
            27.2020051
          ]
        ]
      },
      "properties": {
        "highway": "tertiary"
      }
    },
    {
      "type": "Feature",
      "geometry": {
        "type": "LineString",
        "coordinates": [
          [
            2.4806346,
            27.2022716
          ],
          [
            2.4806922,
            27.2022866
          ],
          [
            2.481333,
            27.2024532
          ],
          [
            2.4816656,
            27.2024913
          ]
        ]
      },
      "properties": {
        "highway": "tertiary"
      }
    },
    {
      "type": "Feature",
      "geometry": {
        "type": "LineString",
        "coordinates": [
          [
            2.4813773,
            27.2018902
          ],
          [
            2.481333,
            27.2020953
          ],
          [
            2.481333,
            27.2024532
          ]
        ]
      },
      "properties": {
        "highway": "tertiary"
      }
    },
    {
      "type": "Feature",
      "geometry": {
        "type": "LineString",
        "coordinates": [
          [
            2.4828833,
            27.2050123
          ],
          [
            2.482002,
            27.2048805
          ],
          [
            2.4819502,
            27.2048728
          ],
          [
            2.4808848,
            27.2047136
          ],
          [
            2.4801875,
            27.2046094
          ],
          [
            2.4801268,
            27.2046003
          ],
          [
            2.4794567,
            27.2045002
          ],
          [
            2.4784032,
            27.2043427
          ],
          [
            2.4775682,
            27.204218
          ]
        ]
      },
      "properties": {
        "highway": "tertiary"
      }
    },
    {
      "type": "Feature",
      "geometry": {
        "type": "LineString",
        "coordinates": [
          [
            2.4784791,
            27.1993161
          ],
          [
            2.4782693,
            27.1996249
          ],
          [
            2.4779816,
            27.2000482
          ],
          [
            2.4777568,
            27.2003432
          ]
        ]
      },
      "properties": {
        "highway": "tertiary"
      }
    },
    {
      "type": "Feature",
      "geometry": {
        "type": "LineString",
        "coordinates": [
          [
            2.4781117,
            27.1990036
          ],
          [
            2.4783424,
            27.1992279
          ],
          [
            2.4784791,
            27.1993161
          ]
        ]
      },
      "properties": {
        "highway": "tertiary"
      }
    },
    {
      "type": "Feature",
      "geometry": {
        "type": "LineString",
        "coordinates": [
          [
            2.4734445,
            27.1973644
          ],
          [
            2.4734814,
            27.1972622
          ],
          [
            2.4735841,
            27.1968541
          ],
          [
            2.473696,
            27.1964854
          ],
          [
            2.4739171,
            27.1958696
          ]
        ]
      },
      "properties": {
        "highway": "secondary"
      }
    },
    {
      "type": "Feature",
      "geometry": {
        "type": "LineString",
        "coordinates": [
          [
            2.4741257,
            27.1958111
          ],
          [
            2.4739623,
            27.1960215
          ],
          [
            2.4738684,
            27.1962219
          ],
          [
            2.4737747,
            27.1964963
          ],
          [
            2.473678,
            27.1968685
          ],
          [
            2.4736483,
            27.197019
          ],
          [
            2.4735953,
            27.1972882
          ],
          [
            2.4735676,
            27.1973727
          ]
        ]
      },
      "properties": {
        "highway": "secondary"
      }
    },
    {
      "type": "Feature",
      "geometry": {
        "type": "LineString",
        "coordinates": [
          [
            2.4740724,
            27.2018791
          ],
          [
            2.473927,
            27.2018513
          ],
          [
            2.472991,
            27.2016723
          ],
          [
            2.4729506,
            27.2016645
          ],
          [
            2.4718729,
            27.2014584
          ]
        ]
      },
      "properties": {
        "highway": "tertiary"
      }
    },
    {
      "type": "Feature",
      "geometry": {
        "type": "LineString",
        "coordinates": [
          [
            2.4706508,
            27.2050777
          ],
          [
            2.4706631,
            27.2050412
          ],
          [
            2.4707836,
            27.2046843
          ],
          [
            2.4708812,
            27.2043954
          ],
          [
            2.4709071,
            27.2043186
          ],
          [
            2.4710231,
            27.2039751
          ],
          [
            2.4711348,
            27.2036444
          ],
          [
            2.4711505,
            27.2035978
          ],
          [
            2.4712094,
            27.2034233
          ],
          [
            2.4712698,
            27.2032444
          ],
          [
            2.4712783,
            27.2032194
          ],
          [
            2.4713369,
            27.2030458
          ],
          [
            2.4713957,
            27.2028717
          ],
          [
            2.4714072,
            27.2028375
          ],
          [
            2.4714614,
            27.2026771
          ],
          [
            2.4715251,
            27.2024882
          ],
          [
            2.4715953,
            27.2022805
          ],
          [
            2.4716699,
            27.2020595
          ],
          [
            2.471756,
            27.2018046
          ],
          [
            2.471769,
            27.2017661
          ],
          [
            2.4718729,
            27.2014584
          ]
        ]
      },
      "properties": {
        "highway": "tertiary"
      }
    },
    {
      "type": "Feature",
      "geometry": {
        "type": "LineString",
        "coordinates": [
          [
            2.4693348,
            27.2122383
          ],
          [
            2.4693579,
            27.2118908
          ],
          [
            2.4693918,
            27.2110718
          ],
          [
            2.4694186,
            27.210943
          ],
          [
            2.4699712,
            27.2092685
          ],
          [
            2.4702682,
            27.2085869
          ],
          [
            2.4702891,
            27.208539
          ],
          [
            2.4704179,
            27.2082433
          ],
          [
            2.4705601,
            27.207917
          ],
          [
            2.4707125,
            27.2075675
          ],
          [
            2.4708813,
            27.2071799
          ],
          [
            2.4709185,
            27.2070946
          ],
          [
            2.4710414,
            27.2068127
          ],
          [
            2.471062,
            27.2067595
          ],
          [
            2.4711691,
            27.2064827
          ],
          [
            2.4711809,
            27.2064521
          ],
          [
            2.4713173,
            27.2060997
          ],
          [
            2.4713675,
            27.2059697
          ],
          [
            2.4714754,
            27.2056909
          ],
          [
            2.471633,
            27.2052837
          ]
        ]
      },
      "properties": {
        "highway": "tertiary"
      }
    },
    {
      "type": "Feature",
      "geometry": {
        "type": "LineString",
        "coordinates": [
          [
            2.4794889,
            27.2072513
          ],
          [
            2.4793447,
            27.2074809
          ],
          [
            2.4791558,
            27.2078036
          ],
          [
            2.4789904,
            27.2080861
          ],
          [
            2.4789378,
            27.2081759
          ],
          [
            2.4788901,
            27.2082775
          ],
          [
            2.4788621,
            27.2083369
          ],
          [
            2.4787142,
            27.2086517
          ],
          [
            2.4786669,
            27.2087522
          ],
          [
            2.4786159,
            27.2088606
          ]
        ]
      },
      "properties": {
        "highway": "tertiary"
      }
    },
    {
      "type": "Feature",
      "geometry": {
        "type": "LineString",
        "coordinates": [
          [
            2.4795479,
            27.2072108
          ],
          [
            2.4794757,
            27.2071894
          ],
          [
            2.479096,
            27.2070834
          ],
          [
            2.4788097,
            27.2070077
          ],
          [
            2.4767858,
            27.2063965
          ],
          [
            2.4754348,
            27.2059885
          ],
          [
            2.4746121,
            27.2058106
          ],
          [
            2.4745348,
            27.2057938
          ],
          [
            2.4735707,
            27.2055853
          ],
          [
            2.4722938,
            27.2053865
          ],
          [
            2.471633,
            27.2052837
          ],
          [
            2.4706508,
            27.2050777
          ]
        ]
      },
      "properties": {
        "highway": "tertiary"
      }
    },
    {
      "type": "Feature",
      "geometry": {
        "type": "LineString",
        "coordinates": [
          [
            2.4794757,
            27.2071894
          ],
          [
            2.4795131,
            27.2071037
          ],
          [
            2.4795896,
            27.2068921
          ],
          [
            2.4796843,
            27.2066296
          ],
          [
            2.479737,
            27.2063883
          ],
          [
            2.4797871,
            27.2061583
          ],
          [
            2.4798618,
            27.2058157
          ],
          [
            2.4799192,
            27.2055525
          ],
          [
            2.47998,
            27.2052738
          ],
          [
            2.4800559,
            27.2049256
          ],
          [
            2.4801268,
            27.2046003
          ],
          [
            2.4801819,
            27.2043478
          ],
          [
            2.4802318,
            27.204119
          ],
          [
            2.4802774,
            27.2039099
          ],
          [
            2.4803258,
            27.2036877
          ],
          [
            2.4803743,
            27.2034653
          ],
          [
            2.4804487,
            27.203124
          ],
          [
            2.4804539,
            27.2031002
          ],
          [
            2.4804991,
            27.2028929
          ],
          [
            2.4805283,
            27.2027592
          ],
          [
            2.480577,
            27.202536
          ],
          [
            2.4806346,
            27.2022716
          ],
          [
            2.4807027,
            27.2019594
          ],
          [
            2.480721,
            27.2018894
          ],
          [
            2.4807853,
            27.2016432
          ]
        ]
      },
      "properties": {
        "highway": "tertiary"
      }
    },
    {
      "type": "Feature",
      "geometry": {
        "type": "LineString",
        "coordinates": [
          [
            2.4808634,
            27.2016698
          ],
          [
            2.480775,
            27.2019276
          ],
          [
            2.4807617,
            27.2019665
          ],
          [
            2.4806922,
            27.2022866
          ],
          [
            2.4806351,
            27.202549
          ],
          [
            2.4806048,
            27.2026886
          ],
          [
            2.4805866,
            27.2027727
          ],
          [
            2.4805583,
            27.2029027
          ],
          [
            2.4805082,
            27.2031334
          ],
          [
            2.4804341,
            27.2034746
          ],
          [
            2.480429,
            27.2034978
          ],
          [
            2.4803858,
            27.2036967
          ],
          [
            2.4803377,
            27.2039183
          ],
          [
            2.4802924,
            27.2041269
          ],
          [
            2.4802425,
            27.2043565
          ],
          [
            2.4801875,
            27.2046094
          ],
          [
            2.4801165,
            27.2049363
          ],
          [
            2.4800406,
            27.2052857
          ],
          [
            2.4799798,
            27.2055654
          ],
          [
            2.4799224,
            27.2058296
          ],
          [
            2.4798479,
            27.2061728
          ],
          [
            2.4797975,
            27.2064048
          ],
          [
            2.4797447,
            27.2066476
          ],
          [
            2.4796556,
            27.2069167
          ],
          [
            2.4795879,
            27.207121
          ],
          [
            2.4795479,
            27.2072108
          ]
        ]
      },
      "properties": {
        "highway": "tertiary"
      }
    },
    {
      "type": "Feature",
      "geometry": {
        "type": "LineString",
        "coordinates": [
          [
            2.4777056,
            27.2004544
          ],
          [
            2.4784645,
            27.2007324
          ],
          [
            2.4788117,
            27.2008596
          ],
          [
            2.4789119,
            27.2009459
          ]
        ]
      },
      "properties": {
        "highway": "tertiary"
      }
    },
    {
      "type": "Feature",
      "geometry": {
        "type": "LineString",
        "coordinates": [
          [
            2.4789119,
            27.2009459
          ],
          [
            2.479564,
            27.2012283
          ],
          [
            2.4802155,
            27.2014496
          ],
          [
            2.4802687,
            27.2014677
          ],
          [
            2.4807458,
            27.2016298
          ],
          [
            2.4807853,
            27.2016432
          ],
          [
            2.4808634,
            27.2016698
          ],
          [
            2.4813588,
            27.2018381
          ],
          [
            2.4814349,
            27.2018639
          ]
        ]
      },
      "properties": {
        "highway": "tertiary"
      }
    },
    {
      "type": "Feature",
      "geometry": {
        "type": "LineString",
        "coordinates": [
          [
            2.4787713,
            27.1948219
          ],
          [
            2.4787441,
            27.1947975
          ],
          [
            2.4787341,
            27.1947597
          ],
          [
            2.4787491,
            27.1947232
          ],
          [
            2.4787632,
            27.1947104
          ],
          [
            2.4788031,
            27.1946963
          ],
          [
            2.4788453,
            27.1947038
          ],
          [
            2.4788762,
            27.1947305
          ],
          [
            2.478886,
            27.1947652
          ],
          [
            2.4788744,
            27.1947996
          ],
          [
            2.4788462,
            27.1948231
          ],
          [
            2.4788086,
            27.1948313
          ],
          [
            2.4787713,
            27.1948219
          ]
        ]
      },
      "properties": {
        "highway": "tertiary"
      }
    },
    {
      "type": "Feature",
      "geometry": {
        "type": "LineString",
        "coordinates": [
          [
            2.4808194,
            27.1956553
          ],
          [
            2.4808073,
            27.1957233
          ],
          [
            2.4807563,
            27.196074
          ],
          [
            2.4810232,
            27.1965398
          ],
          [
            2.4811458,
            27.1967537
          ],
          [
            2.4812651,
            27.1969619
          ],
          [
            2.4815771,
            27.197515
          ],
          [
            2.4816593,
            27.1977159
          ]
        ]
      },
      "properties": {
        "highway": "tertiary"
      }
    },
    {
      "type": "Feature",
      "geometry": {
        "type": "LineString",
        "coordinates": [
          [
            2.471669,
            27.189413
          ],
          [
            2.4719328,
            27.1894292
          ],
          [
            2.4724442,
            27.1894607
          ],
          [
            2.4728624,
            27.1895674
          ],
          [
            2.4734415,
            27.1897151
          ],
          [
            2.4742142,
            27.1899122
          ],
          [
            2.474605,
            27.1899961
          ],
          [
            2.4749235,
            27.1900645
          ],
          [
            2.4751028,
            27.190103
          ],
          [
            2.4755752,
            27.1902044
          ],
          [
            2.4757782,
            27.190248
          ],
          [
            2.4759343,
            27.1903136
          ],
          [
            2.4763522,
            27.190489
          ],
          [
            2.476615,
            27.1905701
          ],
          [
            2.4770904,
            27.1906955
          ],
          [
            2.4771712,
            27.1907168
          ],
          [
            2.4776013,
            27.1908302
          ],
          [
            2.4781533,
            27.1909757
          ],
          [
            2.4782646,
            27.1910005
          ],
          [
            2.4788171,
            27.1911236
          ],
          [
            2.4798224,
            27.1912652
          ]
        ]
      },
      "properties": {
        "highway": "tertiary"
      }
    },
    {
      "type": "Feature",
      "geometry": {
        "type": "LineString",
        "coordinates": [
          [
            2.4803632,
            27.1884214
          ],
          [
            2.4790175,
            27.188123
          ],
          [
            2.4781396,
            27.1879284
          ],
          [
            2.4773249,
            27.1877477
          ],
          [
            2.4761805,
            27.187494
          ],
          [
            2.4754528,
            27.1872178
          ],
          [
            2.4742481,
            27.1869091
          ],
          [
            2.4733213,
            27.1866716
          ]
        ]
      },
      "properties": {
        "highway": "tertiary"
      }
    },
    {
      "type": "Feature",
      "geometry": {
        "type": "LineString",
        "coordinates": [
          [
            2.4709307,
            27.1963246
          ],
          [
            2.471091,
            27.1963209
          ],
          [
            2.4717173,
            27.1962752
          ],
          [
            2.4724116,
            27.1962441
          ],
          [
            2.4726133,
            27.1962351
          ],
          [
            2.4729775,
            27.196133
          ],
          [
            2.4737954,
            27.1959037
          ],
          [
            2.4739171,
            27.1958696
          ],
          [
            2.4741257,
            27.1958111
          ],
          [
            2.4743087,
            27.1957598
          ],
          [
            2.4745141,
            27.1957022
          ],
          [
            2.4746348,
            27.1956684
          ],
          [
            2.4748853,
            27.1955981
          ],
          [
            2.4753998,
            27.1954539
          ],
          [
            2.4758138,
            27.1955267
          ],
          [
            2.4764903,
            27.1956457
          ],
          [
            2.4765969,
            27.1956644
          ],
          [
            2.4772701,
            27.1957823
          ],
          [
            2.4774312,
            27.1957274
          ],
          [
            2.4775917,
            27.1956673
          ],
          [
            2.4777708,
            27.1955985
          ]
        ]
      },
      "properties": {
        "highway": "primary",
        "ref": "RN 52"
      }
    },
    {
      "type": "Feature",
      "geometry": {
        "type": "LineString",
        "coordinates": [
          [
            2.4848033,
            27.1999942
          ],
          [
            2.484724,
            27.199967
          ],
          [
            2.4832313,
            27.1994553
          ],
          [
            2.482566,
            27.1992272
          ],
          [
            2.4825051,
            27.1992063
          ],
          [
            2.4818534,
            27.1989829
          ],
          [
            2.4813572,
            27.1988128
          ],
          [
            2.481223,
            27.1987841
          ],
          [
            2.481145,
            27.1987751
          ],
          [
            2.4810997,
            27.1987698
          ],
          [
            2.4809039,
            27.1987913
          ],
          [
            2.4806195,
            27.1988342
          ],
          [
            2.4805619,
            27.1988373
          ],
          [
            2.4803969,
            27.1988462
          ],
          [
            2.480122,
            27.1988414
          ],
          [
            2.4799088,
            27.1988056
          ],
          [
            2.4798025,
            27.1987807
          ],
          [
            2.4786834,
            27.1985184
          ],
          [
            2.4779971,
            27.1983576
          ],
          [
            2.4764465,
            27.1979943
          ],
          [
            2.4761732,
            27.1979302
          ],
          [
            2.4760484,
            27.197901
          ],
          [
            2.4759402,
            27.1978756
          ],
          [
            2.4756988,
            27.1978191
          ],
          [
            2.4756373,
            27.1978046
          ],
          [
            2.4754419,
            27.1977588
          ],
          [
            2.4753594,
            27.1977395
          ],
          [
            2.4743463,
            27.1975021
          ],
          [
            2.4738745,
            27.1973909
          ],
          [
            2.4737612,
            27.197379
          ],
          [
            2.4736492,
            27.197376
          ],
          [
            2.4735676,
            27.1973727
          ],
          [
            2.4735144,
            27.1973711
          ],
          [
            2.4734445,
            27.1973644
          ],
          [
            2.47334,
            27.197348
          ],
          [
            2.4731818,
            27.1973003
          ],
          [
            2.471083,
            27.1964629
          ],
          [
            2.470991,
            27.1963771
          ]
        ]
      },
      "properties": {
        "highway": "secondary"
      }
    },
    {
      "type": "Feature",
      "geometry": {
        "type": "LineString",
        "coordinates": [
          [
            2.4813588,
            27.2018381
          ],
          [
            2.4815529,
            27.2013925
          ],
          [
            2.4816253,
            27.2012264
          ],
          [
            2.4818756,
            27.2006516
          ],
          [
            2.4820633,
            27.2002207
          ],
          [
            2.4825051,
            27.1992063
          ],
          [
            2.4825812,
            27.1990316
          ],
          [
            2.4829588,
            27.1981647
          ],
          [
            2.4829958,
            27.1980797
          ]
        ]
      },
      "properties": {
        "highway": "tertiary"
      }
    },
    {
      "type": "Feature",
      "geometry": {
        "type": "LineString",
        "coordinates": [
          [
            2.4830516,
            27.1980951
          ],
          [
            2.4830151,
            27.1981804
          ],
          [
            2.4826472,
            27.1990381
          ],
          [
            2.482566,
            27.1992272
          ],
          [
            2.4821303,
            27.200243
          ],
          [
            2.481945,
            27.2006749
          ],
          [
            2.4816265,
            27.2014173
          ],
          [
            2.4814349,
            27.2018639
          ]
        ]
      },
      "properties": {
        "highway": "tertiary"
      }
    },
    {
      "type": "Feature",
      "geometry": {
        "type": "LineString",
        "coordinates": [
          [
            2.470991,
            27.1963771
          ],
          [
            2.4716198,
            27.1965937
          ],
          [
            2.4734285,
            27.1972502
          ],
          [
            2.4734814,
            27.1972622
          ],
          [
            2.4735953,
            27.1972882
          ],
          [
            2.4743533,
            27.197461
          ],
          [
            2.4748388,
            27.1975717
          ],
          [
            2.475369,
            27.1976925
          ],
          [
            2.4760488,
            27.1978475
          ],
          [
            2.4770318,
            27.1980716
          ],
          [
            2.477299,
            27.1981325
          ],
          [
            2.4780137,
            27.1982955
          ],
          [
            2.4782698,
            27.1983539
          ],
          [
            2.4787004,
            27.198452
          ],
          [
            2.479799,
            27.1987025
          ],
          [
            2.4799061,
            27.1987269
          ],
          [
            2.4801287,
            27.1987412
          ],
          [
            2.4805525,
            27.1987197
          ],
          [
            2.4806129,
            27.1987152
          ],
          [
            2.4811532,
            27.1986745
          ],
          [
            2.4812443,
            27.1986723
          ],
          [
            2.4813384,
            27.1986816
          ],
          [
            2.4819054,
            27.1988543
          ],
          [
            2.4824421,
            27.1990179
          ],
          [
            2.4825812,
            27.1990316
          ],
          [
            2.4826472,
            27.1990381
          ],
          [
            2.4833099,
            27.1992628
          ],
          [
            2.4846426,
            27.1997147
          ],
          [
            2.4848025,
            27.1997689
          ],
          [
            2.4848808,
            27.1997955
          ]
        ]
      },
      "properties": {
        "highway": "secondary"
      }
    },
    {
      "type": "Feature",
      "geometry": {
        "type": "LineString",
        "coordinates": [
          [
            2.4880303,
            27.1807414
          ],
          [
            2.487457,
            27.1805468
          ],
          [
            2.4865263,
            27.1802307
          ],
          [
            2.4865125,
            27.1802261
          ],
          [
            2.4864104,
            27.1801914
          ],
          [
            2.4858253,
            27.1800289
          ],
          [
            2.4855591,
            27.179955
          ],
          [
            2.4853301,
            27.1798914
          ],
          [
            2.4850612,
            27.1798168
          ]
        ]
      },
      "properties": {
        "highway": "tertiary"
      }
    },
    {
      "type": "Feature",
      "geometry": {
        "type": "LineString",
        "coordinates": [
          [
            2.48835,
            27.1799259
          ],
          [
            2.4881825,
            27.1803531
          ],
          [
            2.4880303,
            27.1807414
          ],
          [
            2.4876002,
            27.1818383
          ]
        ]
      },
      "properties": {
        "highway": "tertiary"
      }
    },
    {
      "type": "Feature",
      "geometry": {
        "type": "LineString",
        "coordinates": [
          [
            2.4793107,
            27.1956393
          ],
          [
            2.4793237,
            27.1955755
          ],
          [
            2.4793334,
            27.1955277
          ],
          [
            2.4793643,
            27.1952295
          ],
          [
            2.4791779,
            27.1950017
          ],
          [
            2.4790646,
            27.1949152
          ]
        ]
      },
      "properties": {
        "highway": "tertiary"
      }
    },
    {
      "type": "Feature",
      "geometry": {
        "type": "LineString",
        "coordinates": [
          [
            2.4842208,
            27.1880617
          ],
          [
            2.4851556,
            27.1884188
          ],
          [
            2.4858524,
            27.1886849
          ],
          [
            2.4863789,
            27.188886
          ],
          [
            2.4866598,
            27.1889933
          ],
          [
            2.4869148,
            27.1890907
          ],
          [
            2.4870443,
            27.1891401
          ],
          [
            2.4873782,
            27.1892677
          ],
          [
            2.4876818,
            27.1893836
          ]
        ]
      },
      "properties": {
        "highway": "tertiary"
      }
    },
    {
      "type": "Feature",
      "geometry": {
        "type": "LineString",
        "coordinates": [
          [
            2.4832166,
            27.1915615
          ],
          [
            2.4824622,
            27.1913956
          ],
          [
            2.4821729,
            27.1913469
          ],
          [
            2.4818534,
            27.191293
          ],
          [
            2.481719,
            27.191278
          ],
          [
            2.4811205,
            27.1912113
          ],
          [
            2.4801394,
            27.1910974
          ]
        ]
      },
      "properties": {
        "highway": "tertiary"
      }
    },
    {
      "type": "Feature",
      "geometry": {
        "type": "LineString",
        "coordinates": [
          [
            2.495213,
            27.1855937
          ],
          [
            2.4935349,
            27.1849247
          ],
          [
            2.492921,
            27.1846301
          ],
          [
            2.4914134,
            27.1840439
          ],
          [
            2.4913327,
            27.1840148
          ]
        ]
      },
      "properties": {
        "highway": "tertiary"
      }
    },
    {
      "type": "Feature",
      "geometry": {
        "type": "LineString",
        "coordinates": [
          [
            2.4913934,
            27.183917
          ],
          [
            2.4914703,
            27.1839479
          ],
          [
            2.4929612,
            27.1845541
          ],
          [
            2.4952565,
            27.1855217
          ]
        ]
      },
      "properties": {
        "highway": "tertiary"
      }
    },
    {
      "type": "Feature",
      "geometry": {
        "type": "LineString",
        "coordinates": [
          [
            2.4828833,
            27.2050123
          ],
          [
            2.4829745,
            27.2047458
          ],
          [
            2.4830479,
            27.2045312
          ],
          [
            2.4830625,
            27.2044886
          ],
          [
            2.483103,
            27.2043696
          ],
          [
            2.4831232,
            27.2043104
          ],
          [
            2.4831625,
            27.2041952
          ],
          [
            2.4831897,
            27.2041158
          ],
          [
            2.4832533,
            27.2039303
          ],
          [
            2.4834381,
            27.2033911
          ],
          [
            2.4835482,
            27.2030692
          ]
        ]
      },
      "properties": {
        "highway": "tertiary",
        "maxspeed": "50"
      }
    },
    {
      "type": "Feature",
      "geometry": {
        "type": "LineString",
        "coordinates": [
          [
            2.4841775,
            27.2014626
          ],
          [
            2.483905,
            27.2021433
          ],
          [
            2.4837675,
            27.2025
          ],
          [
            2.4836567,
            27.2027876
          ],
          [
            2.4835482,
            27.2030692
          ]
        ]
      },
      "properties": {
        "highway": "tertiary",
        "maxspeed": "50"
      }
    },
    {
      "type": "Feature",
      "geometry": {
        "type": "LineString",
        "coordinates": [
          [
            2.4878382,
            27.1892838
          ],
          [
            2.4880314,
            27.1890079
          ],
          [
            2.488282,
            27.18865
          ],
          [
            2.4885185,
            27.1883124
          ],
          [
            2.488776,
            27.1879447
          ],
          [
            2.4892936,
            27.1872054
          ],
          [
            2.4899409,
            27.1862779
          ],
          [
            2.4907129,
            27.1850232
          ],
          [
            2.4909253,
            27.1846778
          ],
          [
            2.4910466,
            27.1844767
          ],
          [
            2.4913327,
            27.1840148
          ],
          [
            2.4913934,
            27.183917
          ],
          [
            2.4915566,
            27.1836518
          ],
          [
            2.4917735,
            27.1832991
          ],
          [
            2.4921065,
            27.1826213
          ],
          [
            2.4921555,
            27.1825006
          ],
          [
            2.4926789,
            27.1814559
          ],
          [
            2.4937283,
            27.1793194
          ],
          [
            2.4965678,
            27.173538
          ]
        ]
      },
      "properties": {
        "highway": "secondary",
        "maxspeed": "30"
      }
    },
    {
      "type": "Feature",
      "geometry": {
        "type": "LineString",
        "coordinates": [
          [
            2.4829807,
            27.1958052
          ],
          [
            2.4829596,
            27.1959353
          ],
          [
            2.4829489,
            27.1960014
          ]
        ]
      },
      "properties": {
        "highway": "secondary",
        "maxspeed": "30"
      }
    },
    {
      "type": "Feature",
      "geometry": {
        "type": "LineString",
        "coordinates": [
          [
            2.4877723,
            27.189527
          ],
          [
            2.4873122,
            27.1901299
          ],
          [
            2.4868825,
            27.1906929
          ],
          [
            2.4868192,
            27.1907759
          ],
          [
            2.4862776,
            27.1914854
          ],
          [
            2.4855263,
            27.1924699
          ],
          [
            2.4852878,
            27.1927824
          ],
          [
            2.4846389,
            27.1936326
          ],
          [
            2.4842258,
            27.1941739
          ],
          [
            2.4841807,
            27.194233
          ],
          [
            2.4834393,
            27.1952044
          ],
          [
            2.4829807,
            27.1958052
          ]
        ]
      },
      "properties": {
        "highway": "secondary",
        "maxspeed": "30"
      }
    },
    {
      "type": "Feature",
      "geometry": {
        "type": "LineString",
        "coordinates": [
          [
            2.4879032,
            27.1893065
          ],
          [
            2.487929,
            27.1893278
          ],
          [
            2.4879488,
            27.1893556
          ],
          [
            2.4879599,
            27.1893869
          ],
          [
            2.4879615,
            27.1894197
          ],
          [
            2.4879535,
            27.1894517
          ],
          [
            2.4879364,
            27.1894808
          ],
          [
            2.4879115,
            27.189505
          ],
          [
            2.4878804,
            27.1895227
          ],
          [
            2.4878452,
            27.1895326
          ],
          [
            2.4878084,
            27.1895341
          ],
          [
            2.4877723,
            27.189527
          ],
          [
            2.4877438,
            27.1895145
          ],
          [
            2.4877192,
            27.1894966
          ],
          [
            2.4876997,
            27.1894742
          ],
          [
            2.4876852,
            27.1894457
          ],
          [
            2.4876791,
            27.1894148
          ],
          [
            2.4876818,
            27.1893836
          ],
          [
            2.487693,
            27.1893539
          ],
          [
            2.4877122,
            27.1893277
          ],
          [
            2.487738,
            27.1893064
          ],
          [
            2.4877689,
            27.1892914
          ],
          [
            2.487803,
            27.1892837
          ],
          [
            2.4878382,
            27.1892838
          ],
          [
            2.4878723,
            27.1892915
          ],
          [
            2.4879032,
            27.1893065
          ]
        ]
      },
      "properties": {
        "highway": "secondary"
      }
    },
    {
      "type": "Feature",
      "geometry": {
        "type": "LineString",
        "coordinates": [
          [
            2.4926045,
            27.1921851
          ],
          [
            2.4924988,
            27.1923419
          ],
          [
            2.4923299,
            27.1927408
          ],
          [
            2.4915466,
            27.1945902
          ],
          [
            2.4913223,
            27.19512
          ],
          [
            2.490363,
            27.1973849
          ]
        ]
      },
      "properties": {
        "name": "Trans-Sahara",
        "highway": "primary",
        "maxspeed": "80",
        "ref": "RN 1"
      }
    },
    {
      "type": "Feature",
      "geometry": {
        "type": "LineString",
        "coordinates": [
          [
            2.4829807,
            27.1958052
          ],
          [
            2.4830201,
            27.195604
          ],
          [
            2.4831033,
            27.1954347
          ],
          [
            2.4833293,
            27.1951357
          ],
          [
            2.4835299,
            27.1948702
          ],
          [
            2.4837155,
            27.1946248
          ],
          [
            2.4839131,
            27.1943634
          ],
          [
            2.4840574,
            27.1941725
          ],
          [
            2.4841016,
            27.194114
          ],
          [
            2.4841102,
            27.1941026
          ],
          [
            2.4843082,
            27.1938406
          ],
          [
            2.4845218,
            27.1935591
          ],
          [
            2.4851652,
            27.1927108
          ],
          [
            2.4853983,
            27.1924033
          ],
          [
            2.4855743,
            27.1921713
          ],
          [
            2.4859725,
            27.1916747
          ],
          [
            2.4861592,
            27.1914418
          ],
          [
            2.4867194,
            27.190743
          ],
          [
            2.4872355,
            27.1900993
          ],
          [
            2.4876997,
            27.1894742
          ]
        ]
      },
      "properties": {
        "highway": "secondary",
        "maxspeed": "30"
      }
    },
    {
      "type": "Feature",
      "geometry": {
        "type": "LineString",
        "coordinates": [
          [
            2.4902602,
            27.1973437
          ],
          [
            2.4904327,
            27.1969742
          ]
        ]
      },
      "properties": {
        "name": "Trans-Sahara",
        "highway": "primary",
        "maxspeed": "80",
        "ref": "RN 1"
      }
    },
    {
      "type": "Feature",
      "geometry": {
        "type": "LineString",
        "coordinates": [
          [
            2.4895059,
            27.1973035
          ],
          [
            2.4892421,
            27.1972127
          ],
          [
            2.4887556,
            27.1970452
          ],
          [
            2.488103,
            27.1968205
          ],
          [
            2.4880761,
            27.1968112
          ],
          [
            2.4872795,
            27.1966013
          ],
          [
            2.4872317,
            27.1965921
          ],
          [
            2.4862056,
            27.1963958
          ],
          [
            2.4861424,
            27.1963881
          ],
          [
            2.4829489,
            27.1960014
          ],
          [
            2.4820645,
            27.1958943
          ],
          [
            2.4808073,
            27.1957233
          ],
          [
            2.4800751,
            27.195647
          ],
          [
            2.4798122,
            27.1956303
          ],
          [
            2.4795681,
            27.1956303
          ],
          [
            2.4794217,
            27.1956354
          ],
          [
            2.4793107,
            27.1956393
          ],
          [
            2.4792288,
            27.1956422
          ],
          [
            2.4780386,
            27.1955664
          ],
          [
            2.4779675,
            27.1955772
          ],
          [
            2.4778961,
            27.1955967
          ],
          [
            2.4778043,
            27.1956095
          ],
          [
            2.4777708,
            27.1955985
          ]
        ]
      },
      "properties": {
        "highway": "primary",
        "ref": "RN 52"
      }
    },
    {
      "type": "Feature",
      "geometry": {
        "type": "LineString",
        "coordinates": [
          [
            2.4818698,
            27.1977399
          ],
          [
            2.4819137,
            27.197602
          ],
          [
            2.4819369,
            27.1973388
          ],
          [
            2.4819879,
            27.196761
          ],
          [
            2.4819898,
            27.1967397
          ],
          [
            2.4820578,
            27.1959693
          ],
          [
            2.4820645,
            27.1958943
          ],
          [
            2.4820717,
            27.1958271
          ]
        ]
      },
      "properties": {
        "highway": "tertiary"
      }
    },
    {
      "type": "Feature",
      "geometry": {
        "type": "LineString",
        "coordinates": [
          [
            2.4819028,
            27.1977773
          ],
          [
            2.4825892,
            27.1979672
          ],
          [
            2.4829958,
            27.1980797
          ],
          [
            2.4830516,
            27.1980951
          ],
          [
            2.4835993,
            27.1982467
          ],
          [
            2.4852274,
            27.1986972
          ],
          [
            2.4853009,
            27.1987175
          ]
        ]
      },
      "properties": {
        "highway": "secondary"
      }
    },
    {
      "type": "Feature",
      "geometry": {
        "type": "LineString",
        "coordinates": [
          [
            2.4852658,
            27.1988074
          ],
          [
            2.4851919,
            27.1987868
          ],
          [
            2.4850181,
            27.1987384
          ],
          [
            2.4835839,
            27.1983389
          ],
          [
            2.4830151,
            27.1981804
          ],
          [
            2.4829588,
            27.1981647
          ],
          [
            2.4825729,
            27.1980572
          ],
          [
            2.4822628,
            27.1979709
          ],
          [
            2.4818654,
            27.1978601
          ]
        ]
      },
      "properties": {
        "highway": "secondary"
      }
    },
    {
      "type": "Feature",
      "geometry": {
        "type": "LineString",
        "coordinates": [
          [
            2.4817543,
            27.1978205
          ],
          [
            2.4802095,
            27.1975571
          ],
          [
            2.4797444,
            27.1974778
          ],
          [
            2.478983,
            27.1973485
          ]
        ]
      },
      "properties": {
        "highway": "secondary"
      }
    },
    {
      "type": "Feature",
      "geometry": {
        "type": "LineString",
        "coordinates": [
          [
            2.4790005,
            27.19728
          ],
          [
            2.4797656,
            27.1974052
          ],
          [
            2.4802363,
            27.1974822
          ],
          [
            2.4816593,
            27.1977159
          ],
          [
            2.4817917,
            27.1977376
          ]
        ]
      },
      "properties": {
        "highway": "secondary"
      }
    },
    {
      "type": "Feature",
      "geometry": {
        "type": "LineString",
        "coordinates": [
          [
            2.4818446,
            27.1977309
          ],
          [
            2.4818698,
            27.1977399
          ],
          [
            2.48189,
            27.197756
          ],
          [
            2.4819028,
            27.1977773
          ],
          [
            2.4819066,
            27.1978012
          ],
          [
            2.481901,
            27.1978248
          ],
          [
            2.4818867,
            27.1978453
          ],
          [
            2.4818654,
            27.1978601
          ],
          [
            2.4818396,
            27.1978676
          ],
          [
            2.4818125,
            27.1978669
          ],
          [
            2.4817873,
            27.1978579
          ],
          [
            2.4817671,
            27.1978417
          ],
          [
            2.4817543,
            27.1978205
          ],
          [
            2.4817505,
            27.1977966
          ],
          [
            2.4817561,
            27.197773
          ],
          [
            2.4817704,
            27.1977525
          ],
          [
            2.4817917,
            27.1977376
          ],
          [
            2.4818175,
            27.1977301
          ],
          [
            2.4818446,
            27.1977309
          ]
        ]
      },
      "properties": {
        "highway": "secondary"
      }
    },
    {
      "type": "Feature",
      "geometry": {
        "type": "LineString",
        "coordinates": [
          [
            2.479439,
            27.1955678
          ],
          [
            2.4794217,
            27.1956354
          ],
          [
            2.4791474,
            27.1967067
          ],
          [
            2.4791295,
            27.1967766
          ],
          [
            2.4790046,
            27.197264
          ],
          [
            2.4790005,
            27.19728
          ],
          [
            2.478983,
            27.1973485
          ],
          [
            2.4789302,
            27.1975547
          ],
          [
            2.4787004,
            27.198452
          ],
          [
            2.4786834,
            27.1985184
          ],
          [
            2.4784791,
            27.1993161
          ]
        ]
      },
      "properties": {
        "highway": "secondary"
      }
    },
    {
      "type": "Feature",
      "geometry": {
        "type": "LineString",
        "coordinates": [
          [
            2.4737747,
            27.1964963
          ],
          [
            2.4745008,
            27.1966028
          ],
          [
            2.4750415,
            27.1966821
          ],
          [
            2.4755609,
            27.1967582
          ],
          [
            2.476247,
            27.1968588
          ],
          [
            2.4774371,
            27.1970332
          ],
          [
            2.4774808,
            27.1970397
          ],
          [
            2.4775319,
            27.1970472
          ],
          [
            2.4780945,
            27.1971296
          ],
          [
            2.4781758,
            27.1971416
          ],
          [
            2.4787167,
            27.1972215
          ],
          [
            2.4790046,
            27.197264
          ]
        ]
      },
      "properties": {
        "highway": "tertiary"
      }
    },
    {
      "type": "Feature",
      "geometry": {
        "type": "LineString",
        "coordinates": [
          [
            2.4764903,
            27.1956457
          ],
          [
            2.4764164,
            27.1960144
          ],
          [
            2.4763404,
            27.1963933
          ],
          [
            2.476247,
            27.1968588
          ],
          [
            2.4761079,
            27.1975527
          ],
          [
            2.4760488,
            27.1978475
          ],
          [
            2.4760484,
            27.197901
          ],
          [
            2.4760759,
            27.1980637
          ],
          [
            2.4761139,
            27.1981935
          ],
          [
            2.4761791,
            27.1982998
          ],
          [
            2.4762931,
            27.1984812
          ],
          [
            2.4763736,
            27.1985647
          ],
          [
            2.4764916,
            27.1986267
          ],
          [
            2.4771139,
            27.198773
          ],
          [
            2.4778414,
            27.1989411
          ],
          [
            2.4781117,
            27.1990036
          ]
        ]
      },
      "properties": {
        "highway": "tertiary"
      }
    },
    {
      "type": "Feature",
      "geometry": {
        "type": "LineString",
        "coordinates": [
          [
            2.4771574,
            27.2024117
          ],
          [
            2.4772715,
            27.2020051
          ],
          [
            2.4773265,
            27.2018086
          ],
          [
            2.4773389,
            27.2017646
          ],
          [
            2.4774301,
            27.2014386
          ],
          [
            2.4774571,
            27.2013423
          ],
          [
            2.4775261,
            27.2010956
          ],
          [
            2.4775533,
            27.2009985
          ],
          [
            2.4776559,
            27.2006249
          ],
          [
            2.4777056,
            27.2004544
          ],
          [
            2.4777568,
            27.2003432
          ],
          [
            2.4777634,
            27.2002478
          ],
          [
            2.4778301,
            27.2000094
          ],
          [
            2.4778976,
            27.1997683
          ],
          [
            2.4779789,
            27.199478
          ],
          [
            2.4781117,
            27.1990036
          ]
        ]
      },
      "properties": {
        "highway": "tertiary"
      }
    },
    {
      "type": "Feature",
      "geometry": {
        "type": "LineString",
        "coordinates": [
          [
            2.4873358,
            27.2042319
          ],
          [
            2.4870915,
            27.2041569
          ],
          [
            2.4863646,
            27.2039337
          ],
          [
            2.4862959,
            27.2039127
          ],
          [
            2.485715,
            27.2037344
          ],
          [
            2.4856659,
            27.2037193
          ],
          [
            2.4855842,
            27.2036942
          ],
          [
            2.4852908,
            27.2036042
          ],
          [
            2.4852306,
            27.2035857
          ],
          [
            2.4848489,
            27.2034685
          ],
          [
            2.4847395,
            27.2034349
          ],
          [
            2.484469,
            27.2033519
          ],
          [
            2.4843877,
            27.203327
          ],
          [
            2.4835482,
            27.2030692
          ],
          [
            2.4826662,
            27.2027985
          ],
          [
            2.4825494,
            27.2027626
          ],
          [
            2.4816656,
            27.2024913
          ]
        ]
      },
      "properties": {
        "highway": "tertiary"
      }
    },
    {
      "type": "Feature",
      "geometry": {
        "type": "LineString",
        "coordinates": [
          [
            2.4927638,
            27.181486
          ],
          [
            2.4926789,
            27.1814559
          ],
          [
            2.4907666,
            27.1807801
          ],
          [
            2.4899196,
            27.1804807
          ],
          [
            2.4897076,
            27.1804058
          ],
          [
            2.4895211,
            27.1803398
          ],
          [
            2.4895,
            27.1803324
          ],
          [
            2.4888427,
            27.1801001
          ],
          [
            2.4886298,
            27.1800248
          ],
          [
            2.48835,
            27.1799259
          ],
          [
            2.4868598,
            27.1794048
          ],
          [
            2.4867619,
            27.1793706
          ],
          [
            2.486481,
            27.1792723
          ],
          [
            2.486188,
            27.1791699
          ],
          [
            2.4859348,
            27.1790813
          ],
          [
            2.4857137,
            27.179004
          ],
          [
            2.4854467,
            27.1789106
          ],
          [
            2.4851687,
            27.1788134
          ],
          [
            2.4848028,
            27.1786855
          ],
          [
            2.4845632,
            27.1786017
          ]
        ]
      },
      "properties": {
        "highway": "tertiary"
      }
    },
    {
      "type": "Feature",
      "geometry": {
        "type": "LineString",
        "coordinates": [
          [
            2.4853621,
            27.1811259
          ],
          [
            2.4858253,
            27.1800289
          ],
          [
            2.4859063,
            27.1798371
          ],
          [
            2.4860022,
            27.17961
          ],
          [
            2.4861169,
            27.1793383
          ],
          [
            2.486188,
            27.1791699
          ],
          [
            2.4865321,
            27.1783551
          ],
          [
            2.4867882,
            27.1777486
          ],
          [
            2.486886,
            27.1775169
          ],
          [
            2.4870328,
            27.1771706
          ]
        ]
      },
      "properties": {
        "highway": "tertiary"
      }
    },
    {
      "type": "Feature",
      "geometry": {
        "type": "LineString",
        "coordinates": [
          [
            2.4820911,
            27.1801606
          ],
          [
            2.4826795,
            27.1802916
          ],
          [
            2.4827532,
            27.1803115
          ],
          [
            2.4829799,
            27.1803727
          ],
          [
            2.483259,
            27.1804715
          ],
          [
            2.4833025,
            27.1804869
          ],
          [
            2.4836892,
            27.1806237
          ],
          [
            2.4842002,
            27.1807914
          ],
          [
            2.4845973,
            27.1809072
          ],
          [
            2.484693,
            27.1809345
          ],
          [
            2.4852302,
            27.1810886
          ],
          [
            2.4853621,
            27.1811259
          ],
          [
            2.4860079,
            27.1813106
          ],
          [
            2.4860494,
            27.1813225
          ],
          [
            2.4864078,
            27.181425
          ],
          [
            2.4867286,
            27.1815362
          ],
          [
            2.4870071,
            27.1816327
          ],
          [
            2.4872835,
            27.1817286
          ],
          [
            2.4876002,
            27.1818383
          ]
        ]
      },
      "properties": {
        "highway": "tertiary"
      }
    },
    {
      "type": "Feature",
      "geometry": {
        "type": "LineString",
        "coordinates": [
          [
            2.4845973,
            27.1809072
          ],
          [
            2.4850371,
            27.1798734
          ],
          [
            2.4850612,
            27.1798168
          ],
          [
            2.4851334,
            27.179647
          ],
          [
            2.4852317,
            27.1794159
          ],
          [
            2.4852571,
            27.1793561
          ],
          [
            2.4853749,
            27.1790793
          ],
          [
            2.4854467,
            27.1789106
          ],
          [
            2.4856633,
            27.1784015
          ],
          [
            2.4857859,
            27.1781132
          ],
          [
            2.4860481,
            27.1774969
          ],
          [
            2.4861466,
            27.1772654
          ],
          [
            2.4861956,
            27.1771502
          ]
        ]
      },
      "properties": {
        "highway": "tertiary"
      }
    },
    {
      "type": "Feature",
      "geometry": {
        "type": "LineString",
        "coordinates": [
          [
            2.482191,
            27.1792213
          ],
          [
            2.4823844,
            27.1792465
          ],
          [
            2.4830587,
            27.1793956
          ],
          [
            2.4836568,
            27.1795278
          ],
          [
            2.483755,
            27.1795496
          ],
          [
            2.4850371,
            27.1798734
          ]
        ]
      },
      "properties": {
        "highway": "tertiary"
      }
    },
    {
      "type": "Feature",
      "geometry": {
        "type": "LineString",
        "coordinates": [
          [
            2.4824136,
            27.1770643
          ],
          [
            2.4831624,
            27.1770813
          ],
          [
            2.4836589,
            27.1770926
          ],
          [
            2.4845436,
            27.1771127
          ],
          [
            2.4850581,
            27.1771244
          ],
          [
            2.4851904,
            27.1771274
          ],
          [
            2.4855383,
            27.1771353
          ],
          [
            2.4860132,
            27.1771461
          ],
          [
            2.4861956,
            27.1771502
          ],
          [
            2.4865012,
            27.1771572
          ],
          [
            2.4870328,
            27.1771706
          ],
          [
            2.4874508,
            27.1771811
          ],
          [
            2.4874833,
            27.1771837
          ],
          [
            2.4877637,
            27.1772796
          ],
          [
            2.4882592,
            27.177449
          ],
          [
            2.4886173,
            27.1775715
          ],
          [
            2.4890821,
            27.1777305
          ],
          [
            2.4899205,
            27.1780172
          ],
          [
            2.4904394,
            27.1781946
          ],
          [
            2.4937283,
            27.1793194
          ],
          [
            2.4938145,
            27.1793489
          ]
        ]
      },
      "properties": {
        "highway": "tertiary"
      }
    },
    {
      "type": "Feature",
      "geometry": {
        "type": "LineString",
        "coordinates": [
          [
            2.4825444,
            27.1716173
          ],
          [
            2.4848925,
            27.1722
          ],
          [
            2.4852804,
            27.1722963
          ],
          [
            2.4856076,
            27.1723775
          ],
          [
            2.4859359,
            27.172459
          ],
          [
            2.4862627,
            27.17254
          ],
          [
            2.4866066,
            27.1726254
          ],
          [
            2.4869532,
            27.1727114
          ],
          [
            2.4870299,
            27.1727304
          ],
          [
            2.4873972,
            27.1728216
          ],
          [
            2.4877163,
            27.1728979
          ],
          [
            2.4879855,
            27.1729676
          ],
          [
            2.4880378,
            27.1729844
          ],
          [
            2.4883948,
            27.1730697
          ],
          [
            2.4887381,
            27.1731561
          ],
          [
            2.4890795,
            27.1731984
          ],
          [
            2.4893282,
            27.1732591
          ],
          [
            2.4894027,
            27.1732769
          ],
          [
            2.4896752,
            27.1733474
          ],
          [
            2.489723,
            27.1733589
          ],
          [
            2.4900051,
            27.1734292
          ],
          [
            2.4900517,
            27.1734404
          ],
          [
            2.4904126,
            27.1735273
          ],
          [
            2.4906902,
            27.1735931
          ],
          [
            2.4907338,
            27.173603
          ],
          [
            2.4910682,
            27.1736811
          ],
          [
            2.4914091,
            27.1737322
          ],
          [
            2.4917405,
            27.1738165
          ],
          [
            2.4920098,
            27.173875
          ]
        ]
      },
      "properties": {
        "highway": "tertiary"
      }
    },
    {
      "type": "Feature",
      "geometry": {
        "type": "LineString",
        "coordinates": [
          [
            2.4777708,
            27.1955985
          ],
          [
            2.4778214,
            27.1955642
          ],
          [
            2.477928,
            27.1955244
          ],
          [
            2.4780621,
            27.1955145
          ],
          [
            2.4792421,
            27.1955809
          ],
          [
            2.4793237,
            27.1955755
          ],
          [
            2.479439,
            27.1955678
          ],
          [
            2.4794947,
            27.195564
          ],
          [
            2.479581,
            27.1955583
          ],
          [
            2.4798203,
            27.1955659
          ],
          [
            2.4800783,
            27.1955794
          ],
          [
            2.4808194,
            27.1956553
          ],
          [
            2.4820717,
            27.1958271
          ],
          [
            2.4829596,
            27.1959353
          ],
          [
            2.486167,
            27.1963262
          ],
          [
            2.4862281,
            27.1963382
          ],
          [
            2.4873049,
            27.1965393
          ],
          [
            2.4881014,
            27.1967593
          ],
          [
            2.4895676,
            27.1972534
          ]
        ]
      },
      "properties": {
        "highway": "primary",
        "ref": "RN 52"
      }
    },
    {
      "type": "Feature",
      "geometry": {
        "type": "LineString",
        "coordinates": [
          [
            2.478886,
            27.1947652
          ],
          [
            2.4789774,
            27.1948165
          ],
          [
            2.479028,
            27.1948582
          ],
          [
            2.4790646,
            27.1949152
          ]
        ]
      },
      "properties": {
        "highway": "tertiary"
      }
    },
    {
      "type": "Feature",
      "geometry": {
        "type": "LineString",
        "coordinates": [
          [
            2.4790646,
            27.1949152
          ],
          [
            2.4789961,
            27.1949
          ],
          [
            2.4789395,
            27.1948749
          ],
          [
            2.4788462,
            27.1948231
          ]
        ]
      },
      "properties": {
        "highway": "tertiary"
      }
    },
    {
      "type": "Feature",
      "geometry": {
        "type": "LineString",
        "coordinates": [
          [
            2.4787632,
            27.1947104
          ],
          [
            2.4788037,
            27.1946402
          ],
          [
            2.4788446,
            27.1945603
          ],
          [
            2.4789338,
            27.1944362
          ]
        ]
      },
      "properties": {
        "highway": "tertiary"
      }
    },
    {
      "type": "Feature",
      "geometry": {
        "type": "LineString",
        "coordinates": [
          [
            2.4789338,
            27.1944362
          ],
          [
            2.4789103,
            27.194577
          ],
          [
            2.4788842,
            27.1946748
          ],
          [
            2.4788762,
            27.1947305
          ]
        ]
      },
      "properties": {
        "highway": "tertiary"
      }
    },
    {
      "type": "Feature",
      "geometry": {
        "type": "LineString",
        "coordinates": [
          [
            2.4799124,
            27.1909725
          ],
          [
            2.4801394,
            27.1910974
          ]
        ]
      },
      "properties": {
        "highway": "tertiary"
      }
    },
    {
      "type": "Feature",
      "geometry": {
        "type": "LineString",
        "coordinates": [
          [
            2.4801394,
            27.1910974
          ],
          [
            2.4798605,
            27.191152
          ]
        ]
      },
      "properties": {
        "highway": "tertiary"
      }
    },
    {
      "type": "Feature",
      "geometry": {
        "type": "LineString",
        "coordinates": [
          [
            2.473696,
            27.1964854
          ],
          [
            2.4737747,
            27.1964963
          ]
        ]
      },
      "properties": {
        "highway": "tertiary"
      }
    },
    {
      "type": "Feature",
      "geometry": {
        "type": "LineString",
        "coordinates": [
          [
            2.4709307,
            27.1963246
          ],
          [
            2.470991,
            27.1963771
          ]
        ]
      },
      "properties": {
        "highway": "secondary"
      }
    },
    {
      "type": "Feature",
      "geometry": {
        "type": "LineString",
        "coordinates": [
          [
            2.4795479,
            27.2072108
          ],
          [
            2.4794889,
            27.2072513
          ]
        ]
      },
      "properties": {
        "highway": "tertiary"
      }
    },
    {
      "type": "Feature",
      "geometry": {
        "type": "LineString",
        "coordinates": [
          [
            2.4794889,
            27.2072513
          ],
          [
            2.4794757,
            27.2071894
          ]
        ]
      },
      "properties": {
        "highway": "tertiary"
      }
    },
    {
      "type": "Feature",
      "geometry": {
        "type": "LineString",
        "coordinates": [
          [
            2.4841775,
            27.2014626
          ],
          [
            2.4841495,
            27.2014157
          ]
        ]
      },
      "properties": {
        "highway": "tertiary",
        "maxspeed": "50"
      }
    },
    {
      "type": "Feature",
      "geometry": {
        "type": "LineString",
        "coordinates": [
          [
            2.4842381,
            27.2014444
          ],
          [
            2.4841775,
            27.2014626
          ]
        ]
      },
      "properties": {
        "highway": "tertiary",
        "maxspeed": "50"
      }
    },
    {
      "type": "Feature",
      "geometry": {
        "type": "LineString",
        "coordinates": [
          [
            2.4813773,
            27.2018902
          ],
          [
            2.4813588,
            27.2018381
          ]
        ]
      },
      "properties": {
        "highway": "tertiary"
      }
    },
    {
      "type": "Feature",
      "geometry": {
        "type": "LineString",
        "coordinates": [
          [
            2.4814349,
            27.2018639
          ],
          [
            2.4813773,
            27.2018902
          ]
        ]
      },
      "properties": {
        "highway": "tertiary"
      }
    },
    {
      "type": "Feature",
      "geometry": {
        "type": "LineString",
        "coordinates": [
          [
            2.4995734,
            27.1747129
          ],
          [
            2.4998039,
            27.1747543
          ]
        ]
      },
      "properties": {
        "highway": "secondary"
      }
    },
    {
      "type": "Feature",
      "geometry": {
        "type": "LineString",
        "coordinates": [
          [
            2.4997485,
            27.174881
          ],
          [
            2.4995734,
            27.1747129
          ]
        ]
      },
      "properties": {
        "highway": "secondary"
      }
    },
    {
      "type": "Feature",
      "geometry": {
        "type": "LineString",
        "coordinates": [
          [
            2.8439014,
            27.3542069
          ],
          [
            2.8439541,
            27.3541428
          ]
        ]
      },
      "properties": {
        "highway": "secondary_link"
      }
    },
    {
      "type": "Feature",
      "geometry": {
        "type": "LineString",
        "coordinates": [
          [
            2.8448638,
            27.3547175
          ],
          [
            2.8448144,
            27.3547935
          ]
        ]
      },
      "properties": {
        "highway": "secondary_link"
      }
    },
    {
      "type": "Feature",
      "geometry": {
        "type": "LineString",
        "coordinates": [
          [
            2.8462653,
            27.3556256
          ],
          [
            2.8462668,
            27.3556407
          ],
          [
            2.8462633,
            27.3556556
          ],
          [
            2.8462553,
            27.355669
          ],
          [
            2.8462434,
            27.3556799
          ],
          [
            2.8462284,
            27.3556873
          ],
          [
            2.8462117,
            27.3556906
          ]
        ]
      },
      "properties": {
        "highway": "secondary_link"
      }
    },
    {
      "type": "Feature",
      "geometry": {
        "type": "LineString",
        "coordinates": [
          [
            2.8461047,
            27.3556225
          ],
          [
            2.846101,
            27.3556073
          ],
          [
            2.8461027,
            27.3555918
          ],
          [
            2.8461095,
            27.3555775
          ],
          [
            2.8461209,
            27.3555657
          ],
          [
            2.8461358,
            27.3555575
          ],
          [
            2.8461528,
            27.3555537
          ]
        ]
      },
      "properties": {
        "highway": "secondary_link"
      }
    },
    {
      "type": "Feature",
      "geometry": {
        "type": "LineString",
        "coordinates": [
          [
            2.8491604,
            27.3570751
          ],
          [
            2.8491177,
            27.357147
          ]
        ]
      },
      "properties": {
        "highway": "secondary_link"
      }
    },
    {
      "type": "Feature",
      "geometry": {
        "type": "LineString",
        "coordinates": [
          [
            2.8440548,
            27.3494865
          ],
          [
            2.8440731,
            27.3494854
          ],
          [
            2.8440912,
            27.3494879
          ],
          [
            2.8441083,
            27.3494937
          ],
          [
            2.8441236,
            27.3495026
          ]
        ]
      },
      "properties": {
        "highway": "secondary_link"
      }
    },
    {
      "type": "Feature",
      "geometry": {
        "type": "LineString",
        "coordinates": [
          [
            2.8440938,
            27.3496005
          ],
          [
            2.8440752,
            27.3496028
          ],
          [
            2.8440565,
            27.3496004
          ],
          [
            2.8440395,
            27.3495934
          ],
          [
            2.8440253,
            27.3495824
          ]
        ]
      },
      "properties": {
        "highway": "secondary_link"
      }
    },
    {
      "type": "Feature",
      "geometry": {
        "type": "LineString",
        "coordinates": [
          [
            2.8433147,
            27.352261
          ],
          [
            2.8432595,
            27.3522461
          ]
        ]
      },
      "properties": {
        "highway": "secondary_link"
      }
    },
    {
      "type": "Feature",
      "geometry": {
        "type": "LineString",
        "coordinates": [
          [
            2.8437447,
            27.3506027
          ],
          [
            2.8438087,
            27.3506212
          ]
        ]
      },
      "properties": {
        "highway": "secondary_link"
      }
    },
    {
      "type": "Feature",
      "geometry": {
        "type": "LineString",
        "coordinates": [
          [
            2.8430477,
            27.3531844
          ],
          [
            2.8429826,
            27.3531648
          ]
        ]
      },
      "properties": {
        "highway": "secondary_link"
      }
    },
    {
      "type": "Feature",
      "geometry": {
        "type": "LineString",
        "coordinates": [
          [
            1.9057486,
            27.0969837
          ],
          [
            1.9054306,
            27.0981154
          ],
          [
            1.9050176,
            27.0996962
          ],
          [
            1.9048686,
            27.1002666
          ],
          [
            1.9047995,
            27.1005312
          ],
          [
            1.9046827,
            27.1009378
          ],
          [
            1.904628,
            27.1011552
          ],
          [
            1.9045724,
            27.1013835
          ],
          [
            1.9045116,
            27.1016317
          ],
          [
            1.9044271,
            27.1019585
          ],
          [
            1.9041725,
            27.1030242
          ],
          [
            1.9041083,
            27.1033365
          ],
          [
            1.9040787,
            27.1034806
          ],
          [
            1.9040683,
            27.1035272
          ],
          [
            1.9040198,
            27.1037653
          ],
          [
            1.9039764,
            27.103947
          ],
          [
            1.9039264,
            27.1041731
          ],
          [
            1.9038716,
            27.104406
          ],
          [
            1.9038456,
            27.1045222
          ],
          [
            1.9037864,
            27.1047867
          ],
          [
            1.9037787,
            27.1048231
          ],
          [
            1.9036576,
            27.1053931
          ],
          [
            1.9036039,
            27.105629
          ],
          [
            1.903575,
            27.1057557
          ],
          [
            1.9035017,
            27.1060772
          ],
          [
            1.9034006,
            27.1064396
          ],
          [
            1.9033467,
            27.1066371
          ],
          [
            1.9032742,
            27.1069028
          ],
          [
            1.9031638,
            27.1073218
          ],
          [
            1.9031017,
            27.107589
          ],
          [
            1.9030204,
            27.1078717
          ],
          [
            1.9029304,
            27.1081851
          ],
          [
            1.9028506,
            27.108439
          ],
          [
            1.9027872,
            27.1086523
          ],
          [
            1.9027564,
            27.1087557
          ],
          [
            1.9027018,
            27.1089486
          ],
          [
            1.9026772,
            27.1090355
          ],
          [
            1.9025138,
            27.1097295
          ]
        ]
      },
      "properties": {
        "highway": "tertiary"
      }
    },
    {
      "type": "Feature",
      "geometry": {
        "type": "LineString",
        "coordinates": [
          [
            1.9283051,
            27.0905476
          ],
          [
            1.9282854,
            27.0904813
          ],
          [
            1.9282718,
            27.0904255
          ],
          [
            1.9282528,
            27.0903602
          ]
        ]
      },
      "properties": {
        "highway": "tertiary"
      }
    },
    {
      "type": "Feature",
      "geometry": {
        "type": "LineString",
        "coordinates": [
          [
            1.9105012,
            27.0890424
          ],
          [
            1.9105686,
            27.089024
          ],
          [
            1.9106338,
            27.0890002
          ],
          [
            1.9106963,
            27.0889712
          ],
          [
            1.9107555,
            27.0889372
          ],
          [
            1.9108111,
            27.0888986
          ],
          [
            1.9108624,
            27.0888556
          ],
          [
            1.9109091,
            27.0888087
          ]
        ]
      },
      "properties": {
        "highway": "trunk_link"
      }
    },
    {
      "type": "Feature",
      "geometry": {
        "type": "LineString",
        "coordinates": [
          [
            1.9671527,
            27.0945093
          ],
          [
            1.966328,
            27.0940617
          ],
          [
            1.963691,
            27.0924823
          ],
          [
            1.9624282,
            27.091762
          ],
          [
            1.9611459,
            27.0910655
          ],
          [
            1.9599848,
            27.0904777
          ],
          [
            1.9589838,
            27.0900043
          ],
          [
            1.9578556,
            27.0894985
          ],
          [
            1.9559297,
            27.0885898
          ],
          [
            1.9549833,
            27.088106
          ],
          [
            1.9536543,
            27.0873858
          ],
          [
            1.9523098,
            27.0866144
          ],
          [
            1.9515605,
            27.0862125
          ],
          [
            1.9513171,
            27.0860999
          ],
          [
            1.9510674,
            27.0859906
          ],
          [
            1.9508118,
            27.0858933
          ],
          [
            1.9505454,
            27.0858066
          ],
          [
            1.9502754,
            27.0857265
          ],
          [
            1.9500168,
            27.0856565
          ],
          [
            1.9497445,
            27.0855993
          ],
          [
            1.9494697,
            27.0855542
          ],
          [
            1.949193,
            27.0855306
          ],
          [
            1.9489047,
            27.0855176
          ],
          [
            1.9486369,
            27.0855229
          ],
          [
            1.9481112,
            27.0855492
          ],
          [
            1.9478826,
            27.0855687
          ],
          [
            1.947655,
            27.0855961
          ],
          [
            1.9474288,
            27.0856314
          ],
          [
            1.9472044,
            27.0856746
          ],
          [
            1.946982,
            27.0857256
          ],
          [
            1.946762,
            27.0857843
          ],
          [
            1.9465448,
            27.0858507
          ],
          [
            1.9463307,
            27.0859246
          ],
          [
            1.94612,
            27.0860059
          ],
          [
            1.945913,
            27.0860945
          ],
          [
            1.9447472,
            27.0866313
          ],
          [
            1.9438692,
            27.0870789
          ],
          [
            1.9432026,
            27.0873943
          ],
          [
            1.9415307,
            27.0881498
          ],
          [
            1.9412163,
            27.0882692
          ],
          [
            1.9409021,
            27.0883693
          ],
          [
            1.9398946,
            27.0886454
          ],
          [
            1.9396508,
            27.0887033
          ],
          [
            1.9394024,
            27.0887534
          ],
          [
            1.938271,
            27.0889288
          ],
          [
            1.9381777,
            27.0889419
          ],
          [
            1.9380782,
            27.0889535
          ],
          [
            1.935511,
            27.0891817
          ],
          [
            1.9353866,
            27.0891942
          ],
          [
            1.9352526,
            27.0892129
          ],
          [
            1.9336175,
            27.0894748
          ],
          [
            1.933341,
            27.0895274
          ],
          [
            1.9330813,
            27.0895829
          ],
          [
            1.9315331,
            27.0899207
          ],
          [
            1.9308859,
            27.0900539
          ],
          [
            1.9300548,
            27.0901978
          ],
          [
            1.929616,
            27.0902641
          ],
          [
            1.9292043,
            27.0903179
          ],
          [
            1.9283505,
            27.0904189
          ],
          [
            1.9282718,
            27.0904255
          ],
          [
            1.9276579,
            27.0904845
          ],
          [
            1.9274944,
            27.0904979
          ],
          [
            1.9273402,
            27.0905059
          ],
          [
            1.9266816,
            27.0905218
          ],
          [
            1.9257063,
            27.0905544
          ],
          [
            1.92535,
            27.0905549
          ],
          [
            1.9250509,
            27.0905492
          ],
          [
            1.9247475,
            27.0905377
          ],
          [
            1.9230037,
            27.0904432
          ],
          [
            1.9228341,
            27.0904301
          ],
          [
            1.9226682,
            27.0904144
          ],
          [
            1.9224968,
            27.0903943
          ],
          [
            1.9209807,
            27.0901925
          ],
          [
            1.9207607,
            27.0901591
          ],
          [
            1.9205636,
            27.0901268
          ],
          [
            1.9203471,
            27.0900898
          ],
          [
            1.9187008,
            27.0897848
          ],
          [
            1.9178639,
            27.0896545
          ],
          [
            1.9172331,
            27.089567
          ],
          [
            1.9167553,
            27.0895087
          ],
          [
            1.9166006,
            27.0894898
          ],
          [
            1.9159666,
            27.0894228
          ],
          [
            1.9153314,
            27.0893661
          ],
          [
            1.9143171,
            27.0893069
          ],
          [
            1.9133782,
            27.0892488
          ],
          [
            1.9122796,
            27.0891943
          ],
          [
            1.9118511,
            27.0891749
          ],
          [
            1.9111409,
            27.0891538
          ],
          [
            1.9110917,
            27.0891526
          ],
          [
            1.9110426,
            27.0891561
          ],
          [
            1.9109943,
            27.0891645
          ],
          [
            1.9109472,
            27.0891775
          ]
        ]
      },
      "properties": {
        "highway": "trunk",
        "ref": "RN 52"
      }
    },
    {
      "type": "Feature",
      "geometry": {
        "type": "LineString",
        "coordinates": [
          [
            1.9094324,
            27.0932753
          ],
          [
            1.9097321,
            27.092393
          ],
          [
            1.9100372,
            27.0914832
          ],
          [
            1.9104676,
            27.0901861
          ],
          [
            1.9105824,
            27.0898403
          ],
          [
            1.9106656,
            27.0895322
          ],
          [
            1.9106823,
            27.0894594
          ],
          [
            1.9106964,
            27.0893776
          ],
          [
            1.910725,
            27.0891637
          ]
        ]
      },
      "properties": {
        "highway": "tertiary"
      }
    },
    {
      "type": "Feature",
      "geometry": {
        "type": "LineString",
        "coordinates": [
          [
            1.9080154,
            27.0974129
          ],
          [
            1.9080142,
            27.0973331
          ],
          [
            1.9080162,
            27.0973089
          ],
          [
            1.9080212,
            27.0972857
          ],
          [
            1.9083649,
            27.0963019
          ],
          [
            1.9086948,
            27.0953205
          ],
          [
            1.909014,
            27.094443
          ],
          [
            1.9093063,
            27.0936371
          ],
          [
            1.9094324,
            27.0932753
          ]
        ]
      },
      "properties": {
        "highway": "tertiary"
      }
    },
    {
      "type": "Feature",
      "geometry": {
        "type": "LineString",
        "coordinates": [
          [
            1.9108779,
            27.0889975
          ],
          [
            1.9109101,
            27.0890104
          ],
          [
            1.9109373,
            27.0890305
          ],
          [
            1.9109502,
            27.0890448
          ],
          [
            1.9109602,
            27.0890614
          ],
          [
            1.9109699,
            27.0890896
          ],
          [
            1.9109714,
            27.089119
          ],
          [
            1.9109645,
            27.0891479
          ],
          [
            1.9109472,
            27.0891775
          ],
          [
            1.9109213,
            27.0892014
          ],
          [
            1.9108882,
            27.0892181
          ],
          [
            1.9108511,
            27.0892256
          ],
          [
            1.9108132,
            27.0892234
          ],
          [
            1.9107776,
            27.0892115
          ],
          [
            1.9107474,
            27.0891911
          ],
          [
            1.910725,
            27.0891637
          ],
          [
            1.9107226,
            27.0891597
          ],
          [
            1.9107119,
            27.0891299
          ],
          [
            1.9107104,
            27.0890988
          ],
          [
            1.9107182,
            27.0890685
          ],
          [
            1.9107347,
            27.089041
          ],
          [
            1.9107561,
            27.0890205
          ],
          [
            1.9107822,
            27.0890051
          ],
          [
            1.9108118,
            27.0889957
          ],
          [
            1.910843,
            27.0889928
          ],
          [
            1.9108779,
            27.0889975
          ]
        ]
      },
      "properties": {
        "highway": "trunk"
      }
    },
    {
      "type": "Feature",
      "geometry": {
        "type": "LineString",
        "coordinates": [
          [
            1.9001349,
            27.087993
          ],
          [
            1.9001691,
            27.0879791
          ],
          [
            1.900206,
            27.0879723
          ],
          [
            1.9002436,
            27.0879729
          ],
          [
            1.9008312,
            27.0880403
          ],
          [
            1.9017696,
            27.0881452
          ],
          [
            1.9066092,
            27.0887111
          ],
          [
            1.9076192,
            27.0888218
          ],
          [
            1.9087136,
            27.0889376
          ],
          [
            1.9088685,
            27.0889537
          ],
          [
            1.9090169,
            27.0889646
          ],
          [
            1.9105012,
            27.0890424
          ],
          [
            1.9105714,
            27.0890436
          ],
          [
            1.9106394,
            27.089043
          ],
          [
            1.9107347,
            27.089041
          ]
        ]
      },
      "properties": {
        "highway": "trunk",
        "ref": "RN 52"
      }
    },
    {
      "type": "Feature",
      "geometry": {
        "type": "LineString",
        "coordinates": [
          [
            1.9107226,
            27.0891597
          ],
          [
            1.9106683,
            27.0891472
          ],
          [
            1.9106133,
            27.0891376
          ],
          [
            1.9105577,
            27.0891309
          ],
          [
            1.9105018,
            27.0891271
          ],
          [
            1.909005,
            27.0890444
          ],
          [
            1.9088497,
            27.0890337
          ],
          [
            1.9087069,
            27.08902
          ],
          [
            1.9076018,
            27.0889066
          ],
          [
            1.9065996,
            27.0887934
          ],
          [
            1.9017507,
            27.0882261
          ],
          [
            1.9008158,
            27.0881132
          ],
          [
            1.9002361,
            27.0880384
          ],
          [
            1.9001998,
            27.0880282
          ],
          [
            1.9001658,
            27.0880129
          ],
          [
            1.9001349,
            27.087993
          ]
        ]
      },
      "properties": {
        "highway": "trunk",
        "ref": "RN 52"
      }
    },
    {
      "type": "Feature",
      "geometry": {
        "type": "LineString",
        "coordinates": [
          [
            1.928372,
            27.0903436
          ],
          [
            1.9283505,
            27.0904189
          ],
          [
            1.9283271,
            27.090478
          ],
          [
            1.9283051,
            27.0905476
          ]
        ]
      },
      "properties": {
        "highway": "tertiary"
      }
    },
    {
      "type": "Feature",
      "geometry": {
        "type": "LineString",
        "coordinates": [
          [
            1.9109502,
            27.0890448
          ],
          [
            1.9109732,
            27.0890524
          ],
          [
            1.9109969,
            27.0890581
          ],
          [
            1.911021,
            27.089062
          ],
          [
            1.9110454,
            27.0890639
          ],
          [
            1.9111104,
            27.0890676
          ],
          [
            1.9118711,
            27.0890976
          ],
          [
            1.9122916,
            27.0891143
          ],
          [
            1.9133814,
            27.0891731
          ],
          [
            1.9143285,
            27.0892292
          ],
          [
            1.9153521,
            27.0892899
          ],
          [
            1.9159876,
            27.089346
          ],
          [
            1.9166218,
            27.0894127
          ],
          [
            1.9172544,
            27.08949
          ],
          [
            1.9178853,
            27.089578
          ],
          [
            1.918716,
            27.0897079
          ],
          [
            1.920365,
            27.0900117
          ],
          [
            1.9205743,
            27.090048
          ],
          [
            1.9207849,
            27.0900826
          ],
          [
            1.9209968,
            27.0901149
          ],
          [
            1.9225243,
            27.0903232
          ],
          [
            1.9226801,
            27.0903411
          ],
          [
            1.9228461,
            27.0903585
          ],
          [
            1.9230131,
            27.090371
          ],
          [
            1.9247453,
            27.0904654
          ],
          [
            1.9250549,
            27.0904755
          ],
          [
            1.9253473,
            27.0904809
          ],
          [
            1.9257015,
            27.0904821
          ],
          [
            1.9273375,
            27.0904301
          ],
          [
            1.9274971,
            27.0904223
          ],
          [
            1.9276591,
            27.0904112
          ],
          [
            1.9279437,
            27.0903883
          ],
          [
            1.9282528,
            27.0903602
          ],
          [
            1.928372,
            27.0903436
          ],
          [
            1.9291963,
            27.0902438
          ],
          [
            1.9296026,
            27.0901925
          ],
          [
            1.9300537,
            27.0901261
          ],
          [
            1.9308655,
            27.0899829
          ],
          [
            1.9315102,
            27.0898478
          ],
          [
            1.9330675,
            27.0895091
          ],
          [
            1.9333242,
            27.0894588
          ],
          [
            1.9335946,
            27.0894052
          ],
          [
            1.9352442,
            27.08914
          ],
          [
            1.9353742,
            27.0891231
          ],
          [
            1.9355011,
            27.089109
          ],
          [
            1.938065,
            27.0888825
          ],
          [
            1.9381577,
            27.0888733
          ],
          [
            1.9382672,
            27.0888576
          ],
          [
            1.9393754,
            27.0886791
          ],
          [
            1.9396261,
            27.0886321
          ],
          [
            1.9398838,
            27.088571
          ],
          [
            1.9408792,
            27.0883014
          ],
          [
            1.9411896,
            27.0881997
          ],
          [
            1.9415085,
            27.0880771
          ],
          [
            1.9431665,
            27.0873265
          ],
          [
            1.9438368,
            27.0870128
          ],
          [
            1.9447091,
            27.0865669
          ],
          [
            1.9458686,
            27.0860276
          ],
          [
            1.94608,
            27.0859356
          ],
          [
            1.9462954,
            27.0858514
          ],
          [
            1.9465145,
            27.085775
          ],
          [
            1.946737,
            27.0857067
          ],
          [
            1.9469623,
            27.0856465
          ],
          [
            1.9471903,
            27.0855945
          ],
          [
            1.9474204,
            27.0855509
          ],
          [
            1.9476524,
            27.0855156
          ],
          [
            1.9478857,
            27.0854888
          ],
          [
            1.9481201,
            27.0854705
          ],
          [
            1.9486327,
            27.0854446
          ],
          [
            1.9489146,
            27.0854373
          ],
          [
            1.949198,
            27.085452
          ],
          [
            1.9494793,
            27.0854758
          ],
          [
            1.9497586,
            27.0855215
          ],
          [
            1.9500354,
            27.0855796
          ],
          [
            1.9502984,
            27.0856508
          ],
          [
            1.9505727,
            27.0857324
          ],
          [
            1.9508433,
            27.0858209
          ],
          [
            1.9511029,
            27.0859202
          ],
          [
            1.9513566,
            27.0860318
          ],
          [
            1.9516036,
            27.0861469
          ],
          [
            1.9523536,
            27.0865431
          ],
          [
            1.9536905,
            27.0873045
          ],
          [
            1.9550258,
            27.0880266
          ],
          [
            1.9559589,
            27.0885087
          ],
          [
            1.9579013,
            27.0894341
          ],
          [
            1.9590263,
            27.0899316
          ],
          [
            1.9600343,
            27.090409
          ],
          [
            1.9611951,
            27.090992
          ],
          [
            1.9624663,
            27.0916857
          ],
          [
            1.9637411,
            27.0924054
          ],
          [
            1.9663776,
            27.0939924
          ],
          [
            1.9671527,
            27.0945093
          ]
        ]
      },
      "properties": {
        "highway": "trunk",
        "ref": "RN 52"
      }
    },
    {
      "type": "Feature",
      "geometry": {
        "type": "LineString",
        "coordinates": [
          [
            1.9671527,
            27.0945093
          ],
          [
            1.968858,
            27.095501
          ],
          [
            1.97268,
            27.097353
          ],
          [
            1.97445,
            27.09831
          ],
          [
            1.976432,
            27.09951
          ],
          [
            1.978349,
            27.100775
          ],
          [
            1.979961,
            27.101933
          ],
          [
            1.981258,
            27.102951
          ],
          [
            1.983002,
            27.10445
          ],
          [
            1.984428,
            27.105778
          ],
          [
            1.986215,
            27.10762
          ],
          [
            1.988907,
            27.110729
          ],
          [
            1.989968,
            27.111885
          ],
          [
            1.99174,
            27.113657
          ],
          [
            1.993783,
            27.115509
          ],
          [
            1.994971,
            27.116467
          ],
          [
            1.998926,
            27.119396
          ],
          [
            2.002852,
            27.122416
          ],
          [
            2.004997,
            27.123894
          ],
          [
            2.006368,
            27.124765
          ],
          [
            2.008326,
            27.125923
          ],
          [
            2.010335,
            27.127031
          ],
          [
            2.013331,
            27.128494
          ],
          [
            2.0155,
            27.129429
          ],
          [
            2.020504,
            27.131397
          ],
          [
            2.027087,
            27.13442
          ],
          [
            2.028823,
            27.135122
          ],
          [
            2.031194,
            27.135996
          ],
          [
            2.037322,
            27.137897
          ],
          [
            2.052366,
            27.142344
          ],
          [
            2.05745,
            27.143995
          ],
          [
            2.061815,
            27.145275
          ],
          [
            2.06425,
            27.146135
          ],
          [
            2.067236,
            27.147331
          ],
          [
            2.069693,
            27.148235
          ],
          [
            2.072177,
            27.149017
          ],
          [
            2.076837,
            27.150358
          ],
          [
            2.080255,
            27.151463
          ],
          [
            2.08246,
            27.152058
          ],
          [
            2.084373,
            27.152506
          ],
          [
            2.08935,
            27.153402
          ],
          [
            2.091673,
            27.153879
          ],
          [
            2.094529,
            27.154566
          ],
          [
            2.099833,
            27.155947
          ],
          [
            2.106871,
            27.157391
          ],
          [
            2.110031,
            27.158239
          ],
          [
            2.113243,
            27.159269
          ],
          [
            2.11523,
            27.159819
          ],
          [
            2.116681,
            27.160145
          ],
          [
            2.1172226,
            27.1602357
          ],
          [
            2.118432,
            27.160429
          ],
          [
            2.121541,
            27.160742
          ],
          [
            2.124181,
            27.160736
          ],
          [
            2.127088,
            27.160509
          ],
          [
            2.131207,
            27.159838
          ],
          [
            2.132399,
            27.159687
          ],
          [
            2.133641,
            27.159586
          ],
          [
            2.136142,
            27.159527
          ],
          [
            2.139881,
            27.1597
          ],
          [
            2.141437,
            27.159714
          ],
          [
            2.143278,
            27.159643
          ],
          [
            2.145696,
            27.159388
          ],
          [
            2.148359,
            27.158897
          ],
          [
            2.15071,
            27.158262
          ],
          [
            2.152994,
            27.15745
          ],
          [
            2.156345,
            27.156071
          ],
          [
            2.1589,
            27.155252
          ],
          [
            2.160622,
            27.154833
          ],
          [
            2.162089,
            27.154543
          ],
          [
            2.163286,
            27.154364
          ],
          [
            2.165094,
            27.154165
          ],
          [
            2.166884,
            27.154064
          ],
          [
            2.168348,
            27.154055
          ],
          [
            2.169513,
            27.154091
          ],
          [
            2.171297,
            27.154226
          ],
          [
            2.17407,
            27.15464
          ],
          [
            2.176889,
            27.15526
          ],
          [
            2.178801,
            27.155777
          ],
          [
            2.181033,
            27.156467
          ],
          [
            2.182611,
            27.157026
          ],
          [
            2.185387,
            27.158091
          ],
          [
            2.186934,
            27.158596
          ],
          [
            2.188806,
            27.159096
          ],
          [
            2.191952,
            27.159744
          ],
          [
            2.193501,
            27.160124
          ],
          [
            2.195041,
            27.16061
          ],
          [
            2.196895,
            27.161304
          ],
          [
            2.198694,
            27.162113
          ],
          [
            2.20016,
            27.16287
          ],
          [
            2.202996,
            27.164576
          ],
          [
            2.204747,
            27.165529
          ],
          [
            2.206251,
            27.166241
          ],
          [
            2.209086,
            27.167446
          ],
          [
            2.210628,
            27.168221
          ],
          [
            2.212403,
            27.169258
          ],
          [
            2.214936,
            27.170959
          ],
          [
            2.216078,
            27.171667
          ],
          [
            2.217546,
            27.17248
          ],
          [
            2.219058,
            27.173216
          ],
          [
            2.220931,
            27.173994
          ],
          [
            2.222204,
            27.174446
          ],
          [
            2.2265692,
            27.175726
          ],
          [
            2.227661,
            27.1760451
          ],
          [
            2.229785,
            27.176666
          ],
          [
            2.232704,
            27.177673
          ],
          [
            2.235541,
            27.178841
          ],
          [
            2.238536,
            27.180288
          ],
          [
            2.2394349,
            27.1806959
          ],
          [
            2.240332,
            27.181103
          ],
          [
            2.243938,
            27.18255
          ],
          [
            2.245102,
            27.18306
          ],
          [
            2.246762,
            27.183895
          ],
          [
            2.247816,
            27.18449
          ],
          [
            2.249089,
            27.185289
          ],
          [
            2.250327,
            27.186159
          ],
          [
            2.252236,
            27.187704
          ],
          [
            2.255248,
            27.190502
          ],
          [
            2.256501,
            27.191521
          ],
          [
            2.257827,
            27.192472
          ],
          [
            2.259523,
            27.193558
          ],
          [
            2.260713,
            27.194221
          ],
          [
            2.262253,
            27.194975
          ],
          [
            2.263843,
            27.195658
          ],
          [
            2.265153,
            27.196142
          ],
          [
            2.266475,
            27.196564
          ],
          [
            2.270862,
            27.197649
          ],
          [
            2.2732,
            27.198313
          ],
          [
            2.275451,
            27.199066
          ],
          [
            2.279472,
            27.200602
          ],
          [
            2.281085,
            27.201096
          ],
          [
            2.282742,
            27.201513
          ],
          [
            2.284438,
            27.201847
          ],
          [
            2.285807,
            27.202055
          ],
          [
            2.297402,
            27.203123
          ],
          [
            2.29873,
            27.203321
          ],
          [
            2.29968,
            27.203541
          ],
          [
            2.300895,
            27.203915
          ],
          [
            2.302069,
            27.20438
          ],
          [
            2.303197,
            27.204935
          ],
          [
            2.305078,
            27.205946
          ],
          [
            2.306167,
            27.206465
          ],
          [
            2.307314,
            27.206886
          ],
          [
            2.308508,
            27.207191
          ],
          [
            2.309728,
            27.207371
          ],
          [
            2.311285,
            27.20742
          ],
          [
            2.312253,
            27.20735
          ],
          [
            2.315574,
            27.20697
          ],
          [
            2.317212,
            27.206915
          ],
          [
            2.318181,
            27.206955
          ],
          [
            2.321726,
            27.207317
          ],
          [
            2.324357,
            27.207382
          ],
          [
            2.326992,
            27.207251
          ],
          [
            2.328955,
            27.207001
          ],
          [
            2.331524,
            27.206511
          ],
          [
            2.336592,
            27.205099
          ],
          [
            2.339794,
            27.204395
          ],
          [
            2.342064,
            27.204014
          ],
          [
            2.345371,
            27.203608
          ],
          [
            2.347677,
            27.203259
          ],
          [
            2.350617,
            27.202702
          ],
          [
            2.352886,
            27.202183
          ],
          [
            2.354781,
            27.201616
          ],
          [
            2.356325,
            27.201067
          ],
          [
            2.357829,
            27.200428
          ],
          [
            2.360211,
            27.199327
          ],
          [
            2.362325,
            27.198494
          ],
          [
            2.363567,
            27.198086
          ],
          [
            2.364837,
            27.197727
          ],
          [
            2.366119,
            27.197412
          ],
          [
            2.367417,
            27.197157
          ],
          [
            2.369698,
            27.196819
          ],
          [
            2.3718262,
            27.1966399
          ],
          [
            2.373929,
            27.196463
          ],
          [
            2.377112,
            27.196007
          ],
          [
            2.379025,
            27.1956394
          ],
          [
            2.379277,
            27.195591
          ],
          [
            2.383896,
            27.194464
          ],
          [
            2.387072,
            27.193798
          ],
          [
            2.400307,
            27.191488
          ],
          [
            2.403439,
            27.1909554
          ],
          [
            2.4057591,
            27.1905451
          ],
          [
            2.4066546,
            27.1904065
          ],
          [
            2.4074811,
            27.1902981
          ],
          [
            2.4085271,
            27.1901788
          ],
          [
            2.4095449,
            27.1900592
          ],
          [
            2.4103604,
            27.1899916
          ],
          [
            2.4118195,
            27.1899104
          ],
          [
            2.4125384,
            27.189877
          ],
          [
            2.4133124,
            27.1898382
          ],
          [
            2.4151522,
            27.1898162
          ],
          [
            2.4160708,
            27.1898102
          ],
          [
            2.4166033,
            27.1897959
          ],
          [
            2.4171186,
            27.1897692
          ],
          [
            2.4178652,
            27.1897208
          ],
          [
            2.4185103,
            27.1896611
          ],
          [
            2.419492,
            27.1895502
          ],
          [
            2.4202821,
            27.1894669
          ],
          [
            2.4207741,
            27.1894369
          ],
          [
            2.4211121,
            27.1894213
          ],
          [
            2.4214581,
            27.189413
          ],
          [
            2.421788,
            27.1894166
          ],
          [
            2.4221503,
            27.1894312
          ],
          [
            2.4226771,
            27.1894726
          ],
          [
            2.423262,
            27.189537
          ],
          [
            2.4237084,
            27.1896015
          ],
          [
            2.4240826,
            27.1896707
          ],
          [
            2.4244376,
            27.1897412
          ],
          [
            2.4262883,
            27.1901826
          ],
          [
            2.4271283,
            27.1903637
          ],
          [
            2.4275192,
            27.190456
          ],
          [
            2.4278525,
            27.1905498
          ],
          [
            2.428468,
            27.1907455
          ],
          [
            2.4288918,
            27.1908838
          ],
          [
            2.4291359,
            27.1909507
          ],
          [
            2.4293111,
            27.1909907
          ],
          [
            2.4295194,
            27.1910353
          ],
          [
            2.4297474,
            27.1910687
          ],
          [
            2.4299701,
            27.1910914
          ],
          [
            2.4301971,
            27.1910985
          ],
          [
            2.4304099,
            27.1910986
          ],
          [
            2.4306285,
            27.1910843
          ],
          [
            2.4308601,
            27.1910616
          ],
          [
            2.4311087,
            27.1910234
          ],
          [
            2.4313238,
            27.1909758
          ],
          [
            2.4315231,
            27.1909232
          ],
          [
            2.4316981,
            27.1908666
          ],
          [
            2.432313,
            27.1906059
          ],
          [
            2.432907,
            27.1903352
          ],
          [
            2.4332611,
            27.1901944
          ],
          [
            2.4335843,
            27.1900751
          ],
          [
            2.433911,
            27.1899656
          ],
          [
            2.4352486,
            27.18958
          ],
          [
            2.4367574,
            27.1891172
          ],
          [
            2.4383301,
            27.1886188
          ],
          [
            2.4401976,
            27.1880356
          ],
          [
            2.4452616,
            27.1864527
          ]
        ]
      },
      "properties": {
        "highway": "primary",
        "ref": "RN 52"
      }
    },
    {
      "type": "Feature",
      "geometry": {
        "type": "LineString",
        "coordinates": [
          [
            2.8509871,
            27.3580124
          ],
          [
            2.8508668,
            27.357951
          ],
          [
            2.850227,
            27.357654
          ]
        ]
      },
      "properties": {
        "highway": "secondary",
        "maxspeed": "60",
        "ref": "CW 143"
      }
    },
    {
      "type": "Feature",
      "geometry": {
        "type": "LineString",
        "coordinates": [
          [
            2.8502739,
            27.3575835
          ],
          [
            2.8508954,
            27.3578889
          ],
          [
            2.8509298,
            27.3579082
          ],
          [
            2.8509705,
            27.3579279
          ],
          [
            2.8510152,
            27.3579492
          ]
        ]
      },
      "properties": {
        "highway": "secondary",
        "maxspeed": "60",
        "ref": "CW 143"
      }
    },
    {
      "type": "Feature",
      "geometry": {
        "type": "LineString",
        "coordinates": [
          [
            2.8501125,
            27.3576236
          ],
          [
            2.8501032,
            27.3576017
          ],
          [
            2.8501015,
            27.3575804
          ],
          [
            2.8501065,
            27.3575594
          ],
          [
            2.8501179,
            27.3575405
          ],
          [
            2.8501347,
            27.3575252
          ],
          [
            2.8501552,
            27.3575147
          ],
          [
            2.8501782,
            27.3575095
          ],
          [
            2.8502018,
            27.3575101
          ],
          [
            2.8502244,
            27.3575164
          ],
          [
            2.8502443,
            27.3575279
          ],
          [
            2.8502598,
            27.3575438
          ],
          [
            2.85027,
            27.3575628
          ],
          [
            2.8502739,
            27.3575835
          ],
          [
            2.8502712,
            27.3576049
          ],
          [
            2.8502619,
            27.3576248
          ],
          [
            2.8502468,
            27.3576416
          ],
          [
            2.850227,
            27.357654
          ],
          [
            2.8502021,
            27.3576613
          ],
          [
            2.8501758,
            27.3576617
          ],
          [
            2.8501506,
            27.357655
          ],
          [
            2.8501289,
            27.3576419
          ],
          [
            2.8501125,
            27.3576236
          ]
        ]
      },
      "properties": {
        "highway": "secondary"
      }
    },
    {
      "type": "Feature",
      "geometry": {
        "type": "LineString",
        "coordinates": [
          [
            2.3718262,
            27.1966399
          ],
          [
            2.3715685,
            27.1977685
          ],
          [
            2.3714005,
            27.2000432
          ],
          [
            2.3713368,
            27.200906
          ],
          [
            2.3711222,
            27.202532
          ],
          [
            2.3710969,
            27.202575
          ],
          [
            2.3705741,
            27.2034635
          ],
          [
            2.3703738,
            27.2038038
          ],
          [
            2.3701609,
            27.2041657
          ],
          [
            2.370049,
            27.20426
          ],
          [
            2.3699978,
            27.2043031
          ],
          [
            2.3695429,
            27.2051428
          ],
          [
            2.3693541,
            27.2057534
          ],
          [
            2.3693369,
            27.206074
          ],
          [
            2.3694657,
            27.2062115
          ],
          [
            2.3731582,
            27.2070203
          ],
          [
            2.3732813,
            27.2070473
          ],
          [
            2.3735427,
            27.2071046
          ],
          [
            2.3739546,
            27.2071351
          ],
          [
            2.3741263,
            27.2070435
          ],
          [
            2.3744727,
            27.2063808
          ],
          [
            2.3745812,
            27.2061733
          ],
          [
            2.3746811,
            27.2057197
          ],
          [
            2.3746306,
            27.2054277
          ],
          [
            2.3744682,
            27.2052832
          ],
          [
            2.3741453,
            27.2052216
          ],
          [
            2.3736298,
            27.2051212
          ]
        ]
      },
      "properties": {
        "highway": "tertiary"
      }
    },
    {
      "type": "Feature",
      "geometry": {
        "type": "LineString",
        "coordinates": [
          [
            2.4262883,
            27.1901826
          ],
          [
            2.4262069,
            27.1906202
          ],
          [
            2.4256823,
            27.1919115
          ],
          [
            2.42513,
            27.192732
          ],
          [
            2.4248569,
            27.1930343
          ],
          [
            2.423904,
            27.1982112
          ],
          [
            2.4235156,
            27.1988806
          ],
          [
            2.4232971,
            27.1997766
          ],
          [
            2.4227205,
            27.2014824
          ],
          [
            2.4244806,
            27.2020708
          ],
          [
            2.4246627,
            27.2024864
          ],
          [
            2.425215,
            27.2027779
          ],
          [
            2.4252392,
            27.2029506
          ],
          [
            2.424687,
            27.2042785
          ],
          [
            2.4247416,
            27.2044566
          ],
          [
            2.4250814,
            27.2050774
          ],
          [
            2.4250572,
            27.205574
          ],
          [
            2.424954,
            27.2057845
          ],
          [
            2.4243349,
            27.2068586
          ],
          [
            2.4236309,
            27.2071609
          ],
          [
            2.4235156,
            27.2074955
          ],
          [
            2.4234246,
            27.2081486
          ],
          [
            2.4231393,
            27.2108744
          ],
          [
            2.4224414,
            27.213055
          ],
          [
            2.4223503,
            27.2134328
          ],
          [
            2.4223503,
            27.2138753
          ],
          [
            2.4215856,
            27.2161908
          ],
          [
            2.4206267,
            27.2185817
          ],
          [
            2.420651,
            27.2189865
          ],
          [
            2.4213443,
            27.2208626
          ],
          [
            2.4218751,
            27.2221787
          ],
          [
            2.4219261,
            27.2226688
          ],
          [
            2.4218138,
            27.2243933
          ],
          [
            2.4205584,
            27.2290857
          ],
          [
            2.4189763,
            27.2340864
          ]
        ]
      },
      "properties": {
        "highway": "tertiary"
      }
    },
    {
      "type": "Feature",
      "geometry": {
        "type": "LineString",
        "coordinates": [
          [
            1.9109659,
            27.0888811
          ],
          [
            1.9109846,
            27.0889239
          ],
          [
            1.9110087,
            27.0889645
          ],
          [
            1.911038,
            27.0890023
          ],
          [
            1.9110721,
            27.0890369
          ],
          [
            1.9111104,
            27.0890676
          ]
        ]
      },
      "properties": {
        "highway": "trunk_link"
      }
    },
    {
      "type": "Feature",
      "geometry": {
        "type": "LineString",
        "coordinates": [
          [
            2.5223587,
            27.2715383
          ],
          [
            2.5218263,
            27.2714985
          ],
          [
            2.5215748,
            27.2714797
          ],
          [
            2.5213196,
            27.2714606
          ],
          [
            2.5209389,
            27.2714321
          ],
          [
            2.5202667,
            27.2713819
          ],
          [
            2.519914,
            27.2713555
          ],
          [
            2.5194206,
            27.2713186
          ],
          [
            2.5190686,
            27.2712923
          ],
          [
            2.5184767,
            27.2712442
          ],
          [
            2.5176914,
            27.2711803
          ],
          [
            2.5176155,
            27.2711741
          ],
          [
            2.5173244,
            27.2711504
          ],
          [
            2.5170496,
            27.2711221
          ],
          [
            2.5165708,
            27.2710728
          ],
          [
            2.5164638,
            27.2710618
          ],
          [
            2.5158235,
            27.2709687
          ],
          [
            2.5155317,
            27.2709359
          ],
          [
            2.5153495,
            27.2709185
          ],
          [
            2.5152121,
            27.2709082
          ]
        ]
      },
      "properties": {
        "highway": "tertiary"
      }
    },
    {
      "type": "Feature",
      "geometry": {
        "type": "LineString",
        "coordinates": [
          [
            2.4907683,
            27.2776411
          ],
          [
            2.4913627,
            27.2776531
          ],
          [
            2.4918445,
            27.2776628
          ],
          [
            2.4918766,
            27.2776634
          ],
          [
            2.4922154,
            27.2776702
          ],
          [
            2.4925618,
            27.2776772
          ],
          [
            2.492915,
            27.2776843
          ],
          [
            2.4937818,
            27.2777018
          ],
          [
            2.4943086,
            27.2777124
          ],
          [
            2.4949587,
            27.2777255
          ],
          [
            2.4951583,
            27.2777296
          ],
          [
            2.4960718,
            27.277748
          ],
          [
            2.5081124,
            27.2779907
          ]
        ]
      },
      "properties": {
        "highway": "secondary",
        "maxspeed": "60",
        "ref": "CW 143"
      }
    },
    {
      "type": "Feature",
      "geometry": {
        "type": "LineString",
        "coordinates": [
          [
            2.5152121,
            27.2709082
          ],
          [
            2.5151177,
            27.2709322
          ],
          [
            2.5150216,
            27.2709503
          ],
          [
            2.5149244,
            27.2709624
          ],
          [
            2.5147587,
            27.270957
          ],
          [
            2.5146233,
            27.2709498
          ],
          [
            2.5135248,
            27.2708856
          ],
          [
            2.5121491,
            27.2707876
          ],
          [
            2.5108169,
            27.2706857
          ],
          [
            2.5065799,
            27.2704174
          ],
          [
            2.5063285,
            27.2704015
          ],
          [
            2.5062078,
            27.2704015
          ],
          [
            2.5061274,
            27.2704098
          ],
          [
            2.5060804,
            27.2704158
          ],
          [
            2.5059794,
            27.2704358
          ],
          [
            2.5059516,
            27.2704418
          ],
          [
            2.5059235,
            27.2704466
          ],
          [
            2.5058952,
            27.2704503
          ],
          [
            2.5058667,
            27.2704533
          ]
        ]
      },
      "properties": {
        "highway": "tertiary"
      }
    },
    {
      "type": "Feature",
      "geometry": {
        "type": "LineString",
        "coordinates": [
          [
            2.5058028,
            27.2702745
          ],
          [
            2.505842,
            27.2702641
          ],
          [
            2.5058873,
            27.2702593
          ],
          [
            2.5059204,
            27.2702606
          ],
          [
            2.5060241,
            27.2702751
          ],
          [
            2.5061126,
            27.270287
          ],
          [
            2.5062159,
            27.2702966
          ],
          [
            2.5063351,
            27.2703028
          ],
          [
            2.5065808,
            27.2703189
          ],
          [
            2.5108213,
            27.2705975
          ],
          [
            2.5116982,
            27.2706587
          ],
          [
            2.5121523,
            27.2706938
          ],
          [
            2.5135282,
            27.2708027
          ],
          [
            2.5136333,
            27.2708081
          ],
          [
            2.5149354,
            27.2708842
          ],
          [
            2.5152121,
            27.2709082
          ]
        ]
      },
      "properties": {
        "highway": "tertiary"
      }
    },
    {
      "type": "Feature",
      "geometry": {
        "type": "LineString",
        "coordinates": [
          [
            2.5065799,
            27.2704174
          ],
          [
            2.5065808,
            27.2703189
          ]
        ]
      },
      "properties": {
        "highway": "tertiary_link"
      }
    },
    {
      "type": "Feature",
      "geometry": {
        "type": "LineString",
        "coordinates": [
          [
            2.4457556,
            27.1863545
          ],
          [
            2.4456906,
            27.1863696
          ],
          [
            2.4456115,
            27.1863838
          ],
          [
            2.445533,
            27.1864006
          ],
          [
            2.4452616,
            27.1864527
          ]
        ]
      },
      "properties": {
        "highway": "primary",
        "ref": "RN 52"
      }
    },
    {
      "type": "Feature",
      "geometry": {
        "type": "LineString",
        "coordinates": [
          [
            2.4692416,
            27.213048
          ],
          [
            2.4692688,
            27.2128389
          ],
          [
            2.4693104,
            27.2125519
          ],
          [
            2.4693348,
            27.2122383
          ]
        ]
      },
      "properties": {
        "highway": "tertiary"
      }
    }
  ]
}