{
  "type": "FeatureCollection",
  "features": [
    {
      "type": "Feature",
      "geometry": {
        "type": "LineString",
        "coordinates": [
          [
            1.8590436,
            34.2559753
          ],
          [
            1.8554424,
            34.2553452
          ],
          [
            1.8517392,
            34.254691
          ],
          [
            1.8495522,
            34.2542845
          ],
          [
            1.8481541,
            34.2540247
          ],
          [
            1.847534,
            34.2539319
          ],
          [
            1.846524,
            34.2538538
          ],
          [
            1.8464752,
            34.2538533
          ],
          [
            1.8445371,
            34.2538337
          ],
          [
            1.8421844,
            34.2538157
          ],
          [
            1.8360216,
            34.2537387
          ],
          [
            1.8234821,
            34.2534074
          ],
          [
            1.8212854,
            34.2533452
          ],
          [
            1.8199573,
            34.2534764
          ],
          [
            1.8145699,
            34.2542496
          ],
          [
            1.8114126,
            34.2546363
          ],
          [
            1.8100334,
            34.254724
          ],
          [
            1.8091856,
            34.2546826
          ],
          [
            1.8078366,
            34.2545272
          ],
          [
            1.8055104,
            34.2541751
          ],
          [
            1.8013884,
            34.2535779
          ],
          [
            1.7984859,
            34.2530671
          ],
          [
            1.7969949,
            34.2526459
          ],
          [
            1.7886877,
            34.2500447
          ],
          [
            1.7767631,
            34.2463295
          ],
          [
            1.771607,
            34.2438248
          ],
          [
            1.7683999,
            34.2431364
          ],
          [
            1.7645772,
            34.2432479
          ],
          [
            1.7603807,
            34.2432149
          ],
          [
            1.7575725,
            34.2430526
          ],
          [
            1.753612,
            34.2429101
          ],
          [
            1.7496017,
            34.2422034
          ],
          [
            1.7485327,
            34.2418128
          ],
          [
            1.7436333,
            34.2379194
          ],
          [
            1.7379071,
            34.2337119
          ],
          [
            1.7203019,
            34.2192691
          ],
          [
            1.7193982,
            34.2184975
          ],
          [
            1.7188076,
            34.2176525
          ],
          [
            1.7179637,
            34.216125
          ],
          [
            1.7171126,
            34.2153473
          ],
          [
            1.7079757,
            34.2107025
          ],
          [
            1.7043402,
            34.2087636
          ],
          [
            1.7035968,
            34.2082248
          ],
          [
            1.7029787,
            34.2076377
          ],
          [
            1.6997713,
            34.2044601
          ],
          [
            1.6958873,
            34.2006261
          ],
          [
            1.6938155,
            34.1989429
          ],
          [
            1.665559,
            34.1813223
          ],
          [
            1.66094,
            34.1783856
          ],
          [
            1.6566355,
            34.1762955
          ],
          [
            1.65009,
            34.1732789
          ],
          [
            1.6475925,
            34.1722492
          ],
          [
            1.643341,
            34.1710365
          ],
          [
            1.6148081,
            34.1621401
          ],
          [
            1.6003316,
            34.1588874
          ],
          [
            1.5651299,
            34.1516702
          ],
          [
            1.5640056,
            34.1514737
          ],
          [
            1.5622183,
            34.1518794
          ],
          [
            1.5580346,
            34.1531796
          ],
          [
            1.5508101,
            34.1553114
          ]
        ]
      },
      "properties": {
        "name": "Hadj Mecheri",
        "highway": "secondary",
        "ref": "CW 121"
      }
    },
    {
      "type": "Feature",
      "geometry": {
        "type": "LineString",
        "coordinates": [
          [
            1.6144047,
            33.9635974
          ],
          [
            1.6118928,
            33.9681336
          ],
          [
            1.6090145,
            33.9733379
          ],
          [
            1.6078698,
            33.9753051
          ],
          [
            1.6055051,
            33.9779306
          ],
          [
            1.5964619,
            33.9851862
          ],
          [
            1.5960509,
            33.9854268
          ],
          [
            1.5956521,
            33.9855475
          ],
          [
            1.5863193,
            33.9876872
          ],
          [
            1.5844755,
            33.9881481
          ],
          [
            1.5832954,
            33.9882877
          ],
          [
            1.5814495,
            33.988443
          ],
          [
            1.5719443,
            33.9890359
          ],
          [
            1.5603367,
            33.9896168
          ],
          [
            1.5506346,
            33.9900536
          ],
          [
            1.5496733,
            33.9901443
          ],
          [
            1.5487485,
            33.9903275
          ],
          [
            1.5322883,
            33.9936215
          ],
          [
            1.5313067,
            33.9938475
          ],
          [
            1.5304557,
            33.9941268
          ],
          [
            1.5293261,
            33.9944977
          ],
          [
            1.5071404,
            34.0014289
          ],
          [
            1.5051044,
            34.002065
          ],
          [
            1.4887539,
            34.0082139
          ],
          [
            1.4881488,
            34.0084246
          ],
          [
            1.4875909,
            34.0085563
          ],
          [
            1.4844088,
            34.0091495
          ],
          [
            1.4836942,
            34.00929
          ],
          [
            1.4829872,
            34.0094785
          ],
          [
            1.4822609,
            34.0097542
          ],
          [
            1.4785453,
            34.0113514
          ],
          [
            1.4653501,
            34.017269
          ],
          [
            1.4648758,
            34.0174971
          ],
          [
            1.4644156,
            34.0177101
          ],
          [
            1.4640277,
            34.0179497
          ],
          [
            1.4636538,
            34.0182734
          ],
          [
            1.4635338,
            34.018391
          ],
          [
            1.4555353,
            34.0262298
          ],
          [
            1.4548433,
            34.0269936
          ],
          [
            1.4545172,
            34.0274782
          ],
          [
            1.4544056,
            34.0279379
          ],
          [
            1.454585,
            34.0302212
          ],
          [
            1.4545922,
            34.0303129
          ],
          [
            1.4546116,
            34.0313931
          ],
          [
            1.454486,
            34.0322049
          ],
          [
            1.4541856,
            34.0325881
          ],
          [
            1.4538659,
            34.0328433
          ],
          [
            1.4534099,
            34.0329927
          ],
          [
            1.4529432,
            34.0330353
          ],
          [
            1.4523131,
            34.0328463
          ],
          [
            1.4517696,
            34.032487
          ],
          [
            1.4488696,
            34.0300151
          ],
          [
            1.4453875,
            34.0270235
          ],
          [
            1.4450901,
            34.0267237
          ],
          [
            1.4445863,
            34.0264675
          ],
          [
            1.435656,
            34.0237985
          ],
          [
            1.4286097,
            34.0217527
          ],
          [
            1.4277476,
            34.0215331
          ],
          [
            1.4256754,
            34.021245
          ],
          [
            1.4179741,
            34.0204465
          ],
          [
            1.4169555,
            34.020382
          ],
          [
            1.4160296,
            34.0206376
          ],
          [
            1.4044655,
            34.025326
          ],
          [
            1.4036512,
            34.0257391
          ],
          [
            1.403162,
            34.0260761
          ],
          [
            1.4025204,
            34.0265371
          ],
          [
            1.3987749,
            34.0301516
          ],
          [
            1.3941551,
            34.0345883
          ],
          [
            1.3936106,
            34.0350222
          ],
          [
            1.392512,
            34.0356512
          ],
          [
            1.3859551,
            34.0390591
          ],
          [
            1.3836435,
            34.040197
          ],
          [
            1.3736319,
            34.0457617
          ],
          [
            1.3716739,
            34.0469641
          ],
          [
            1.3640382,
            34.0521488
          ],
          [
            1.3619442,
            34.0536077
          ],
          [
            1.3582178,
            34.056204
          ],
          [
            1.356992,
            34.0574097
          ],
          [
            1.3554519,
            34.059011
          ],
          [
            1.3496304,
            34.0649416
          ],
          [
            1.349087,
            34.0653695
          ],
          [
            1.3480656,
            34.0661232
          ],
          [
            1.3472926,
            34.0667987
          ],
          [
            1.3461706,
            34.0686193
          ],
          [
            1.3446396,
            34.0711033
          ],
          [
            1.3441295,
            34.0715681
          ],
          [
            1.3430507,
            34.0722133
          ],
          [
            1.342522,
            34.0725199
          ],
          [
            1.3415792,
            34.0729564
          ],
          [
            1.3408473,
            34.0731579
          ],
          [
            1.339342,
            34.0733586
          ],
          [
            1.3382852,
            34.0735256
          ],
          [
            1.3376635,
            34.0737367
          ],
          [
            1.3369631,
            34.0745407
          ],
          [
            1.3367152,
            34.0747217
          ],
          [
            1.336098,
            34.0750433
          ],
          [
            1.3350384,
            34.0750291
          ],
          [
            1.3341667,
            34.0750875
          ],
          [
            1.3304575,
            34.0755281
          ],
          [
            1.3280424,
            34.0761128
          ],
          [
            1.3273767,
            34.0761986
          ],
          [
            1.3264105,
            34.075824
          ],
          [
            1.3256107,
            34.0752028
          ],
          [
            1.3252349,
            34.0746098
          ],
          [
            1.3244697,
            34.0720942
          ],
          [
            1.3239169,
            34.071117
          ],
          [
            1.3234295,
            34.0706242
          ],
          [
            1.3169171,
            34.0679567
          ],
          [
            1.3130247,
            34.0672653
          ],
          [
            1.3100346,
            34.0663729
          ],
          [
            1.3093774,
            34.066568
          ],
          [
            1.3078459,
            34.0671124
          ],
          [
            1.3064292,
            34.0669835
          ],
          [
            1.305624,
            34.0667431
          ],
          [
            1.2998105,
            34.064874
          ],
          [
            1.2972989,
            34.064391
          ],
          [
            1.2958076,
            34.0639377
          ],
          [
            1.2936962,
            34.0629742
          ],
          [
            1.2887019,
            34.0613175
          ],
          [
            1.2848052,
            34.0597154
          ],
          [
            1.281822,
            34.0581097
          ],
          [
            1.280106,
            34.0574715
          ],
          [
            1.2786951,
            34.0571919
          ],
          [
            1.2737786,
            34.0575022
          ],
          [
            1.2682109,
            34.0570213
          ],
          [
            1.2650503,
            34.0571634
          ],
          [
            1.2635673,
            34.0569844
          ],
          [
            1.2626641,
            34.0568324
          ],
          [
            1.2618573,
            34.0567212
          ],
          [
            1.2608219,
            34.0567364
          ],
          [
            1.2593701,
            34.0567492
          ],
          [
            1.2555379,
            34.0568052
          ],
          [
            1.2515632,
            34.0569466
          ],
          [
            1.2495162,
            34.0570988
          ],
          [
            1.2484533,
            34.057252
          ],
          [
            1.2471916,
            34.0574184
          ],
          [
            1.245342,
            34.0577046
          ],
          [
            1.2435017,
            34.0580757
          ],
          [
            1.2415794,
            34.0584977
          ],
          [
            1.2408514,
            34.0586408
          ],
          [
            1.2400556,
            34.0587859
          ],
          [
            1.2393759,
            34.0588984
          ],
          [
            1.2384935,
            34.0591881
          ],
          [
            1.2361726,
            34.0599706
          ],
          [
            1.2359109,
            34.0600837
          ],
          [
            1.2356742,
            34.0602231
          ],
          [
            1.2355006,
            34.0603637
          ],
          [
            1.2353629,
            34.0605473
          ],
          [
            1.2351997,
            34.0609389
          ],
          [
            1.235077,
            34.0613342
          ],
          [
            1.2348881,
            34.0619158
          ],
          [
            1.2347056,
            34.0624003
          ],
          [
            1.2345553,
            34.0626313
          ],
          [
            1.2343277,
            34.0628138
          ],
          [
            1.2335818,
            34.0632953
          ],
          [
            1.2324591,
            34.0641268
          ],
          [
            1.2305579,
            34.0655814
          ],
          [
            1.2285634,
            34.0669852
          ],
          [
            1.2281957,
            34.0673053
          ],
          [
            1.2270697,
            34.0686074
          ],
          [
            1.2252102,
            34.0704488
          ],
          [
            1.2227065,
            34.0728906
          ],
          [
            1.2222354,
            34.0731999
          ],
          [
            1.2217795,
            34.0734158
          ],
          [
            1.2177757,
            34.0745641
          ],
          [
            1.2166604,
            34.0748211
          ],
          [
            1.2150634,
            34.075043
          ],
          [
            1.2147177,
            34.0751406
          ],
          [
            1.2144569,
            34.0752956
          ],
          [
            1.2140871,
            34.0756253
          ],
          [
            1.213408,
            34.0765758
          ],
          [
            1.2123151,
            34.0783795
          ],
          [
            1.2120384,
            34.0786923
          ],
          [
            1.2117277,
            34.0789051
          ],
          [
            1.2103972,
            34.0795675
          ],
          [
            1.207743,
            34.0809456
          ],
          [
            1.2066741,
            34.081532
          ],
          [
            1.2050773,
            34.0826304
          ],
          [
            1.2042396,
            34.0832135
          ],
          [
            1.2039077,
            34.0835264
          ],
          [
            1.2025585,
            34.0853217
          ],
          [
            1.2020848,
            34.0857931
          ],
          [
            1.2017359,
            34.0859776
          ],
          [
            1.1992676,
            34.0867596
          ],
          [
            1.1989489,
            34.0868299
          ],
          [
            1.1986652,
            34.0868032
          ],
          [
            1.1981147,
            34.0865825
          ],
          [
            1.1976033,
            34.0864185
          ],
          [
            1.1971289,
            34.0864569
          ],
          [
            1.1926883,
            34.0876076
          ],
          [
            1.1913521,
            34.0880928
          ],
          [
            1.187877,
            34.0893269
          ],
          [
            1.1875022,
            34.0894937
          ],
          [
            1.1857208,
            34.0908621
          ],
          [
            1.1851805,
            34.0913334
          ],
          [
            1.1848399,
            34.0919198
          ],
          [
            1.1845213,
            34.0930695
          ],
          [
            1.1841858,
            34.0936475
          ],
          [
            1.1838454,
            34.0939714
          ],
          [
            1.1834192,
            34.0942244
          ],
          [
            1.1827525,
            34.0943764
          ],
          [
            1.1766097,
            34.0949916
          ],
          [
            1.1675568,
            34.0959011
          ],
          [
            1.1670762,
            34.0958989
          ],
          [
            1.1667001,
            34.0957984
          ],
          [
            1.1658435,
            34.0954523
          ],
          [
            1.1617384,
            34.0937217
          ],
          [
            1.1585208,
            34.0924668
          ],
          [
            1.1558238,
            34.091276
          ],
          [
            1.1528626,
            34.0893365
          ],
          [
            1.1526323,
            34.0891926
          ],
          [
            1.1523831,
            34.0890202
          ],
          [
            1.1521695,
            34.0888482
          ],
          [
            1.1517333,
            34.0884712
          ],
          [
            1.1504177,
            34.0873109
          ],
          [
            1.1501175,
            34.0870461
          ],
          [
            1.1498184,
            34.0867824
          ],
          [
            1.1495204,
            34.0865196
          ],
          [
            1.1492266,
            34.0862604
          ],
          [
            1.14892,
            34.0859901
          ],
          [
            1.148702,
            34.0857978
          ],
          [
            1.1484755,
            34.0855981
          ],
          [
            1.1481084,
            34.0852743
          ],
          [
            1.1478763,
            34.0850711
          ],
          [
            1.1478328,
            34.0850411
          ],
          [
            1.1477728,
            34.0850217
          ],
          [
            1.147723,
            34.0850187
          ],
          [
            1.1476948,
            34.0850179
          ],
          [
            1.1476374,
            34.0850423
          ],
          [
            1.1474332,
            34.0852153
          ],
          [
            1.1468133,
            34.0857304
          ],
          [
            1.1467537,
            34.0857465
          ],
          [
            1.1466839,
            34.0857437
          ],
          [
            1.1466148,
            34.0857271
          ],
          [
            1.1460849,
            34.0854876
          ],
          [
            1.1457614,
            34.0853414
          ],
          [
            1.1454234,
            34.0851887
          ],
          [
            1.145327,
            34.085144
          ],
          [
            1.144713,
            34.0848476
          ],
          [
            1.1441719,
            34.0845865
          ],
          [
            1.1438201,
            34.0844071
          ],
          [
            1.1436795,
            34.0843316
          ],
          [
            1.1435621,
            34.084261
          ],
          [
            1.1434381,
            34.084178
          ],
          [
            1.1432884,
            34.0840648
          ],
          [
            1.1431325,
            34.0839287
          ],
          [
            1.14215,
            34.0830582
          ],
          [
            1.1421123,
            34.0830247
          ],
          [
            1.1413845,
            34.08238
          ],
          [
            1.1409897,
            34.0820312
          ],
          [
            1.140739,
            34.0818096
          ],
          [
            1.1404476,
            34.0815522
          ],
          [
            1.1400864,
            34.081233
          ],
          [
            1.1390892,
            34.0804311
          ],
          [
            1.138835,
            34.0802796
          ],
          [
            1.1385443,
            34.0801367
          ],
          [
            1.1382149,
            34.0800084
          ],
          [
            1.1378456,
            34.0799012
          ],
          [
            1.1374645,
            34.0798272
          ],
          [
            1.1369761,
            34.0797825
          ],
          [
            1.1359446,
            34.0796976
          ],
          [
            1.1342995,
            34.0794694
          ],
          [
            1.1332764,
            34.0793073
          ],
          [
            1.1321503,
            34.0790669
          ],
          [
            1.1314216,
            34.0789919
          ],
          [
            1.1304774,
            34.0792752
          ],
          [
            1.1257774,
            34.0814856
          ],
          [
            1.1245043,
            34.0819992
          ],
          [
            1.123886,
            34.0822457
          ],
          [
            1.1230464,
            34.0826456
          ],
          [
            1.1215033,
            34.0832001
          ],
          [
            1.1210785,
            34.0832554
          ],
          [
            1.12056,
            34.0831932
          ],
          [
            1.1186137,
            34.0824695
          ],
          [
            1.1177722,
            34.0820483
          ],
          [
            1.1138244,
            34.0798315
          ],
          [
            1.1134826,
            34.079702
          ],
          [
            1.1097141,
            34.0798455
          ],
          [
            1.0933958,
            34.0803754
          ],
          [
            1.0765071,
            34.0808133
          ],
          [
            1.0711483,
            34.0809356
          ],
          [
            1.0650924,
            34.0811118
          ],
          [
            1.064105,
            34.0811279
          ],
          [
            1.0480891,
            34.0816855
          ],
          [
            1.0474159,
            34.0816941
          ],
          [
            1.0470315,
            34.0816379
          ],
          [
            1.0463753,
            34.0814061
          ],
          [
            1.0456507,
            34.0810791
          ],
          [
            1.0453791,
            34.0808098
          ],
          [
            1.0439316,
            34.078758
          ],
          [
            1.0430164,
            34.0774703
          ],
          [
            1.0426472,
            34.0771754
          ],
          [
            1.0418772,
            34.0767716
          ],
          [
            1.0415245,
            34.0766758
          ],
          [
            1.0411546,
            34.0766995
          ],
          [
            1.0395148,
            34.0769724
          ],
          [
            1.0389982,
            34.0771122
          ],
          [
            1.038625,
            34.0773073
          ],
          [
            1.0383795,
            34.0775709
          ],
          [
            1.0366656,
            34.0798741
          ],
          [
            1.0362691,
            34.0802478
          ],
          [
            1.0358906,
            34.0805278
          ],
          [
            1.0354473,
            34.0807136
          ],
          [
            1.034849,
            34.0808011
          ],
          [
            1.0322858,
            34.0810722
          ],
          [
            1.0308504,
            34.0812557
          ],
          [
            1.0298505,
            34.0814957
          ],
          [
            1.023232,
            34.0835958
          ],
          [
            1.0220309,
            34.0839508
          ],
          [
            1.0216302,
            34.0839811
          ],
          [
            1.0210261,
            34.0839096
          ],
          [
            1.0204233,
            34.0837169
          ],
          [
            1.0183749,
            34.0827059
          ],
          [
            1.0177699,
            34.0822819
          ],
          [
            1.0118757,
            34.0765255
          ],
          [
            1.0110858,
            34.0759103
          ],
          [
            1.0100722,
            34.0752328
          ],
          [
            1.0038763,
            34.0713447
          ],
          [
            1.0032926,
            34.0709916
          ],
          [
            1.0022485,
            34.070513
          ],
          [
            0.9984179,
            34.0689158
          ],
          [
            0.9954395,
            34.0677315
          ],
          [
            0.9949413,
            34.0675199
          ],
          [
            0.9919591,
            34.0653014
          ],
          [
            0.9914402,
            34.0649047
          ],
          [
            0.9888844,
            34.0621691
          ],
          [
            0.9883878,
            34.0617305
          ],
          [
            0.9879508,
            34.0614835
          ],
          [
            0.9874297,
            34.061305
          ],
          [
            0.9811033,
            34.0597998
          ],
          [
            0.9804105,
            34.0596014
          ],
          [
            0.9800328,
            34.0594231
          ],
          [
            0.9795254,
            34.0590205
          ],
          [
            0.9672037,
            34.0483522
          ],
          [
            0.9666298,
            34.0479653
          ],
          [
            0.9661302,
            34.0476996
          ],
          [
            0.9533703,
            34.0423105
          ],
          [
            0.9528883,
            34.0420612
          ],
          [
            0.9525545,
            34.0417612
          ],
          [
            0.9517558,
            34.0406251
          ],
          [
            0.9474206,
            34.0341992
          ],
          [
            0.9472731,
            34.0340125
          ],
          [
            0.9471336,
            34.033868
          ],
          [
            0.9469807,
            34.0337558
          ],
          [
            0.9467876,
            34.0336546
          ],
          [
            0.9438877,
            34.0320926
          ],
          [
            0.9432304,
            34.0317708
          ],
          [
            0.9417489,
            34.0315062
          ],
          [
            0.9411525,
            34.0313016
          ],
          [
            0.9408319,
            34.031126
          ],
          [
            0.9403745,
            34.0305862
          ]
        ]
      },
      "properties": {
        "highway": "tertiary"
      }
    },
    {
      "type": "Feature",
      "geometry": {
        "type": "LineString",
        "coordinates": [
          [
            0.3670783,
            33.3142343
          ],
          [
            0.3673877,
            33.3146496
          ],
          [
            0.3676754,
            33.3150786
          ],
          [
            0.3678183,
            33.3152993
          ],
          [
            0.367939,
            33.3154988
          ],
          [
            0.3681617,
            33.3158857
          ],
          [
            0.3683299,
            33.3162026
          ],
          [
            0.3705049,
            33.3204934
          ],
          [
            0.3763253,
            33.325806
          ],
          [
            0.3856369,
            33.3396973
          ],
          [
            0.3929336,
            33.3481411
          ],
          [
            0.3951598,
            33.3526902
          ],
          [
            0.4053082,
            33.3673281
          ],
          [
            0.4077554,
            33.3701058
          ],
          [
            0.4244792,
            33.382883
          ]
        ]
      },
      "properties": {
        "highway": "secondary"
      }
    },
    {
      "type": "Feature",
      "geometry": {
        "type": "LineString",
        "coordinates": [
          [
            0.4244792,
            33.382883
          ],
          [
            0.4153335,
            33.3914493
          ],
          [
            0.4107984,
            33.3956398
          ],
          [
            0.4056038,
            33.3995056
          ],
          [
            0.3996504,
            33.4045384
          ],
          [
            0.3989198,
            33.4052594
          ],
          [
            0.3981806,
            33.4061497
          ],
          [
            0.3951711,
            33.4106474
          ],
          [
            0.3935876,
            33.4135123
          ],
          [
            0.3932056,
            33.4141643
          ],
          [
            0.3931423,
            33.414887
          ],
          [
            0.393212,
            33.4155067
          ],
          [
            0.3934695,
            33.4181978
          ],
          [
            0.3948342,
            33.4220098
          ],
          [
            0.3963663,
            33.424998
          ],
          [
            0.4005345,
            33.4328613
          ],
          [
            0.402264,
            33.4377821
          ],
          [
            0.4043786,
            33.4425485
          ],
          [
            0.4049247,
            33.4442164
          ],
          [
            0.4050041,
            33.4455378
          ],
          [
            0.4049966,
            33.4497649
          ],
          [
            0.4047359,
            33.4517907
          ],
          [
            0.4042306,
            33.4530331
          ],
          [
            0.3683971,
            33.5274111
          ],
          [
            0.3682204,
            33.5283098
          ],
          [
            0.3684123,
            33.5304695
          ],
          [
            0.3687594,
            33.5319854
          ],
          [
            0.3690863,
            33.5327882
          ],
          [
            0.3703966,
            33.5358247
          ],
          [
            0.3714507,
            33.5378659
          ],
          [
            0.3717275,
            33.5383806
          ],
          [
            0.3718933,
            33.5389717
          ],
          [
            0.3720306,
            33.5405554
          ],
          [
            0.3720023,
            33.5410961
          ],
          [
            0.3718225,
            33.5417994
          ],
          [
            0.3711363,
            33.5444839
          ],
          [
            0.3711893,
            33.5451025
          ],
          [
            0.3714368,
            33.5456917
          ],
          [
            0.3725678,
            33.5470762
          ],
          [
            0.3743631,
            33.5494441
          ],
          [
            0.3764557,
            33.5515094
          ],
          [
            0.3805027,
            33.5551177
          ],
          [
            0.3807678,
            33.5555301
          ],
          [
            0.3809268,
            33.5558982
          ],
          [
            0.3808915,
            33.5564873
          ],
          [
            0.3805734,
            33.5571353
          ],
          [
            0.3793716,
            33.5587258
          ],
          [
            0.378435,
            33.5602279
          ],
          [
            0.3765264,
            33.5623927
          ],
          [
            0.3761376,
            33.5633204
          ],
          [
            0.3742113,
            33.5726856
          ],
          [
            0.3735348,
            33.5783698
          ],
          [
            0.3735329,
            33.5788694
          ],
          [
            0.3736791,
            33.5792397
          ],
          [
            0.3742416,
            33.580313
          ],
          [
            0.3744587,
            33.5806069
          ],
          [
            0.3746646,
            33.5808902
          ],
          [
            0.375345,
            33.5817344
          ],
          [
            0.3757842,
            33.5821676
          ],
          [
            0.3763053,
            33.5825652
          ],
          [
            0.3780462,
            33.5836251
          ],
          [
            0.3783283,
            33.5838268
          ],
          [
            0.3785546,
            33.5840444
          ],
          [
            0.3787279,
            33.5842581
          ],
          [
            0.3788772,
            33.5844728
          ],
          [
            0.3789499,
            33.584629
          ],
          [
            0.3789996,
            33.5847948
          ],
          [
            0.3790618,
            33.585172
          ],
          [
            0.379105,
            33.5855541
          ],
          [
            0.3791007,
            33.5857211
          ],
          [
            0.3790826,
            33.5858893
          ],
          [
            0.3790215,
            33.5861205
          ],
          [
            0.3788451,
            33.5865202
          ],
          [
            0.3783452,
            33.5875464
          ],
          [
            0.3781311,
            33.5879203
          ],
          [
            0.3777736,
            33.5883882
          ],
          [
            0.3735372,
            33.5936379
          ],
          [
            0.3724241,
            33.5948077
          ],
          [
            0.3701957,
            33.5969749
          ],
          [
            0.3668419,
            33.6000096
          ],
          [
            0.3630777,
            33.6046168
          ],
          [
            0.3614519,
            33.6064713
          ],
          [
            0.3610669,
            33.6068122
          ],
          [
            0.3606981,
            33.6071071
          ],
          [
            0.3598437,
            33.6077077
          ],
          [
            0.356943,
            33.6089723
          ],
          [
            0.3540363,
            33.6101895
          ],
          [
            0.3516376,
            33.6112977
          ],
          [
            0.3504226,
            33.6119232
          ],
          [
            0.3497949,
            33.6122471
          ],
          [
            0.3492911,
            33.6125138
          ],
          [
            0.348445,
            33.6131975
          ],
          [
            0.3444868,
            33.6173801
          ],
          [
            0.3404218,
            33.621483
          ],
          [
            0.334762,
            33.625588
          ],
          [
            0.3301365,
            33.6298265
          ],
          [
            0.3292352,
            33.6308566
          ],
          [
            0.3249585,
            33.6364184
          ],
          [
            0.3226662,
            33.6391892
          ],
          [
            0.3224422,
            33.6394728
          ],
          [
            0.3223452,
            33.6396028
          ],
          [
            0.3222728,
            33.6397393
          ],
          [
            0.3222225,
            33.6398624
          ],
          [
            0.3221836,
            33.6399853
          ],
          [
            0.3221621,
            33.640112
          ],
          [
            0.3221585,
            33.6402427
          ]
        ]
      },
      "properties": {
        "highway": "secondary",
        "maxspeed": "80"
      }
    },
    {
      "type": "Feature",
      "geometry": {
        "type": "LineString",
        "coordinates": [
          [
            1.0473336,
            33.6659007
          ],
          [
            1.0474033,
            33.6659889
          ],
          [
            1.0476547,
            33.6663517
          ],
          [
            1.0478224,
            33.666595
          ],
          [
            1.0479538,
            33.6668417
          ],
          [
            1.0480611,
            33.6670493
          ],
          [
            1.0480987,
            33.6671519
          ],
          [
            1.0481054,
            33.6672368
          ],
          [
            1.048104,
            33.667354
          ],
          [
            1.0480651,
            33.6674399
          ],
          [
            1.0479659,
            33.6675437
          ],
          [
            1.0477513,
            33.6677156
          ],
          [
            1.0476413,
            33.6678049
          ],
          [
            1.0475367,
            33.667902
          ],
          [
            1.0474281,
            33.667998
          ],
          [
            1.0473168,
            33.6681375
          ],
          [
            1.0472538,
            33.6683016
          ],
          [
            1.0472149,
            33.6684589
          ],
          [
            1.0472041,
            33.6685025
          ],
          [
            1.0471921,
            33.6687168
          ],
          [
            1.0472229,
            33.6689936
          ],
          [
            1.0472712,
            33.6691554
          ],
          [
            1.0473758,
            33.6693452
          ],
          [
            1.0475944,
            33.6697023
          ],
          [
            1.0478291,
            33.6700182
          ],
          [
            1.0479122,
            33.6701242
          ],
          [
            1.0481563,
            33.6703809
          ],
          [
            1.048505,
            33.6706868
          ],
          [
            1.0487571,
            33.6709569
          ],
          [
            1.0490575,
            33.6714189
          ],
          [
            1.0491997,
            33.6717716
          ],
          [
            1.0492828,
            33.6721556
          ],
          [
            1.049307,
            33.6724257
          ],
          [
            1.0492828,
            33.6729636
          ],
          [
            1.0492024,
            33.674323
          ],
          [
            1.0492024,
            33.6748431
          ],
          [
            1.0492346,
            33.6750641
          ],
          [
            1.0493767,
            33.6756444
          ],
          [
            1.0496235,
            33.6763855
          ],
          [
            1.0498488,
            33.6771533
          ],
          [
            1.0500741,
            33.6776957
          ],
          [
            1.0509002,
            33.6791309
          ],
          [
            1.0509968,
            33.6796219
          ],
          [
            1.0509431,
            33.680046
          ],
          [
            1.0506588,
            33.6808094
          ],
          [
            1.0500654,
            33.6818673
          ],
          [
            1.0498589,
            33.6822407
          ],
          [
            1.0497857,
            33.6825408
          ],
          [
            1.0497945,
            33.6829165
          ],
          [
            1.0498696,
            33.6831702
          ],
          [
            1.0501936,
            33.6839251
          ],
          [
            1.0503809,
            33.6842767
          ],
          [
            1.0506066,
            33.6846443
          ],
          [
            1.0513617,
            33.6859186
          ],
          [
            1.0515617,
            33.6862226
          ],
          [
            1.0515272,
            33.6864671
          ],
          [
            1.0510421,
            33.6868231
          ],
          [
            1.0507735,
            33.6871843
          ],
          [
            1.0505616,
            33.6875724
          ],
          [
            1.0505337,
            33.6876593
          ],
          [
            1.050523,
            33.6877463
          ]
        ]
      },
      "properties": {
        "name": "Evitement Est d'El Bayadh",
        "highway": "secondary",
        "maxspeed": "50; 80; 60; 40"
      }
    },
    {
      "type": "Feature",
      "geometry": {
        "type": "LineString",
        "coordinates": [
          [
            1.5495757,
            34.1551439
          ],
          [
            1.5501578,
            34.1513443
          ],
          [
            1.5501725,
            34.1512368
          ],
          [
            1.5504796,
            34.1490374
          ],
          [
            1.5506372,
            34.1470762
          ],
          [
            1.5514829,
            34.1428214
          ],
          [
            1.5521478,
            34.1409622
          ],
          [
            1.5534805,
            34.1365619
          ],
          [
            1.5736708,
            34.1070545
          ],
          [
            1.5775712,
            34.1017687
          ],
          [
            1.5930819,
            34.0877506
          ],
          [
            1.6024856,
            34.0816584
          ],
          [
            1.6153342,
            34.0662321
          ],
          [
            1.6227275,
            34.0553237
          ],
          [
            1.6252979,
            34.0531064
          ],
          [
            1.6289209,
            34.0508887
          ],
          [
            1.6332359,
            34.0452733
          ],
          [
            1.6362057,
            34.0429142
          ],
          [
            1.6496455,
            34.0303222
          ],
          [
            1.6525612,
            34.0275902
          ],
          [
            1.666418,
            34.0159206
          ],
          [
            1.673491,
            34.0116854
          ],
          [
            1.6760405,
            34.0101389
          ],
          [
            1.6806043,
            34.0037758
          ]
        ]
      },
      "properties": {
        "name": "Hadj Mecheri",
        "highway": "secondary",
        "ref": "CW 121"
      }
    },
    {
      "type": "Feature",
      "geometry": {
        "type": "LineString",
        "coordinates": [
          [
            1.6054805,
            33.7341361
          ],
          [
            1.6092334,
            33.7327977
          ],
          [
            1.610273,
            33.7325345
          ],
          [
            1.6109575,
            33.7322659
          ],
          [
            1.6147191,
            33.7306108
          ],
          [
            1.6159379,
            33.7299817
          ],
          [
            1.616543,
            33.7297444
          ],
          [
            1.6170805,
            33.7295891
          ],
          [
            1.6205459,
            33.7289556
          ],
          [
            1.6254404,
            33.7279143
          ],
          [
            1.6318015,
            33.7265499
          ],
          [
            1.632986,
            33.7263777
          ],
          [
            1.6394522,
            33.72553
          ],
          [
            1.6425443,
            33.7248706
          ],
          [
            1.6458885,
            33.7241326
          ],
          [
            1.6478465,
            33.7235767
          ],
          [
            1.6490041,
            33.7231983
          ],
          [
            1.6498989,
            33.722861
          ],
          [
            1.6525522,
            33.7216412
          ],
          [
            1.6555358,
            33.7208523
          ],
          [
            1.6574027,
            33.7203691
          ],
          [
            1.6585624,
            33.720183
          ],
          [
            1.660911,
            33.7199622
          ],
          [
            1.6626591,
            33.71972
          ],
          [
            1.6635707,
            33.7196663
          ],
          [
            1.6642476,
            33.7197249
          ],
          [
            1.6657679,
            33.7198903
          ],
          [
            1.6661549,
            33.7199421
          ],
          [
            1.6665299,
            33.7199229
          ],
          [
            1.6668909,
            33.7198756
          ],
          [
            1.6709888,
            33.7192005
          ],
          [
            1.6717881,
            33.7191006
          ],
          [
            1.6727102,
            33.7190582
          ],
          [
            1.6737375,
            33.719068
          ],
          [
            1.6749676,
            33.7191501
          ],
          [
            1.6750408,
            33.7191601
          ],
          [
            1.675455,
            33.7192164
          ],
          [
            1.6756905,
            33.7192512
          ],
          [
            1.6761587,
            33.7193205
          ],
          [
            1.6772103,
            33.719476
          ],
          [
            1.6778041,
            33.7195638
          ],
          [
            1.6780396,
            33.7195986
          ],
          [
            1.6786024,
            33.7196819
          ],
          [
            1.6787417,
            33.719702
          ],
          [
            1.6792383,
            33.7197738
          ],
          [
            1.6794258,
            33.7198036
          ],
          [
            1.6798797,
            33.7198708
          ],
          [
            1.6805449,
            33.7199691
          ],
          [
            1.6807348,
            33.719994
          ],
          [
            1.6808867,
            33.720014
          ],
          [
            1.6814414,
            33.7201063
          ],
          [
            1.6822927,
            33.7202415
          ],
          [
            1.6827787,
            33.7203231
          ],
          [
            1.6836503,
            33.720441
          ],
          [
            1.6841737,
            33.7205392
          ],
          [
            1.6844805,
            33.7205968
          ],
          [
            1.6846131,
            33.7206163
          ],
          [
            1.6847668,
            33.7206388
          ],
          [
            1.6852025,
            33.7206775
          ],
          [
            1.6855656,
            33.7207098
          ],
          [
            1.6857782,
            33.7207287
          ],
          [
            1.6860032,
            33.7207487
          ],
          [
            1.6863819,
            33.7207823
          ],
          [
            1.6867107,
            33.7208116
          ],
          [
            1.6867848,
            33.7208182
          ],
          [
            1.6874995,
            33.7208697
          ]
        ]
      },
      "properties": {
        "name": "Sidi Taifour",
        "highway": "tertiary"
      }
    },
    {
      "type": "Feature",
      "geometry": {
        "type": "LineString",
        "coordinates": [
          [
            1.2615686,
            33.1005382
          ],
          [
            1.2616305,
            33.1006519
          ],
          [
            1.2618413,
            33.1011863
          ],
          [
            1.2623617,
            33.1022946
          ],
          [
            1.2623979,
            33.1023833
          ],
          [
            1.2623805,
            33.1024979
          ],
          [
            1.2623523,
            33.1025923
          ],
          [
            1.2622678,
            33.1027147
          ],
          [
            1.2622072,
            33.1027798
          ],
          [
            1.261837,
            33.1031031
          ],
          [
            1.2617457,
            33.1032313
          ],
          [
            1.2616478,
            33.1033853
          ],
          [
            1.2615901,
            33.1035223
          ],
          [
            1.2615566,
            33.1036549
          ],
          [
            1.2615633,
            33.1037661
          ],
          [
            1.2615915,
            33.1038807
          ],
          [
            1.2617068,
            33.1040672
          ],
          [
            1.2622025,
            33.1046929
          ],
          [
            1.2622702,
            33.1048611
          ],
          [
            1.2626789,
            33.1059682
          ],
          [
            1.2627326,
            33.1061735
          ],
          [
            1.2627606,
            33.1063437
          ],
          [
            1.2627489,
            33.1064767
          ],
          [
            1.2627069,
            33.1066958
          ],
          [
            1.2626252,
            33.1070322
          ],
          [
            1.2625831,
            33.1072845
          ],
          [
            1.2625785,
            33.1075075
          ],
          [
            1.2625715,
            33.1076894
          ],
          [
            1.2625831,
            33.1077754
          ],
          [
            1.2626088,
            33.1078419
          ],
          [
            1.2627022,
            33.1079437
          ],
          [
            1.2629894,
            33.1081803
          ],
          [
            1.2631715,
            33.1083407
          ],
          [
            1.2632556,
            33.1084463
          ],
          [
            1.2633233,
            33.1085871
          ],
          [
            1.2633513,
            33.1086849
          ],
          [
            1.2633887,
            33.1088883
          ],
          [
            1.2634517,
            33.1092228
          ],
          [
            1.2639968,
            33.1119037
          ],
          [
            1.2641455,
            33.1126134
          ],
          [
            1.2642099,
            33.1130425
          ],
          [
            1.2642716,
            33.1136086
          ],
          [
            1.264655,
            33.1174537
          ],
          [
            1.2646145,
            33.1178249
          ],
          [
            1.2645775,
            33.1179785
          ],
          [
            1.2645498,
            33.118092
          ],
          [
            1.2639737,
            33.11937
          ],
          [
            1.2637162,
            33.1199428
          ],
          [
            1.2636983,
            33.1200299
          ],
          [
            1.2636983,
            33.1201492
          ],
          [
            1.2637334,
            33.1203291
          ],
          [
            1.2638034,
            33.1205149
          ],
          [
            1.2639552,
            33.1207379
          ],
          [
            1.265822,
            33.123207
          ],
          [
            1.2659786,
            33.1234947
          ],
          [
            1.2660253,
            33.123636
          ],
          [
            1.2660497,
            33.1237688
          ],
          [
            1.2660375,
            33.1239084
          ],
          [
            1.266007,
            33.1240361
          ],
          [
            1.265946,
            33.1241604
          ],
          [
            1.2658058,
            33.1243681
          ],
          [
            1.2656432,
            33.1245162
          ],
          [
            1.2654135,
            33.1246912
          ],
          [
            1.2646829,
            33.1252685
          ],
          [
            1.2639704,
            33.1258346
          ],
          [
            1.2637886,
            33.1260282
          ],
          [
            1.26369,
            33.126183
          ],
          [
            1.2636192,
            33.1263378
          ],
          [
            1.2635144,
            33.1266216
          ],
          [
            1.2634066,
            33.1269467
          ],
          [
            1.263271,
            33.1275376
          ],
          [
            1.2631231,
            33.128144
          ],
          [
            1.2630091,
            33.1287116
          ],
          [
            1.2628643,
            33.1295063
          ],
          [
            1.262701,
            33.1304197
          ],
          [
            1.2626394,
            33.1309822
          ],
          [
            1.2625993,
            33.1313589
          ],
          [
            1.2626178,
            33.1316556
          ],
          [
            1.2626702,
            33.1320091
          ],
          [
            1.2628427,
            33.1327057
          ],
          [
            1.2630038,
            33.1336476
          ],
          [
            1.263006,
            33.1344176
          ],
          [
            1.262884,
            33.1351901
          ],
          [
            1.2627602,
            33.1356496
          ],
          [
            1.2626248,
            33.1360817
          ],
          [
            1.26248,
            33.1364708
          ],
          [
            1.2623166,
            33.1367758
          ],
          [
            1.2617655,
            33.1375012
          ],
          [
            1.2614666,
            33.1378356
          ],
          [
            1.2607358,
            33.1384984
          ],
          [
            1.2606618,
            33.1385597
          ],
          [
            1.2606013,
            33.1386099
          ],
          [
            1.2597648,
            33.1393033
          ],
          [
            1.2583824,
            33.1404438
          ],
          [
            1.2578273,
            33.1407137
          ],
          [
            1.2574849,
            33.1408801
          ],
          [
            1.2557229,
            33.1410162
          ],
          [
            1.2541053,
            33.140983
          ],
          [
            1.2529901,
            33.1405848
          ],
          [
            1.2511173,
            33.1396409
          ],
          [
            1.2508813,
            33.1396157
          ],
          [
            1.2506614,
            33.1397482
          ],
          [
            1.2503502,
            33.1403638
          ],
          [
            1.2503556,
            33.1406724
          ],
          [
            1.2520239,
            33.1430351
          ],
          [
            1.2521205,
            33.1435255
          ],
          [
            1.2519381,
            33.1439884
          ],
          [
            1.2509081,
            33.1448962
          ],
          [
            1.2506667,
            33.1452656
          ],
          [
            1.2506131,
            33.1456157
          ],
          [
            1.2506614,
            33.145984
          ],
          [
            1.2513251,
            33.1465575
          ]
        ]
      },
      "properties": {
        "highway": "primary",
        "ref": "RN 107"
      }
    },
    {
      "type": "Feature",
      "geometry": {
        "type": "LineString",
        "coordinates": [
          [
            1.2495162,
            34.0570988
          ],
          [
            1.2514101,
            34.0626192
          ],
          [
            1.2523787,
            34.0655968
          ],
          [
            1.2528015,
            34.0674627
          ],
          [
            1.2531032,
            34.0690583
          ],
          [
            1.2532963,
            34.0706813
          ],
          [
            1.2537011,
            34.0746489
          ],
          [
            1.2541849,
            34.0801249
          ],
          [
            1.2543272,
            34.0811241
          ],
          [
            1.2544851,
            34.0819349
          ],
          [
            1.2547613,
            34.0828074
          ],
          [
            1.2559473,
            34.0859145
          ],
          [
            1.2582168,
            34.0919485
          ],
          [
            1.2601319,
            34.0965459
          ],
          [
            1.2607138,
            34.0979363
          ],
          [
            1.2610503,
            34.0989034
          ],
          [
            1.2613013,
            34.0997702
          ],
          [
            1.2614941,
            34.1008479
          ],
          [
            1.2620001,
            34.1036508
          ],
          [
            1.2624953,
            34.105944
          ],
          [
            1.263092,
            34.1083401
          ],
          [
            1.2641771,
            34.1121556
          ],
          [
            1.2647504,
            34.1138768
          ],
          [
            1.2655392,
            34.1160067
          ],
          [
            1.2661515,
            34.1177157
          ],
          [
            1.2667176,
            34.1195294
          ],
          [
            1.267354,
            34.1217832
          ],
          [
            1.2677846,
            34.1239873
          ],
          [
            1.2680838,
            34.1255255
          ],
          [
            1.2683485,
            34.1273299
          ],
          [
            1.2686856,
            34.1296399
          ],
          [
            1.2698508,
            34.1372726
          ],
          [
            1.2700274,
            34.1388734
          ],
          [
            1.2700924,
            34.140499
          ],
          [
            1.2700702,
            34.1425483
          ],
          [
            1.2699589,
            34.1456008
          ],
          [
            1.2696912,
            34.150359
          ],
          [
            1.2695949,
            34.1516674
          ],
          [
            1.2694463,
            34.1530673
          ],
          [
            1.2692044,
            34.1545119
          ],
          [
            1.2689107,
            34.1557609
          ],
          [
            1.2686511,
            34.1567099
          ],
          [
            1.2682697,
            34.15793
          ],
          [
            1.2677239,
            34.1594901
          ],
          [
            1.2668079,
            34.1618949
          ],
          [
            1.2642987,
            34.1684504
          ],
          [
            1.2622787,
            34.1743626
          ],
          [
            1.2616691,
            34.1765164
          ],
          [
            1.2610806,
            34.1787768
          ],
          [
            1.2606928,
            34.1805739
          ],
          [
            1.2601839,
            34.1829313
          ],
          [
            1.2599357,
            34.1838016
          ],
          [
            1.2596093,
            34.1848222
          ],
          [
            1.2592375,
            34.1858703
          ],
          [
            1.2587768,
            34.1868823
          ],
          [
            1.2582377,
            34.1880165
          ],
          [
            1.2576959,
            34.1889347
          ],
          [
            1.2570874,
            34.1898757
          ],
          [
            1.2565351,
            34.1906759
          ],
          [
            1.2558156,
            34.1916796
          ],
          [
            1.2552882,
            34.1923628
          ],
          [
            1.2542064,
            34.1935693
          ],
          [
            1.2534445,
            34.1944815
          ],
          [
            1.2528934,
            34.1952742
          ],
          [
            1.2522805,
            34.1962652
          ],
          [
            1.2518567,
            34.1971925
          ],
          [
            1.2515516,
            34.1980605
          ],
          [
            1.2513918,
            34.1989062
          ],
          [
            1.2513134,
            34.1997907
          ],
          [
            1.2512895,
            34.2007915
          ],
          [
            1.2513875,
            34.2018791
          ],
          [
            1.2517249,
            34.2037682
          ],
          [
            1.2531623,
            34.2115272
          ],
          [
            1.2536161,
            34.2142565
          ],
          [
            1.2536214,
            34.2147803
          ],
          [
            1.2534382,
            34.2153466
          ],
          [
            1.2529935,
            34.2164064
          ],
          [
            1.2524445,
            34.2173892
          ],
          [
            1.2514442,
            34.2194558
          ],
          [
            1.2512362,
            34.2205079
          ],
          [
            1.2506179,
            34.2233872
          ],
          [
            1.2505091,
            34.2243155
          ],
          [
            1.2506469,
            34.2252321
          ],
          [
            1.2512963,
            34.2273131
          ],
          [
            1.2513391,
            34.2279279
          ],
          [
            1.2513386,
            34.228372
          ],
          [
            1.2513348,
            34.2292925
          ],
          [
            1.2513915,
            34.2298328
          ],
          [
            1.2515144,
            34.2301943
          ],
          [
            1.2517048,
            34.2306878
          ],
          [
            1.2521987,
            34.2315638
          ],
          [
            1.2543378,
            34.2348882
          ],
          [
            1.2551518,
            34.2361083
          ],
          [
            1.2570886,
            34.239735
          ],
          [
            1.2582054,
            34.2438167
          ],
          [
            1.258395,
            34.2460576
          ],
          [
            1.25837,
            34.2483341
          ],
          [
            1.2567458,
            34.2629651
          ],
          [
            1.2565601,
            34.2641788
          ],
          [
            1.2561076,
            34.2678269
          ],
          [
            1.2559294,
            34.2684931
          ],
          [
            1.2556054,
            34.2693436
          ],
          [
            1.2525398,
            34.2751948
          ],
          [
            1.2515315,
            34.2773191
          ],
          [
            1.2493806,
            34.2839156
          ],
          [
            1.2484709,
            34.2878425
          ],
          [
            1.2479164,
            34.2896723
          ],
          [
            1.2476831,
            34.2905896
          ],
          [
            1.2470265,
            34.2923503
          ],
          [
            1.245311,
            34.2970534
          ],
          [
            1.2451905,
            34.2975904
          ],
          [
            1.2451198,
            34.2983039
          ],
          [
            1.2450001,
            34.2988276
          ],
          [
            1.2448444,
            34.2993869
          ],
          [
            1.2445929,
            34.2998863
          ],
          [
            1.2442524,
            34.3003473
          ],
          [
            1.2439092,
            34.3007996
          ],
          [
            1.2425653,
            34.3023196
          ],
          [
            1.2415498,
            34.3035812
          ],
          [
            1.2412646,
            34.3040763
          ],
          [
            1.2409149,
            34.3048009
          ],
          [
            1.2406519,
            34.3053869
          ],
          [
            1.2400186,
            34.3070207
          ],
          [
            1.2385666,
            34.3103433
          ],
          [
            1.2359657,
            34.3167692
          ],
          [
            1.2350825,
            34.3189406
          ],
          [
            1.234704,
            34.319923
          ],
          [
            1.2315882,
            34.3282116
          ],
          [
            1.2307218,
            34.3300149
          ],
          [
            1.2280044,
            34.3358797
          ],
          [
            1.2278771,
            34.3365844
          ],
          [
            1.2278789,
            34.3374976
          ],
          [
            1.2280186,
            34.3384847
          ],
          [
            1.2290237,
            34.3432915
          ],
          [
            1.2291698,
            34.3441959
          ],
          [
            1.2292321,
            34.3446584
          ],
          [
            1.2292209,
            34.3453381
          ],
          [
            1.2290873,
            34.3464905
          ],
          [
            1.228308,
            34.3522469
          ],
          [
            1.2279447,
            34.354401
          ],
          [
            1.2278606,
            34.3561792
          ],
          [
            1.2276262,
            34.3601027
          ],
          [
            1.2278602,
            34.3680139
          ],
          [
            1.2279799,
            34.3765663
          ],
          [
            1.2279604,
            34.3779286
          ],
          [
            1.2276316,
            34.380962
          ],
          [
            1.2277716,
            34.3843575
          ],
          [
            1.2277176,
            34.3899942
          ],
          [
            1.2273427,
            34.3954883
          ],
          [
            1.2269052,
            34.4029033
          ],
          [
            1.2270629,
            34.4036352
          ],
          [
            1.2274044,
            34.4046426
          ],
          [
            1.2283895,
            34.4067472
          ],
          [
            1.2288377,
            34.4088829
          ],
          [
            1.2292235,
            34.4107897
          ],
          [
            1.2294177,
            34.4124737
          ],
          [
            1.2298426,
            34.4204178
          ],
          [
            1.2299698,
            34.4228169
          ],
          [
            1.2317569,
            34.4319916
          ],
          [
            1.2321057,
            34.4332256
          ],
          [
            1.23234,
            34.434188
          ],
          [
            1.2338406,
            34.4420457
          ],
          [
            1.2348032,
            34.447311
          ],
          [
            1.2351288,
            34.4495407
          ],
          [
            1.2357517,
            34.4546305
          ],
          [
            1.2362331,
            34.4574437
          ],
          [
            1.2364454,
            34.4584359
          ],
          [
            1.2365304,
            34.4594514
          ],
          [
            1.2367144,
            34.4611439
          ],
          [
            1.2369409,
            34.4627547
          ],
          [
            1.2375355,
            34.4658244
          ],
          [
            1.2377478,
            34.46712
          ],
          [
            1.2378045,
            34.4676919
          ],
          [
            1.2376912,
            34.4683105
          ],
          [
            1.2375497,
            34.4691975
          ],
          [
            1.2372948,
            34.4704346
          ],
          [
            1.2364879,
            34.4742043
          ],
          [
            1.2356668,
            34.4778455
          ],
          [
            1.2355111,
            34.4790241
          ],
          [
            1.2352563,
            34.480833
          ],
          [
            1.234874,
            34.4830385
          ],
          [
            1.2347891,
            34.4834703
          ],
          [
            1.2345343,
            34.4840771
          ],
          [
            1.2341945,
            34.4849522
          ],
          [
            1.2340388,
            34.4855474
          ],
          [
            1.2338689,
            34.4863058
          ],
          [
            1.2331186,
            34.4904249
          ],
          [
            1.2323116,
            34.4947304
          ],
          [
            1.2320427,
            34.4957454
          ],
          [
            1.2313207,
            34.4978689
          ],
          [
            1.2306411,
            34.499969
          ],
          [
            1.2305137,
            34.5006924
          ],
          [
            1.2300041,
            34.5034574
          ],
          [
            1.2294661,
            34.505884
          ],
          [
            1.229183,
            34.5067706
          ],
          [
            1.227739,
            34.5114019
          ],
          [
            1.2275974,
            34.5120435
          ],
          [
            1.2275125,
            34.51279
          ],
          [
            1.2274276,
            34.5139799
          ],
          [
            1.2273143,
            34.5144465
          ],
          [
            1.2270736,
            34.5152863
          ],
          [
            1.2264649,
            34.5174326
          ],
          [
            1.226295,
            34.5183541
          ],
          [
            1.2260827,
            34.5193689
          ],
          [
            1.2258986,
            34.5199405
          ],
          [
            1.2256013,
            34.5207803
          ],
          [
            1.2252899,
            34.5217484
          ],
          [
            1.2248793,
            34.5231131
          ],
          [
            1.223945,
            34.5269854
          ],
          [
            1.2235911,
            34.5283266
          ],
          [
            1.2231664,
            34.5294579
          ],
          [
            1.2227841,
            34.5304376
          ],
          [
            1.2226284,
            34.5312073
          ],
          [
            1.2224302,
            34.5323269
          ],
          [
            1.2223028,
            34.5328634
          ],
          [
            1.2219489,
            34.5340413
          ],
          [
            1.221241,
            34.5366536
          ],
          [
            1.2209154,
            34.5379597
          ],
          [
            1.2206181,
            34.5394057
          ],
          [
            1.2202784,
            34.5405719
          ],
          [
            1.2195705,
            34.5431257
          ],
          [
            1.2184663,
            34.5475917
          ],
          [
            1.2176311,
            34.5511363
          ],
          [
            1.2170506,
            34.5528153
          ],
          [
            1.2165976,
            34.5540629
          ],
          [
            1.2162022,
            34.5553661
          ],
          [
            1.2152495,
            34.5583198
          ],
          [
            1.213643,
            34.5635348
          ],
          [
            1.2094029,
            34.5768984
          ],
          [
            1.2072861,
            34.583701
          ],
          [
            1.2067175,
            34.5859446
          ],
          [
            1.2055588,
            34.5908025
          ],
          [
            1.2040568,
            34.5970187
          ],
          [
            1.2024712,
            34.6050731
          ],
          [
            1.2006915,
            34.6134679
          ],
          [
            1.2003486,
            34.6149814
          ],
          [
            1.2001758,
            34.615544
          ],
          [
            1.1997444,
            34.6167084
          ],
          [
            1.1978257,
            34.6218511
          ],
          [
            1.1974976,
            34.6228878
          ],
          [
            1.1954448,
            34.629871
          ],
          [
            1.1943416,
            34.6336627
          ],
          [
            1.1942751,
            34.6340324
          ],
          [
            1.1942581,
            34.6343911
          ],
          [
            1.1943552,
            34.6393553
          ],
          [
            1.1944164,
            34.6407488
          ],
          [
            1.1944727,
            34.6410245
          ],
          [
            1.1945948,
            34.6439846
          ],
          [
            1.1942573,
            34.6456234
          ],
          [
            1.1935316,
            34.6472587
          ],
          [
            1.1925129,
            34.648662
          ],
          [
            1.1908703,
            34.6503288
          ],
          [
            1.1899852,
            34.6509162
          ],
          [
            1.1892509,
            34.6514537
          ],
          [
            1.186595,
            34.653657
          ],
          [
            1.1852776,
            34.6546959
          ],
          [
            1.184675,
            34.6552782
          ],
          [
            1.1841585,
            34.6559627
          ],
          [
            1.1825977,
            34.6580463
          ],
          [
            1.1819276,
            34.6590223
          ],
          [
            1.1816884,
            34.6594072
          ],
          [
            1.1815185,
            34.6597819
          ],
          [
            1.180758,
            34.661705
          ],
          [
            1.1806539,
            34.6620899
          ],
          [
            1.1805416,
            34.6627942
          ],
          [
            1.1800119,
            34.6671436
          ],
          [
            1.1794576,
            34.6716876
          ],
          [
            1.179314,
            34.6726531
          ],
          [
            1.1792016,
            34.6731742
          ],
          [
            1.1790725,
            34.6736532
          ],
          [
            1.1789039,
            34.6741161
          ],
          [
            1.1786034,
            34.6748054
          ],
          [
            1.1776017,
            34.6767857
          ],
          [
            1.1772125,
            34.6774018
          ],
          [
            1.1766926,
            34.6782114
          ],
          [
            1.1761293,
            34.6789753
          ],
          [
            1.1750088,
            34.6806351
          ],
          [
            1.1739481,
            34.682495
          ],
          [
            1.1699478,
            34.6890101
          ],
          [
            1.168234,
            34.6918362
          ],
          [
            1.1667531,
            34.6945748
          ],
          [
            1.1635205,
            34.700972
          ],
          [
            1.1620255,
            34.70437
          ],
          [
            1.1618543,
            34.7048677
          ],
          [
            1.1617013,
            34.7055078
          ],
          [
            1.1616112,
            34.7062132
          ],
          [
            1.1614902,
            34.7072929
          ],
          [
            1.161235,
            34.7094295
          ],
          [
            1.1611541,
            34.7099026
          ],
          [
            1.1610784,
            34.7101645
          ],
          [
            1.1609156,
            34.710585
          ],
          [
            1.1604283,
            34.7116885
          ],
          [
            1.1600243,
            34.7124752
          ],
          [
            1.159593,
            34.7131733
          ],
          [
            1.1588923,
            34.7143272
          ],
          [
            1.1585695,
            34.7149214
          ],
          [
            1.1580152,
            34.7160284
          ],
          [
            1.1572534,
            34.7178865
          ],
          [
            1.1562838,
            34.7202031
          ],
          [
            1.1542244,
            34.724986
          ],
          [
            1.1538748,
            34.7258625
          ],
          [
            1.1536004,
            34.7266966
          ],
          [
            1.1526487,
            34.7296947
          ],
          [
            1.1517431,
            34.7326066
          ],
          [
            1.1515255,
            34.7332802
          ],
          [
            1.1512566,
            34.7341303
          ],
          [
            1.1508063,
            34.7353895
          ],
          [
            1.1500633,
            34.7373308
          ],
          [
            1.1491916,
            34.7392018
          ],
          [
            1.1490723,
            34.73947
          ],
          [
            1.1486753,
            34.7403621
          ],
          [
            1.1485063,
            34.7408077
          ],
          [
            1.1482777,
            34.7415607
          ],
          [
            1.1476422,
            34.7436239
          ],
          [
            1.1471488,
            34.7452114
          ],
          [
            1.1466828,
            34.746664
          ],
          [
            1.1464349,
            34.7473903
          ],
          [
            1.1462836,
            34.7477869
          ],
          [
            1.1460958,
            34.7482284
          ],
          [
            1.1458485,
            34.748757
          ],
          [
            1.1455421,
            34.7493789
          ],
          [
            1.1452273,
            34.7501142
          ],
          [
            1.1449578,
            34.7508184
          ],
          [
            1.1443085,
            34.7527315
          ],
          [
            1.1424523,
            34.7578496
          ],
          [
            1.142188,
            34.7584569
          ],
          [
            1.141779,
            34.7593777
          ],
          [
            1.1414638,
            34.7600831
          ],
          [
            1.1408007,
            34.7615135
          ],
          [
            1.1405779,
            34.7620447
          ],
          [
            1.1403845,
            34.762497
          ],
          [
            1.1402538,
            34.7628832
          ],
          [
            1.1399315,
            34.764167
          ],
          [
            1.1394103,
            34.7661225
          ],
          [
            1.1388077,
            34.7683126
          ],
          [
            1.138425,
            34.7697035
          ],
          [
            1.1379159,
            34.7711292
          ],
          [
            1.1372629,
            34.772908
          ],
          [
            1.1348476,
            34.7795708
          ],
          [
            1.133218,
            34.7841069
          ],
          [
            1.1324803,
            34.7861206
          ],
          [
            1.1320257,
            34.7869246
          ],
          [
            1.1316185,
            34.7875348
          ],
          [
            1.131195,
            34.7880173
          ],
          [
            1.1307433,
            34.788464
          ],
          [
            1.1302449,
            34.7888731
          ],
          [
            1.1297971,
            34.7892174
          ],
          [
            1.1291681,
            34.7896066
          ],
          [
            1.1282032,
            34.7901084
          ],
          [
            1.1251863,
            34.7915769
          ]
        ]
      },
      "properties": {
        "highway": "primary",
        "ref": "RN 111"
      }
    },
    {
      "type": "Feature",
      "geometry": {
        "type": "LineString",
        "coordinates": [
          [
            1.030824,
            33.685388
          ],
          [
            1.0311002,
            33.6854015
          ],
          [
            1.031772,
            33.6854395
          ],
          [
            1.0327095,
            33.6855276
          ],
          [
            1.0332906,
            33.6855772
          ],
          [
            1.0337983,
            33.6856147
          ]
        ]
      },
      "properties": {
        "name": "Route Tiaret - El Bayadh",
        "highway": "trunk",
        "maxspeed": "50",
        "ref": "RN 111"
      }
    },
    {
      "type": "Feature",
      "geometry": {
        "type": "LineString",
        "coordinates": [
          [
            1.2443488,
            33.9931542
          ],
          [
            1.2443083,
            33.9924089
          ],
          [
            1.2442142,
            33.9916996
          ],
          [
            1.2439535,
            33.9907225
          ],
          [
            1.2438047,
            33.9902794
          ],
          [
            1.2435851,
            33.9897246
          ],
          [
            1.243335,
            33.9891979
          ],
          [
            1.242971,
            33.9885846
          ],
          [
            1.2424004,
            33.9877246
          ],
          [
            1.2415404,
            33.9867078
          ],
          [
            1.2390283,
            33.9842718
          ],
          [
            1.2365588,
            33.9819064
          ],
          [
            1.2330334,
            33.9785381
          ],
          [
            1.2309726,
            33.9763632
          ],
          [
            1.2296089,
            33.9746005
          ],
          [
            1.2285713,
            33.9730088
          ],
          [
            1.2273365,
            33.9706996
          ],
          [
            1.2267234,
            33.9693648
          ],
          [
            1.2257169,
            33.9675033
          ],
          [
            1.2251055,
            33.9664622
          ],
          [
            1.2239048,
            33.9647036
          ],
          [
            1.2227552,
            33.9631004
          ],
          [
            1.2222272,
            33.962267
          ],
          [
            1.221505,
            33.9606542
          ],
          [
            1.2211579,
            33.9590691
          ],
          [
            1.2210372,
            33.9576496
          ],
          [
            1.2214437,
            33.9537004
          ],
          [
            1.2212791,
            33.9523619
          ],
          [
            1.2206074,
            33.9495037
          ],
          [
            1.2204305,
            33.9485076
          ],
          [
            1.2205196,
            33.9472111
          ],
          [
            1.2210643,
            33.9448266
          ],
          [
            1.2211117,
            33.943379
          ],
          [
            1.2208751,
            33.9407262
          ],
          [
            1.2209737,
            33.9396127
          ],
          [
            1.2216142,
            33.935761
          ],
          [
            1.2218523,
            33.9336164
          ],
          [
            1.2220078,
            33.9313173
          ],
          [
            1.2220975,
            33.926785
          ],
          [
            1.2218749,
            33.92529
          ],
          [
            1.2208021,
            33.9208742
          ],
          [
            1.2206283,
            33.91928
          ],
          [
            1.2205553,
            33.9179273
          ],
          [
            1.2206741,
            33.9165276
          ],
          [
            1.2210381,
            33.9134756
          ],
          [
            1.2212127,
            33.9108463
          ],
          [
            1.2213205,
            33.9055073
          ],
          [
            1.2213042,
            33.9043657
          ],
          [
            1.2212207,
            33.903711
          ],
          [
            1.2209544,
            33.9029061
          ],
          [
            1.2206482,
            33.9021707
          ],
          [
            1.2203831,
            33.9016578
          ],
          [
            1.2198648,
            33.9008424
          ],
          [
            1.2167698,
            33.897361
          ]
        ]
      },
      "properties": {
        "name": "Route Tiaret - El Bayadh",
        "highway": "primary",
        "maxspeed": "80",
        "ref": "RN 111"
      }
    },
    {
      "type": "Feature",
      "geometry": {
        "type": "LineString",
        "coordinates": [
          [
            1.0304655,
            33.6855257
          ],
          [
            1.0304398,
            33.6854878
          ],
          [
            1.0304312,
            33.6854659
          ],
          [
            1.030429,
            33.6854521
          ],
          [
            1.0304299,
            33.6853889
          ],
          [
            1.030454,
            33.6853385
          ],
          [
            1.0304814,
            33.6853087
          ],
          [
            1.030516,
            33.6852847
          ],
          [
            1.0305562,
            33.6852677
          ],
          [
            1.0306287,
            33.685257
          ],
          [
            1.030701,
            33.6852687
          ],
          [
            1.0307635,
            33.6853012
          ],
          [
            1.0308017,
            33.6853408
          ],
          [
            1.030824,
            33.685388
          ],
          [
            1.0308275,
            33.6854447
          ],
          [
            1.0308082,
            33.6854992
          ],
          [
            1.0307682,
            33.6855452
          ],
          [
            1.0307178,
            33.6855751
          ],
          [
            1.030659,
            33.6855909
          ],
          [
            1.0305971,
            33.6855912
          ],
          [
            1.0305469,
            33.6855792
          ],
          [
            1.030502,
            33.6855569
          ],
          [
            1.0304655,
            33.6855257
          ]
        ]
      },
      "properties": {
        "name": "دوار الحوض",
        "highway": "primary",
        "maxspeed": "30"
      }
    },
    {
      "type": "Feature",
      "geometry": {
        "type": "LineString",
        "coordinates": [
          [
            1.0130771,
            33.6917861
          ],
          [
            1.0135772,
            33.6916539
          ],
          [
            1.0136785,
            33.6916254
          ],
          [
            1.0143001,
            33.6914585
          ],
          [
            1.0147591,
            33.6913413
          ],
          [
            1.014881,
            33.6913114
          ],
          [
            1.0150799,
            33.6912616
          ],
          [
            1.0154859,
            33.6911211
          ],
          [
            1.015563,
            33.6911015
          ],
          [
            1.0162224,
            33.6908907
          ],
          [
            1.0165317,
            33.6907902
          ],
          [
            1.0167365,
            33.6907207
          ],
          [
            1.0171538,
            33.690559
          ],
          [
            1.0175904,
            33.6904022
          ],
          [
            1.0179439,
            33.6902802
          ],
          [
            1.0181747,
            33.6901856
          ],
          [
            1.0182632,
            33.6901555
          ],
          [
            1.0185286,
            33.6901028
          ],
          [
            1.0186963,
            33.6900693
          ],
          [
            1.0188666,
            33.6900381
          ],
          [
            1.0190336,
            33.6900007
          ],
          [
            1.019241,
            33.6899749
          ],
          [
            1.019515,
            33.6899378
          ],
          [
            1.0195941,
            33.6899322
          ],
          [
            1.0198255,
            33.6899187
          ],
          [
            1.0200615,
            33.6898718
          ],
          [
            1.0202949,
            33.6897881
          ],
          [
            1.0203591,
            33.6897649
          ]
        ]
      },
      "properties": {
        "highway": "primary",
        "maxspeed": "40"
      }
    },
    {
      "type": "Feature",
      "geometry": {
        "type": "LineString",
        "coordinates": [
          [
            1.1420725,
            33.6419391
          ],
          [
            1.142554,
            33.6415745
          ],
          [
            1.1440434,
            33.6403413
          ],
          [
            1.144579,
            33.6399322
          ],
          [
            1.145144,
            33.639571
          ],
          [
            1.1469233,
            33.6385343
          ],
          [
            1.1488286,
            33.6374424
          ],
          [
            1.1493587,
            33.6370918
          ],
          [
            1.149732,
            33.636754
          ],
          [
            1.1503008,
            33.6361001
          ],
          [
            1.1507026,
            33.635417
          ],
          [
            1.1509143,
            33.6346778
          ],
          [
            1.1510396,
            33.6338066
          ],
          [
            1.1510505,
            33.6304254
          ],
          [
            1.1510503,
            33.6283228
          ],
          [
            1.151143,
            33.6274255
          ],
          [
            1.1513448,
            33.6267933
          ],
          [
            1.1517344,
            33.6260721
          ],
          [
            1.1521728,
            33.6255561
          ],
          [
            1.1529168,
            33.6248072
          ]
        ]
      },
      "properties": {
        "highway": "secondary"
      }
    },
    {
      "type": "Feature",
      "geometry": {
        "type": "LineString",
        "coordinates": [
          [
            1.1263547,
            33.6336743
          ],
          [
            1.1266149,
            33.6339838
          ],
          [
            1.1283722,
            33.6351599
          ],
          [
            1.1290548,
            33.6355426
          ],
          [
            1.1298963,
            33.6359308
          ],
          [
            1.1350194,
            33.6382914
          ],
          [
            1.136432,
            33.6389357
          ],
          [
            1.1370572,
            33.6392677
          ],
          [
            1.1404703,
            33.6413327
          ],
          [
            1.141529,
            33.6419534
          ],
          [
            1.1421061,
            33.6423159
          ],
          [
            1.1428142,
            33.6427312
          ],
          [
            1.1436832,
            33.6432381
          ],
          [
            1.144681,
            33.6438047
          ],
          [
            1.1453515,
            33.6442674
          ],
          [
            1.1458853,
            33.6447274
          ],
          [
            1.1469126,
            33.6457591
          ],
          [
            1.147853,
            33.6467304
          ],
          [
            1.1484254,
            33.6472998
          ],
          [
            1.1490431,
            33.6479151
          ],
          [
            1.149762,
            33.6486229
          ],
          [
            1.1500624,
            33.6489578
          ],
          [
            1.1502984,
            33.6492972
          ],
          [
            1.1508939,
            33.6503287
          ],
          [
            1.1512037,
            33.6509962
          ],
          [
            1.1516436,
            33.6517887
          ],
          [
            1.1524617,
            33.6531998
          ],
          [
            1.1529337,
            33.6540192
          ],
          [
            1.1534674,
            33.6549837
          ],
          [
            1.1539181,
            33.6557428
          ],
          [
            1.1544868,
            33.6566888
          ],
          [
            1.1564729,
            33.6599815
          ],
          [
            1.1568457,
            33.6605887
          ],
          [
            1.1572078,
            33.6612071
          ],
          [
            1.1576477,
            33.6619684
          ],
          [
            1.1580832,
            33.6627322
          ],
          [
            1.1586079,
            33.6636941
          ],
          [
            1.1592141,
            33.6650708
          ],
          [
            1.1601073,
            33.6673143
          ],
          [
            1.1603326,
            33.667888
          ],
          [
            1.1605253,
            33.6684394
          ],
          [
            1.1608793,
            33.6693099
          ],
          [
            1.1611905,
            33.670118
          ],
          [
            1.1613004,
            33.6705756
          ],
          [
            1.1617069,
            33.6735848
          ],
          [
            1.161774,
            33.6744866
          ],
          [
            1.1617525,
            33.6750803
          ],
          [
            1.1616141,
            33.6764455
          ],
          [
            1.1616436,
            33.6769299
          ],
          [
            1.1618626,
            33.6780171
          ],
          [
            1.1620356,
            33.6787236
          ],
          [
            1.162131,
            33.6790583
          ],
          [
            1.1623804,
            33.67971
          ],
          [
            1.1626648,
            33.6802881
          ],
          [
            1.16322,
            33.6813862
          ],
          [
            1.1636304,
            33.6821697
          ],
          [
            1.1640319,
            33.6829257
          ],
          [
            1.164701,
            33.6841337
          ],
          [
            1.1656317,
            33.6859058
          ],
          [
            1.1660554,
            33.6868087
          ],
          [
            1.1664149,
            33.6874703
          ],
          [
            1.1675161,
            33.6897876
          ],
          [
            1.1682549,
            33.6910635
          ],
          [
            1.169015,
            33.6922072
          ],
          [
            1.1695772,
            33.6929649
          ],
          [
            1.1716077,
            33.6958682
          ],
          [
            1.1721736,
            33.6966002
          ],
          [
            1.1725867,
            33.6970197
          ],
          [
            1.1730655,
            33.6973901
          ],
          [
            1.1734879,
            33.6976133
          ],
          [
            1.1739848,
            33.697885
          ],
          [
            1.1745244,
            33.6981664
          ],
          [
            1.1753119,
            33.6986964
          ],
          [
            1.1760357,
            33.6992514
          ],
          [
            1.1764887,
            33.6995915
          ],
          [
            1.1777858,
            33.7005794
          ],
          [
            1.1786971,
            33.7012669
          ],
          [
            1.1801641,
            33.7023916
          ],
          [
            1.1809888,
            33.7030188
          ],
          [
            1.1823584,
            33.7040596
          ],
          [
            1.1833105,
            33.7048443
          ],
          [
            1.1844894,
            33.7058135
          ],
          [
            1.1861309,
            33.7069983
          ],
          [
            1.1879816,
            33.7084018
          ],
          [
            1.1906987,
            33.7105393
          ],
          [
            1.1913156,
            33.7112845
          ],
          [
            1.1920908,
            33.7123086
          ],
          [
            1.1927157,
            33.71321
          ],
          [
            1.1932709,
            33.7138682
          ],
          [
            1.1944335,
            33.715234
          ],
          [
            1.1953198,
            33.7163026
          ],
          [
            1.1960922,
            33.7171142
          ],
          [
            1.1979704,
            33.7188455
          ],
          [
            1.1993638,
            33.7198015
          ],
          [
            1.2033463,
            33.7221077
          ],
          [
            1.204729,
            33.7228823
          ],
          [
            1.2069145,
            33.7243902
          ],
          [
            1.2087911,
            33.7257362
          ],
          [
            1.2107555,
            33.7271512
          ],
          [
            1.2118169,
            33.7279837
          ],
          [
            1.2139786,
            33.7298809
          ],
          [
            1.2148315,
            33.7306616
          ],
          [
            1.2159946,
            33.7317699
          ],
          [
            1.2163663,
            33.7321818
          ],
          [
            1.2166973,
            33.7325936
          ],
          [
            1.2171229,
            33.7331784
          ],
          [
            1.2175098,
            33.7337641
          ],
          [
            1.2178609,
            33.734449
          ],
          [
            1.2181486,
            33.7350378
          ],
          [
            1.218285,
            33.7353701
          ],
          [
            1.2184051,
            33.7356957
          ],
          [
            1.2186534,
            33.7364888
          ],
          [
            1.2204677,
            33.7423889
          ],
          [
            1.2210696,
            33.7443463
          ],
          [
            1.2220714,
            33.7475342
          ],
          [
            1.2222517,
            33.7481302
          ],
          [
            1.2224439,
            33.7487926
          ],
          [
            1.2225532,
            33.7491701
          ],
          [
            1.2226377,
            33.7495746
          ],
          [
            1.2226675,
            33.7498203
          ],
          [
            1.2226741,
            33.749875
          ],
          [
            1.2226978,
            33.75016
          ],
          [
            1.2227139,
            33.750442
          ],
          [
            1.222769,
            33.7514104
          ],
          [
            1.2227779,
            33.7515674
          ],
          [
            1.2228189,
            33.7526262
          ],
          [
            1.222832,
            33.7528188
          ],
          [
            1.2228805,
            33.7530797
          ],
          [
            1.2229838,
            33.753271
          ],
          [
            1.2230408,
            33.753393
          ],
          [
            1.2230793,
            33.7535253
          ],
          [
            1.2231309,
            33.7537451
          ]
        ]
      },
      "properties": {
        "name": "El Bayadh-Stitten",
        "highway": "secondary"
      }
    },
    {
      "type": "Feature",
      "geometry": {
        "type": "LineString",
        "coordinates": [
          [
            1.2198648,
            33.9008424
          ],
          [
            1.2201621,
            33.9011122
          ],
          [
            1.2219049,
            33.9026941
          ],
          [
            1.2249255,
            33.9053028
          ],
          [
            1.2266354,
            33.9067641
          ],
          [
            1.2282722,
            33.9080974
          ],
          [
            1.2289498,
            33.9085403
          ],
          [
            1.2294428,
            33.908762
          ],
          [
            1.2302214,
            33.9089831
          ],
          [
            1.230712,
            33.9091795
          ]
        ]
      },
      "properties": {
        "highway": "secondary"
      }
    },
    {
      "type": "Feature",
      "geometry": {
        "type": "LineString",
        "coordinates": [
          [
            1.437638,
            33.7673286
          ],
          [
            1.437516,
            33.7672757
          ],
          [
            1.4373443,
            33.7672273
          ],
          [
            1.4370616,
            33.7672089
          ],
          [
            1.4365657,
            33.7672043
          ],
          [
            1.435801,
            33.767248
          ],
          [
            1.4354728,
            33.7672328
          ],
          [
            1.4353794,
            33.7672285
          ],
          [
            1.4352742,
            33.7672236
          ],
          [
            1.434455,
            33.7671017
          ],
          [
            1.4342549,
            33.767072
          ],
          [
            1.4341983,
            33.7670597
          ],
          [
            1.4339949,
            33.7670158
          ],
          [
            1.4336075,
            33.7669321
          ],
          [
            1.4333671,
            33.7668802
          ],
          [
            1.4333002,
            33.7668642
          ],
          [
            1.4328595,
            33.7667589
          ],
          [
            1.4324337,
            33.7666572
          ],
          [
            1.4319418,
            33.7665577
          ],
          [
            1.4318168,
            33.7665324
          ],
          [
            1.4313233,
            33.7664945
          ],
          [
            1.4309934,
            33.7665301
          ],
          [
            1.4289234,
            33.7669085
          ],
          [
            1.428173,
            33.7670304
          ],
          [
            1.427743,
            33.7671002
          ],
          [
            1.4270109,
            33.7672301
          ],
          [
            1.4267935,
            33.7672156
          ],
          [
            1.4264523,
            33.7670914
          ],
          [
            1.4233202,
            33.7657496
          ],
          [
            1.4224888,
            33.7654889
          ],
          [
            1.4216989,
            33.7653168
          ],
          [
            1.4208937,
            33.765038
          ],
          [
            1.4204145,
            33.7648241
          ],
          [
            1.4199699,
            33.7645632
          ],
          [
            1.4196313,
            33.7642443
          ],
          [
            1.4187999,
            33.7635084
          ],
          [
            1.4175557,
            33.7623876
          ],
          [
            1.4172216,
            33.7621669
          ],
          [
            1.4165046,
            33.7617892
          ],
          [
            1.4160508,
            33.7615525
          ],
          [
            1.415463,
            33.7611263
          ],
          [
            1.4151205,
            33.7607329
          ],
          [
            1.41474,
            33.7601969
          ],
          [
            1.4133533,
            33.7579084
          ],
          [
            1.4127412,
            33.7570391
          ],
          [
            1.4114448,
            33.7554892
          ],
          [
            1.4103791,
            33.7542002
          ],
          [
            1.410228,
            33.7540099
          ],
          [
            1.4100807,
            33.7532991
          ],
          [
            1.4098792,
            33.7521088
          ],
          [
            1.409533,
            33.7512905
          ],
          [
            1.4087138,
            33.7494425
          ],
          [
            1.4076753,
            33.7476495
          ],
          [
            1.4067826,
            33.7462126
          ],
          [
            1.4066141,
            33.7459665
          ],
          [
            1.4065781,
            33.7456676
          ],
          [
            1.406636,
            33.7453207
          ],
          [
            1.4065617,
            33.7451821
          ],
          [
            1.4064125,
            33.745122
          ],
          [
            1.4059412,
            33.7450539
          ],
          [
            1.4056205,
            33.7449334
          ],
          [
            1.4051686,
            33.7445785
          ],
          [
            1.4048157,
            33.744236
          ],
          [
            1.4044318,
            33.7440679
          ],
          [
            1.4041083,
            33.7438976
          ],
          [
            1.4032561,
            33.7432432
          ],
          [
            1.4028108,
            33.7426667
          ],
          [
            1.4017366,
            33.741653
          ],
          [
            1.4002946,
            33.7403614
          ],
          [
            1.3998408,
            33.7397651
          ],
          [
            1.3990354,
            33.738938
          ],
          [
            1.3986759,
            33.7388286
          ],
          [
            1.3978392,
            33.738513
          ],
          [
            1.3948992,
            33.7373201
          ],
          [
            1.3939137,
            33.7368799
          ],
          [
            1.3932909,
            33.7365507
          ],
          [
            1.392385,
            33.7357664
          ],
          [
            1.3914884,
            33.7350093
          ],
          [
            1.3908404,
            33.7343312
          ],
          [
            1.3895268,
            33.7329038
          ],
          [
            1.3889396,
            33.7321613
          ],
          [
            1.3887801,
            33.7318295
          ],
          [
            1.3882559,
            33.7305586
          ],
          [
            1.3879575,
            33.7300758
          ],
          [
            1.387628,
            33.7298733
          ],
          [
            1.387351,
            33.7296714
          ],
          [
            1.3870341,
            33.7291532
          ],
          [
            1.3866357,
            33.7284826
          ],
          [
            1.3857228,
            33.7273804
          ],
          [
            1.3844754,
            33.7259088
          ],
          [
            1.3841608,
            33.725536
          ],
          [
            1.3837708,
            33.7248525
          ],
          [
            1.3823268,
            33.7221368
          ],
          [
            1.3819234,
            33.7214057
          ],
          [
            1.381599,
            33.7202453
          ],
          [
            1.3813035,
            33.7196459
          ],
          [
            1.380715,
            33.718812
          ],
          [
            1.3801366,
            33.7174287
          ],
          [
            1.3784682,
            33.7136725
          ],
          [
            1.3777514,
            33.7122037
          ],
          [
            1.3771478,
            33.7104917
          ],
          [
            1.3766444,
            33.708547
          ],
          [
            1.3765046,
            33.7077131
          ],
          [
            1.376205,
            33.7071496
          ],
          [
            1.3754252,
            33.7057898
          ],
          [
            1.3752149,
            33.7052179
          ],
          [
            1.3746396,
            33.7028005
          ],
          [
            1.3745899,
            33.7021735
          ],
          [
            1.3749649,
            33.6981988
          ],
          [
            1.3748553,
            33.6976047
          ],
          [
            1.373785,
            33.691786
          ],
          [
            1.3734173,
            33.6894625
          ],
          [
            1.3731009,
            33.6883443
          ],
          [
            1.3706369,
            33.6816489
          ],
          [
            1.3677253,
            33.674821
          ],
          [
            1.3655722,
            33.6733582
          ],
          [
            1.3651,
            33.6726385
          ],
          [
            1.3638962,
            33.670425
          ],
          [
            1.3629654,
            33.6683205
          ],
          [
            1.3614815,
            33.6649653
          ],
          [
            1.358141,
            33.6579925
          ],
          [
            1.3580362,
            33.6574077
          ],
          [
            1.358146,
            33.656356
          ],
          [
            1.3592088,
            33.6530332
          ],
          [
            1.3593688,
            33.6519598
          ],
          [
            1.3600362,
            33.6514095
          ],
          [
            1.3604717,
            33.6508985
          ],
          [
            1.360697,
            33.6505139
          ],
          [
            1.3608196,
            33.6499326
          ],
          [
            1.3607943,
            33.6487678
          ],
          [
            1.3606587,
            33.6480746
          ],
          [
            1.3604039,
            33.647268
          ],
          [
            1.3598024,
            33.6452307
          ],
          [
            1.359554,
            33.6447973
          ],
          [
            1.3584311,
            33.642919
          ],
          [
            1.358185,
            33.642254
          ],
          [
            1.3575016,
            33.6408519
          ],
          [
            1.3569303,
            33.6400362
          ],
          [
            1.3561488,
            33.6392545
          ],
          [
            1.3552379,
            33.6381427
          ],
          [
            1.3547146,
            33.6377502
          ],
          [
            1.3544429,
            33.637541
          ],
          [
            1.3543835,
            33.6374953
          ],
          [
            1.3541796,
            33.6373383
          ],
          [
            1.3539733,
            33.6371434
          ],
          [
            1.3537341,
            33.6368878
          ],
          [
            1.3535539,
            33.6365565
          ],
          [
            1.3535231,
            33.6364732
          ],
          [
            1.3534699,
            33.6362828
          ],
          [
            1.3534455,
            33.6361943
          ],
          [
            1.3533792,
            33.6359524
          ],
          [
            1.3532778,
            33.6355821
          ],
          [
            1.3531956,
            33.635282
          ],
          [
            1.353107,
            33.6349587
          ],
          [
            1.3530178,
            33.634633
          ],
          [
            1.3529357,
            33.6343333
          ],
          [
            1.3526112,
            33.6332687
          ],
          [
            1.3526017,
            33.633241
          ],
          [
            1.352499,
            33.6328832
          ]
        ]
      },
      "properties": {
        "highway": "tertiary"
      }
    },
    {
      "type": "Feature",
      "geometry": {
        "type": "LineString",
        "coordinates": [
          [
            0.9586994,
            33.321176
          ],
          [
            0.9589214,
            33.3216224
          ],
          [
            0.9590543,
            33.3218898
          ],
          [
            0.9592348,
            33.3222529
          ],
          [
            0.9592562,
            33.3222959
          ],
          [
            0.9593615,
            33.3225077
          ],
          [
            0.9595005,
            33.322837
          ],
          [
            0.9596837,
            33.3232711
          ],
          [
            0.9598031,
            33.3235539
          ],
          [
            0.9599474,
            33.3238834
          ],
          [
            0.960048,
            33.3241154
          ],
          [
            0.9601705,
            33.3243938
          ],
          [
            0.9609306,
            33.3261211
          ],
          [
            0.9613416,
            33.3271512
          ],
          [
            0.961624,
            33.3279795
          ],
          [
            0.9618089,
            33.329174
          ],
          [
            0.9619383,
            33.3299257
          ],
          [
            0.9622341,
            33.3320726
          ],
          [
            0.9623142,
            33.3326235
          ],
          [
            0.9622526,
            33.3329684
          ],
          [
            0.9621355,
            33.3333031
          ],
          [
            0.9619876,
            33.3335039
          ],
          [
            0.9616117,
            33.3338025
          ],
          [
            0.9612481,
            33.3340599
          ],
          [
            0.9602807,
            33.3347703
          ],
          [
            0.9598,
            33.3353058
          ],
          [
            0.9586909,
            33.3366494
          ],
          [
            0.9575817,
            33.3383277
          ],
          [
            0.9574153,
            33.3387447
          ],
          [
            0.9571811,
            33.3395581
          ],
          [
            0.9569593,
            33.3401965
          ],
          [
            0.9566759,
            33.3407627
          ],
          [
            0.9560843,
            33.3416482
          ],
          [
            0.955721,
            33.342038
          ],
          [
            0.9547101,
            33.3427549
          ],
          [
            0.9544698,
            33.3430381
          ],
          [
            0.9543712,
            33.3433109
          ],
          [
            0.9543466,
            33.3436198
          ],
          [
            0.954402,
            33.3452259
          ],
          [
            0.9544821,
            33.3468988
          ],
          [
            0.9545992,
            33.3479077
          ],
          [
            0.9547533,
            33.3487674
          ],
          [
            0.9549566,
            33.3497866
          ],
          [
            0.9552154,
            33.3502395
          ],
          [
            0.9555051,
            33.3505484
          ],
          [
            0.9570949,
            33.3515109
          ],
          [
            0.958469,
            33.3523293
          ],
          [
            0.9590298,
            33.3526073
          ],
          [
            0.9598432,
            33.3528543
          ],
          [
            0.9611434,
            33.3532147
          ],
          [
            0.961624,
            33.3534051
          ],
          [
            0.9631461,
            33.3541978
          ],
          [
            0.9643538,
            33.3548411
          ],
          [
            0.965235,
            33.3553713
          ],
          [
            0.9657649,
            33.3557625
          ],
          [
            0.9664551,
            33.3564007
          ],
          [
            0.9673301,
            33.3571727
          ],
          [
            0.9686673,
            33.3580374
          ],
          [
            0.9718531,
            33.3598851
          ],
          [
            0.9740899,
            33.3612079
          ],
          [
            0.9752423,
            33.3618666
          ],
          [
            0.9776455,
            33.3631996
          ],
          [
            0.9793216,
            33.3638944
          ],
          [
            0.9811948,
            33.3646149
          ],
          [
            0.9867777,
            33.3668279
          ],
          [
            0.9874617,
            33.3671984
          ],
          [
            0.9880717,
            33.3675947
          ],
          [
            0.9886387,
            33.3680887
          ],
          [
            0.9891563,
            33.3686394
          ],
          [
            0.9897478,
            33.369504
          ],
          [
            0.9908755,
            33.3711868
          ],
          [
            0.9912514,
            33.3716602
          ],
          [
            0.9939442,
            33.3740737
          ],
          [
            0.9960517,
            33.3761475
          ],
          [
            0.9977339,
            33.3779588
          ],
          [
            0.9989787,
            33.3795025
          ],
          [
            0.9995086,
            33.3801508
          ],
          [
            1.0002665,
            33.3814424
          ],
          [
            1.0007842,
            33.3825898
          ],
          [
            1.0010245,
            33.3830323
          ],
          [
            1.0012648,
            33.3832999
          ],
          [
            1.0015483,
            33.3834388
          ],
          [
            1.0020905,
            33.3836446
          ],
          [
            1.0026882,
            33.383763
          ],
          [
            1.0031073,
            33.3838916
          ],
          [
            1.0034893,
            33.384118
          ],
          [
            1.0046909,
            33.384967
          ],
          [
            1.0053256,
            33.3854712
          ],
          [
            1.0054612,
            33.385677
          ],
          [
            1.0055475,
            33.3859754
          ],
          [
            1.0055475,
            33.3862173
          ],
          [
            1.0054797,
            33.3872875
          ],
          [
            1.0055228,
            33.3876373
          ],
          [
            1.0056892,
            33.3880129
          ],
          [
            1.005874,
            33.3882805
          ],
          [
            1.0062314,
            33.3886304
          ],
          [
            1.008154,
            33.3901739
          ],
          [
            1.0086532,
            33.3906215
          ],
          [
            1.0095343,
            33.3915784
          ],
          [
            1.0106558,
            33.3928544
          ],
          [
            1.0139053,
            33.3964143
          ],
          [
            1.0181939,
            33.4011342
          ],
          [
            1.0198219,
            33.4029188
          ],
          [
            1.0209545,
            33.4043251
          ],
          [
            1.0229152,
            33.407256
          ],
          [
            1.0237433,
            33.4085441
          ],
          [
            1.0245432,
            33.4101927
          ],
          [
            1.0251166,
            33.4115576
          ],
          [
            1.0260792,
            33.4137733
          ],
          [
            1.0266809,
            33.4148309
          ],
          [
            1.0281461,
            33.4172533
          ],
          [
            1.0290026,
            33.4186712
          ],
          [
            1.0297175,
            33.4198528
          ],
          [
            1.0306448,
            33.4213771
          ],
          [
            1.0320109,
            33.424077
          ],
          [
            1.0333063,
            33.4267827
          ],
          [
            1.0334478,
            33.4271844
          ],
          [
            1.0336035,
            33.4277456
          ],
          [
            1.0336389,
            33.4281709
          ],
          [
            1.0335894,
            33.4286554
          ],
          [
            1.0332567,
            33.4302031
          ],
          [
            1.033009,
            33.4309474
          ],
          [
            1.0327825,
            33.431355
          ],
          [
            1.0325206,
            33.4317508
          ],
          [
            1.0310129,
            33.4332099
          ],
          [
            1.0306165,
            33.4337533
          ],
          [
            1.0302484,
            33.4344503
          ],
          [
            1.0300219,
            33.4351415
          ],
          [
            1.0296892,
            33.4361043
          ],
          [
            1.0293494,
            33.4372502
          ],
          [
            1.0291371,
            33.4380063
          ],
          [
            1.0290805,
            33.4384257
          ],
          [
            1.0291088,
            33.4389041
          ],
          [
            1.0292362,
            33.4396307
          ],
          [
            1.029668,
            33.4413495
          ],
          [
            1.0306235,
            33.4450292
          ],
          [
            1.0313739,
            33.4482835
          ],
          [
            1.0325064,
            33.4537111
          ],
          [
            1.033554,
            33.458902
          ],
          [
            1.0337876,
            33.4599768
          ],
          [
            1.0343185,
            33.4613232
          ],
          [
            1.0346299,
            33.4622857
          ],
          [
            1.0347856,
            33.4632601
          ],
          [
            1.034814,
            33.4650552
          ],
          [
            1.0347361,
            33.4654627
          ],
          [
            1.0345662,
            33.4659114
          ],
          [
            1.0338654,
            33.4675943
          ],
          [
            1.0336106,
            33.4684741
          ],
          [
            1.0335965,
            33.468728
          ],
          [
            1.0335894,
            33.4690232
          ],
          [
            1.0336814,
            33.4694071
          ],
          [
            1.0340212,
            33.4702514
          ],
          [
            1.0342548,
            33.470836
          ],
          [
            1.0344246,
            33.4712611
          ],
          [
            1.0348847,
            33.4721527
          ],
          [
            1.0357129,
            33.4734162
          ],
          [
            1.0366826,
            33.4755123
          ],
          [
            1.0373409,
            33.477071
          ],
          [
            1.0378577,
            33.4776909
          ],
          [
            1.0382965,
            33.4781101
          ],
          [
            1.0386717,
            33.4784171
          ],
          [
            1.039691,
            33.4789248
          ],
          [
            1.0433576,
            33.4806311
          ],
          [
            1.044568,
            33.4812274
          ],
          [
            1.0448299,
            33.481493
          ],
          [
            1.0450776,
            33.4818473
          ],
          [
            1.0456934,
            33.4830753
          ],
          [
            1.0460828,
            33.4836125
          ],
          [
            1.0466419,
            33.4839785
          ],
          [
            1.0478807,
            33.4848464
          ],
          [
            1.0490911,
            33.4859149
          ],
          [
            1.0498909,
            33.4868831
          ],
          [
            1.0502378,
            33.4874734
          ],
          [
            1.0505846,
            33.4877804
          ],
          [
            1.0513915,
            33.4883589
          ],
          [
            1.0523613,
            33.48866
          ],
          [
            1.053777,
            33.4893448
          ],
          [
            1.0548812,
            33.489882
          ],
          [
            1.0557731,
            33.4904428
          ],
          [
            1.0561553,
            33.4907852
          ],
          [
            1.0569693,
            33.4915703
          ],
          [
            1.0589937,
            33.4941086
          ],
          [
            1.059581,
            33.4948167
          ],
          [
            1.0604853,
            33.4958486
          ],
          [
            1.0607405,
            33.4961402
          ],
          [
            1.0611232,
            33.4965457
          ],
          [
            1.0615632,
            33.4969892
          ],
          [
            1.062916,
            33.4980287
          ],
          [
            1.0636677,
            33.4985595
          ],
          [
            1.0648614,
            33.4993682
          ],
          [
            1.065096,
            33.4995663
          ],
          [
            1.0651873,
            33.4997103
          ],
          [
            1.0652369,
            33.4999287
          ],
          [
            1.065383,
            33.5012908
          ],
          [
            1.0654833,
            33.5021382
          ],
          [
            1.0655926,
            33.5028694
          ],
          [
            1.0656382,
            33.5032476
          ],
          [
            1.0656333,
            33.503423
          ],
          [
            1.0656171,
            33.5036111
          ],
          [
            1.0655786,
            33.5038063
          ],
          [
            1.0652224,
            33.505044
          ],
          [
            1.0651113,
            33.5054955
          ],
          [
            1.0650117,
            33.5059003
          ],
          [
            1.0649921,
            33.5061169
          ],
          [
            1.0650006,
            33.506375
          ],
          [
            1.0650265,
            33.5065278
          ],
          [
            1.0650765,
            33.5066866
          ],
          [
            1.0651664,
            33.5068744
          ],
          [
            1.0653443,
            33.5071316
          ],
          [
            1.0655554,
            33.5073362
          ],
          [
            1.0657908,
            33.5075485
          ],
          [
            1.0660792,
            33.5077611
          ],
          [
            1.0663627,
            33.5078989
          ],
          [
            1.0667233,
            33.5080208
          ],
          [
            1.0675394,
            33.5081652
          ],
          [
            1.0676929,
            33.5081923
          ],
          [
            1.0678781,
            33.5082229
          ],
          [
            1.0680753,
            33.5082628
          ],
          [
            1.0687902,
            33.5084575
          ],
          [
            1.0699299,
            33.5088697
          ],
          [
            1.0703491,
            33.5090109
          ],
          [
            1.0706475,
            33.5090975
          ],
          [
            1.070843,
            33.5091363
          ],
          [
            1.0710963,
            33.5091727
          ],
          [
            1.0720371,
            33.5092501
          ],
          [
            1.0731829,
            33.5094324
          ],
          [
            1.073823,
            33.5095376
          ],
          [
            1.0746864,
            33.5097103
          ],
          [
            1.0757388,
            33.5099335
          ],
          [
            1.0774564,
            33.5103436
          ],
          [
            1.0782332,
            33.5105691
          ],
          [
            1.0787936,
            33.5107422
          ],
          [
            1.0793768,
            33.5108561
          ],
          [
            1.0795727,
            33.5109222
          ],
          [
            1.0797777,
            33.5109586
          ],
          [
            1.0799053,
            33.5109609
          ],
          [
            1.0801695,
            33.5109768
          ],
          [
            1.0805682,
            33.5109723
          ],
          [
            1.082279,
            33.5109108
          ],
          [
            1.0826799,
            33.5108994
          ],
          [
            1.0829441,
            33.5108721
          ],
          [
            1.0830353,
            33.5108652
          ],
          [
            1.083238,
            33.5108652
          ],
          [
            1.0840194,
            33.5108994
          ],
          [
            1.0853702,
            33.5109153
          ],
          [
            1.0865411,
            33.5110133
          ],
          [
            1.0879694,
            33.5110589
          ],
          [
            1.0881357,
            33.5110657
          ],
          [
            1.0884136,
            33.5110953
          ],
          [
            1.0886688,
            33.5111295
          ],
          [
            1.0889581,
            33.5111955
          ],
          [
            1.0901426,
            33.5114438
          ],
          [
            1.0913545,
            33.5117719
          ],
          [
            1.0918671,
            33.5119291
          ],
          [
            1.0928284,
            33.5122047
          ],
          [
            1.093202,
            33.5122821
          ],
          [
            1.0934845,
            33.5123368
          ],
          [
            1.0936325,
            33.512355
          ],
          [
            1.0938011,
            33.512355
          ],
          [
            1.0946098,
            33.5123118
          ],
          [
            1.0953547,
            33.5123072
          ],
          [
            1.0965848,
            33.512371
          ],
          [
            1.0969971,
            33.5123892
          ],
          [
            1.0979972,
            33.512453
          ],
          [
            1.0984232,
            33.5125145
          ],
          [
            1.0991521,
            33.5126671
          ],
          [
            1.0995872,
            33.5127605
          ],
          [
            1.1002,
            33.5128699
          ],
          [
            1.1006852,
            33.5129564
          ],
          [
            1.1009836,
            33.5130316
          ],
          [
            1.1015622,
            33.5132161
          ],
          [
            1.102773,
            33.5135817
          ],
          [
            1.1041854,
            33.5140328
          ],
          [
            1.1065568,
            33.5147185
          ],
          [
            1.1084122,
            33.5153233
          ],
          [
            1.1111959,
            33.516485
          ],
          [
            1.1130001,
            33.5172505
          ],
          [
            1.1144079,
            33.5176787
          ],
          [
            1.1169809,
            33.5184385
          ]
        ]
      },
      "properties": {
        "highway": "secondary"
      }
    },
    {
      "type": "Feature",
      "geometry": {
        "type": "LineString",
        "coordinates": [
          [
            1.0128004,
            33.6917931
          ],
          [
            1.0127838,
            33.6918396
          ],
          [
            1.0127513,
            33.6918799
          ],
          [
            1.0127212,
            33.6919018
          ],
          [
            1.0126821,
            33.6919195
          ],
          [
            1.0126393,
            33.6919292
          ],
          [
            1.0125742,
            33.691928
          ],
          [
            1.0125135,
            33.6919087
          ],
          [
            1.0124639,
            33.6918737
          ],
          [
            1.0124314,
            33.6918268
          ],
          [
            1.0124197,
            33.6917736
          ],
          [
            1.012424,
            33.691738
          ],
          [
            1.0124378,
            33.6917041
          ],
          [
            1.0124604,
            33.6916737
          ],
          [
            1.0124905,
            33.6916482
          ],
          [
            1.0125344,
            33.691626
          ],
          [
            1.0125839,
            33.6916144
          ],
          [
            1.0126352,
            33.6916141
          ],
          [
            1.0126895,
            33.6916226
          ],
          [
            1.0127234,
            33.6916432
          ],
          [
            1.0127559,
            33.6916682
          ],
          [
            1.0127806,
            33.6916987
          ],
          [
            1.0127993,
            33.6917446
          ],
          [
            1.0128004,
            33.6917931
          ]
        ]
      },
      "properties": {
        "highway": "primary",
        "maxspeed": "40"
      }
    },
    {
      "type": "Feature",
      "geometry": {
        "type": "LineString",
        "coordinates": [
          [
            1.011917,
            33.6921694
          ],
          [
            1.0119591,
            33.6922537
          ],
          [
            1.012141,
            33.6926436
          ],
          [
            1.0123099,
            33.6929839
          ],
          [
            1.0124725,
            33.6932973
          ],
          [
            1.012634,
            33.6936266
          ],
          [
            1.0127202,
            33.693813
          ],
          [
            1.0128365,
            33.6940958
          ],
          [
            1.0130891,
            33.6946219
          ],
          [
            1.0133117,
            33.6950895
          ],
          [
            1.0134003,
            33.6953539
          ],
          [
            1.0134378,
            33.695499
          ],
          [
            1.0134901,
            33.6958125
          ],
          [
            1.0135632,
            33.6962203
          ],
          [
            1.0135934,
            33.6963548
          ],
          [
            1.0136624,
            33.6964836
          ],
          [
            1.0137121,
            33.6965483
          ],
          [
            1.0137865,
            33.6966114
          ],
          [
            1.0139059,
            33.6966917
          ],
          [
            1.0140017,
            33.6967258
          ],
          [
            1.0141285,
            33.6967442
          ],
          [
            1.0142445,
            33.6967364
          ],
          [
            1.0143954,
            33.6967029
          ],
          [
            1.0146522,
            33.6966437
          ],
          [
            1.0147453,
            33.6966205
          ],
          [
            1.0151947,
            33.6965087
          ],
          [
            1.0156338,
            33.6964186
          ],
          [
            1.0158987,
            33.6963642
          ],
          [
            1.0166444,
            33.6962097
          ],
          [
            1.0170937,
            33.6961087
          ],
          [
            1.0172418,
            33.6960669
          ],
          [
            1.0173143,
            33.6960479
          ],
          [
            1.0176241,
            33.6959693
          ],
          [
            1.0179593,
            33.6958833
          ],
          [
            1.0183516,
            33.695798
          ],
          [
            1.0186976,
            33.6957076
          ],
          [
            1.0190839,
            33.6956128
          ],
          [
            1.0192743,
            33.6955581
          ],
          [
            1.0194285,
            33.6955123
          ],
          [
            1.019627,
            33.6954577
          ],
          [
            1.0197973,
            33.6954141
          ],
          [
            1.0199971,
            33.6953595
          ],
          [
            1.0201567,
            33.6953227
          ],
          [
            1.0203016,
            33.695307
          ],
          [
            1.0204196,
            33.6953204
          ],
          [
            1.0205457,
            33.6953584
          ],
          [
            1.020661,
            33.6954075
          ],
          [
            1.0213477,
            33.6959888
          ]
        ]
      },
      "properties": {
        "name": "Route Aouled Yahia",
        "highway": "tertiary",
        "maxspeed": "40"
      }
    },
    {
      "type": "Feature",
      "geometry": {
        "type": "LineString",
        "coordinates": [
          [
            1.0007455,
            33.6951708
          ],
          [
            1.00105,
            33.6950945
          ],
          [
            1.0016368,
            33.6949511
          ],
          [
            1.0021048,
            33.6948635
          ],
          [
            1.0027398,
            33.6947374
          ],
          [
            1.0033621,
            33.6946041
          ],
          [
            1.0044926,
            33.6943575
          ],
          [
            1.0056949,
            33.6940947
          ],
          [
            1.006059,
            33.6940071
          ],
          [
            1.0066109,
            33.6938498
          ],
          [
            1.0077836,
            33.6934655
          ],
          [
            1.0086024,
            33.6932029
          ],
          [
            1.0088768,
            33.693118
          ],
          [
            1.0091071,
            33.6930477
          ],
          [
            1.0093221,
            33.6929821
          ],
          [
            1.0097208,
            33.692858
          ],
          [
            1.0099778,
            33.6927711
          ],
          [
            1.0108159,
            33.6925253
          ],
          [
            1.0113323,
            33.6923802
          ],
          [
            1.0116206,
            33.6922876
          ],
          [
            1.011917,
            33.6921694
          ],
          [
            1.0121544,
            33.6920254
          ],
          [
            1.0121879,
            33.6920087
          ],
          [
            1.0122114,
            33.6919903
          ],
          [
            1.0123113,
            33.6919038
          ],
          [
            1.0124197,
            33.6917736
          ]
        ]
      },
      "properties": {
        "highway": "trunk",
        "maxspeed": "60",
        "ref": "RN 47"
      }
    },
    {
      "type": "Feature",
      "geometry": {
        "type": "LineString",
        "coordinates": [
          [
            1.014418,
            33.6833747
          ],
          [
            1.014332,
            33.6833491
          ],
          [
            1.0142829,
            33.6833173
          ],
          [
            1.0142452,
            33.6832762
          ],
          [
            1.0142213,
            33.6832284
          ],
          [
            1.014213,
            33.6831801
          ],
          [
            1.0142188,
            33.6831316
          ],
          [
            1.0142385,
            33.6830856
          ],
          [
            1.0142709,
            33.6830449
          ],
          [
            1.014348,
            33.682995
          ],
          [
            1.0144424,
            33.6829746
          ],
          [
            1.0145216,
            33.6829821
          ],
          [
            1.0145935,
            33.6830106
          ],
          [
            1.0146504,
            33.683057
          ],
          [
            1.0146905,
            33.6831294
          ],
          [
            1.0146936,
            33.6832092
          ],
          [
            1.0146592,
            33.6832836
          ],
          [
            1.0145929,
            33.6833411
          ],
          [
            1.0145094,
            33.6833718
          ],
          [
            1.014418,
            33.6833747
          ]
        ]
      },
      "properties": {
        "name": "Rond-point Centre Ville",
        "highway": "primary"
      }
    },
    {
      "type": "Feature",
      "geometry": {
        "type": "LineString",
        "coordinates": [
          [
            1.0130771,
            33.6917861
          ],
          [
            1.0129926,
            33.6918402
          ],
          [
            1.0129108,
            33.6918619
          ],
          [
            1.0127513,
            33.6918799
          ]
        ]
      },
      "properties": {
        "highway": "primary",
        "maxspeed": "30",
        "ref": "RN 6A;RN 47"
      }
    },
    {
      "type": "Feature",
      "geometry": {
        "type": "LineString",
        "coordinates": [
          [
            1.0127806,
            33.6916987
          ],
          [
            1.0129,
            33.6917498
          ],
          [
            1.0129564,
            33.6917727
          ],
          [
            1.0130771,
            33.6917861
          ]
        ]
      },
      "properties": {
        "highway": "primary",
        "maxspeed": "30",
        "ref": "RN 6A;RN 47"
      }
    },
    {
      "type": "Feature",
      "geometry": {
        "type": "LineString",
        "coordinates": [
          [
            1.0125742,
            33.691928
          ],
          [
            1.0125004,
            33.6919886
          ],
          [
            1.0123408,
            33.69206
          ],
          [
            1.0121463,
            33.6921537
          ],
          [
            1.0119591,
            33.6922537
          ],
          [
            1.0116783,
            33.6923646
          ],
          [
            1.0113886,
            33.6924639
          ],
          [
            1.0110386,
            33.6925465
          ],
          [
            1.0104814,
            33.6927256
          ],
          [
            1.0100985,
            33.6928444
          ],
          [
            1.0100149,
            33.6928723
          ],
          [
            1.0093594,
            33.6930737
          ],
          [
            1.0082949,
            33.6934176
          ],
          [
            1.0078393,
            33.6935646
          ],
          [
            1.0075711,
            33.6936507
          ],
          [
            1.0066553,
            33.6939443
          ],
          [
            1.006112,
            33.6941041
          ],
          [
            1.0057276,
            33.6942008
          ],
          [
            1.0047914,
            33.6944166
          ],
          [
            1.0040662,
            33.694584
          ],
          [
            1.0036672,
            33.6946621
          ]
        ]
      },
      "properties": {
        "highway": "trunk",
        "maxspeed": "60",
        "ref": "RN 47"
      }
    },
    {
      "type": "Feature",
      "geometry": {
        "type": "LineString",
        "coordinates": [
          [
            1.0113373,
            33.6888095
          ],
          [
            1.0112669,
            33.6882754
          ],
          [
            1.0112342,
            33.6878938
          ],
          [
            1.0112301,
            33.6878297
          ],
          [
            1.0111885,
            33.6872327
          ]
        ]
      },
      "properties": {
        "highway": "primary",
        "maxspeed": "40"
      }
    },
    {
      "type": "Feature",
      "geometry": {
        "type": "LineString",
        "coordinates": [
          [
            1.0113373,
            33.6888095
          ],
          [
            1.0113992,
            33.6888908
          ],
          [
            1.0114047,
            33.6890155
          ],
          [
            1.0114525,
            33.6891462
          ],
          [
            1.0116454,
            33.6899192
          ],
          [
            1.0116635,
            33.6899639
          ],
          [
            1.0116729,
            33.6899859
          ],
          [
            1.011693,
            33.690033
          ],
          [
            1.0117158,
            33.6900894
          ],
          [
            1.0117762,
            33.6901982
          ],
          [
            1.0118687,
            33.6903338
          ],
          [
            1.0120518,
            33.6905943
          ],
          [
            1.0121799,
            33.6907344
          ],
          [
            1.0123649,
            33.6909832
          ],
          [
            1.0123911,
            33.6910479
          ],
          [
            1.0124923,
            33.6912036
          ],
          [
            1.0126291,
            33.691463
          ],
          [
            1.0126653,
            33.6915428
          ],
          [
            1.0126895,
            33.6916226
          ]
        ]
      },
      "properties": {
        "highway": "primary",
        "maxspeed": "50"
      }
    },
    {
      "type": "Feature",
      "geometry": {
        "type": "LineString",
        "coordinates": [
          [
            1.0124604,
            33.6916737
          ],
          [
            1.0124668,
            33.6916047
          ],
          [
            1.0124682,
            33.69154
          ],
          [
            1.0124722,
            33.6914586
          ],
          [
            1.0124722,
            33.6914095
          ],
          [
            1.0124588,
            33.6913514
          ],
          [
            1.0122995,
            33.6911037
          ],
          [
            1.0122469,
            33.6910323
          ],
          [
            1.0119438,
            33.6906351
          ],
          [
            1.0116018,
            33.6901675
          ],
          [
            1.0115522,
            33.6900849
          ],
          [
            1.0115133,
            33.6900102
          ],
          [
            1.0114878,
            33.6899332
          ],
          [
            1.0112845,
            33.689145
          ],
          [
            1.0112745,
            33.6890287
          ],
          [
            1.0112688,
            33.6889069
          ],
          [
            1.0113373,
            33.6888095
          ]
        ]
      },
      "properties": {
        "highway": "primary",
        "maxspeed": "50"
      }
    },
    {
      "type": "Feature",
      "geometry": {
        "type": "LineString",
        "coordinates": [
          [
            1.0105291,
            33.6448567
          ],
          [
            1.010582,
            33.644776
          ],
          [
            1.010624,
            33.644641
          ],
          [
            1.0106652,
            33.6444812
          ]
        ]
      },
      "properties": {
        "highway": "secondary",
        "maxspeed": "30"
      }
    },
    {
      "type": "Feature",
      "geometry": {
        "type": "LineString",
        "coordinates": [
          [
            0.9950388,
            33.6162107
          ],
          [
            0.993585,
            33.6156546
          ],
          [
            0.9924468,
            33.6152158
          ],
          [
            0.9914875,
            33.6148549
          ],
          [
            0.9905907,
            33.6144943
          ],
          [
            0.9893301,
            33.6140408
          ],
          [
            0.9883118,
            33.6136331
          ],
          [
            0.987128,
            33.613192
          ],
          [
            0.9859836,
            33.6127552
          ],
          [
            0.9847123,
            33.612275
          ],
          [
            0.9841481,
            33.6120394
          ],
          [
            0.9828454,
            33.6115512
          ],
          [
            0.9821067,
            33.6112691
          ]
        ]
      },
      "properties": {
        "highway": "secondary"
      }
    },
    {
      "type": "Feature",
      "geometry": {
        "type": "LineString",
        "coordinates": [
          [
            0.9821067,
            33.6112691
          ],
          [
            0.9818628,
            33.6110767
          ],
          [
            0.9816509,
            33.6107997
          ],
          [
            0.9815651,
            33.6105986
          ],
          [
            0.98149,
            33.6103194
          ],
          [
            0.9814954,
            33.6102323
          ]
        ]
      },
      "properties": {
        "highway": "secondary"
      }
    },
    {
      "type": "Feature",
      "geometry": {
        "type": "LineString",
        "coordinates": [
          [
            1.0083788,
            33.6926215
          ],
          [
            1.0086103,
            33.6925062
          ],
          [
            1.0088795,
            33.692372
          ],
          [
            1.0092578,
            33.6921587
          ],
          [
            1.0092758,
            33.6921435
          ],
          [
            1.0092876,
            33.6921246
          ],
          [
            1.009292,
            33.6921036
          ],
          [
            1.0092888,
            33.6920825
          ],
          [
            1.0092781,
            33.6920631
          ],
          [
            1.0086389,
            33.6912275
          ],
          [
            1.0085893,
            33.6911633
          ],
          [
            1.0085269,
            33.6910786
          ]
        ]
      },
      "properties": {
        "highway": "tertiary"
      }
    },
    {
      "type": "Feature",
      "geometry": {
        "type": "LineString",
        "coordinates": [
          [
            1.0106775,
            33.6889435
          ],
          [
            1.010709,
            33.6890602
          ],
          [
            1.0107281,
            33.6891336
          ],
          [
            1.0108279,
            33.6895208
          ],
          [
            1.0108762,
            33.6896804
          ],
          [
            1.0108928,
            33.6897584
          ],
          [
            1.0108922,
            33.6898851
          ],
          [
            1.0108609,
            33.6899507
          ],
          [
            1.0108041,
            33.689989
          ],
          [
            1.0107517,
            33.6900145
          ],
          [
            1.0106168,
            33.6900855
          ],
          [
            1.0103412,
            33.6902306
          ],
          [
            1.0098928,
            33.6904662
          ],
          [
            1.0094642,
            33.690695
          ],
          [
            1.0090247,
            33.6909335
          ],
          [
            1.0085893,
            33.6911633
          ]
        ]
      },
      "properties": {
        "highway": "tertiary",
        "maxspeed": "40"
      }
    },
    {
      "type": "Feature",
      "geometry": {
        "type": "LineString",
        "coordinates": [
          [
            1.0108207,
            33.6450951
          ],
          [
            1.0107376,
            33.6452159
          ],
          [
            1.0106922,
            33.6453051
          ],
          [
            1.0106602,
            33.6454661
          ]
        ]
      },
      "properties": {
        "highway": "secondary",
        "maxspeed": "40"
      }
    },
    {
      "type": "Feature",
      "geometry": {
        "type": "LineString",
        "coordinates": [
          [
            1.0109299,
            33.6226089
          ],
          [
            1.0109246,
            33.62195
          ],
          [
            1.0108735,
            33.6209188
          ],
          [
            1.0107427,
            33.62061
          ],
          [
            1.0106291,
            33.6203466
          ],
          [
            1.0104749,
            33.620117
          ],
          [
            1.0102071,
            33.6197661
          ],
          [
            1.0098282,
            33.6194511
          ],
          [
            1.0095273,
            33.6192721
          ],
          [
            1.0092265,
            33.6191398
          ],
          [
            1.0088092,
            33.6190273
          ],
          [
            1.0076657,
            33.6187851
          ],
          [
            1.003217,
            33.6179518
          ],
          [
            1.0011077,
            33.6175567
          ],
          [
            0.9968439,
            33.616758
          ],
          [
            0.995763,
            33.6164837
          ],
          [
            0.9950388,
            33.6162107
          ]
        ]
      },
      "properties": {
        "highway": "secondary"
      }
    },
    {
      "type": "Feature",
      "geometry": {
        "type": "LineString",
        "coordinates": [
          [
            0.9832428,
            33.5957177
          ],
          [
            0.9833523,
            33.5953973
          ],
          [
            0.9834748,
            33.595126
          ],
          [
            0.9839881,
            33.5943763
          ],
          [
            0.9842858,
            33.5940345
          ],
          [
            0.984655,
            33.5936536
          ],
          [
            0.985128,
            33.5931296
          ],
          [
            0.9855643,
            33.5926795
          ],
          [
            0.9859005,
            33.5923409
          ],
          [
            0.9865835,
            33.5918126
          ],
          [
            0.9870511,
            33.5915544
          ],
          [
            0.9873247,
            33.5914226
          ],
          [
            0.9886113,
            33.5909256
          ],
          [
            0.9893623,
            33.5906575
          ],
          [
            0.9896761,
            33.5905502
          ],
          [
            0.9911701,
            33.5901592
          ],
          [
            0.9919747,
            33.5899648
          ],
          [
            0.9933427,
            33.5896297
          ],
          [
            0.9942466,
            33.5894375
          ],
          [
            0.9951532,
            33.5892476
          ],
          [
            0.9961617,
            33.5890242
          ],
          [
            0.9967759,
            33.5888432
          ],
          [
            0.9975108,
            33.588593
          ],
          [
            0.9981045,
            33.5883497
          ],
          [
            0.9992273,
            33.5877666
          ],
          [
            0.9997748,
            33.5874231
          ],
          [
            1.00122,
            33.5864097
          ],
          [
            1.0014799,
            33.5861384
          ],
          [
            1.0015873,
            33.585968
          ],
          [
            1.002114,
            33.5850298
          ],
          [
            1.0026858,
            33.5843398
          ],
          [
            1.0031896,
            33.5838662
          ],
          [
            1.0033877,
            33.5837249
          ],
          [
            1.0038576,
            33.58339
          ],
          [
            1.0049245,
            33.582749
          ],
          [
            1.0056072,
            33.5823997
          ],
          [
            1.006238,
            33.5822236
          ],
          [
            1.0069241,
            33.5821399
          ],
          [
            1.0084247,
            33.5820533
          ],
          [
            1.0088995,
            33.5820359
          ],
          [
            1.0093638,
            33.5819609
          ],
          [
            1.0098421,
            33.5817848
          ],
          [
            1.010251,
            33.5815653
          ],
          [
            1.0107431,
            33.581268
          ],
          [
            1.0112941,
            33.5808522
          ],
          [
            1.0114431,
            33.5806472
          ],
          [
            1.0116199,
            33.5803499
          ],
          [
            1.0117619,
            33.5798504
          ],
          [
            1.011852,
            33.5795068
          ],
          [
            1.0120808,
            33.5791748
          ],
          [
            1.0123407,
            33.5789236
          ],
          [
            1.0125798,
            33.5787302
          ],
          [
            1.0127854,
            33.5785174
          ]
        ]
      },
      "properties": {
        "highway": "secondary"
      }
    },
    {
      "type": "Feature",
      "geometry": {
        "type": "LineString",
        "coordinates": [
          [
            1.0106652,
            33.6444812
          ],
          [
            1.0106759,
            33.644278
          ],
          [
            1.0107047,
            33.6433889
          ],
          [
            1.0107073,
            33.6381883
          ],
          [
            1.0107596,
            33.6340903
          ],
          [
            1.0107605,
            33.6339923
          ],
          [
            1.0107833,
            33.6324791
          ],
          [
            1.010837,
            33.6321687
          ],
          [
            1.0109156,
            33.631318
          ],
          [
            1.010946,
            33.630448
          ],
          [
            1.0109269,
            33.6295619
          ],
          [
            1.0109604,
            33.6286937
          ],
          [
            1.0109299,
            33.6226089
          ]
        ]
      },
      "properties": {
        "highway": "secondary"
      }
    },
    {
      "type": "Feature",
      "geometry": {
        "type": "LineString",
        "coordinates": [
          [
            1.014332,
            33.6833491
          ],
          [
            1.0142033,
            33.6833905
          ],
          [
            1.0140851,
            33.6834039
          ]
        ]
      },
      "properties": {
        "highway": "primary"
      }
    },
    {
      "type": "Feature",
      "geometry": {
        "type": "LineString",
        "coordinates": [
          [
            1.0140851,
            33.6834039
          ],
          [
            1.0141449,
            33.6833378
          ],
          [
            1.0142213,
            33.6832284
          ]
        ]
      },
      "properties": {
        "highway": "primary"
      }
    },
    {
      "type": "Feature",
      "geometry": {
        "type": "LineString",
        "coordinates": [
          [
            0.98149,
            33.6103194
          ],
          [
            0.9814095,
            33.6106433
          ],
          [
            0.9813702,
            33.6107203
          ],
          [
            0.9812996,
            33.6107907
          ],
          [
            0.9811869,
            33.6108578
          ],
          [
            0.9810669,
            33.6108681
          ]
        ]
      },
      "properties": {
        "highway": "secondary_link"
      }
    },
    {
      "type": "Feature",
      "geometry": {
        "type": "LineString",
        "coordinates": [
          [
            1.0111885,
            33.6872327
          ],
          [
            1.0111132,
            33.6869113
          ],
          [
            1.0110511,
            33.6866605
          ]
        ]
      },
      "properties": {
        "highway": "primary",
        "maxspeed": "50"
      }
    },
    {
      "type": "Feature",
      "geometry": {
        "type": "LineString",
        "coordinates": [
          [
            1.0106652,
            33.6444812
          ],
          [
            1.0106777,
            33.6445762
          ],
          [
            1.010692,
            33.6446978
          ],
          [
            1.0107393,
            33.6448086
          ],
          [
            1.0108246,
            33.644892
          ]
        ]
      },
      "properties": {
        "highway": "secondary",
        "maxspeed": "30"
      }
    },
    {
      "type": "Feature",
      "geometry": {
        "type": "LineString",
        "coordinates": [
          [
            1.009747,
            33.6694842
          ],
          [
            1.0098731,
            33.6694739
          ],
          [
            1.010152,
            33.6694672
          ],
          [
            1.0110242,
            33.669456
          ],
          [
            1.0110869,
            33.6694572
          ],
          [
            1.0117642,
            33.6694469
          ],
          [
            1.012031,
            33.6694507
          ],
          [
            1.0126935,
            33.669459
          ]
        ]
      },
      "properties": {
        "highway": "tertiary",
        "maxspeed": "40"
      }
    },
    {
      "type": "Feature",
      "geometry": {
        "type": "LineString",
        "coordinates": [
          [
            1.0096251,
            33.6734938
          ],
          [
            1.0099134,
            33.6734213
          ],
          [
            1.0102777,
            33.6733503
          ],
          [
            1.0104337,
            33.6733252
          ],
          [
            1.01119,
            33.6732248
          ],
          [
            1.011352,
            33.6732013
          ],
          [
            1.0120578,
            33.6730873
          ],
          [
            1.0122016,
            33.6730646
          ],
          [
            1.0129103,
            33.6729536
          ],
          [
            1.013474,
            33.6728629
          ],
          [
            1.0144177,
            33.6727225
          ],
          [
            1.0146019,
            33.6726745
          ],
          [
            1.0147119,
            33.6726466
          ],
          [
            1.0148044,
            33.6726243
          ],
          [
            1.014942,
            33.6725823
          ]
        ]
      },
      "properties": {
        "highway": "secondary",
        "maxspeed": "50"
      }
    },
    {
      "type": "Feature",
      "geometry": {
        "type": "LineString",
        "coordinates": [
          [
            1.0149425,
            33.6727144
          ],
          [
            1.0149214,
            33.6726716
          ],
          [
            1.0149213,
            33.6726253
          ],
          [
            1.014942,
            33.6725823
          ],
          [
            1.0150112,
            33.6725352
          ],
          [
            1.0150776,
            33.6725274
          ],
          [
            1.0151412,
            33.6725452
          ],
          [
            1.0151884,
            33.6725848
          ],
          [
            1.0152016,
            33.6726078
          ],
          [
            1.0152092,
            33.6726364
          ],
          [
            1.0152053,
            33.672678
          ],
          [
            1.0151847,
            33.6727161
          ],
          [
            1.0151498,
            33.6727461
          ],
          [
            1.0151047,
            33.6727645
          ],
          [
            1.0150621,
            33.6727692
          ],
          [
            1.0150198,
            33.6727634
          ],
          [
            1.0149813,
            33.6727476
          ],
          [
            1.0149425,
            33.6727144
          ]
        ]
      },
      "properties": {
        "highway": "secondary",
        "maxspeed": "30"
      }
    },
    {
      "type": "Feature",
      "geometry": {
        "type": "LineString",
        "coordinates": [
          [
            1.0149813,
            33.6727476
          ],
          [
            1.0148658,
            33.6727604
          ],
          [
            1.0144398,
            33.6728138
          ],
          [
            1.0143042,
            33.6728307
          ],
          [
            1.0140583,
            33.6728598
          ],
          [
            1.0135132,
            33.672937
          ],
          [
            1.0132389,
            33.6729792
          ],
          [
            1.0130701,
            33.6730063
          ],
          [
            1.0128574,
            33.673039
          ],
          [
            1.0125134,
            33.6730919
          ],
          [
            1.0122278,
            33.6731318
          ],
          [
            1.0120866,
            33.6731562
          ],
          [
            1.0114619,
            33.6732504
          ],
          [
            1.0112389,
            33.6732852
          ],
          [
            1.010453,
            33.6733999
          ],
          [
            1.0102871,
            33.6734246
          ],
          [
            1.0100334,
            33.6734714
          ],
          [
            1.0098007,
            33.6735179
          ],
          [
            1.009608,
            33.6735646
          ]
        ]
      },
      "properties": {
        "highway": "secondary",
        "maxspeed": "50"
      }
    },
    {
      "type": "Feature",
      "geometry": {
        "type": "LineString",
        "coordinates": [
          [
            1.0153442,
            33.6729675
          ],
          [
            1.0152476,
            33.672857
          ],
          [
            1.0151654,
            33.6728046
          ],
          [
            1.0151047,
            33.6727645
          ]
        ]
      },
      "properties": {
        "highway": "secondary",
        "maxspeed": "40"
      }
    },
    {
      "type": "Feature",
      "geometry": {
        "type": "LineString",
        "coordinates": [
          [
            1.0302418,
            33.6858545
          ],
          [
            1.0303433,
            33.6856489
          ],
          [
            1.0304398,
            33.6854878
          ]
        ]
      },
      "properties": {
        "highway": "primary",
        "maxspeed": "30",
        "ref": "RN 6A;RN 47"
      }
    },
    {
      "type": "Feature",
      "geometry": {
        "type": "LineString",
        "coordinates": [
          [
            1.0307183,
            33.6850784
          ],
          [
            1.0307547,
            33.6852212
          ],
          [
            1.0307635,
            33.6853012
          ]
        ]
      },
      "properties": {
        "name": "Aflou - El Bayadh",
        "highway": "primary",
        "ref": "RN 47"
      }
    },
    {
      "type": "Feature",
      "geometry": {
        "type": "LineString",
        "coordinates": [
          [
            1.0305971,
            33.6855912
          ],
          [
            1.0304683,
            33.6856867
          ],
          [
            1.0303747,
            33.6857543
          ],
          [
            1.0302418,
            33.6858545
          ]
        ]
      },
      "properties": {
        "highway": "primary",
        "maxspeed": "30",
        "ref": "RN 6A;RN 47"
      }
    },
    {
      "type": "Feature",
      "geometry": {
        "type": "LineString",
        "coordinates": [
          [
            1.0305562,
            33.6852677
          ],
          [
            1.0307183,
            33.6850784
          ]
        ]
      },
      "properties": {
        "highway": "primary"
      }
    },
    {
      "type": "Feature",
      "geometry": {
        "type": "LineString",
        "coordinates": [
          [
            1.030429,
            33.6854521
          ],
          [
            1.0303786,
            33.6854339
          ],
          [
            1.0303411,
            33.6854317
          ],
          [
            1.0299803,
            33.6854183
          ],
          [
            1.0293473,
            33.6854115
          ],
          [
            1.0290764,
            33.6854132
          ],
          [
            1.0288699,
            33.6854213
          ],
          [
            1.0288491,
            33.6854222
          ],
          [
            1.0284184,
            33.6854629
          ],
          [
            1.0277034,
            33.6855276
          ],
          [
            1.0269977,
            33.6855834
          ],
          [
            1.0262561,
            33.6856582
          ]
        ]
      },
      "properties": {
        "highway": "primary"
      }
    },
    {
      "type": "Feature",
      "geometry": {
        "type": "LineString",
        "coordinates": [
          [
            1.026254,
            33.6856028
          ],
          [
            1.026991,
            33.6855036
          ],
          [
            1.0276884,
            33.6854272
          ],
          [
            1.0284051,
            33.6853671
          ],
          [
            1.0288565,
            33.6853424
          ],
          [
            1.0290892,
            33.6853323
          ],
          [
            1.0293373,
            33.6853217
          ],
          [
            1.0298263,
            33.685326
          ],
          [
            1.0299843,
            33.6853281
          ],
          [
            1.0302362,
            33.6853312
          ],
          [
            1.0304001,
            33.6853342
          ],
          [
            1.030454,
            33.6853385
          ]
        ]
      },
      "properties": {
        "highway": "primary"
      }
    },
    {
      "type": "Feature",
      "geometry": {
        "type": "LineString",
        "coordinates": [
          [
            1.6147391,
            33.3278278
          ],
          [
            1.6146636,
            33.3278804
          ],
          [
            1.613917,
            33.3283917
          ],
          [
            1.6131693,
            33.328905
          ],
          [
            1.6104834,
            33.3308542
          ],
          [
            1.6075046,
            33.3332067
          ],
          [
            1.607311,
            33.3333385
          ],
          [
            1.6071572,
            33.3334025
          ],
          [
            1.6069919,
            33.3334415
          ],
          [
            1.6068443,
            33.3334393
          ],
          [
            1.6066725,
            33.3334058
          ],
          [
            1.6063867,
            33.3333494
          ],
          [
            1.6055282,
            33.3331292
          ],
          [
            1.6023034,
            33.3322863
          ],
          [
            1.600686,
            33.3318785
          ],
          [
            1.5991121,
            33.3314746
          ],
          [
            1.5987441,
            33.3313765
          ],
          [
            1.5983201,
            33.3312772
          ],
          [
            1.597922,
            33.3311864
          ],
          [
            1.5977141,
            33.3311345
          ],
          [
            1.5971964,
            33.3309574
          ],
          [
            1.5965996,
            33.3307349
          ],
          [
            1.5950709,
            33.3301936
          ],
          [
            1.5832972,
            33.3260147
          ],
          [
            1.5773588,
            33.3238979
          ],
          [
            1.574395,
            33.3228524
          ],
          [
            1.5729654,
            33.322328
          ],
          [
            1.571753,
            33.321873
          ],
          [
            1.5710471,
            33.3216029
          ],
          [
            1.5700927,
            33.3212275
          ],
          [
            1.5691875,
            33.3208708
          ],
          [
            1.5669733,
            33.3199814
          ],
          [
            1.5645969,
            33.3190333
          ],
          [
            1.5622821,
            33.3181155
          ],
          [
            1.5618422,
            33.3179205
          ],
          [
            1.5610859,
            33.3176089
          ],
          [
            1.5599897,
            33.317144
          ],
          [
            1.5575748,
            33.3161722
          ],
          [
            1.555297,
            33.3151966
          ],
          [
            1.5549704,
            33.3150313
          ],
          [
            1.5548014,
            33.3149551
          ],
          [
            1.5545815,
            33.314861
          ],
          [
            1.5542543,
            33.3147287
          ],
          [
            1.5538602,
            33.3145702
          ],
          [
            1.5518886,
            33.3137851
          ],
          [
            1.5499644,
            33.3130229
          ],
          [
            1.5438902,
            33.3106027
          ],
          [
            1.5379234,
            33.3082814
          ],
          [
            1.5357269,
            33.3074185
          ],
          [
            1.5339271,
            33.3067102
          ],
          [
            1.5337206,
            33.3066273
          ],
          [
            1.533616,
            33.3065735
          ],
          [
            1.5334336,
            33.3064703
          ],
          [
            1.5332177,
            33.3063331
          ],
          [
            1.5324058,
            33.3058319
          ],
          [
            1.5317009,
            33.3053742
          ],
          [
            1.5312181,
            33.3050872
          ],
          [
            1.5310143,
            33.3049751
          ],
          [
            1.5307565,
            33.3048492
          ],
          [
            1.5304591,
            33.3047241
          ],
          [
            1.5298032,
            33.3044347
          ],
          [
            1.5295444,
            33.3043273
          ],
          [
            1.5293433,
            33.3042466
          ],
          [
            1.5289356,
            33.3041188
          ],
          [
            1.5280998,
            33.3038891
          ],
          [
            1.5271492,
            33.3036324
          ],
          [
            1.5259256,
            33.303318
          ],
          [
            1.5245367,
            33.3029698
          ],
          [
            1.5239037,
            33.3027805
          ],
          [
            1.5232439,
            33.3025586
          ],
          [
            1.5227479,
            33.3024038
          ],
          [
            1.5219457,
            33.3021035
          ],
          [
            1.5211886,
            33.3018347
          ],
          [
            1.5206153,
            33.3016327
          ],
          [
            1.5204115,
            33.3015632
          ],
          [
            1.5202665,
            33.3015342
          ],
          [
            1.520044,
            33.3015184
          ],
          [
            1.5194884,
            33.3014967
          ],
          [
            1.516147,
            33.3014254
          ],
          [
            1.5136523,
            33.3013458
          ],
          [
            1.5120564,
            33.3013122
          ],
          [
            1.5116487,
            33.3013211
          ],
          [
            1.5113171,
            33.3013525
          ],
          [
            1.5110962,
            33.3013817
          ],
          [
            1.5108843,
            33.3014422
          ],
          [
            1.5106614,
            33.301544
          ],
          [
            1.5104712,
            33.3016215
          ],
          [
            1.5102934,
            33.3016656
          ],
          [
            1.5100555,
            33.3017067
          ],
          [
            1.5099026,
            33.3017426
          ],
          [
            1.5097524,
            33.3018054
          ],
          [
            1.5095777,
            33.3019158
          ],
          [
            1.5087278,
            33.3025272
          ],
          [
            1.5079253,
            33.303097
          ],
          [
            1.5074457,
            33.303471
          ],
          [
            1.5069665,
            33.3039123
          ],
          [
            1.5061073,
            33.3047532
          ],
          [
            1.5060149,
            33.3048709
          ],
          [
            1.5058954,
            33.3050424
          ],
          [
            1.5058471,
            33.3051522
          ],
          [
            1.5058234,
            33.3052559
          ],
          [
            1.5058096,
            33.3053966
          ],
          [
            1.5058183,
            33.3056199
          ],
          [
            1.5058391,
            33.305818
          ],
          [
            1.5059142,
            33.3061431
          ],
          [
            1.5059919,
            33.3064143
          ],
          [
            1.5063701,
            33.3074365
          ],
          [
            1.5067564,
            33.3083667
          ],
          [
            1.5069602,
            33.3088083
          ],
          [
            1.5071503,
            33.3091488
          ],
          [
            1.5074806,
            33.3097476
          ],
          [
            1.5076549,
            33.3101376
          ],
          [
            1.5077557,
            33.3103865
          ],
          [
            1.5081109,
            33.3113166
          ],
          [
            1.5083067,
            33.3117582
          ],
          [
            1.5084473,
            33.3120204
          ],
          [
            1.5086554,
            33.3123746
          ],
          [
            1.5088539,
            33.312684
          ],
          [
            1.5090075,
            33.3129963
          ],
          [
            1.5091409,
            33.3133654
          ],
          [
            1.5092616,
            33.3137419
          ],
          [
            1.5093444,
            33.3140195
          ],
          [
            1.5094198,
            33.3143202
          ],
          [
            1.5094761,
            33.3145847
          ],
          [
            1.5095003,
            33.3148425
          ],
          [
            1.5095026,
            33.3150973
          ],
          [
            1.5094869,
            33.3155933
          ],
          [
            1.5094547,
            33.3159699
          ],
          [
            1.5093972,
            33.3163012
          ],
          [
            1.5092884,
            33.3167611
          ],
          [
            1.5091861,
            33.3172006
          ],
          [
            1.5088674,
            33.3186332
          ],
          [
            1.5087949,
            33.3190495
          ],
          [
            1.5087627,
            33.3192894
          ],
          [
            1.5087578,
            33.3195189
          ],
          [
            1.5087573,
            33.3198721
          ],
          [
            1.5087868,
            33.3202979
          ],
          [
            1.5088213,
            33.3206983
          ],
          [
            1.5088572,
            33.3211417
          ],
          [
            1.5089129,
            33.3232676
          ],
          [
            1.5090273,
            33.3255573
          ],
          [
            1.5091274,
            33.327156
          ],
          [
            1.5091964,
            33.3286924
          ],
          [
            1.5092776,
            33.3297209
          ],
          [
            1.5093594,
            33.3307955
          ],
          [
            1.5094654,
            33.3316348
          ],
          [
            1.5095271,
            33.3320628
          ],
          [
            1.5095712,
            33.3322881
          ],
          [
            1.5096505,
            33.3324931
          ],
          [
            1.5097658,
            33.3327328
          ],
          [
            1.5099218,
            33.3329561
          ],
          [
            1.5102018,
            33.3333009
          ],
          [
            1.5107421,
            33.3340012
          ],
          [
            1.5110365,
            33.3344346
          ],
          [
            1.5111089,
            33.3345599
          ],
          [
            1.5112197,
            33.3347518
          ],
          [
            1.5115381,
            33.3353242
          ],
          [
            1.5118908,
            33.3359481
          ],
          [
            1.5123508,
            33.3367248
          ],
          [
            1.5127842,
            33.3374248
          ],
          [
            1.5128899,
            33.3376323
          ],
          [
            1.5129367,
            33.3377549
          ],
          [
            1.5129807,
            33.3379467
          ],
          [
            1.5129949,
            33.3380843
          ],
          [
            1.5130141,
            33.3383752
          ],
          [
            1.5130463,
            33.3392996
          ],
          [
            1.5130669,
            33.3405902
          ],
          [
            1.5130683,
            33.3409119
          ],
          [
            1.5130803,
            33.3411033
          ],
          [
            1.5131222,
            33.3413227
          ],
          [
            1.5132303,
            33.3416293
          ],
          [
            1.5133612,
            33.3420246
          ],
          [
            1.513488,
            33.3424321
          ],
          [
            1.513651,
            33.3428884
          ],
          [
            1.5138636,
            33.343418
          ],
          [
            1.5140325,
            33.3438549
          ],
          [
            1.5141296,
            33.3441734
          ],
          [
            1.5141878,
            33.3444164
          ],
          [
            1.5142105,
            33.3446673
          ],
          [
            1.5142402,
            33.345183
          ],
          [
            1.5142775,
            33.3460481
          ],
          [
            1.5143672,
            33.3480081
          ],
          [
            1.514427,
            33.3490298
          ],
          [
            1.5144929,
            33.3512696
          ],
          [
            1.5145057,
            33.3515126
          ],
          [
            1.5146544,
            33.3543453
          ],
          [
            1.514695,
            33.3548274
          ],
          [
            1.5147389,
            33.3551929
          ],
          [
            1.515168,
            33.3573231
          ],
          [
            1.5152824,
            33.357881
          ],
          [
            1.5154308,
            33.3586228
          ],
          [
            1.5154997,
            33.3589922
          ],
          [
            1.5155307,
            33.3592957
          ],
          [
            1.5155212,
            33.3596352
          ],
          [
            1.5155155,
            33.3599075
          ],
          [
            1.5154702,
            33.3603588
          ],
          [
            1.5153802,
            33.3609188
          ],
          [
            1.5152614,
            33.3614493
          ],
          [
            1.5151161,
            33.3619023
          ],
          [
            1.5150248,
            33.3621141
          ],
          [
            1.5148094,
            33.3623835
          ],
          [
            1.5144831,
            33.362664
          ],
          [
            1.5139724,
            33.3630088
          ],
          [
            1.5129921,
            33.363554
          ],
          [
            1.5124527,
            33.3638535
          ],
          [
            1.5120468,
            33.3641147
          ],
          [
            1.5117401,
            33.3643992
          ],
          [
            1.5113289,
            33.3647742
          ],
          [
            1.5110414,
            33.3651062
          ],
          [
            1.5108112,
            33.3654686
          ],
          [
            1.5105804,
            33.3658703
          ],
          [
            1.5103579,
            33.3663602
          ],
          [
            1.5100782,
            33.3669824
          ],
          [
            1.5098295,
            33.3673839
          ],
          [
            1.5095829,
            33.3677355
          ],
          [
            1.5093402,
            33.3680335
          ],
          [
            1.5090544,
            33.3683113
          ],
          [
            1.5087462,
            33.3685723
          ],
          [
            1.5081433,
            33.3689871
          ],
          [
            1.5078527,
            33.3692006
          ],
          [
            1.5076945,
            33.3693216
          ],
          [
            1.5076124,
            33.3694324
          ],
          [
            1.5075845,
            33.3695254
          ],
          [
            1.5075859,
            33.3696503
          ],
          [
            1.5076404,
            33.369786
          ],
          [
            1.507812,
            33.3700392
          ],
          [
            1.5082604,
            33.3706253
          ],
          [
            1.5086764,
            33.3712535
          ],
          [
            1.5089363,
            33.3717004
          ],
          [
            1.5090678,
            33.3719558
          ],
          [
            1.5091796,
            33.3721767
          ],
          [
            1.5092743,
            33.3724419
          ],
          [
            1.5093589,
            33.3727007
          ],
          [
            1.5094218,
            33.3729302
          ],
          [
            1.5094676,
            33.3732202
          ],
          [
            1.5095076,
            33.3735842
          ],
          [
            1.5095783,
            33.3742129
          ],
          [
            1.5096283,
            33.3744444
          ],
          [
            1.5096563,
            33.3745812
          ],
          [
            1.5097356,
            33.3747783
          ],
          [
            1.5098925,
            33.3750512
          ],
          [
            1.5102775,
            33.3756448
          ],
          [
            1.5105827,
            33.3761863
          ],
          [
            1.5108682,
            33.3766336
          ],
          [
            1.5111644,
            33.377169
          ],
          [
            1.5117033,
            33.3781482
          ],
          [
            1.5121917,
            33.3789392
          ],
          [
            1.5124533,
            33.3793573
          ],
          [
            1.5128899,
            33.379961
          ],
          [
            1.5131131,
            33.3802608
          ],
          [
            1.5135589,
            33.380801
          ],
          [
            1.5142137,
            33.3815157
          ],
          [
            1.5145019,
            33.3818738
          ],
          [
            1.5146878,
            33.3821205
          ],
          [
            1.5147916,
            33.3823016
          ],
          [
            1.5149096,
            33.3825322
          ],
          [
            1.5150514,
            33.3828717
          ],
          [
            1.5152106,
            33.383235
          ],
          [
            1.5154142,
            33.3835744
          ],
          [
            1.5157056,
            33.3840528
          ],
          [
            1.5161148,
            33.3846038
          ],
          [
            1.5164331,
            33.3850765
          ],
          [
            1.5165833,
            33.3852825
          ],
          [
            1.5167366,
            33.3854392
          ],
          [
            1.5169403,
            33.3855984
          ],
          [
            1.5172433,
            33.3858078
          ],
          [
            1.5180819,
            33.3863758
          ],
          [
            1.5190992,
            33.387128
          ],
          [
            1.5197124,
            33.3875556
          ],
          [
            1.520593,
            33.3882273
          ],
          [
            1.5209821,
            33.3884918
          ],
          [
            1.5211779,
            33.3886397
          ],
          [
            1.5214311,
            33.388863
          ],
          [
            1.5218802,
            33.3893219
          ],
          [
            1.5225541,
            33.3899914
          ],
          [
            1.5230045,
            33.3904201
          ],
          [
            1.5233074,
            33.3906908
          ],
          [
            1.5242378,
            33.3914573
          ],
          [
            1.5248257,
            33.3919138
          ],
          [
            1.5252815,
            33.3922762
          ],
          [
            1.5254587,
            33.3924468
          ],
          [
            1.5256572,
            33.3926662
          ],
          [
            1.5258757,
            33.3929302
          ],
          [
            1.5261947,
            33.3933958
          ],
          [
            1.5266212,
            33.3939684
          ],
          [
            1.5273604,
            33.3950803
          ],
          [
            1.5282954,
            33.3963328
          ],
          [
            1.5298247,
            33.3984199
          ],
          [
            1.5307702,
            33.3999088
          ],
          [
            1.5310546,
            33.4004415
          ],
          [
            1.5313314,
            33.4007624
          ],
          [
            1.5317619,
            33.4010255
          ],
          [
            1.5323615,
            33.4012629
          ],
          [
            1.5326997,
            33.4014362
          ],
          [
            1.5332071,
            33.4018405
          ],
          [
            1.5340526,
            33.4026427
          ],
          [
            1.5347829,
            33.4032267
          ],
          [
            1.5356746,
            33.4039134
          ],
          [
            1.5369277,
            33.4049786
          ],
          [
            1.5374273,
            33.4054022
          ],
          [
            1.5377809,
            33.4055433
          ],
          [
            1.5383805,
            33.4057038
          ],
          [
            1.5388418,
            33.4058963
          ],
          [
            1.5393722,
            33.4061915
          ],
          [
            1.5398565,
            33.4064674
          ],
          [
            1.540041,
            33.4065893
          ],
          [
            1.5401947,
            33.4067947
          ],
          [
            1.540433,
            33.4072888
          ],
          [
            1.5407866,
            33.4076353
          ],
          [
            1.5413247,
            33.4080011
          ],
          [
            1.5420089,
            33.4084311
          ],
          [
            1.5423779,
            33.4087583
          ],
          [
            1.5433311,
            33.4097529
          ],
          [
            1.5445764,
            33.4109593
          ],
          [
            1.5458525,
            33.4123646
          ],
          [
            1.5466597,
            33.4132758
          ],
          [
            1.5483047,
            33.4151558
          ],
          [
            1.5490581,
            33.4160798
          ],
          [
            1.5493809,
            33.4163557
          ],
          [
            1.5499267,
            33.4166124
          ],
          [
            1.550534,
            33.4168754
          ],
          [
            1.5513796,
            33.4172091
          ],
          [
            1.5517255,
            33.4173695
          ],
          [
            1.551887,
            33.4175299
          ],
          [
            1.5519177,
            33.4177609
          ],
          [
            1.5519638,
            33.4181587
          ],
          [
            1.5521406,
            33.4185116
          ],
          [
            1.5528786,
            33.419551
          ],
          [
            1.5532015,
            33.4199809
          ],
          [
            1.5535243,
            33.4203146
          ],
          [
            1.5543545,
            33.4209754
          ],
          [
            1.554885,
            33.4213604
          ],
          [
            1.5551848,
            33.421617
          ],
          [
            1.5553616,
            33.4218544
          ],
          [
            1.5555461,
            33.422496
          ],
          [
            1.5558535,
            33.4231889
          ],
          [
            1.5564301,
            33.4243759
          ],
          [
            1.5567606,
            33.4249597
          ],
          [
            1.5567914,
            33.4253126
          ],
          [
            1.5565915,
            33.4255307
          ],
          [
            1.5562763,
            33.4256141
          ],
          [
            1.5557459,
            33.4255564
          ],
          [
            1.5552001,
            33.4254473
          ],
          [
            1.5548465,
            33.4253254
          ],
          [
            1.5546928,
            33.4253254
          ],
          [
            1.5545928,
            33.4254666
          ],
          [
            1.5546159,
            33.4256911
          ],
          [
            1.5547773,
            33.4261081
          ],
          [
            1.5550003,
            33.4264738
          ],
          [
            1.5553078,
            33.4269165
          ],
          [
            1.5554692,
            33.4273271
          ],
          [
            1.5554461,
            33.4275902
          ],
          [
            1.555277,
            33.427757
          ],
          [
            1.5549772,
            33.4278596
          ],
          [
            1.5547312,
            33.4279366
          ],
          [
            1.554639,
            33.428097
          ],
          [
            1.5545698,
            33.4288604
          ],
          [
            1.5546313,
            33.4292069
          ],
          [
            1.5547927,
            33.4294827
          ],
          [
            1.555031,
            33.4297714
          ],
          [
            1.5553001,
            33.4300216
          ],
          [
            1.5558535,
            33.4303168
          ],
          [
            1.5563455,
            33.4306247
          ],
          [
            1.5568683,
            33.4312213
          ],
          [
            1.5574217,
            33.4317794
          ],
          [
            1.557883,
            33.4321387
          ],
          [
            1.5583903,
            33.4324402
          ],
          [
            1.5587055,
            33.4327931
          ],
          [
            1.5593743,
            33.4335885
          ],
          [
            1.5599201,
            33.4342878
          ],
          [
            1.5600969,
            33.4344867
          ],
          [
            1.5606734,
            33.4349935
          ],
          [
            1.5608964,
            33.4352501
          ],
          [
            1.560881,
            33.4353784
          ],
          [
            1.5606965,
            33.4355387
          ],
          [
            1.5602429,
            33.4357568
          ],
          [
            1.5598278,
            33.436007
          ],
          [
            1.5594204,
            33.4363534
          ],
          [
            1.5589669,
            33.4368025
          ],
          [
            1.5586978,
            33.4369757
          ],
          [
            1.5584211,
            33.4370334
          ],
          [
            1.5580367,
            33.4370719
          ],
          [
            1.5576985,
            33.437181
          ],
          [
            1.5561918,
            33.4379123
          ],
          [
            1.5553769,
            33.4382587
          ],
          [
            1.5548388,
            33.4385088
          ],
          [
            1.5543238,
            33.4386179
          ],
          [
            1.5539779,
            33.4387334
          ],
          [
            1.5537549,
            33.4389386
          ],
          [
            1.553655,
            33.4393043
          ],
          [
            1.5536704,
            33.4395288
          ],
          [
            1.5537396,
            33.439965
          ],
          [
            1.5536781,
            33.4402087
          ],
          [
            1.5534705,
            33.4403948
          ],
          [
            1.5530862,
            33.4405872
          ],
          [
            1.5527787,
            33.4407219
          ],
          [
            1.5526249,
            33.4408759
          ],
          [
            1.5523866,
            33.4412479
          ],
          [
            1.5521714,
            33.4414788
          ],
          [
            1.5517255,
            33.441806
          ],
          [
            1.5498498,
            33.4428515
          ],
          [
            1.5491811,
            33.4432236
          ],
          [
            1.5489735,
            33.4434096
          ],
          [
            1.5488659,
            33.4436277
          ],
          [
            1.5487813,
            33.4440895
          ],
          [
            1.548666,
            33.4444167
          ],
          [
            1.5484354,
            33.444731
          ],
          [
            1.5481587,
            33.4449555
          ],
          [
            1.5479742,
            33.4451415
          ],
          [
            1.5478665,
            33.4453339
          ],
          [
            1.5478512,
            33.4455841
          ],
          [
            1.5479127,
            33.4458214
          ],
          [
            1.5481202,
            33.4462127
          ],
          [
            1.54852,
            33.4467964
          ],
          [
            1.5486506,
            33.4472069
          ],
          [
            1.5488198,
            33.4477713
          ],
          [
            1.5489966,
            33.4481241
          ],
          [
            1.5493425,
            33.4486629
          ],
          [
            1.5495347,
            33.4489964
          ],
          [
            1.5496884,
            33.4494005
          ],
          [
            1.5496961,
            33.449843
          ],
          [
            1.5496192,
            33.4502599
          ],
          [
            1.54955,
            33.4505101
          ],
          [
            1.54955,
            33.4506255
          ],
          [
            1.5498114,
            33.4507666
          ],
          [
            1.5501573,
            33.4509142
          ],
          [
            1.5508492,
            33.4511387
          ],
          [
            1.5515257,
            33.451408
          ],
          [
            1.5522021,
            33.4518313
          ],
          [
            1.5530477,
            33.4523958
          ],
          [
            1.5537088,
            33.4528319
          ],
          [
            1.5542623,
            33.4531333
          ],
          [
            1.5545775,
            33.4533835
          ],
          [
            1.554639,
            33.4535951
          ],
          [
            1.5546005,
            33.4538324
          ],
          [
            1.554393,
            33.4542301
          ],
          [
            1.5540932,
            33.4546598
          ],
          [
            1.5538626,
            33.4550446
          ],
          [
            1.5538241,
            33.4553589
          ],
          [
            1.5539625,
            33.4556347
          ],
          [
            1.5543853,
            33.4563466
          ],
          [
            1.554762,
            33.4570713
          ],
          [
            1.5553001,
            33.4583475
          ],
          [
            1.5557767,
            33.4594699
          ],
          [
            1.5561687,
            33.4601561
          ],
          [
            1.5565146,
            33.4606948
          ],
          [
            1.5566223,
            33.4610026
          ],
          [
            1.5565838,
            33.4614515
          ],
          [
            1.5564301,
            33.4620928
          ],
          [
            1.556261,
            33.4626957
          ],
          [
            1.5560842,
            33.463074
          ],
          [
            1.5557459,
            33.4632985
          ],
          [
            1.5552847,
            33.4633883
          ],
          [
            1.554785,
            33.463369
          ],
          [
            1.55427,
            33.4633049
          ],
          [
            1.5532783,
            33.4630804
          ],
          [
            1.5528171,
            33.4630291
          ],
          [
            1.5520099,
            33.4630356
          ],
          [
            1.5507031,
            33.4630676
          ],
          [
            1.5500497,
            33.4630676
          ],
          [
            1.5493732,
            33.4629522
          ],
          [
            1.5487659,
            33.4628752
          ],
          [
            1.5481971,
            33.4627983
          ],
          [
            1.547805,
            33.4627919
          ],
          [
            1.5474745,
            33.4630035
          ],
          [
            1.5472593,
            33.4632536
          ],
          [
            1.5468518,
            33.4639783
          ],
          [
            1.54616,
            33.46503
          ],
          [
            1.545791,
            33.4656007
          ],
          [
            1.5449992,
            33.466755
          ],
          [
            1.5444842,
            33.4675694
          ],
          [
            1.5432312,
            33.4692687
          ],
          [
            1.5428852,
            33.4696214
          ],
          [
            1.5422856,
            33.4699164
          ],
          [
            1.5415554,
            33.4701921
          ],
          [
            1.5409634,
            33.4703909
          ],
          [
            1.5400025,
            33.4707244
          ],
          [
            1.5392108,
            33.4710258
          ],
          [
            1.5388033,
            33.471263
          ],
          [
            1.538442,
            33.4715131
          ],
          [
            1.5382575,
            33.4717439
          ],
          [
            1.5382345,
            33.4720197
          ],
          [
            1.5381499,
            33.472289
          ],
          [
            1.5379347,
            33.4725711
          ],
          [
            1.5377194,
            33.4729302
          ],
          [
            1.5375734,
            33.4732252
          ],
          [
            1.5372505,
            33.4740459
          ],
          [
            1.537066,
            33.4743986
          ],
          [
            1.5366586,
            33.4747898
          ],
          [
            1.5361205,
            33.4752643
          ],
          [
            1.5355593,
            33.4758285
          ],
          [
            1.534929,
            33.4765659
          ],
          [
            1.5345369,
            33.4772456
          ],
          [
            1.534314,
            33.4776687
          ],
          [
            1.5341372,
            33.4781304
          ],
          [
            1.5340065,
            33.4785921
          ],
          [
            1.5339296,
            33.4788293
          ],
          [
            1.5337452,
            33.4790473
          ],
          [
            1.533453,
            33.4792268
          ],
          [
            1.5327228,
            33.4795923
          ],
          [
            1.5318234,
            33.480086
          ],
          [
            1.5308317,
            33.4807208
          ],
          [
            1.5301091,
            33.4812016
          ],
          [
            1.5295172,
            33.4815992
          ],
          [
            1.5287408,
            33.4822147
          ],
          [
            1.5276338,
            33.4831187
          ],
          [
            1.5270957,
            33.4836637
          ],
          [
            1.5264423,
            33.4843112
          ],
          [
            1.5258504,
            33.4848049
          ],
          [
            1.5256198,
            33.4850037
          ],
          [
            1.52532,
            33.4850485
          ],
          [
            1.5251047,
            33.4849844
          ],
          [
            1.5249433,
            33.4849139
          ],
          [
            1.5247588,
            33.4849395
          ],
          [
            1.5245359,
            33.4850806
          ],
          [
            1.5244283,
            33.4853306
          ],
          [
            1.5239824,
            33.4861128
          ],
          [
            1.5236134,
            33.4866065
          ],
          [
            1.5233059,
            33.4868629
          ],
          [
            1.5227063,
            33.4871963
          ],
          [
            1.5173945,
            33.4898377
          ],
          [
            1.5159877,
            33.4905365
          ],
          [
            1.5153343,
            33.4908891
          ],
          [
            1.514704,
            33.491293
          ],
          [
            1.5141735,
            33.4917033
          ],
          [
            1.5135586,
            33.4922354
          ],
          [
            1.5130743,
            33.4927034
          ],
          [
            1.5123517,
            33.4934598
          ],
          [
            1.5117444,
            33.4941265
          ],
          [
            1.5113216,
            33.494524
          ],
          [
            1.5108911,
            33.4948075
          ],
          [
            1.5106741,
            33.4948867
          ],
          [
            1.5103418,
            33.4948574
          ],
          [
            1.5098516,
            33.4947556
          ],
          [
            1.5093059,
            33.4947192
          ],
          [
            1.5089847,
            33.4947804
          ],
          [
            1.5084773,
            33.4949407
          ],
          [
            1.5080622,
            33.4951138
          ],
          [
            1.5069087,
            33.4951858
          ],
          [
            1.5065687,
            33.4953367
          ],
          [
            1.5064685,
            33.4954535
          ],
          [
            1.5063625,
            33.4955484
          ],
          [
            1.5062027,
            33.4961088
          ],
          [
            1.5056223,
            33.49621
          ],
          [
            1.5052247,
            33.4963371
          ],
          [
            1.5044699,
            33.4964656
          ],
          [
            1.504362,
            33.4964894
          ],
          [
            1.5034776,
            33.496558
          ],
          [
            1.5032043,
            33.4964625
          ],
          [
            1.5028109,
            33.4963149
          ],
          [
            1.502506,
            33.4962538
          ],
          [
            1.5015018,
            33.4962707
          ]
        ]
      },
      "properties": {
        "name": "Lemsayed-Sidi Ahmed Belabbas",
        "highway": "tertiary"
      }
    },
    {
      "type": "Feature",
      "geometry": {
        "type": "LineString",
        "coordinates": [
          [
            1.4756809,
            33.492222
          ],
          [
            1.4753845,
            33.492132
          ],
          [
            1.4752308,
            33.4918307
          ],
          [
            1.4757458,
            33.4899074
          ],
          [
            1.4764992,
            33.4869455
          ],
          [
            1.4767605,
            33.4848169
          ],
          [
            1.4766068,
            33.4828422
          ],
          [
            1.4765299,
            33.481701
          ],
          [
            1.4767298,
            33.4810213
          ],
          [
            1.477191,
            33.4802263
          ],
          [
            1.479943,
            33.4735835
          ],
          [
            1.4812499,
            33.4695822
          ],
          [
            1.4819263,
            33.4658372
          ],
          [
            1.4822031,
            33.4625025
          ],
          [
            1.4819263,
            33.4606299
          ],
          [
            1.4811269,
            33.4588085
          ],
          [
            1.4774063,
            33.4534725
          ],
          [
            1.4762993,
            33.4507274
          ]
        ]
      },
      "properties": {
        "highway": "tertiary"
      }
    },
    {
      "type": "Feature",
      "geometry": {
        "type": "LineString",
        "coordinates": [
          [
            1.0309473,
            33.6722036
          ],
          [
            1.0309489,
            33.6723597
          ],
          [
            1.0309338,
            33.6727348
          ],
          [
            1.0309597,
            33.6730981
          ],
          [
            1.0309687,
            33.6733531
          ],
          [
            1.0309701,
            33.6735373
          ],
          [
            1.0309795,
            33.6738007
          ],
          [
            1.0309863,
            33.6741112
          ],
          [
            1.0309935,
            33.6743718
          ],
          [
            1.0309902,
            33.6745808
          ],
          [
            1.0309893,
            33.6750813
          ],
          [
            1.0309923,
            33.6752279
          ],
          [
            1.0309984,
            33.6755933
          ],
          [
            1.0309955,
            33.6757962
          ],
          [
            1.0309825,
            33.6759436
          ],
          [
            1.0309852,
            33.6760195
          ],
          [
            1.0309942,
            33.676439
          ],
          [
            1.0309968,
            33.6765785
          ],
          [
            1.0309969,
            33.6770305
          ],
          [
            1.0309876,
            33.6773243
          ],
          [
            1.0309969,
            33.6775473
          ],
          [
            1.0309954,
            33.6776622
          ],
          [
            1.0309928,
            33.6777214
          ],
          [
            1.0309942,
            33.6779557
          ],
          [
            1.0309889,
            33.6781188
          ],
          [
            1.0309996,
            33.6783675
          ],
          [
            1.0310036,
            33.6784758
          ],
          [
            1.031009,
            33.6787927
          ],
          [
            1.0310088,
            33.6788783
          ],
          [
            1.0310063,
            33.6791811
          ],
          [
            1.0310093,
            33.679292
          ],
          [
            1.0309924,
            33.6795652
          ],
          [
            1.0309823,
            33.6796792
          ],
          [
            1.0309822,
            33.680122
          ],
          [
            1.0309726,
            33.6803907
          ],
          [
            1.0309704,
            33.6804512
          ],
          [
            1.0309149,
            33.6820533
          ],
          [
            1.0308869,
            33.6823996
          ],
          [
            1.0308432,
            33.6827676
          ],
          [
            1.0308241,
            33.6829052
          ],
          [
            1.030808,
            33.6830078
          ]
        ]
      },
      "properties": {
        "highway": "primary",
        "maxspeed": "40",
        "ref": "RN 47"
      }
    },
    {
      "type": "Feature",
      "geometry": {
        "type": "LineString",
        "coordinates": [
          [
            1.0565168,
            33.6615115
          ],
          [
            1.0549148,
            33.662102
          ],
          [
            1.0538797,
            33.6625038
          ],
          [
            1.0531768,
            33.6628075
          ],
          [
            1.0523432,
            33.6632674
          ],
          [
            1.0516055,
            33.6636893
          ],
          [
            1.050907,
            33.6640628
          ],
          [
            1.0494846,
            33.6648612
          ],
          [
            1.0491407,
            33.6650558
          ],
          [
            1.0489261,
            33.6651864
          ],
          [
            1.0487223,
            33.6653047
          ],
          [
            1.048297,
            33.6655421
          ],
          [
            1.0478467,
            33.665785
          ]
        ]
      },
      "properties": {
        "name": "Route Aflou - El Bayadh",
        "highway": "trunk",
        "maxspeed": "80",
        "ref": "RN 47"
      }
    },
    {
      "type": "Feature",
      "geometry": {
        "type": "LineString",
        "coordinates": [
          [
            1.0435392,
            33.6675904
          ],
          [
            1.0433833,
            33.6676218
          ],
          [
            1.0432371,
            33.6676542
          ],
          [
            1.0430883,
            33.6677078
          ],
          [
            1.0429314,
            33.6677736
          ],
          [
            1.0425934,
            33.667902
          ],
          [
            1.0422555,
            33.668027
          ],
          [
            1.0418893,
            33.668161
          ],
          [
            1.0415514,
            33.668277
          ],
          [
            1.0413234,
            33.668344
          ],
          [
            1.0411725,
            33.6683819
          ],
          [
            1.0410444,
            33.6684099
          ],
          [
            1.0408285,
            33.6684545
          ],
          [
            1.0405362,
            33.6684958
          ],
          [
            1.0401647,
            33.6685282
          ],
          [
            1.0397851,
            33.668527
          ],
          [
            1.0393614,
            33.668507
          ],
          [
            1.0389081,
            33.6684679
          ],
          [
            1.0384943,
            33.6684456
          ],
          [
            1.0380558,
            33.6684478
          ],
          [
            1.0378338,
            33.6684545
          ],
          [
            1.0376414,
            33.6684696
          ],
          [
            1.0374087,
            33.6684969
          ],
          [
            1.037176,
            33.6685337
          ],
          [
            1.0369078,
            33.6685817
          ],
          [
            1.0365672,
            33.6686537
          ],
          [
            1.0363432,
            33.6687095
          ],
          [
            1.0361508,
            33.6687693
          ],
          [
            1.0357001,
            33.6689305
          ],
          [
            1.0352898,
            33.6690963
          ],
          [
            1.0349552,
            33.6692732
          ],
          [
            1.0347607,
            33.6693848
          ],
          [
            1.0345615,
            33.6694936
          ],
          [
            1.0344234,
            33.6695874
          ],
          [
            1.0342403,
            33.6697286
          ],
          [
            1.0338803,
            33.6700093
          ],
          [
            1.0337099,
            33.6701432
          ],
          [
            1.0334605,
            33.6703397
          ],
          [
            1.0331815,
            33.6705606
          ],
          [
            1.0328664,
            33.6707805
          ],
          [
            1.0327537,
            33.6708609
          ],
          [
            1.032228,
            33.6712046
          ]
        ]
      },
      "properties": {
        "name": "Route Aflou - El Bayadh",
        "highway": "trunk",
        "maxspeed": "80",
        "ref": "RN 47"
      }
    },
    {
      "type": "Feature",
      "geometry": {
        "type": "LineString",
        "coordinates": [
          [
            1.0568557,
            33.6611709
          ],
          [
            1.0572222,
            33.6610821
          ],
          [
            1.05753,
            33.6609727
          ],
          [
            1.0655754,
            33.6579209
          ],
          [
            1.0661748,
            33.6576016
          ],
          [
            1.0664744,
            33.6574819
          ],
          [
            1.0671098,
            33.6572125
          ],
          [
            1.0673213,
            33.6570845
          ]
        ]
      },
      "properties": {
        "name": "Route Aflou - El Bayadh",
        "highway": "trunk",
        "maxspeed": "60",
        "ref": "RN 47"
      }
    },
    {
      "type": "Feature",
      "geometry": {
        "type": "LineString",
        "coordinates": [
          [
            1.0437202,
            33.6673155
          ],
          [
            1.0442081,
            33.6671971
          ],
          [
            1.0445032,
            33.6670872
          ],
          [
            1.0448036,
            33.6669711
          ],
          [
            1.0451824,
            33.6668126
          ],
          [
            1.0453793,
            33.6667329
          ],
          [
            1.046019,
            33.6664753
          ],
          [
            1.0466126,
            33.6662208
          ],
          [
            1.0473336,
            33.6659007
          ],
          [
            1.0476104,
            33.6657721
          ],
          [
            1.047774,
            33.6656962
          ]
        ]
      },
      "properties": {
        "name": "Route Aflou - El Bayadh",
        "highway": "trunk",
        "maxspeed": "50",
        "ref": "RN 47"
      }
    },
    {
      "type": "Feature",
      "geometry": {
        "type": "LineString",
        "coordinates": [
          [
            1.0674141,
            33.6573226
          ],
          [
            1.0671563,
            33.6573723
          ],
          [
            1.0664493,
            33.657675
          ],
          [
            1.0659399,
            33.6578991
          ],
          [
            1.0616833,
            33.659533
          ],
          [
            1.0576699,
            33.6610435
          ],
          [
            1.0573327,
            33.6611851
          ],
          [
            1.0569721,
            33.6613736
          ]
        ]
      },
      "properties": {
        "name": "Route Aflou - El Bayadh",
        "highway": "trunk",
        "maxspeed": "60",
        "ref": "RN 47"
      }
    },
    {
      "type": "Feature",
      "geometry": {
        "type": "LineString",
        "coordinates": [
          [
            1.0437657,
            33.6673416
          ],
          [
            1.0438002,
            33.6673776
          ],
          [
            1.0438206,
            33.6674203
          ],
          [
            1.0438253,
            33.6674661
          ],
          [
            1.0438138,
            33.6675111
          ],
          [
            1.0437872,
            33.6675513
          ],
          [
            1.0437478,
            33.6675833
          ],
          [
            1.0436989,
            33.6676045
          ],
          [
            1.0436448,
            33.6676131
          ],
          [
            1.04359,
            33.6676082
          ],
          [
            1.0435392,
            33.6675904
          ],
          [
            1.0434958,
            33.6675601
          ],
          [
            1.0434652,
            33.6675204
          ],
          [
            1.0434501,
            33.667475
          ],
          [
            1.0434518,
            33.6674279
          ],
          [
            1.0434709,
            33.6673826
          ],
          [
            1.0435055,
            33.6673441
          ],
          [
            1.0435525,
            33.6673162
          ],
          [
            1.0436074,
            33.6673015
          ],
          [
            1.0436651,
            33.6673012
          ],
          [
            1.0437202,
            33.6673155
          ],
          [
            1.0437657,
            33.6673416
          ]
        ]
      },
      "properties": {
        "highway": "trunk",
        "maxspeed": "40"
      }
    },
    {
      "type": "Feature",
      "geometry": {
        "type": "LineString",
        "coordinates": [
          [
            1.0308768,
            33.6714568
          ],
          [
            1.0309353,
            33.6714706
          ],
          [
            1.0309879,
            33.671496
          ],
          [
            1.0310049,
            33.6715079
          ],
          [
            1.0310486,
            33.6715526
          ],
          [
            1.0310753,
            33.6716057
          ],
          [
            1.0310829,
            33.671663
          ],
          [
            1.0310706,
            33.6717197
          ],
          [
            1.0310396,
            33.6717713
          ],
          [
            1.0309904,
            33.6718146
          ],
          [
            1.0309314,
            33.671843
          ],
          [
            1.0308652,
            33.6718566
          ],
          [
            1.0307971,
            33.6718543
          ],
          [
            1.0307324,
            33.6718362
          ],
          [
            1.0306771,
            33.6718045
          ],
          [
            1.0306344,
            33.6717613
          ],
          [
            1.0306076,
            33.67171
          ],
          [
            1.0305988,
            33.6716546
          ],
          [
            1.030608,
            33.671601
          ],
          [
            1.0306341,
            33.6715514
          ],
          [
            1.0306751,
            33.6715093
          ],
          [
            1.030728,
            33.6714778
          ],
          [
            1.0307568,
            33.6714672
          ],
          [
            1.030816,
            33.6714557
          ],
          [
            1.0308768,
            33.6714568
          ]
        ]
      },
      "properties": {
        "highway": "primary",
        "maxspeed": "40"
      }
    },
    {
      "type": "Feature",
      "geometry": {
        "type": "LineString",
        "coordinates": [
          [
            1.0569084,
            33.6612099
          ],
          [
            1.0569469,
            33.6612591
          ],
          [
            1.0569687,
            33.661315
          ],
          [
            1.0569721,
            33.6613736
          ],
          [
            1.056951,
            33.6614433
          ],
          [
            1.0569043,
            33.6615038
          ],
          [
            1.0568368,
            33.6615487
          ],
          [
            1.0567556,
            33.6615732
          ],
          [
            1.0566693,
            33.661575
          ],
          [
            1.0565868,
            33.6615537
          ],
          [
            1.0565168,
            33.6615115
          ],
          [
            1.0564758,
            33.6614672
          ],
          [
            1.0564494,
            33.6614157
          ],
          [
            1.0564393,
            33.6613604
          ],
          [
            1.0564461,
            33.6613046
          ],
          [
            1.0564725,
            33.6612474
          ],
          [
            1.0565167,
            33.6611984
          ],
          [
            1.0565753,
            33.6611612
          ],
          [
            1.0566439,
            33.6611389
          ],
          [
            1.0567172,
            33.6611329
          ],
          [
            1.0567897,
            33.661144
          ],
          [
            1.0568557,
            33.6611709
          ],
          [
            1.0569084,
            33.6612099
          ]
        ]
      },
      "properties": {
        "highway": "trunk",
        "maxspeed": "30"
      }
    },
    {
      "type": "Feature",
      "geometry": {
        "type": "LineString",
        "coordinates": [
          [
            1.0108534,
            33.6449405
          ],
          [
            1.0109899,
            33.644964
          ],
          [
            1.0112968,
            33.6450139
          ]
        ]
      },
      "properties": {
        "highway": "primary",
        "maxspeed": "40"
      }
    },
    {
      "type": "Feature",
      "geometry": {
        "type": "LineString",
        "coordinates": [
          [
            1.0564241,
            33.6609426
          ],
          [
            1.0554477,
            33.6603211
          ],
          [
            1.0542283,
            33.6595452
          ],
          [
            1.0536407,
            33.6591738
          ],
          [
            1.0530637,
            33.6588556
          ],
          [
            1.0524204,
            33.6585707
          ],
          [
            1.0519356,
            33.6583863
          ],
          [
            1.0514259,
            33.6582434
          ],
          [
            1.0509378,
            33.6581496
          ],
          [
            1.0503799,
            33.6580603
          ],
          [
            1.0496154,
            33.6579866
          ],
          [
            1.0478659,
            33.6578681
          ],
          [
            1.047408,
            33.6578371
          ],
          [
            1.0466704,
            33.6578013
          ],
          [
            1.0460374,
            33.657808
          ],
          [
            1.0453011,
            33.6578694
          ],
          [
            1.0444549,
            33.6579565
          ],
          [
            1.0438997,
            33.6580224
          ],
          [
            1.0435671,
            33.6580692
          ],
          [
            1.0430668,
            33.6581284
          ],
          [
            1.0425626,
            33.6581373
          ],
          [
            1.0422876,
            33.6581362
          ],
          [
            1.0419671,
            33.6581016
          ],
          [
            1.0416815,
            33.6580625
          ],
          [
            1.041365,
            33.6579989
          ],
          [
            1.0408527,
            33.6578683
          ],
          [
            1.0405013,
            33.6577478
          ],
          [
            1.0401794,
            33.6576054
          ],
          [
            1.0398992,
            33.6574576
          ],
          [
            1.0396456,
            33.6573001
          ],
          [
            1.0393594,
            33.6571081
          ],
          [
            1.0391251,
            33.6569113
          ],
          [
            1.0388845,
            33.6566752
          ],
          [
            1.0373806,
            33.6551025
          ],
          [
            1.0373032,
            33.6550218
          ],
          [
            1.0366284,
            33.6543196
          ],
          [
            1.0365695,
            33.6542583
          ],
          [
            1.0349717,
            33.6525955
          ],
          [
            1.0341565,
            33.6517352
          ],
          [
            1.0335423,
            33.6511179
          ],
          [
            1.0325217,
            33.6500473
          ],
          [
            1.0316011,
            33.6491061
          ],
          [
            1.0309111,
            33.6483755
          ],
          [
            1.0304978,
            33.6479191
          ],
          [
            1.0298421,
            33.6473004
          ],
          [
            1.0291353,
            33.6467589
          ]
        ]
      },
      "properties": {
        "highway": "primary",
        "maxspeed": "80"
      }
    },
    {
      "type": "Feature",
      "geometry": {
        "type": "LineString",
        "coordinates": [
          [
            1.0309904,
            33.6718146
          ],
          [
            1.0309473,
            33.6722036
          ]
        ]
      },
      "properties": {
        "name": "Aflou - El Bayadh",
        "highway": "primary",
        "ref": "RN 47"
      }
    },
    {
      "type": "Feature",
      "geometry": {
        "type": "LineString",
        "coordinates": [
          [
            1.0309473,
            33.6722036
          ],
          [
            1.0308132,
            33.6719736
          ],
          [
            1.0307324,
            33.6718362
          ]
        ]
      },
      "properties": {
        "name": "Aflou - El Bayadh",
        "highway": "primary",
        "ref": "RN 47"
      }
    },
    {
      "type": "Feature",
      "geometry": {
        "type": "LineString",
        "coordinates": [
          [
            1.0565167,
            33.6611984
          ],
          [
            1.0564766,
            33.6610877
          ],
          [
            1.0564241,
            33.6609426
          ]
        ]
      },
      "properties": {
        "highway": "primary",
        "maxspeed": "30"
      }
    },
    {
      "type": "Feature",
      "geometry": {
        "type": "LineString",
        "coordinates": [
          [
            1.0249807,
            33.6711801
          ],
          [
            1.025046,
            33.6710823
          ],
          [
            1.0250907,
            33.6710289
          ],
          [
            1.0253696,
            33.6707816
          ],
          [
            1.0257089,
            33.6705171
          ],
          [
            1.0259182,
            33.6703966
          ],
          [
            1.0261019,
            33.6703162
          ],
          [
            1.0262682,
            33.6702604
          ],
          [
            1.0264975,
            33.6702124
          ],
          [
            1.0268609,
            33.6701778
          ],
          [
            1.027101,
            33.6701823
          ],
          [
            1.0272954,
            33.6701918
          ],
          [
            1.0274108,
            33.6702024
          ],
          [
            1.0275355,
            33.6702319
          ],
          [
            1.0278359,
            33.6703196
          ],
          [
            1.0281645,
            33.6704479
          ],
          [
            1.0282959,
            33.6705004
          ],
          [
            1.0284589,
            33.6705718
          ],
          [
            1.0285145,
            33.6705962
          ],
          [
            1.0290295,
            33.6708218
          ],
          [
            1.0294144,
            33.6709892
          ],
          [
            1.0297671,
            33.671141
          ],
          [
            1.030207,
            33.6713229
          ],
          [
            1.0303666,
            33.6713843
          ],
          [
            1.0305235,
            33.6714256
          ],
          [
            1.030728,
            33.6714778
          ]
        ]
      },
      "properties": {
        "highway": "primary",
        "maxspeed": "50"
      }
    },
    {
      "type": "Feature",
      "geometry": {
        "type": "LineString",
        "coordinates": [
          [
            1.0305988,
            33.6716546
          ],
          [
            1.0305781,
            33.671642
          ],
          [
            1.0304725,
            33.6715741
          ],
          [
            1.0303505,
            33.6714915
          ],
          [
            1.030207,
            33.6714156
          ],
          [
            1.0301372,
            33.6713832
          ],
          [
            1.0297215,
            33.6712069
          ],
          [
            1.0293071,
            33.6710305
          ],
          [
            1.0291998,
            33.6709903
          ],
          [
            1.0288793,
            33.6708598
          ],
          [
            1.0284863,
            33.6706656
          ],
          [
            1.0281283,
            33.6705283
          ],
          [
            1.0277796,
            33.6703999
          ],
          [
            1.0275154,
            33.6703135
          ],
          [
            1.0273901,
            33.6702821
          ],
          [
            1.0272901,
            33.6702705
          ],
          [
            1.0270983,
            33.6702548
          ],
          [
            1.0268582,
            33.6702548
          ],
          [
            1.0265082,
            33.6702883
          ],
          [
            1.0262896,
            33.6703397
          ],
          [
            1.0261381,
            33.670391
          ],
          [
            1.0259624,
            33.6704602
          ],
          [
            1.0257894,
            33.6705696
          ],
          [
            1.0254447,
            33.6708341
          ],
          [
            1.0251604,
            33.6710808
          ],
          [
            1.0249807,
            33.6711801
          ]
        ]
      },
      "properties": {
        "highway": "primary",
        "maxspeed": "50"
      }
    },
    {
      "type": "Feature",
      "geometry": {
        "type": "LineString",
        "coordinates": [
          [
            0.9374853,
            33.7645748
          ],
          [
            0.9370132,
            33.7633618
          ],
          [
            0.9366442,
            33.7606699
          ],
          [
            0.9357215,
            33.7585648
          ],
          [
            0.9352537,
            33.7552091
          ],
          [
            0.9351464,
            33.7540317
          ],
          [
            0.9355756,
            33.7519443
          ],
          [
            0.9392877,
            33.7468773
          ],
          [
            0.9477689,
            33.7395437
          ],
          [
            0.9483004,
            33.7390709
          ],
          [
            0.9486866,
            33.7386471
          ],
          [
            0.9501511,
            33.7365549
          ],
          [
            0.951068,
            33.7346546
          ],
          [
            0.9518834,
            33.7327096
          ],
          [
            0.9536815,
            33.7253767
          ],
          [
            0.9541536,
            33.7180058
          ],
          [
            0.9538625,
            33.7150082
          ],
          [
            0.9532352,
            33.7118284
          ],
          [
            0.9522696,
            33.7083834
          ],
          [
            0.9512983,
            33.7058691
          ],
          [
            0.9508048,
            33.7046285
          ],
          [
            0.9492683,
            33.701823
          ],
          [
            0.9478783,
            33.6988979
          ],
          [
            0.9478148,
            33.6987643
          ]
        ]
      },
      "properties": {
        "highway": "tertiary"
      }
    },
    {
      "type": "Feature",
      "geometry": {
        "type": "LineString",
        "coordinates": [
          [
            1.2573042,
            33.0718294
          ],
          [
            1.2575482,
            33.072467
          ],
          [
            1.2579082,
            33.0739882
          ],
          [
            1.2586361,
            33.0769766
          ],
          [
            1.2596988,
            33.0791737
          ],
          [
            1.2599155,
            33.0796524
          ],
          [
            1.2599735,
            33.0800561
          ],
          [
            1.2598324,
            33.0809294
          ],
          [
            1.259297,
            33.082348
          ],
          [
            1.258981,
            33.082895
          ],
          [
            1.258379,
            33.0833618
          ],
          [
            1.2582155,
            33.0835084
          ],
          [
            1.2580519,
            33.0836959
          ],
          [
            1.2579504,
            33.0838517
          ],
          [
            1.2578408,
            33.0840755
          ],
          [
            1.2576943,
            33.0845307
          ],
          [
            1.2575979,
            33.0847895
          ],
          [
            1.2574778,
            33.0850213
          ],
          [
            1.2573057,
            33.0852803
          ],
          [
            1.2563475,
            33.0864533
          ],
          [
            1.2562169,
            33.0865954
          ],
          [
            1.2560271,
            33.0867473
          ],
          [
            1.2558207,
            33.0868439
          ],
          [
            1.2549215,
            33.0871789
          ],
          [
            1.2546692,
            33.0872968
          ],
          [
            1.2544278,
            33.087438
          ],
          [
            1.2542387,
            33.0876167
          ],
          [
            1.2541475,
            33.0877556
          ],
          [
            1.2540932,
            33.0878382
          ],
          [
            1.2539846,
            33.0880645
          ],
          [
            1.2538768,
            33.0883739
          ],
          [
            1.2538232,
            33.0886917
          ]
        ]
      },
      "properties": {
        "highway": "primary",
        "ref": "RN 107"
      }
    },
    {
      "type": "Feature",
      "geometry": {
        "type": "LineString",
        "coordinates": [
          [
            1.2618413,
            33.1011863
          ],
          [
            1.2629003,
            33.1006004
          ],
          [
            1.2633981,
            33.1004916
          ],
          [
            1.263664,
            33.1004335
          ],
          [
            1.2643396,
            33.1002511
          ],
          [
            1.264769,
            33.1003429
          ],
          [
            1.2657622,
            33.1005553
          ],
          [
            1.2660386,
            33.100849
          ],
          [
            1.2668716,
            33.1017341
          ],
          [
            1.2680367,
            33.102236
          ],
          [
            1.2682355,
            33.1022779
          ],
          [
            1.2685146,
            33.1022457
          ],
          [
            1.2689196,
            33.1021653
          ],
          [
            1.2696987,
            33.1019955
          ],
          [
            1.2717264,
            33.1015137
          ],
          [
            1.2720346,
            33.1014452
          ],
          [
            1.2721501,
            33.1014195
          ],
          [
            1.2727359,
            33.1011126
          ],
          [
            1.2738024,
            33.1001702
          ],
          [
            1.2741243,
            33.1000624
          ],
          [
            1.2749933,
            33.0999006
          ],
          [
            1.2764641,
            33.0994574
          ],
          [
            1.2767654,
            33.0993666
          ],
          [
            1.2775481,
            33.0991307
          ],
          [
            1.2781188,
            33.0989588
          ],
          [
            1.2793534,
            33.0984154
          ],
          [
            1.2798155,
            33.0982154
          ],
          [
            1.2813399,
            33.0975556
          ],
          [
            1.2822138,
            33.0971773
          ]
        ]
      },
      "properties": {
        "highway": "tertiary"
      }
    },
    {
      "type": "Feature",
      "geometry": {
        "type": "LineString",
        "coordinates": [
          [
            0.7421669,
            33.4075082
          ],
          [
            0.7421369,
            33.4074301
          ],
          [
            0.7420596,
            33.4073941
          ],
          [
            0.7419755,
            33.407398
          ],
          [
            0.7418552,
            33.4074035
          ]
        ]
      },
      "properties": {
        "highway": "secondary"
      }
    },
    {
      "type": "Feature",
      "geometry": {
        "type": "LineString",
        "coordinates": [
          [
            0.7422361,
            33.4073053
          ],
          [
            0.74213,
            33.4073486
          ],
          [
            0.7420869,
            33.4073675
          ],
          [
            0.7419755,
            33.407398
          ]
        ]
      },
      "properties": {
        "highway": "secondary"
      }
    },
    {
      "type": "Feature",
      "geometry": {
        "type": "LineString",
        "coordinates": [
          [
            0.7418552,
            33.4074035
          ],
          [
            0.7415532,
            33.4074718
          ],
          [
            0.7412534,
            33.4075723
          ],
          [
            0.7407128,
            33.4077505
          ],
          [
            0.7402904,
            33.4078908
          ],
          [
            0.7400951,
            33.4079647
          ],
          [
            0.7399384,
            33.4080368
          ],
          [
            0.7397794,
            33.4080823
          ],
          [
            0.739625,
            33.408124
          ],
          [
            0.7395137,
            33.4081524
          ],
          [
            0.7394251,
            33.408215
          ],
          [
            0.7394501,
            33.4083704
          ],
          [
            0.7394842,
            33.4085657
          ],
          [
            0.7394501,
            33.4087098
          ],
          [
            0.7393865,
            33.4088198
          ],
          [
            0.7393252,
            33.4088842
          ],
          [
            0.7392595,
            33.4089159
          ],
          [
            0.7391342,
            33.4089765
          ],
          [
            0.7390663,
            33.4090094
          ],
          [
            0.7387806,
            33.4091353
          ],
          [
            0.7385802,
            33.4092236
          ],
          [
            0.7384166,
            33.4092876
          ],
          [
            0.7381487,
            33.4093923
          ],
          [
            0.7380506,
            33.4094303
          ],
          [
            0.7377587,
            33.409545
          ]
        ]
      },
      "properties": {
        "highway": "secondary",
        "maxspeed": "45"
      }
    },
    {
      "type": "Feature",
      "geometry": {
        "type": "LineString",
        "coordinates": [
          [
            0.4244792,
            33.382883
          ],
          [
            0.4260697,
            33.3824039
          ],
          [
            0.4325219,
            33.3808383
          ],
          [
            0.4545332,
            33.3754109
          ],
          [
            0.4675837,
            33.372309
          ],
          [
            0.4726363,
            33.3711292
          ]
        ]
      },
      "properties": {
        "highway": "secondary",
        "maxspeed": "80"
      }
    },
    {
      "type": "Feature",
      "geometry": {
        "type": "LineString",
        "coordinates": [
          [
            1.0103787,
            33.6855764
          ],
          [
            1.0103392,
            33.6855885
          ],
          [
            1.0102972,
            33.6855885
          ],
          [
            1.0102579,
            33.6855763
          ],
          [
            1.0102263,
            33.6855539
          ],
          [
            1.0102071,
            33.6855267
          ],
          [
            1.0101992,
            33.6854962
          ],
          [
            1.010203,
            33.6854653
          ],
          [
            1.0102179,
            33.6854371
          ],
          [
            1.0102424,
            33.6854141
          ],
          [
            1.0102741,
            33.6853985
          ],
          [
            1.0102978,
            33.6853936
          ],
          [
            1.0103335,
            33.6853915
          ],
          [
            1.0103598,
            33.6853975
          ],
          [
            1.010381,
            33.6854054
          ],
          [
            1.0104083,
            33.6854206
          ],
          [
            1.0104228,
            33.6854378
          ],
          [
            1.0104337,
            33.6854571
          ],
          [
            1.0104377,
            33.6854892
          ],
          [
            1.0104311,
            33.6855233
          ],
          [
            1.0104107,
            33.6855537
          ],
          [
            1.0103787,
            33.6855764
          ]
        ]
      },
      "properties": {
        "name": "Rond Point Bergam",
        "highway": "primary",
        "maxspeed": "30"
      }
    },
    {
      "type": "Feature",
      "geometry": {
        "type": "LineString",
        "coordinates": [
          [
            1.0111644,
            33.6849937
          ],
          [
            1.0107578,
            33.6851838
          ],
          [
            1.0106737,
            33.6852306
          ]
        ]
      },
      "properties": {
        "highway": "primary"
      }
    },
    {
      "type": "Feature",
      "geometry": {
        "type": "LineString",
        "coordinates": [
          [
            1.0102972,
            33.6855885
          ],
          [
            1.0102316,
            33.6856721
          ],
          [
            1.0101669,
            33.6857329
          ],
          [
            1.010134,
            33.6857489
          ],
          [
            1.0100804,
            33.6857597
          ],
          [
            1.0099952,
            33.6857614
          ],
          [
            1.0098497,
            33.6857536
          ],
          [
            1.0097451,
            33.6857469
          ],
          [
            1.0096344,
            33.6857374
          ],
          [
            1.0094333,
            33.6857067
          ],
          [
            1.0092831,
            33.685671
          ],
          [
            1.0091141,
            33.6856264
          ],
          [
            1.0087876,
            33.6855343
          ]
        ]
      },
      "properties": {
        "highway": "secondary",
        "maxspeed": "40"
      }
    },
    {
      "type": "Feature",
      "geometry": {
        "type": "LineString",
        "coordinates": [
          [
            1.0104083,
            33.6854206
          ],
          [
            1.0104269,
            33.6853893
          ],
          [
            1.0104537,
            33.6853503
          ],
          [
            1.0106737,
            33.6852306
          ]
        ]
      },
      "properties": {
        "highway": "primary"
      }
    },
    {
      "type": "Feature",
      "geometry": {
        "type": "LineString",
        "coordinates": [
          [
            1.0096344,
            33.6857374
          ],
          [
            1.0096378,
            33.6855471
          ]
        ]
      },
      "properties": {
        "highway": "secondary_link"
      }
    },
    {
      "type": "Feature",
      "geometry": {
        "type": "LineString",
        "coordinates": [
          [
            1.0244273,
            33.6804488
          ],
          [
            1.0243811,
            33.6804411
          ],
          [
            1.0243404,
            33.6804214
          ],
          [
            1.0243096,
            33.6803917
          ],
          [
            1.0242921,
            33.6803553
          ],
          [
            1.0242897,
            33.6803162
          ],
          [
            1.0243028,
            33.6802785
          ],
          [
            1.0243299,
            33.6802464
          ],
          [
            1.0243675,
            33.6802237
          ],
          [
            1.0244118,
            33.6802122
          ],
          [
            1.0244582,
            33.6802131
          ],
          [
            1.0245018,
            33.6802264
          ],
          [
            1.024538,
            33.6802505
          ],
          [
            1.0245517,
            33.6802673
          ],
          [
            1.0245635,
            33.6802841
          ],
          [
            1.0245743,
            33.6803227
          ],
          [
            1.0245692,
            33.6803621
          ],
          [
            1.0245603,
            33.6803808
          ],
          [
            1.0245488,
            33.680398
          ],
          [
            1.0245159,
            33.680426
          ],
          [
            1.0244739,
            33.6804435
          ],
          [
            1.0244273,
            33.6804488
          ]
        ]
      },
      "properties": {
        "highway": "primary"
      }
    },
    {
      "type": "Feature",
      "geometry": {
        "type": "LineString",
        "coordinates": [
          [
            1.0309823,
            33.6796792
          ],
          [
            1.0308856,
            33.6796789
          ],
          [
            1.030663,
            33.6796956
          ],
          [
            1.0303599,
            33.6797257
          ],
          [
            1.029849,
            33.6797762
          ],
          [
            1.0293475,
            33.6798407
          ],
          [
            1.0288391,
            33.6799076
          ],
          [
            1.0283517,
            33.6799504
          ],
          [
            1.0278589,
            33.6799907
          ],
          [
            1.02771,
            33.6800121
          ],
          [
            1.0273427,
            33.6800501
          ],
          [
            1.0263123,
            33.6801681
          ],
          [
            1.0253227,
            33.6802815
          ],
          [
            1.0245603,
            33.6803808
          ]
        ]
      },
      "properties": {
        "highway": "primary"
      }
    },
    {
      "type": "Feature",
      "geometry": {
        "type": "LineString",
        "coordinates": [
          [
            1.0245517,
            33.6802673
          ],
          [
            1.0248009,
            33.6802543
          ],
          [
            1.0250381,
            33.6802184
          ],
          [
            1.0251577,
            33.6802023
          ],
          [
            1.0253468,
            33.6801878
          ],
          [
            1.0256595,
            33.680151
          ],
          [
            1.0259721,
            33.6801188
          ],
          [
            1.0266868,
            33.6800451
          ],
          [
            1.027033,
            33.6800005
          ],
          [
            1.027362,
            33.679956
          ],
          [
            1.0278576,
            33.6799078
          ],
          [
            1.0283688,
            33.679845
          ],
          [
            1.0288431,
            33.6798128
          ],
          [
            1.029351,
            33.6797494
          ],
          [
            1.0298529,
            33.6796798
          ],
          [
            1.0302579,
            33.6796364
          ],
          [
            1.0303546,
            33.6796256
          ],
          [
            1.0307971,
            33.6795885
          ],
          [
            1.030907,
            33.6795784
          ],
          [
            1.0309924,
            33.6795652
          ]
        ]
      },
      "properties": {
        "highway": "primary"
      }
    },
    {
      "type": "Feature",
      "geometry": {
        "type": "LineString",
        "coordinates": [
          [
            1.0309825,
            33.6759436
          ],
          [
            1.0306529,
            33.6760981
          ],
          [
            1.0303693,
            33.6762203
          ],
          [
            1.0302351,
            33.6762861
          ],
          [
            1.0297939,
            33.676487
          ],
          [
            1.0293783,
            33.6766918
          ],
          [
            1.0292105,
            33.6767739
          ],
          [
            1.0285877,
            33.6770665
          ],
          [
            1.0285293,
            33.6770908
          ],
          [
            1.0277916,
            33.6774569
          ],
          [
            1.0272995,
            33.6776912
          ],
          [
            1.0267536,
            33.6779524
          ],
          [
            1.0265753,
            33.6780495
          ],
          [
            1.026126,
            33.678276
          ],
          [
            1.025674,
            33.6785037
          ],
          [
            1.0255614,
            33.6785612
          ],
          [
            1.0253301,
            33.6787475
          ],
          [
            1.0251161,
            33.6789585
          ],
          [
            1.0250444,
            33.679026
          ],
          [
            1.0244798,
            33.679555
          ],
          [
            1.0243645,
            33.6796722
          ],
          [
            1.0242003,
            33.6798708
          ]
        ]
      },
      "properties": {
        "highway": "tertiary",
        "maxspeed": "40"
      }
    },
    {
      "type": "Feature",
      "geometry": {
        "type": "LineString",
        "coordinates": [
          [
            1.0243299,
            33.6802464
          ],
          [
            1.0242275,
            33.6799192
          ]
        ]
      },
      "properties": {
        "highway": "secondary",
        "maxspeed": "30"
      }
    },
    {
      "type": "Feature",
      "geometry": {
        "type": "LineString",
        "coordinates": [
          [
            1.0168979,
            33.6789002
          ],
          [
            1.0168567,
            33.6788974
          ],
          [
            1.016819,
            33.6788835
          ],
          [
            1.016789,
            33.6788599
          ],
          [
            1.0167705,
            33.6788306
          ],
          [
            1.0167642,
            33.6787979
          ],
          [
            1.0167707,
            33.6787652
          ],
          [
            1.0167895,
            33.678736
          ],
          [
            1.0168184,
            33.6787133
          ],
          [
            1.0168546,
            33.6786995
          ],
          [
            1.0168942,
            33.678696
          ],
          [
            1.016933,
            33.6787032
          ],
          [
            1.0169671,
            33.6787204
          ],
          [
            1.0169928,
            33.6787457
          ],
          [
            1.0170077,
            33.6787777
          ],
          [
            1.0170091,
            33.678812
          ],
          [
            1.0169968,
            33.6788448
          ],
          [
            1.0169721,
            33.6788723
          ],
          [
            1.0169378,
            33.6788915
          ],
          [
            1.0168979,
            33.6789002
          ]
        ]
      },
      "properties": {
        "highway": "primary"
      }
    },
    {
      "type": "Feature",
      "geometry": {
        "type": "LineString",
        "coordinates": [
          [
            1.0141652,
            33.6820275
          ],
          [
            1.0145295,
            33.681513
          ],
          [
            1.0146907,
            33.6812175
          ],
          [
            1.0149828,
            33.680777
          ],
          [
            1.0154173,
            33.6800946
          ],
          [
            1.0156956,
            33.6796649
          ],
          [
            1.0163379,
            33.6787359
          ]
        ]
      },
      "properties": {
        "highway": "primary",
        "maxspeed": "40"
      }
    },
    {
      "type": "Feature",
      "geometry": {
        "type": "LineString",
        "coordinates": [
          [
            1.0248198,
            33.6713269
          ],
          [
            1.0248231,
            33.6712655
          ],
          [
            1.024807,
            33.6711728
          ],
          [
            1.0247775,
            33.6710635
          ],
          [
            1.0247339,
            33.6709368
          ],
          [
            1.0247152,
            33.6708252
          ]
        ]
      },
      "properties": {
        "highway": "primary_link",
        "maxspeed": "30"
      }
    },
    {
      "type": "Feature",
      "geometry": {
        "type": "LineString",
        "coordinates": [
          [
            1.0249807,
            33.6711801
          ],
          [
            1.0248654,
            33.6710283
          ],
          [
            1.0247152,
            33.6708252
          ]
        ]
      },
      "properties": {
        "highway": "tertiary",
        "maxspeed": "40"
      }
    },
    {
      "type": "Feature",
      "geometry": {
        "type": "LineString",
        "coordinates": [
          [
            1.0243096,
            33.6803917
          ],
          [
            1.0240198,
            33.6804282
          ],
          [
            1.0237771,
            33.6804506
          ],
          [
            1.0233727,
            33.6805002
          ],
          [
            1.0227276,
            33.6806051
          ],
          [
            1.0222261,
            33.6807324
          ],
          [
            1.0215144,
            33.6809544
          ],
          [
            1.0213594,
            33.6809946
          ],
          [
            1.0209218,
            33.68113
          ],
          [
            1.0203894,
            33.6812938
          ],
          [
            1.0196963,
            33.6815083
          ],
          [
            1.0192798,
            33.6816699
          ],
          [
            1.019183,
            33.6817623
          ],
          [
            1.0191634,
            33.6817905
          ],
          [
            1.0191355,
            33.6818606
          ],
          [
            1.0187854,
            33.6827962
          ],
          [
            1.0187628,
            33.6829059
          ],
          [
            1.0187231,
            33.6832026
          ],
          [
            1.0186681,
            33.6838272
          ],
          [
            1.0186157,
            33.6839981
          ],
          [
            1.0185305,
            33.684083
          ]
        ]
      },
      "properties": {
        "highway": "primary",
        "maxspeed": "40"
      }
    },
    {
      "type": "Feature",
      "geometry": {
        "type": "LineString",
        "coordinates": [
          [
            1.0244739,
            33.6804435
          ],
          [
            1.0245394,
            33.6806992
          ],
          [
            1.0246716,
            33.6810448
          ],
          [
            1.0247467,
            33.6813057
          ],
          [
            1.0248613,
            33.6817401
          ],
          [
            1.0248892,
            33.6818944
          ],
          [
            1.0249297,
            33.6821184
          ],
          [
            1.024971,
            33.6823725
          ],
          [
            1.0249745,
            33.6824036
          ],
          [
            1.0249791,
            33.6824445
          ]
        ]
      },
      "properties": {
        "highway": "primary"
      }
    },
    {
      "type": "Feature",
      "geometry": {
        "type": "LineString",
        "coordinates": [
          [
            1.0249791,
            33.6824445
          ],
          [
            1.0250282,
            33.6829571
          ]
        ]
      },
      "properties": {
        "highway": "primary"
      }
    },
    {
      "type": "Feature",
      "geometry": {
        "type": "LineString",
        "coordinates": [
          [
            1.0250844,
            33.6835385
          ],
          [
            1.0249981,
            33.683722
          ],
          [
            1.0249794,
            33.6837611
          ],
          [
            1.024945,
            33.6838011
          ],
          [
            1.0248949,
            33.6838593
          ],
          [
            1.0247707,
            33.6839593
          ],
          [
            1.0244672,
            33.6841531
          ],
          [
            1.024058,
            33.6843871
          ],
          [
            1.0240036,
            33.6844169
          ],
          [
            1.0237361,
            33.6845635
          ],
          [
            1.0237052,
            33.6845806
          ],
          [
            1.0235504,
            33.6846656
          ]
        ]
      },
      "properties": {
        "highway": "primary"
      }
    },
    {
      "type": "Feature",
      "geometry": {
        "type": "LineString",
        "coordinates": [
          [
            1.0232118,
            33.685512
          ],
          [
            1.0231997,
            33.6857876
          ],
          [
            1.0231863,
            33.6860253
          ],
          [
            1.0231608,
            33.6862072
          ],
          [
            1.0231151,
            33.6863518
          ],
          [
            1.0230508,
            33.6865018
          ],
          [
            1.0229999,
            33.6866022
          ],
          [
            1.0228751,
            33.6867573
          ],
          [
            1.0228202,
            33.6867998
          ],
          [
            1.0225714,
            33.6869876
          ],
          [
            1.0225385,
            33.6870163
          ],
          [
            1.0222852,
            33.687196
          ],
          [
            1.0222106,
            33.6872503
          ],
          [
            1.0220016,
            33.6874106
          ],
          [
            1.0217245,
            33.6876166
          ],
          [
            1.021594,
            33.6877248
          ],
          [
            1.0214871,
            33.6878074
          ],
          [
            1.0213168,
            33.6879625
          ],
          [
            1.0212189,
            33.6880831
          ],
          [
            1.0211478,
            33.6882114
          ],
          [
            1.021125,
            33.6883018
          ],
          [
            1.0211143,
            33.6883609
          ],
          [
            1.0210754,
            33.6885952
          ],
          [
            1.0210553,
            33.688776
          ],
          [
            1.0210049,
            33.6890623
          ],
          [
            1.0209874,
            33.6891684
          ]
        ]
      },
      "properties": {
        "highway": "primary",
        "maxspeed": "40"
      }
    },
    {
      "type": "Feature",
      "geometry": {
        "type": "LineString",
        "coordinates": [
          [
            1.0203591,
            33.6897649
          ],
          [
            1.0206261,
            33.6896107
          ],
          [
            1.0207944,
            33.6894762
          ],
          [
            1.0208595,
            33.6894031
          ],
          [
            1.0209493,
            33.6892402
          ],
          [
            1.0209874,
            33.6891684
          ]
        ]
      },
      "properties": {
        "highway": "primary",
        "maxspeed": "30"
      }
    },
    {
      "type": "Feature",
      "geometry": {
        "type": "LineString",
        "coordinates": [
          [
            1.0232534,
            33.6853189
          ],
          [
            1.0229683,
            33.6853109
          ],
          [
            1.0229199,
            33.685305
          ],
          [
            1.0226986,
            33.6852926
          ],
          [
            1.0224809,
            33.6852743
          ],
          [
            1.0219954,
            33.6852798
          ],
          [
            1.0210573,
            33.685228
          ],
          [
            1.0201376,
            33.6851828
          ],
          [
            1.019922,
            33.6851728
          ],
          [
            1.0196241,
            33.6851579
          ],
          [
            1.0192882,
            33.6851131
          ],
          [
            1.0191663,
            33.6850913
          ],
          [
            1.0190523,
            33.68506
          ],
          [
            1.0189658,
            33.6850232
          ],
          [
            1.0189053,
            33.6849687
          ],
          [
            1.0186876,
            33.6847726
          ]
        ]
      },
      "properties": {
        "highway": "primary"
      }
    },
    {
      "type": "Feature",
      "geometry": {
        "type": "LineString",
        "coordinates": [
          [
            1.0186876,
            33.6847726
          ],
          [
            1.0184145,
            33.6845599
          ]
        ]
      },
      "properties": {
        "highway": "primary"
      }
    },
    {
      "type": "Feature",
      "geometry": {
        "type": "LineString",
        "coordinates": [
          [
            1.024349,
            33.671756
          ],
          [
            1.0248102,
            33.6726478
          ],
          [
            1.0249046,
            33.6728302
          ],
          [
            1.0249779,
            33.6729719
          ],
          [
            1.0250771,
            33.6731637
          ],
          [
            1.0251595,
            33.6733231
          ],
          [
            1.025246,
            33.6734904
          ],
          [
            1.0253439,
            33.6736796
          ],
          [
            1.0254173,
            33.6738216
          ],
          [
            1.02559,
            33.6741554
          ],
          [
            1.0256238,
            33.6742207
          ],
          [
            1.0257633,
            33.6744906
          ],
          [
            1.0259365,
            33.6748253
          ],
          [
            1.0261327,
            33.6752047
          ]
        ]
      },
      "properties": {
        "highway": "secondary",
        "maxspeed": "40"
      }
    },
    {
      "type": "Feature",
      "geometry": {
        "type": "LineString",
        "coordinates": [
          [
            1.0343792,
            33.6694735
          ],
          [
            1.0342839,
            33.6693642
          ],
          [
            1.0341297,
            33.6692045
          ],
          [
            1.0338387,
            33.6689222
          ],
          [
            1.0337797,
            33.6688664
          ],
          [
            1.0336932,
            33.6688016
          ],
          [
            1.0335289,
            33.6686733
          ],
          [
            1.0330434,
            33.6683127
          ],
          [
            1.0323444,
            33.667804
          ],
          [
            1.0320241,
            33.667552
          ],
          [
            1.0317982,
            33.6674684
          ],
          [
            1.0316969,
            33.6674265
          ],
          [
            1.0309701,
            33.6672245
          ],
          [
            1.0300554,
            33.6669834
          ],
          [
            1.0298757,
            33.6669321
          ],
          [
            1.0293406,
            33.666797
          ],
          [
            1.0291542,
            33.6667669
          ],
          [
            1.029004,
            33.6667323
          ],
          [
            1.0288592,
            33.6666999
          ],
          [
            1.0284944,
            33.6666017
          ],
          [
            1.0277688,
            33.6664175
          ],
          [
            1.0273759,
            33.6663561
          ],
          [
            1.0270488,
            33.6663607
          ],
          [
            1.026814,
            33.6663639
          ],
          [
            1.0267349,
            33.6663617
          ],
          [
            1.0267121,
            33.6663631
          ],
          [
            1.026641,
            33.6663673
          ],
          [
            1.0265042,
            33.6663885
          ],
          [
            1.0263526,
            33.6664476
          ],
          [
            1.0262816,
            33.6665291
          ],
          [
            1.0261354,
            33.6666798
          ],
          [
            1.026008,
            33.6668629
          ],
          [
            1.0259597,
            33.6669644
          ],
          [
            1.025843,
            33.66721
          ],
          [
            1.0257304,
            33.6675716
          ],
          [
            1.0256137,
            33.6678942
          ],
          [
            1.0255305,
            33.6680806
          ],
          [
            1.0254528,
            33.6682201
          ],
          [
            1.0253026,
            33.6683485
          ],
          [
            1.0251926,
            33.668402
          ],
          [
            1.0249847,
            33.6684813
          ],
          [
            1.0238019,
            33.6688318
          ],
          [
            1.023315,
            33.6689757
          ],
          [
            1.0225667,
            33.6692157
          ],
          [
            1.0221778,
            33.6693301
          ],
          [
            1.0221013,
            33.6693496
          ],
          [
            1.0219149,
            33.6694021
          ],
          [
            1.0215595,
            33.6695059
          ],
          [
            1.0212273,
            33.6696051
          ],
          [
            1.0208943,
            33.6697046
          ],
          [
            1.0207361,
            33.6697559
          ],
          [
            1.0201286,
            33.6699468
          ],
          [
            1.0194257,
            33.6701886
          ],
          [
            1.0193641,
            33.6702031
          ],
          [
            1.0191114,
            33.6702791
          ],
          [
            1.0186583,
            33.6704193
          ],
          [
            1.0182876,
            33.6705165
          ],
          [
            1.0180912,
            33.6705661
          ],
          [
            1.0179795,
            33.6705885
          ],
          [
            1.0174013,
            33.6706641
          ],
          [
            1.0168295,
            33.6707548
          ],
          [
            1.0165907,
            33.6708107
          ],
          [
            1.0160583,
            33.6709334
          ],
          [
            1.0157412,
            33.6710316
          ],
          [
            1.0156154,
            33.6710687
          ],
          [
            1.0155068,
            33.6710883
          ],
          [
            1.0154126,
            33.6711014
          ],
          [
            1.0153998,
            33.6714055
          ],
          [
            1.0153903,
            33.6717055
          ],
          [
            1.0153596,
            33.6718377
          ],
          [
            1.0153233,
            33.6719568
          ],
          [
            1.0152897,
            33.6720493
          ],
          [
            1.0151906,
            33.6723085
          ]
        ]
      },
      "properties": {
        "highway": "secondary",
        "maxspeed": "40"
      }
    },
    {
      "type": "Feature",
      "geometry": {
        "type": "LineString",
        "coordinates": [
          [
            1.0309701,
            33.6735373
          ],
          [
            1.0305168,
            33.6736813
          ],
          [
            1.0300219,
            33.6738554
          ],
          [
            1.0297135,
            33.6739636
          ],
          [
            1.0293366,
            33.6740864
          ],
          [
            1.0285494,
            33.6743576
          ],
          [
            1.0277779,
            33.6746372
          ],
          [
            1.0270451,
            33.6748925
          ],
          [
            1.0261327,
            33.6752047
          ],
          [
            1.0258524,
            33.6752951
          ],
          [
            1.0254849,
            33.6754067
          ],
          [
            1.0253441,
            33.6754502
          ],
          [
            1.025151,
            33.6755049
          ],
          [
            1.0250249,
            33.6755529
          ],
          [
            1.0246977,
            33.6756734
          ],
          [
            1.0243665,
            33.6757873
          ],
          [
            1.0240634,
            33.6758978
          ],
          [
            1.023944,
            33.6759357
          ],
          [
            1.0236302,
            33.6760484
          ],
          [
            1.0233217,
            33.6761656
          ],
          [
            1.0229529,
            33.6762884
          ],
          [
            1.0228577,
            33.6763207
          ],
          [
            1.0225113,
            33.6764439
          ],
          [
            1.02139,
            33.6768226
          ],
          [
            1.0200375,
            33.6772917
          ],
          [
            1.0197853,
            33.6773743
          ],
          [
            1.0187694,
            33.677708
          ],
          [
            1.0184965,
            33.6778308
          ],
          [
            1.0182121,
            33.678006
          ],
          [
            1.0178474,
            33.6781499
          ],
          [
            1.0175671,
            33.6782827
          ],
          [
            1.0173009,
            33.6784445
          ],
          [
            1.0171488,
            33.6785666
          ]
        ]
      },
      "properties": {
        "highway": "secondary",
        "maxspeed": "40"
      }
    },
    {
      "type": "Feature",
      "geometry": {
        "type": "LineString",
        "coordinates": [
          [
            1.0153442,
            33.6729675
          ],
          [
            1.0154465,
            33.6733681
          ],
          [
            1.0154575,
            33.6734112
          ],
          [
            1.0155983,
            33.6739223
          ],
          [
            1.0157123,
            33.6743453
          ],
          [
            1.0158049,
            33.6746734
          ],
          [
            1.0158424,
            33.6747862
          ],
          [
            1.0159121,
            33.6748799
          ],
          [
            1.0159661,
            33.674934
          ],
          [
            1.0160498,
            33.674985
          ],
          [
            1.016222,
            33.6750712
          ],
          [
            1.0163394,
            33.6751457
          ],
          [
            1.0164661,
            33.6752535
          ],
          [
            1.0166323,
            33.67539
          ],
          [
            1.0167148,
            33.6754447
          ],
          [
            1.017085,
            33.6756869
          ],
          [
            1.0176467,
            33.676054
          ],
          [
            1.0183735,
            33.6765109
          ],
          [
            1.0185204,
            33.6765924
          ]
        ]
      },
      "properties": {
        "highway": "secondary",
        "maxspeed": "40"
      }
    },
    {
      "type": "Feature",
      "geometry": {
        "type": "LineString",
        "coordinates": [
          [
            1.0213594,
            33.6809946
          ],
          [
            1.0213245,
            33.6808942
          ],
          [
            1.0211764,
            33.6805422
          ],
          [
            1.0209362,
            33.6799712
          ],
          [
            1.0207331,
            33.6794845
          ],
          [
            1.0204601,
            33.6789419
          ],
          [
            1.0203506,
            33.6786624
          ],
          [
            1.0202384,
            33.6783898
          ],
          [
            1.0200347,
            33.6779825
          ],
          [
            1.0197853,
            33.6773743
          ]
        ]
      },
      "properties": {
        "highway": "tertiary",
        "maxspeed": "40"
      }
    },
    {
      "type": "Feature",
      "geometry": {
        "type": "LineString",
        "coordinates": [
          [
            1.0240285,
            33.6720127
          ],
          [
            1.0238045,
            33.6717923
          ],
          [
            1.0236577,
            33.671655
          ],
          [
            1.0235779,
            33.6715238
          ],
          [
            1.0234807,
            33.6713285
          ],
          [
            1.0234176,
            33.6711801
          ],
          [
            1.0233291,
            33.6709881
          ],
          [
            1.0232855,
            33.6708972
          ],
          [
            1.0231367,
            33.6705573
          ],
          [
            1.0229436,
            33.6700986
          ],
          [
            1.0229127,
            33.6700243
          ],
          [
            1.0228869,
            33.6699733
          ],
          [
            1.0228564,
            33.6699083
          ],
          [
            1.0228198,
            33.6698223
          ],
          [
            1.0227451,
            33.669651
          ],
          [
            1.0225667,
            33.6692157
          ]
        ]
      },
      "properties": {
        "highway": "tertiary",
        "maxspeed": "40"
      }
    },
    {
      "type": "Feature",
      "geometry": {
        "type": "LineString",
        "coordinates": [
          [
            1.0107052,
            33.6755938
          ],
          [
            1.0107819,
            33.6755841
          ],
          [
            1.0115683,
            33.6757929
          ],
          [
            1.0118151,
            33.6758654
          ],
          [
            1.0120091,
            33.6759357
          ],
          [
            1.0121229,
            33.6760328
          ],
          [
            1.0123596,
            33.6762482
          ],
          [
            1.0124713,
            33.6763549
          ],
          [
            1.0125091,
            33.6763877
          ],
          [
            1.0125875,
            33.6764569
          ],
          [
            1.0127968,
            33.6766589
          ],
          [
            1.0128625,
            33.6767236
          ],
          [
            1.0129235,
            33.6767845
          ],
          [
            1.0129737,
            33.6768324
          ],
          [
            1.0131598,
            33.6770383
          ],
          [
            1.0133372,
            33.6772214
          ],
          [
            1.0136803,
            33.6775708
          ],
          [
            1.0137445,
            33.6776365
          ],
          [
            1.0139564,
            33.6778617
          ],
          [
            1.0141687,
            33.6780874
          ],
          [
            1.0145912,
            33.6785137
          ],
          [
            1.0148791,
            33.6787905
          ],
          [
            1.0154066,
            33.6793416
          ],
          [
            1.0156956,
            33.6796649
          ],
          [
            1.0160717,
            33.6800226
          ],
          [
            1.0164057,
            33.6803591
          ],
          [
            1.0167658,
            33.6807117
          ],
          [
            1.0170729,
            33.6810404
          ],
          [
            1.0173213,
            33.6813032
          ],
          [
            1.0175577,
            33.6815967
          ]
        ]
      },
      "properties": {
        "highway": "tertiary",
        "maxspeed": "40"
      }
    },
    {
      "type": "Feature",
      "geometry": {
        "type": "LineString",
        "coordinates": [
          [
            1.0142709,
            33.6830449
          ],
          [
            1.0142528,
            33.6829768
          ],
          [
            1.0142556,
            33.6829429
          ],
          [
            1.0142629,
            33.6828799
          ]
        ]
      },
      "properties": {
        "highway": "primary",
        "maxspeed": "30"
      }
    },
    {
      "type": "Feature",
      "geometry": {
        "type": "LineString",
        "coordinates": [
          [
            1.0146504,
            33.683057
          ],
          [
            1.0147902,
            33.6830003
          ],
          [
            1.0158982,
            33.6824489
          ],
          [
            1.0175577,
            33.6815967
          ],
          [
            1.0185957,
            33.681075
          ]
        ]
      },
      "properties": {
        "highway": "secondary",
        "maxspeed": "40"
      }
    },
    {
      "type": "Feature",
      "geometry": {
        "type": "LineString",
        "coordinates": [
          [
            1.0297939,
            33.676487
          ],
          [
            1.0293913,
            33.6759019
          ],
          [
            1.0289878,
            33.675295
          ],
          [
            1.0288055,
            33.6748799
          ],
          [
            1.0285494,
            33.6743576
          ],
          [
            1.0283522,
            33.6739926
          ],
          [
            1.0281846,
            33.6736511
          ],
          [
            1.028033,
            33.6733196
          ],
          [
            1.0278681,
            33.6729781
          ],
          [
            1.0277045,
            33.6726589
          ],
          [
            1.0275529,
            33.6723386
          ],
          [
            1.0273907,
            33.6720361
          ],
          [
            1.0273692,
            33.6719781
          ],
          [
            1.0273142,
            33.6718241
          ],
          [
            1.0272901,
            33.671766
          ],
          [
            1.0272767,
            33.6717415
          ],
          [
            1.0272498,
            33.6717203
          ],
          [
            1.0272002,
            33.6717125
          ],
          [
            1.027109,
            33.6717002
          ]
        ]
      },
      "properties": {
        "highway": "tertiary",
        "maxspeed": "40"
      }
    },
    {
      "type": "Feature",
      "geometry": {
        "type": "LineString",
        "coordinates": [
          [
            1.0140101,
            33.6824761
          ],
          [
            1.0133216,
            33.6828544
          ],
          [
            1.0132244,
            33.6829082
          ],
          [
            1.0128828,
            33.6831218
          ],
          [
            1.0123944,
            33.6833861
          ],
          [
            1.0122737,
            33.6834228
          ]
        ]
      },
      "properties": {
        "highway": "secondary",
        "maxspeed": "40"
      }
    },
    {
      "type": "Feature",
      "geometry": {
        "type": "LineString",
        "coordinates": [
          [
            1.0122737,
            33.6834228
          ],
          [
            1.0120712,
            33.6834986
          ],
          [
            1.0119894,
            33.6835094
          ],
          [
            1.0118546,
            33.6835301
          ],
          [
            1.011752,
            33.6835491
          ],
          [
            1.0115381,
            33.6835926
          ],
          [
            1.0112518,
            33.6836679
          ],
          [
            1.0109695,
            33.6837656
          ],
          [
            1.0107804,
            33.6838381
          ],
          [
            1.0106403,
            33.6839218
          ],
          [
            1.0105558,
            33.6839865
          ],
          [
            1.0104877,
            33.6840727
          ],
          [
            1.0104642,
            33.6841079
          ],
          [
            1.0104408,
            33.6841547
          ],
          [
            1.0104264,
            33.6841941
          ],
          [
            1.0104022,
            33.6842889
          ],
          [
            1.0103814,
            33.6843949
          ],
          [
            1.0103613,
            33.6846086
          ],
          [
            1.0103573,
            33.6850472
          ],
          [
            1.0103335,
            33.6853915
          ]
        ]
      },
      "properties": {
        "highway": "secondary",
        "maxspeed": "40"
      }
    },
    {
      "type": "Feature",
      "geometry": {
        "type": "LineString",
        "coordinates": [
          [
            1.019183,
            33.6817623
          ],
          [
            1.0190633,
            33.6816662
          ],
          [
            1.0190041,
            33.6816078
          ],
          [
            1.0189451,
            33.681532
          ],
          [
            1.0185957,
            33.681075
          ],
          [
            1.0184851,
            33.6809198
          ],
          [
            1.0183731,
            33.6807692
          ],
          [
            1.0180955,
            33.6804294
          ],
          [
            1.0177132,
            33.6799813
          ],
          [
            1.0172586,
            33.6794947
          ],
          [
            1.017103,
            33.6792898
          ],
          [
            1.0169878,
            33.6791339
          ]
        ]
      },
      "properties": {
        "highway": "primary",
        "maxspeed": "40"
      }
    },
    {
      "type": "Feature",
      "geometry": {
        "type": "LineString",
        "coordinates": [
          [
            1.0111644,
            33.6849937
          ],
          [
            1.0111888,
            33.6850539
          ],
          [
            1.0112612,
            33.6851605
          ],
          [
            1.0113265,
            33.6852419
          ],
          [
            1.0113487,
            33.685283
          ],
          [
            1.0113557,
            33.6853357
          ],
          [
            1.011349,
            33.6853865
          ],
          [
            1.011335,
            33.6854964
          ],
          [
            1.0113504,
            33.6855405
          ],
          [
            1.011392,
            33.6856024
          ],
          [
            1.0114235,
            33.6856621
          ],
          [
            1.0114241,
            33.6857062
          ],
          [
            1.011399,
            33.6857553
          ],
          [
            1.0113175,
            33.6858378
          ],
          [
            1.0112319,
            33.6859181
          ],
          [
            1.0111494,
            33.6860186
          ],
          [
            1.0110395,
            33.6861682
          ],
          [
            1.0109748,
            33.6863996
          ]
        ]
      },
      "properties": {
        "highway": "primary",
        "maxspeed": "50"
      }
    },
    {
      "type": "Feature",
      "geometry": {
        "type": "LineString",
        "coordinates": [
          [
            1.0106737,
            33.6852306
          ],
          [
            1.0105681,
            33.6854067
          ],
          [
            1.0105092,
            33.6854672
          ],
          [
            1.0104377,
            33.6854892
          ]
        ]
      },
      "properties": {
        "highway": "primary"
      }
    },
    {
      "type": "Feature",
      "geometry": {
        "type": "LineString",
        "coordinates": [
          [
            1.0110511,
            33.6866605
          ],
          [
            1.01102,
            33.6865537
          ],
          [
            1.0109748,
            33.6863996
          ]
        ]
      },
      "properties": {
        "highway": "primary",
        "maxspeed": "40"
      }
    },
    {
      "type": "Feature",
      "geometry": {
        "type": "LineString",
        "coordinates": [
          [
            1.030808,
            33.6830078
          ],
          [
            1.0306999,
            33.6836847
          ]
        ]
      },
      "properties": {
        "name": "Aflou - El Bayadh",
        "highway": "primary",
        "ref": "RN 47"
      }
    },
    {
      "type": "Feature",
      "geometry": {
        "type": "LineString",
        "coordinates": [
          [
            1.0306999,
            33.6836847
          ],
          [
            1.030689,
            33.6838168
          ],
          [
            1.0306647,
            33.6841102
          ],
          [
            1.0306659,
            33.6841874
          ],
          [
            1.0306685,
            33.684349
          ],
          [
            1.0306759,
            33.6845584
          ],
          [
            1.0306798,
            33.6846503
          ],
          [
            1.030705,
            33.6850005
          ],
          [
            1.0307183,
            33.6850784
          ]
        ]
      },
      "properties": {
        "name": "Aflou - El Bayadh",
        "highway": "primary",
        "maxspeed": "40",
        "ref": "RN 47"
      }
    },
    {
      "type": "Feature",
      "geometry": {
        "type": "LineString",
        "coordinates": [
          [
            0.9047765,
            33.7222682
          ],
          [
            0.9050742,
            33.7219941
          ],
          [
            0.9052403,
            33.7218099
          ],
          [
            0.905359,
            33.7216224
          ],
          [
            0.9054499,
            33.7214415
          ],
          [
            0.9055013,
            33.7212475
          ],
          [
            0.9055216,
            33.7209171
          ]
        ]
      },
      "properties": {
        "highway": "secondary_link",
        "maxspeed": "30"
      }
    },
    {
      "type": "Feature",
      "geometry": {
        "type": "LineString",
        "coordinates": [
          [
            0.9070994,
            33.6568818
          ],
          [
            0.9070283,
            33.6568883
          ],
          [
            0.9069585,
            33.6568755
          ],
          [
            0.9069014,
            33.6568476
          ],
          [
            0.9068569,
            33.6568068
          ],
          [
            0.906829,
            33.6567568
          ],
          [
            0.9068203,
            33.6567022
          ],
          [
            0.9068314,
            33.6566479
          ],
          [
            0.9068615,
            33.6565988
          ],
          [
            0.9069103,
            33.6565578
          ],
          [
            0.906972,
            33.6565315
          ],
          [
            0.9070404,
            33.6565225
          ],
          [
            0.9071088,
            33.6565316
          ],
          [
            0.9071704,
            33.656558
          ],
          [
            0.9072191,
            33.6565991
          ],
          [
            0.90725,
            33.6566507
          ],
          [
            0.9072601,
            33.6567078
          ],
          [
            0.9072483,
            33.6567647
          ],
          [
            0.9072158,
            33.6568156
          ],
          [
            0.9071641,
            33.6568567
          ],
          [
            0.9070994,
            33.6568818
          ]
        ]
      },
      "properties": {
        "highway": "primary",
        "maxspeed": "30"
      }
    },
    {
      "type": "Feature",
      "geometry": {
        "type": "LineString",
        "coordinates": [
          [
            1.1341248,
            33.7681045
          ],
          [
            1.1341863,
            33.7681409
          ],
          [
            1.1342546,
            33.7681677
          ],
          [
            1.1343275,
            33.7681841
          ],
          [
            1.1344027,
            33.7681895
          ],
          [
            1.1345541,
            33.7681919
          ]
        ]
      },
      "properties": {
        "highway": "primary_link"
      }
    },
    {
      "type": "Feature",
      "geometry": {
        "type": "LineString",
        "coordinates": [
          [
            1.1345804,
            33.7682132
          ],
          [
            1.1344964,
            33.7683193
          ],
          [
            1.1344582,
            33.7683669
          ],
          [
            1.1344289,
            33.7684186
          ],
          [
            1.1344092,
            33.7684734
          ],
          [
            1.1343994,
            33.76853
          ]
        ]
      },
      "properties": {
        "highway": "primary_link"
      }
    },
    {
      "type": "Feature",
      "geometry": {
        "type": "LineString",
        "coordinates": [
          [
            1.1347822,
            33.7681032
          ],
          [
            1.1345804,
            33.7682132
          ],
          [
            1.1344433,
            33.7682879
          ],
          [
            1.1344052,
            33.7683066
          ],
          [
            1.1343662,
            33.7683242
          ],
          [
            1.1343264,
            33.7683404
          ],
          [
            1.1342859,
            33.7683553
          ]
        ]
      },
      "properties": {
        "highway": "tertiary"
      }
    },
    {
      "type": "Feature",
      "geometry": {
        "type": "LineString",
        "coordinates": [
          [
            1.1342522,
            33.7683022
          ],
          [
            1.1342906,
            33.7682831
          ],
          [
            1.1343303,
            33.7682659
          ],
          [
            1.134371,
            33.7682505
          ],
          [
            1.1344127,
            33.7682371
          ],
          [
            1.1345541,
            33.7681919
          ],
          [
            1.1347822,
            33.7681032
          ]
        ]
      },
      "properties": {
        "highway": "tertiary"
      }
    },
    {
      "type": "Feature",
      "geometry": {
        "type": "LineString",
        "coordinates": [
          [
            1.1347822,
            33.7681032
          ],
          [
            1.1417186,
            33.7647372
          ],
          [
            1.1421858,
            33.7645086
          ],
          [
            1.1426886,
            33.7642626
          ],
          [
            1.1431026,
            33.7640601
          ],
          [
            1.1434747,
            33.763878
          ],
          [
            1.1438821,
            33.7636787
          ],
          [
            1.1442167,
            33.7635151
          ],
          [
            1.1445297,
            33.7633619
          ],
          [
            1.1446529,
            33.7633016
          ],
          [
            1.1449274,
            33.7631673
          ],
          [
            1.1460647,
            33.7626109
          ]
        ]
      },
      "properties": {
        "highway": "tertiary"
      }
    },
    {
      "type": "Feature",
      "geometry": {
        "type": "LineString",
        "coordinates": [
          [
            1.1866033,
            33.8446871
          ],
          [
            1.1843878,
            33.8446381
          ],
          [
            1.1824352,
            33.8446738
          ],
          [
            1.179812,
            33.8446961
          ],
          [
            1.1793828,
            33.8447228
          ],
          [
            1.1787713,
            33.8448609
          ]
        ]
      },
      "properties": {
        "highway": "secondary"
      }
    },
    {
      "type": "Feature",
      "geometry": {
        "type": "LineString",
        "coordinates": [
          [
            1.1787713,
            33.8448609
          ],
          [
            1.177811,
            33.8451327
          ],
          [
            1.1756706,
            33.8457119
          ],
          [
            1.1738682,
            33.8461842
          ],
          [
            1.1724574,
            33.8465629
          ],
          [
            1.1710519,
            33.8469727
          ],
          [
            1.1698234,
            33.8472712
          ],
          [
            1.1690724,
            33.8474717
          ],
          [
            1.1687452,
            33.847641
          ],
          [
            1.168536,
            33.8478282
          ],
          [
            1.167974,
            33.84867
          ],
          [
            1.1676122,
            33.8491509
          ]
        ]
      },
      "properties": {
        "name": "El Bayadh-Oudil Lehjal",
        "highway": "secondary",
        "maxspeed": "80"
      }
    },
    {
      "type": "Feature",
      "geometry": {
        "type": "LineString",
        "coordinates": [
          [
            1.1672388,
            33.8493042
          ],
          [
            1.16734,
            33.8492938
          ],
          [
            1.1674227,
            33.8492686
          ],
          [
            1.1675055,
            33.8492388
          ],
          [
            1.1676122,
            33.8491509
          ]
        ]
      },
      "properties": {
        "highway": "secondary"
      }
    },
    {
      "type": "Feature",
      "geometry": {
        "type": "LineString",
        "coordinates": [
          [
            1.1676122,
            33.8491509
          ],
          [
            1.1675496,
            33.8492502
          ],
          [
            1.1675165,
            33.8493281
          ],
          [
            1.1675055,
            33.8493877
          ],
          [
            1.167545,
            33.8494802
          ]
        ]
      },
      "properties": {
        "highway": "secondary"
      }
    },
    {
      "type": "Feature",
      "geometry": {
        "type": "LineString",
        "coordinates": [
          [
            1.1676122,
            33.8491509
          ],
          [
            1.1674006,
            33.8493972
          ]
        ]
      },
      "properties": {
        "highway": "secondary"
      }
    },
    {
      "type": "Feature",
      "geometry": {
        "type": "LineString",
        "coordinates": [
          [
            1.0150112,
            33.6725352
          ],
          [
            1.0150887,
            33.6724346
          ],
          [
            1.0151437,
            33.6723609
          ],
          [
            1.0151906,
            33.6723085
          ]
        ]
      },
      "properties": {
        "highway": "secondary",
        "maxspeed": "30"
      }
    },
    {
      "type": "Feature",
      "geometry": {
        "type": "LineString",
        "coordinates": [
          [
            1.0002435,
            33.6951519
          ],
          [
            1.0004161,
            33.6950983
          ],
          [
            1.0006816,
            33.6949643
          ]
        ]
      },
      "properties": {
        "highway": "secondary",
        "maxspeed": "30"
      }
    },
    {
      "type": "Feature",
      "geometry": {
        "type": "LineString",
        "coordinates": [
          [
            1.1420725,
            33.6419391
          ],
          [
            1.1418347,
            33.6419966
          ],
          [
            1.141529,
            33.6419534
          ]
        ]
      },
      "properties": {
        "highway": "secondary"
      }
    },
    {
      "type": "Feature",
      "geometry": {
        "type": "LineString",
        "coordinates": [
          [
            1.0100571,
            33.6449391
          ],
          [
            1.0093663,
            33.6448459
          ],
          [
            1.0085184,
            33.6447259
          ],
          [
            1.0076802,
            33.6445704
          ]
        ]
      },
      "properties": {
        "highway": "primary",
        "maxspeed": "50"
      }
    },
    {
      "type": "Feature",
      "geometry": {
        "type": "LineString",
        "coordinates": [
          [
            1.0104746,
            33.6450715
          ],
          [
            1.0102968,
            33.6449983
          ],
          [
            1.0100571,
            33.6449391
          ]
        ]
      },
      "properties": {
        "highway": "primary",
        "maxspeed": "40"
      }
    },
    {
      "type": "Feature",
      "geometry": {
        "type": "LineString",
        "coordinates": [
          [
            1.0104941,
            33.6450966
          ],
          [
            1.0104746,
            33.6450715
          ],
          [
            1.0104545,
            33.645024
          ],
          [
            1.0104518,
            33.6449737
          ],
          [
            1.0104668,
            33.6449249
          ],
          [
            1.0104982,
            33.6448818
          ],
          [
            1.0105291,
            33.6448567
          ],
          [
            1.0105873,
            33.6448299
          ],
          [
            1.0106527,
            33.6448199
          ],
          [
            1.0107185,
            33.6448278
          ],
          [
            1.0107778,
            33.6448527
          ],
          [
            1.0108246,
            33.644892
          ],
          [
            1.0108534,
            33.6449405
          ],
          [
            1.0108626,
            33.6449941
          ],
          [
            1.0108514,
            33.6450474
          ],
          [
            1.0108207,
            33.6450951
          ],
          [
            1.0107713,
            33.6451338
          ],
          [
            1.0107094,
            33.6451571
          ],
          [
            1.0106418,
            33.6451624
          ],
          [
            1.0105758,
            33.645149
          ],
          [
            1.0105186,
            33.6451186
          ],
          [
            1.0104941,
            33.6450966
          ]
        ]
      },
      "properties": {
        "highway": "primary",
        "maxspeed": "40"
      }
    },
    {
      "type": "Feature",
      "geometry": {
        "type": "LineString",
        "coordinates": [
          [
            1.0109011,
            33.6197743
          ],
          [
            1.0109518,
            33.6176082
          ],
          [
            1.0109074,
            33.6158215
          ],
          [
            1.0109501,
            33.615656
          ],
          [
            1.0110068,
            33.6155349
          ],
          [
            1.0111202,
            33.6154256
          ],
          [
            1.0119644,
            33.6147817
          ],
          [
            1.0125957,
            33.61425
          ],
          [
            1.0129291,
            33.6138601
          ],
          [
            1.0133832,
            33.6135588
          ],
          [
            1.0137237,
            33.6126845
          ],
          [
            1.0140287,
            33.6123064
          ],
          [
            1.0139932,
            33.6118278
          ],
          [
            1.0137166,
            33.6083185
          ],
          [
            1.0135403,
            33.5990321
          ],
          [
            1.0134801,
            33.5951881
          ],
          [
            1.0135403,
            33.5940349
          ],
          [
            1.0143027,
            33.5923301
          ],
          [
            1.014684,
            33.5911601
          ],
          [
            1.0148445,
            33.5896893
          ],
          [
            1.0149047,
            33.5881014
          ],
          [
            1.0147642,
            33.5867977
          ],
          [
            1.0141021,
            33.5845411
          ],
          [
            1.0139416,
            33.5835382
          ],
          [
            1.0139215,
            33.5824684
          ],
          [
            1.0138412,
            33.5812983
          ],
          [
            1.013623,
            33.580778
          ],
          [
            1.0132017,
            33.5801846
          ],
          [
            1.013087,
            33.5799264
          ],
          [
            1.0127854,
            33.5785174
          ],
          [
            1.0127672,
            33.5782089
          ],
          [
            1.0128756,
            33.5777565
          ],
          [
            1.0129609,
            33.5774724
          ],
          [
            1.0129471,
            33.5772202
          ],
          [
            1.0128894,
            33.5770193
          ],
          [
            1.0125646,
            33.5766992
          ],
          [
            1.0121483,
            33.5762938
          ],
          [
            1.0118724,
            33.5754246
          ],
          [
            1.0117972,
            33.5749235
          ],
          [
            1.0116667,
            33.5740537
          ],
          [
            1.0116316,
            33.5734227
          ],
          [
            1.0118273,
            33.572662
          ],
          [
            1.0121583,
            33.5718428
          ],
          [
            1.0123088,
            33.5711574
          ],
          [
            1.0122887,
            33.5633707
          ],
          [
            1.0121082,
            33.562309
          ],
          [
            1.011436,
            33.560729
          ],
          [
            1.0107638,
            33.5592995
          ],
          [
            1.0106936,
            33.558639
          ],
          [
            1.0106936,
            33.5579367
          ],
          [
            1.0108842,
            33.5565322
          ],
          [
            1.0109043,
            33.5555791
          ],
          [
            1.0107036,
            33.5544087
          ],
          [
            1.0103124,
            33.5529372
          ],
          [
            1.0100515,
            33.5515577
          ],
          [
            1.0096502,
            33.5506631
          ],
          [
            1.0087473,
            33.5496179
          ],
          [
            1.0072425,
            33.5488571
          ],
          [
            1.0037505,
            33.545346
          ],
          [
            1.0021153,
            33.543774
          ],
          [
            1.0014832,
            33.5430968
          ],
          [
            1.0007709,
            33.5418927
          ],
          [
            1.0005502,
            33.5413993
          ],
          [
            1.0001991,
            33.540028
          ],
          [
            1.0000285,
            33.5393339
          ],
          [
            0.9993865,
            33.5376448
          ],
          [
            0.998915,
            33.5363654
          ],
          [
            0.9987444,
            33.5358553
          ],
          [
            0.9986942,
            33.5352281
          ],
          [
            0.9985036,
            33.5347347
          ],
          [
            0.9981926,
            33.5343333
          ],
          [
            0.9975706,
            33.5338148
          ],
          [
            0.9968182,
            33.5333549
          ],
          [
            0.9963066,
            33.5330789
          ],
          [
            0.9953434,
            33.5327779
          ],
          [
            0.9947114,
            33.532527
          ],
          [
            0.9942299,
            33.5322092
          ],
          [
            0.9938687,
            33.5316823
          ],
          [
            0.993337,
            33.5307875
          ],
          [
            0.9922936,
            33.5290146
          ],
          [
            0.9913807,
            33.5274507
          ],
          [
            0.9909092,
            33.5267816
          ],
          [
            0.9903273,
            33.5262046
          ],
          [
            0.9895147,
            33.5255857
          ],
          [
            0.9878192,
            33.5242392
          ],
          [
            0.9875684,
            33.5238795
          ],
          [
            0.9873577,
            33.5231603
          ],
          [
            0.9875784,
            33.522441
          ],
          [
            0.98806,
            33.5217301
          ],
          [
            0.9888224,
            33.5210443
          ],
          [
            0.9894043,
            33.5206846
          ],
          [
            0.9902972,
            33.5205675
          ],
          [
            0.9910295,
            33.5206093
          ],
          [
            0.9916315,
            33.5204839
          ],
          [
            0.9920629,
            33.5200155
          ],
          [
            0.992103,
            33.5195137
          ],
          [
            0.9918723,
            33.5190369
          ],
          [
            0.9904477,
            33.5179914
          ],
          [
            0.9895046,
            33.5171634
          ],
          [
            0.9886017,
            33.5162266
          ],
          [
            0.9880399,
            33.5156327
          ],
          [
            0.9874681,
            33.5151225
          ],
          [
            0.9870367,
            33.5146206
          ],
          [
            0.9869063,
            33.5139766
          ],
          [
            0.9869063,
            33.5134078
          ],
          [
            0.9867056,
            33.5129394
          ],
          [
            0.9850503,
            33.5106391
          ],
          [
            0.9846089,
            33.5101205
          ],
          [
            0.9837561,
            33.5094262
          ],
          [
            0.9826525,
            33.5085479
          ],
          [
            0.9820105,
            33.507795
          ],
          [
            0.9814386,
            33.5066072
          ],
          [
            0.9811477,
            33.5059965
          ],
          [
            0.9805257,
            33.5053106
          ],
          [
            0.9789205,
            33.503855
          ],
          [
            0.9778069,
            33.5028595
          ],
          [
            0.9772552,
            33.5021568
          ],
          [
            0.9769843,
            33.5013453
          ],
          [
            0.9770043,
            33.5007011
          ],
          [
            0.9773555,
            33.4994714
          ],
          [
            0.9774558,
            33.4986264
          ],
          [
            0.9773555,
            33.4980659
          ],
          [
            0.9770244,
            33.4970452
          ],
          [
            0.9766733,
            33.4954557
          ],
          [
            0.9762118,
            33.4944517
          ],
          [
            0.9753691,
            33.4930545
          ],
          [
            0.9743056,
            33.4901848
          ],
          [
            0.9739545,
            33.489072
          ],
          [
            0.9739545,
            33.4882855
          ],
          [
            0.9741853,
            33.4877249
          ],
          [
            0.9746568,
            33.4872145
          ],
          [
            0.9757102,
            33.4864949
          ],
          [
            0.9764225,
            33.4857419
          ],
          [
            0.9774157,
            33.484855
          ],
          [
            0.9783687,
            33.4841772
          ],
          [
            0.9791312,
            33.4831564
          ],
          [
            0.9797231,
            33.482395
          ],
          [
            0.9799768,
            33.4820203
          ],
          [
            0.9802828,
            33.4817086
          ],
          [
            0.9805085,
            33.4815266
          ],
          [
            0.9810352,
            33.4813049
          ],
          [
            0.9812058,
            33.4811794
          ],
          [
            0.9810252,
            33.4810455
          ],
          [
            0.979771,
            33.4804941
          ],
          [
            0.979731,
            33.4804765
          ],
          [
            0.9786583,
            33.4798707
          ],
          [
            0.9784569,
            33.4797569
          ],
          [
            0.9776543,
            33.4791376
          ],
          [
            0.976932,
            33.4787862
          ],
          [
            0.9750158,
            33.4783176
          ],
          [
            0.9738722,
            33.4779829
          ],
          [
            0.9727786,
            33.4773302
          ],
          [
            0.9721065,
            33.4768197
          ],
          [
            0.9693476,
            33.4745436
          ],
          [
            0.9684948,
            33.4738406
          ],
          [
            0.9681638,
            33.4735226
          ],
          [
            0.9677926,
            33.472962
          ],
          [
            0.9671605,
            33.4719829
          ],
          [
            0.9657895,
            33.4699543
          ],
          [
            0.9642572,
            33.4678594
          ],
          [
            0.9637748,
            33.4672025
          ],
          [
            0.9637575,
            33.4671248
          ],
          [
            0.9637039,
            33.466883
          ],
          [
            0.9638315,
            33.4664273
          ],
          [
            0.9640515,
            33.4661255
          ],
          [
            0.9658746,
            33.462196
          ],
          [
            0.9663215,
            33.4612905
          ],
          [
            0.9666478,
            33.4605981
          ],
          [
            0.967265,
            33.4598346
          ],
          [
            0.9679035,
            33.4588167
          ],
          [
            0.9681588,
            33.4581065
          ],
          [
            0.9685135,
            33.4571418
          ],
          [
            0.9685916,
            33.456686
          ],
          [
            0.9685135,
            33.4560528
          ],
          [
            0.9684781,
            33.455597
          ],
          [
            0.968847,
            33.4550939
          ],
          [
            0.9691236,
            33.4549519
          ],
          [
            0.96923,
            33.4547388
          ],
          [
            0.9690243,
            33.454218
          ],
          [
            0.9689179,
            33.4539517
          ],
          [
            0.9689569,
            33.4536232
          ],
          [
            0.9691023,
            33.4532532
          ],
          [
            0.9691733,
            33.4528981
          ],
          [
            0.9690846,
            33.4526436
          ],
          [
            0.9688931,
            33.4523654
          ],
          [
            0.9687654,
            33.4521435
          ],
          [
            0.9688328,
            33.4519482
          ],
          [
            0.9688647,
            33.4517173
          ],
          [
            0.9687902,
            33.4515279
          ],
          [
            0.9683929,
            33.4511225
          ],
          [
            0.9679318,
            33.4506934
          ],
          [
            0.9674175,
            33.4501103
          ],
          [
            0.9672331,
            33.4498529
          ],
          [
            0.9671551,
            33.449622
          ],
          [
            0.9670877,
            33.4493853
          ],
          [
            0.9668323,
            33.4491012
          ],
          [
            0.9667401,
            33.4489591
          ],
          [
            0.9667401,
            33.4488348
          ],
          [
            0.9668607,
            33.4487135
          ],
          [
            0.9670806,
            33.4485862
          ],
          [
            0.9672473,
            33.448379
          ],
          [
            0.9674175,
            33.4480772
          ],
          [
            0.9675239,
            33.4478434
          ],
          [
            0.9676836,
            33.4476688
          ],
          [
            0.9679141,
            33.4475326
          ],
          [
            0.9681659,
            33.4474231
          ],
          [
            0.9685809,
            33.4473935
          ],
          [
            0.9692584,
            33.4473195
          ],
          [
            0.9698153,
            33.4473077
          ],
          [
            0.9708368,
            33.4472337
          ],
          [
            0.9711986,
            33.4471804
          ],
          [
            0.9717484,
            33.4470206
          ],
          [
            0.9722591,
            33.4468371
          ],
          [
            0.9725677,
            33.4467986
          ],
          [
            0.9728231,
            33.4468194
          ],
          [
            0.9745363,
            33.447287
          ],
          [
            0.976363,
            33.4478374
          ],
          [
            0.9768418,
            33.4479381
          ],
          [
            0.977161,
            33.4479765
          ],
          [
            0.977381,
            33.4479499
          ],
          [
            0.9777534,
            33.4478434
          ],
          [
            0.9781506,
            33.4477131
          ],
          [
            0.9796155,
            33.4469614
          ],
          [
            0.9803498,
            33.4466388
          ],
          [
            0.9808641,
            33.4464109
          ],
          [
            0.981538,
            33.4460883
          ],
          [
            0.9824141,
            33.4454135
          ],
          [
            0.9827085,
            33.4451975
          ],
          [
            0.9833363,
            33.4448571
          ],
          [
            0.9838754,
            33.4444635
          ],
          [
            0.984106,
            33.4443422
          ],
          [
            0.984411,
            33.4442445
          ],
          [
            0.9848189,
            33.4441527
          ],
          [
            0.985163,
            33.4440255
          ],
          [
            0.9854716,
            33.443836
          ],
          [
            0.9857234,
            33.4436555
          ],
          [
            0.9862732,
            33.4433181
          ],
          [
            0.9870145,
            33.4427765
          ],
          [
            0.9876104,
            33.4423828
          ],
          [
            0.9884652,
            33.4419478
          ],
          [
            0.9888022,
            33.4417139
          ],
          [
            0.9890434,
            33.4414446
          ],
          [
            0.9893129,
            33.4410184
          ],
          [
            0.9896641,
            33.4406425
          ],
          [
            0.9902635,
            33.4401512
          ],
          [
            0.9906963,
            33.4396865
          ],
          [
            0.9909658,
            33.4393283
          ],
          [
            0.9914872,
            33.4383131
          ],
          [
            0.9922798,
            33.4366869
          ],
          [
            0.9931225,
            33.4350209
          ],
          [
            0.9934435,
            33.4343344
          ],
          [
            0.9936542,
            33.4335976
          ],
          [
            0.9938549,
            33.4324339
          ],
          [
            0.9940956,
            33.4296793
          ],
          [
            0.9943464,
            33.42839
          ],
          [
            0.9944568,
            33.4274355
          ],
          [
            0.994196,
            33.4264726
          ],
          [
            0.9937746,
            33.4251329
          ],
          [
            0.9937044,
            33.4240779
          ],
          [
            0.9939753,
            33.4230061
          ],
          [
            0.9940956,
            33.4224451
          ],
          [
            0.993905,
            33.4200336
          ],
          [
            0.9938448,
            33.4186603
          ],
          [
            0.9939452,
            33.4176638
          ],
          [
            0.9944267,
            33.4169437
          ],
          [
            0.9952193,
            33.4158048
          ],
          [
            0.9955403,
            33.4151182
          ],
          [
            0.9957409,
            33.4140379
          ],
          [
            0.9958212,
            33.4126059
          ],
          [
            0.9960921,
            33.4119025
          ],
          [
            0.9965134,
            33.4112828
          ],
          [
            0.9970652,
            33.4108138
          ],
          [
            0.99856,
            33.4100434
          ],
          [
            1.0014995,
            33.4088039
          ],
          [
            1.002583,
            33.4083098
          ],
          [
            1.0031649,
            33.4079413
          ],
          [
            1.0037066,
            33.4073049
          ],
          [
            1.004449,
            33.4058895
          ],
          [
            1.0058636,
            33.4028661
          ],
          [
            1.0070373,
            33.4004875
          ],
          [
            1.0080005,
            33.3983518
          ],
          [
            1.0093949,
            33.3954621
          ],
          [
            1.0101875,
            33.3938037
          ],
          [
            1.0106558,
            33.3928544
          ]
        ]
      },
      "properties": {
        "name": "El Bayadh - El Ouafeg",
        "highway": "secondary"
      }
    },
    {
      "type": "Feature",
      "geometry": {
        "type": "LineString",
        "coordinates": [
          [
            0.5840364,
            33.1896808
          ],
          [
            0.5852935,
            33.1813624
          ],
          [
            0.5854745,
            33.1805782
          ],
          [
            0.5857335,
            33.1796339
          ],
          [
            0.5860869,
            33.178813
          ],
          [
            0.591371,
            33.1664541
          ],
          [
            0.5995925,
            33.1470501
          ],
          [
            0.6036821,
            33.137954
          ],
          [
            0.6059104,
            33.133192
          ],
          [
            0.6062197,
            33.1324447
          ],
          [
            0.6065554,
            33.1315124
          ]
        ]
      },
      "properties": {
        "highway": "primary",
        "maxspeed": "80",
        "ref": "RN 6B"
      }
    },
    {
      "type": "Feature",
      "geometry": {
        "type": "LineString",
        "coordinates": [
          [
            0.5783338,
            33.0803058
          ],
          [
            0.5765654,
            33.0764459
          ],
          [
            0.5761651,
            33.075458
          ],
          [
            0.5758231,
            33.0743115
          ],
          [
            0.5756848,
            33.0739334
          ],
          [
            0.5754956,
            33.0735005
          ],
          [
            0.57527,
            33.0731163
          ],
          [
            0.5750371,
            33.0727992
          ],
          [
            0.5747096,
            33.0724394
          ],
          [
            0.5743676,
            33.0721101
          ],
          [
            0.5739237,
            33.0717807
          ],
          [
            0.5734303,
            33.0715008
          ],
          [
            0.5730777,
            33.07133
          ],
          [
            0.5726701,
            33.0711693
          ],
          [
            0.569961,
            33.0701849
          ],
          [
            0.5691699,
            33.0698835
          ],
          [
            0.5679669,
            33.0693439
          ],
          [
            0.5670242,
            33.0687082
          ],
          [
            0.5661251,
            33.0679849
          ],
          [
            0.5646507,
            33.0665484
          ],
          [
            0.5631643,
            33.0651219
          ],
          [
            0.562481,
            33.0643283
          ],
          [
            0.5618098,
            33.0633136
          ],
          [
            0.5610066,
            33.0618871
          ],
          [
            0.5602394,
            33.0605007
          ],
          [
            0.5596724,
            33.0595121
          ],
          [
            0.5592441,
            33.0588924
          ],
          [
            0.5581038,
            33.0574748
          ],
          [
            0.5570748,
            33.0562208
          ]
        ]
      },
      "properties": {
        "highway": "primary",
        "maxspeed": "80",
        "ref": "RN 6B"
      }
    },
    {
      "type": "Feature",
      "geometry": {
        "type": "LineString",
        "coordinates": [
          [
            0.5786467,
            33.0809827
          ],
          [
            0.5783338,
            33.0803058
          ]
        ]
      },
      "properties": {
        "highway": "primary",
        "maxspeed": "80",
        "ref": "RN 6B"
      }
    },
    {
      "type": "Feature",
      "geometry": {
        "type": "LineString",
        "coordinates": [
          [
            0.5160036,
            33.1710827
          ],
          [
            0.5147201,
            33.1703298
          ],
          [
            0.5138507,
            33.1698551
          ],
          [
            0.5126661,
            33.1695193
          ],
          [
            0.5117977,
            33.1693972
          ],
          [
            0.5108974,
            33.1693489
          ],
          [
            0.5084009,
            33.1694865
          ],
          [
            0.496292,
            33.1703598
          ],
          [
            0.4926173,
            33.1705951
          ],
          [
            0.4912065,
            33.1705693
          ],
          [
            0.4898419,
            33.1704325
          ],
          [
            0.4796633,
            33.1688406
          ],
          [
            0.4681738,
            33.1670415
          ],
          [
            0.4665709,
            33.1667999
          ],
          [
            0.4654872,
            33.1667749
          ],
          [
            0.4645037,
            33.1668743
          ],
          [
            0.463585,
            33.1670716
          ],
          [
            0.4624123,
            33.1674639
          ],
          [
            0.4616346,
            33.16786
          ],
          [
            0.4607636,
            33.1684591
          ],
          [
            0.4555814,
            33.1723912
          ],
          [
            0.4545656,
            33.1730747
          ],
          [
            0.4534474,
            33.1736321
          ],
          [
            0.4517091,
            33.1744402
          ],
          [
            0.4506883,
            33.1747886
          ],
          [
            0.4497112,
            33.1749547
          ],
          [
            0.4490728,
            33.1749611
          ],
          [
            0.4483072,
            33.1749209
          ],
          [
            0.4474301,
            33.1747291
          ],
          [
            0.4466175,
            33.1744239
          ],
          [
            0.4443268,
            33.1731887
          ],
          [
            0.4430061,
            33.1727253
          ],
          [
            0.4420512,
            33.1725538
          ],
          [
            0.4402681,
            33.1721981
          ],
          [
            0.4305006,
            33.1691412
          ],
          [
            0.4249645,
            33.1683114
          ],
          [
            0.4203404,
            33.1670181
          ],
          [
            0.416125,
            33.165838
          ],
          [
            0.4119869,
            33.1646112
          ],
          [
            0.4073263,
            33.1633062
          ],
          [
            0.4021968,
            33.1618773
          ],
          [
            0.3982679,
            33.1612666
          ],
          [
            0.3832615,
            33.1597738
          ],
          [
            0.380486,
            33.1596903
          ],
          [
            0.3774358,
            33.1600217
          ],
          [
            0.3696895,
            33.1610771
          ],
          [
            0.3643746,
            33.1618416
          ],
          [
            0.3640502,
            33.1618824
          ],
          [
            0.3632789,
            33.1619776
          ],
          [
            0.3626682,
            33.1620637
          ],
          [
            0.3613415,
            33.1621635
          ],
          [
            0.3601194,
            33.1621477
          ],
          [
            0.3585015,
            33.1619501
          ],
          [
            0.3568632,
            33.1617031
          ],
          [
            0.3515396,
            33.1609711
          ],
          [
            0.3485312,
            33.16046
          ],
          [
            0.3466301,
            33.1600361
          ],
          [
            0.3441377,
            33.1593427
          ],
          [
            0.3306977,
            33.1545239
          ],
          [
            0.3260875,
            33.1528523
          ],
          [
            0.3206416,
            33.1511421
          ],
          [
            0.3149982,
            33.1493941
          ],
          [
            0.3115714,
            33.1483206
          ],
          [
            0.3092551,
            33.1473855
          ],
          [
            0.3074162,
            33.1462015
          ],
          [
            0.3057704,
            33.1449942
          ],
          [
            0.3043134,
            33.1433826
          ],
          [
            0.3022459,
            33.1403417
          ],
          [
            0.3009606,
            33.1384525
          ],
          [
            0.300127,
            33.1374202
          ],
          [
            0.2993127,
            33.136635
          ],
          [
            0.2981754,
            33.1357663
          ],
          [
            0.2958108,
            33.1345669
          ],
          [
            0.293047,
            33.1333531
          ],
          [
            0.291545,
            33.1326074
          ],
          [
            0.2904667,
            33.1318958
          ],
          [
            0.289499,
            33.1311753
          ],
          [
            0.2881064,
            33.1302588
          ],
          [
            0.2854371,
            33.1283514
          ],
          [
            0.2677055,
            33.1166577
          ],
          [
            0.2623904,
            33.1131324
          ],
          [
            0.2603359,
            33.1121951
          ],
          [
            0.258968,
            33.1118123
          ],
          [
            0.2570582,
            33.1115526
          ],
          [
            0.2548052,
            33.111629
          ],
          [
            0.2519942,
            33.1123524
          ],
          [
            0.250181,
            33.113127
          ],
          [
            0.2481747,
            33.1140239
          ],
          [
            0.2455945,
            33.1148066
          ],
          [
            0.2437158,
            33.1150267
          ],
          [
            0.2417374,
            33.1149881
          ],
          [
            0.2292823,
            33.1121942
          ],
          [
            0.2262665,
            33.1114888
          ],
          [
            0.2244501,
            33.1109083
          ],
          [
            0.2226508,
            33.1100276
          ],
          [
            0.2206016,
            33.1088404
          ],
          [
            0.208904,
            33.1002611
          ],
          [
            0.2026898,
            33.0957627
          ],
          [
            0.2013799,
            33.0949564
          ],
          [
            0.1987148,
            33.0937044
          ],
          [
            0.1876351,
            33.0891049
          ],
          [
            0.1822364,
            33.0869026
          ],
          [
            0.1797677,
            33.0856549
          ],
          [
            0.1754332,
            33.0831001
          ],
          [
            0.1649919,
            33.0767012
          ],
          [
            0.1607819,
            33.0741812
          ],
          [
            0.1556865,
            33.0713643
          ],
          [
            0.1500842,
            33.0682671
          ],
          [
            0.1453818,
            33.065737
          ],
          [
            0.1432317,
            33.0641483
          ],
          [
            0.1364554,
            33.0576765
          ],
          [
            0.1292134,
            33.0507437
          ],
          [
            0.1256053,
            33.0473048
          ],
          [
            0.1239455,
            33.0459846
          ],
          [
            0.1213046,
            33.0442359
          ],
          [
            0.1164123,
            33.0416134
          ],
          [
            0.1082128,
            33.0372931
          ],
          [
            0.1054598,
            33.0358113
          ],
          [
            0.1035887,
            33.0349775
          ],
          [
            0.1019721,
            33.0346052
          ],
          [
            0.1007123,
            33.0345134
          ],
          [
            0.0997198,
            33.034531
          ],
          [
            0.0977243,
            33.0347414
          ],
          [
            0.0950174,
            33.0350832
          ],
          [
            0.0910826,
            33.0356152
          ],
          [
            0.0884116,
            33.035935
          ],
          [
            0.0827189,
            33.0355968
          ],
          [
            0.0780524,
            33.0352699
          ],
          [
            0.0718147,
            33.034853
          ],
          [
            0.0684131,
            33.0346465
          ],
          [
            0.0663183,
            33.0342234
          ],
          [
            0.0629708,
            33.033086
          ],
          [
            0.0615896,
            33.0326167
          ]
        ]
      },
      "properties": {
        "name": "Route Ain Sefra-ElBayadh",
        "highway": "primary",
        "maxspeed": "80",
        "ref": "RN 47"
      }
    },
    {
      "type": "Feature",
      "geometry": {
        "type": "LineString",
        "coordinates": [
          [
            0.5168172,
            33.171566
          ],
          [
            0.5160036,
            33.1710827
          ]
        ]
      },
      "properties": {
        "highway": "primary",
        "maxspeed": "80",
        "ref": "RN 47"
      }
    },
    {
      "type": "Feature",
      "geometry": {
        "type": "LineString",
        "coordinates": [
          [
            0.7019937,
            33.8836017
          ],
          [
            0.6973093,
            33.8752629
          ],
          [
            0.6940214,
            33.8688293
          ],
          [
            0.6937525,
            33.8684261
          ],
          [
            0.6933465,
            33.8679135
          ],
          [
            0.6888397,
            33.8626062
          ],
          [
            0.6874349,
            33.8610478
          ],
          [
            0.6831026,
            33.8572907
          ],
          [
            0.6825456,
            33.8568647
          ],
          [
            0.6781704,
            33.854244
          ],
          [
            0.6755095,
            33.8526481
          ],
          [
            0.6746624,
            33.8521539
          ],
          [
            0.6734177,
            33.851554
          ],
          [
            0.6705353,
            33.8501284
          ],
          [
            0.6702456,
            33.8499235
          ],
          [
            0.6700203,
            33.8496918
          ],
          [
            0.6695375,
            33.8489611
          ],
          [
            0.6687114,
            33.8474909
          ]
        ]
      },
      "properties": {
        "highway": "tertiary"
      }
    },
    {
      "type": "Feature",
      "geometry": {
        "type": "LineString",
        "coordinates": [
          [
            0.9121458,
            34.0019341
          ],
          [
            0.9135652,
            34.0044496
          ],
          [
            0.9138983,
            34.0051821
          ],
          [
            0.914582,
            34.0071009
          ],
          [
            0.9153665,
            34.0092157
          ],
          [
            0.9156446,
            34.0098137
          ],
          [
            0.9159778,
            34.0103036
          ],
          [
            0.9163776,
            34.0107406
          ],
          [
            0.9198539,
            34.0144111
          ],
          [
            0.9205612,
            34.0152232
          ],
          [
            0.92062,
            34.0152907
          ],
          [
            0.9213239,
            34.0160471
          ],
          [
            0.9217904,
            34.0163353
          ],
          [
            0.9221101,
            34.0164645
          ],
          [
            0.9221409,
            34.0164769
          ],
          [
            0.922488,
            34.0166738
          ],
          [
            0.9226312,
            34.0168291
          ],
          [
            0.9226691,
            34.0169228
          ],
          [
            0.9226796,
            34.0169634
          ],
          [
            0.922784,
            34.0174914
          ],
          [
            0.922854,
            34.0178451
          ],
          [
            0.9229108,
            34.0181323
          ]
        ]
      },
      "properties": {
        "highway": "tertiary"
      }
    },
    {
      "type": "Feature",
      "geometry": {
        "type": "LineString",
        "coordinates": [
          [
            0.9402029,
            34.0303527
          ],
          [
            0.9403745,
            34.0305862
          ]
        ]
      },
      "properties": {
        "highway": "tertiary"
      }
    },
    {
      "type": "Feature",
      "geometry": {
        "type": "LineString",
        "coordinates": [
          [
            0.8113467,
            33.9574308
          ],
          [
            0.8102711,
            33.9573992
          ]
        ]
      },
      "properties": {
        "highway": "tertiary"
      }
    },
    {
      "type": "Feature",
      "geometry": {
        "type": "LineString",
        "coordinates": [
          [
            0.9121458,
            34.0019341
          ],
          [
            0.9117653,
            34.0012442
          ]
        ]
      },
      "properties": {
        "highway": "tertiary"
      }
    },
    {
      "type": "Feature",
      "geometry": {
        "type": "LineString",
        "coordinates": [
          [
            0.9231843,
            34.0181274
          ],
          [
            0.9232878,
            34.0180939
          ],
          [
            0.9243519,
            34.0179794
          ],
          [
            0.9253487,
            34.0178715
          ],
          [
            0.9257437,
            34.0179224
          ]
        ]
      },
      "properties": {
        "highway": "secondary"
      }
    },
    {
      "type": "Feature",
      "geometry": {
        "type": "LineString",
        "coordinates": [
          [
            0.9257437,
            34.0179224
          ],
          [
            0.9247003,
            34.018047
          ],
          [
            0.9243602,
            34.0180681
          ],
          [
            0.9232893,
            34.0181346
          ],
          [
            0.9231843,
            34.0181274
          ]
        ]
      },
      "properties": {
        "highway": "secondary",
        "ref": "CW 66"
      }
    },
    {
      "type": "Feature",
      "geometry": {
        "type": "LineString",
        "coordinates": [
          [
            0.8102711,
            33.9573992
          ],
          [
            0.8089675,
            33.9573729
          ],
          [
            0.8082133,
            33.9573798
          ],
          [
            0.8079122,
            33.9574338
          ],
          [
            0.8076863,
            33.9574978
          ],
          [
            0.8064823,
            33.9582205
          ],
          [
            0.8023015,
            33.9607997
          ],
          [
            0.8015538,
            33.9612397
          ],
          [
            0.8011236,
            33.9613603
          ],
          [
            0.8006707,
            33.961452
          ],
          [
            0.7955356,
            33.9618824
          ],
          [
            0.7945492,
            33.9619869
          ],
          [
            0.7935223,
            33.9621803
          ],
          [
            0.7926763,
            33.9624038
          ],
          [
            0.791716,
            33.9627149
          ],
          [
            0.7902545,
            33.963288
          ],
          [
            0.7894969,
            33.9635018
          ],
          [
            0.7888248,
            33.9635811
          ],
          [
            0.7861799,
            33.9637085
          ],
          [
            0.7835393,
            33.9639535
          ],
          [
            0.7828759,
            33.9639944
          ],
          [
            0.7824964,
            33.9639655
          ],
          [
            0.7810219,
            33.9637205
          ],
          [
            0.7678629,
            33.9614746
          ],
          [
            0.7608751,
            33.9602749
          ],
          [
            0.7602812,
            33.9601019
          ],
          [
            0.7597655,
            33.9598111
          ],
          [
            0.756677,
            33.9579834
          ],
          [
            0.7507459,
            33.9544389
          ],
          [
            0.7412073,
            33.9488617
          ],
          [
            0.7389632,
            33.9474279
          ],
          [
            0.736996,
            33.9460956
          ],
          [
            0.7270275,
            33.9393743
          ],
          [
            0.726139,
            33.9387922
          ],
          [
            0.7258637,
            33.9385495
          ],
          [
            0.7254408,
            33.9379186
          ],
          [
            0.7251989,
            33.9375004
          ],
          [
            0.7250461,
            33.9371123
          ],
          [
            0.7224054,
            33.9231843
          ],
          [
            0.7223217,
            33.9227889
          ],
          [
            0.7221462,
            33.9224184
          ],
          [
            0.7198596,
            33.9178228
          ],
          [
            0.7153381,
            33.9087963
          ],
          [
            0.7135059,
            33.905168
          ],
          [
            0.7098754,
            33.8989533
          ],
          [
            0.7087394,
            33.8970086
          ],
          [
            0.7079216,
            33.8955517
          ],
          [
            0.7019937,
            33.8836017
          ]
        ]
      },
      "properties": {
        "highway": "tertiary"
      }
    },
    {
      "type": "Feature",
      "geometry": {
        "type": "LineString",
        "coordinates": [
          [
            1.0237139,
            33.6896091
          ],
          [
            1.0238616,
            33.6897938
          ],
          [
            1.0239084,
            33.6898474
          ],
          [
            1.0240889,
            33.6900872
          ],
          [
            1.0241123,
            33.6901151
          ],
          [
            1.0242592,
            33.6903092
          ],
          [
            1.0244174,
            33.6904666
          ],
          [
            1.0246065,
            33.6906317
          ],
          [
            1.0251363,
            33.6910087
          ],
          [
            1.025318,
            33.691138
          ],
          [
            1.0254404,
            33.6912251
          ],
          [
            1.0257559,
            33.6914496
          ],
          [
            1.0259366,
            33.6915777
          ],
          [
            1.026138,
            33.6917204
          ],
          [
            1.0262641,
            33.6918737
          ],
          [
            1.0263164,
            33.6919707
          ],
          [
            1.0264774,
            33.6924115
          ],
          [
            1.0265873,
            33.6928221
          ],
          [
            1.0266048,
            33.6929248
          ],
          [
            1.0266494,
            33.6933581
          ],
          [
            1.0266584,
            33.6933968
          ],
          [
            1.0267067,
            33.6935664
          ],
          [
            1.0267872,
            33.6937817
          ],
          [
            1.0268636,
            33.6939692
          ],
          [
            1.0269186,
            33.6940752
          ],
          [
            1.0269991,
            33.6942426
          ],
          [
            1.0272726,
            33.6946007
          ],
          [
            1.0274819,
            33.6948306
          ],
          [
            1.0276042,
            33.6949653
          ],
          [
            1.0276964,
            33.6951731
          ],
          [
            1.0277421,
            33.6953751
          ],
          [
            1.0278909,
            33.6956217
          ],
          [
            1.0279633,
            33.6957154
          ],
          [
            1.0280183,
            33.6957757
          ],
          [
            1.0280813,
            33.695837
          ],
          [
            1.02832,
            33.6960223
          ],
          [
            1.0284932,
            33.6961593
          ],
          [
            1.0288659,
            33.6964541
          ],
          [
            1.0292172,
            33.6967319
          ],
          [
            1.0293473,
            33.696839
          ],
          [
            1.0296544,
            33.6971124
          ],
          [
            1.0298617,
            33.6973121
          ],
          [
            1.0299736,
            33.6974265
          ],
          [
            1.0300165,
            33.6974756
          ],
          [
            1.0300655,
            33.6975341
          ],
          [
            1.0302291,
            33.6977433
          ],
          [
            1.0304323,
            33.698024
          ],
          [
            1.0309124,
            33.6986605
          ],
          [
            1.0312115,
            33.699046
          ],
          [
            1.0315742,
            33.6995174
          ],
          [
            1.032051,
            33.7001383
          ],
          [
            1.0322079,
            33.7003581
          ],
          [
            1.0324654,
            33.7007163
          ],
          [
            1.0352589,
            33.7046288
          ],
          [
            1.0361974,
            33.7059885
          ],
          [
            1.0363474,
            33.7062853
          ],
          [
            1.0364035,
            33.7065427
          ],
          [
            1.0365017,
            33.708492
          ],
          [
            1.036417,
            33.7089279
          ],
          [
            1.0361525,
            33.7097781
          ],
          [
            1.0361017,
            33.7101081
          ],
          [
            1.0360758,
            33.7105688
          ],
          [
            1.0361594,
            33.7115557
          ],
          [
            1.036173,
            33.7117164
          ],
          [
            1.0362385,
            33.7121846
          ],
          [
            1.0364018,
            33.7128058
          ],
          [
            1.0364888,
            33.713104
          ],
          [
            1.0365058,
            33.7134762
          ],
          [
            1.0364641,
            33.7140455
          ],
          [
            1.0364278,
            33.7144858
          ],
          [
            1.0363956,
            33.7148764
          ],
          [
            1.0363191,
            33.7162669
          ],
          [
            1.0362502,
            33.7166124
          ],
          [
            1.0356989,
            33.7178962
          ],
          [
            1.0349422,
            33.719414
          ],
          [
            1.034757,
            33.7196048
          ],
          [
            1.0345917,
            33.7197751
          ],
          [
            1.0342299,
            33.7200201
          ],
          [
            1.0338259,
            33.7201625
          ],
          [
            1.0332098,
            33.7202693
          ],
          [
            1.0330368,
            33.720293
          ],
          [
            1.0318031,
            33.720462
          ],
          [
            1.0316798,
            33.7205071
          ],
          [
            1.0314982,
            33.7205736
          ],
          [
            1.0309075,
            33.7208641
          ],
          [
            1.0294996,
            33.7216861
          ],
          [
            1.0290041,
            33.7219937
          ],
          [
            1.0285189,
            33.7225485
          ],
          [
            1.0281466,
            33.7228843
          ],
          [
            1.0277829,
            33.7232154
          ],
          [
            1.0274594,
            33.7237261
          ],
          [
            1.0272637,
            33.7242627
          ],
          [
            1.0271742,
            33.7248566
          ],
          [
            1.0272329,
            33.7253811
          ],
          [
            1.0274449,
            33.7262191
          ],
          [
            1.0280231,
            33.7279734
          ],
          [
            1.0282048,
            33.7285925
          ],
          [
            1.0283571,
            33.7295524
          ],
          [
            1.0283834,
            33.7298551
          ],
          [
            1.0283301,
            33.7300809
          ],
          [
            1.0281736,
            33.7305951
          ],
          [
            1.0277746,
            33.7321099
          ],
          [
            1.0275336,
            33.7327266
          ],
          [
            1.0272433,
            33.7333267
          ],
          [
            1.0269216,
            33.7337843
          ],
          [
            1.0262916,
            33.7345608
          ],
          [
            1.0252909,
            33.7356715
          ],
          [
            1.0246984,
            33.7362623
          ],
          [
            1.0239938,
            33.7367574
          ],
          [
            1.0237819,
            33.7368768
          ],
          [
            1.0234547,
            33.7369439
          ],
          [
            1.0229946,
            33.7369588
          ],
          [
            1.0223565,
            33.7371324
          ],
          [
            1.0217786,
            33.7373358
          ],
          [
            1.0212785,
            33.7376084
          ],
          [
            1.0208025,
            33.7380229
          ],
          [
            1.0206066,
            33.7383832
          ],
          [
            1.0203007,
            33.7398628
          ],
          [
            1.0200908,
            33.7410817
          ],
          [
            1.0199344,
            33.7416028
          ],
          [
            1.019522,
            33.7424353
          ],
          [
            1.0190183,
            33.743319
          ],
          [
            1.0184906,
            33.7440566
          ],
          [
            1.0178216,
            33.7448181
          ],
          [
            1.0172018,
            33.7454695
          ],
          [
            1.0168541,
            33.7460092
          ],
          [
            1.0167177,
            33.7463936
          ],
          [
            1.0167367,
            33.7467356
          ],
          [
            1.0168804,
            33.7470727
          ],
          [
            1.0171188,
            33.7474173
          ],
          [
            1.0179508,
            33.7482766
          ],
          [
            1.0183438,
            33.748729
          ],
          [
            1.0185405,
            33.7490689
          ],
          [
            1.0187101,
            33.7496193
          ],
          [
            1.0189598,
            33.7507717
          ],
          [
            1.0191478,
            33.7520352
          ],
          [
            1.019095,
            33.7524248
          ],
          [
            1.018652,
            33.7538288
          ],
          [
            1.0174714,
            33.757274
          ],
          [
            1.0171106,
            33.7580906
          ],
          [
            1.0166735,
            33.7587689
          ],
          [
            1.0155253,
            33.7605164
          ],
          [
            1.0149056,
            33.7617627
          ],
          [
            1.014169,
            33.7636992
          ],
          [
            1.0138224,
            33.7644994
          ],
          [
            1.013138,
            33.7659117
          ],
          [
            1.0126474,
            33.7672671
          ],
          [
            1.0116896,
            33.7705687
          ],
          [
            1.0103568,
            33.7755723
          ],
          [
            1.0089713,
            33.7803945
          ],
          [
            1.0082758,
            33.7835375
          ],
          [
            1.007145,
            33.7894763
          ],
          [
            1.0068409,
            33.7919856
          ],
          [
            1.0064707,
            33.7976807
          ],
          [
            1.0055595,
            33.8083492
          ],
          [
            1.0055263,
            33.8087569
          ],
          [
            1.0054157,
            33.8091143
          ],
          [
            1.0052601,
            33.8093735
          ],
          [
            1.0049652,
            33.8096927
          ],
          [
            1.0045529,
            33.8099856
          ],
          [
            1.0037417,
            33.8104054
          ],
          [
            1.0029803,
            33.8109062
          ],
          [
            1.0011158,
            33.8122643
          ],
          [
            1.0007531,
            33.8125893
          ],
          [
            1.0005899,
            33.8128286
          ],
          [
            1.0003607,
            33.8133381
          ],
          [
            0.9996362,
            33.8151379
          ],
          [
            0.9994326,
            33.8157289
          ],
          [
            0.9993485,
            33.8162852
          ],
          [
            0.9991303,
            33.8180303
          ],
          [
            0.9989842,
            33.8190001
          ],
          [
            0.9986767,
            33.8209362
          ],
          [
            0.9985376,
            33.8216884
          ],
          [
            0.9985571,
            33.8220641
          ],
          [
            0.9986737,
            33.8223681
          ],
          [
            0.9990307,
            33.822918
          ],
          [
            0.9992719,
            33.8231846
          ],
          [
            0.9995389,
            33.8233804
          ],
          [
            1.0002598,
            33.8237853
          ],
          [
            1.0005159,
            33.8239717
          ],
          [
            1.0006492,
            33.8241159
          ],
          [
            1.0007928,
            33.8243926
          ],
          [
            1.0010482,
            33.8253813
          ],
          [
            1.0012259,
            33.8258405
          ],
          [
            1.0015614,
            33.8264026
          ],
          [
            1.00303,
            33.8284633
          ],
          [
            1.0048922,
            33.8308541
          ],
          [
            1.0050936,
            33.8312515
          ],
          [
            1.0052601,
            33.8319129
          ],
          [
            1.0058177,
            33.8357135
          ],
          [
            1.0065568,
            33.8420626
          ],
          [
            1.0094425,
            33.8557483
          ],
          [
            1.0099657,
            33.8583714
          ],
          [
            1.0105389,
            33.8602455
          ],
          [
            1.0131193,
            33.8683605
          ],
          [
            1.0138358,
            33.8708575
          ],
          [
            1.0142195,
            33.8720736
          ],
          [
            1.0144643,
            33.8734923
          ],
          [
            1.0145471,
            33.8745219
          ],
          [
            1.0146168,
            33.8766266
          ],
          [
            1.014787,
            33.8781286
          ],
          [
            1.0148168,
            33.8790442
          ],
          [
            1.0146863,
            33.8806419
          ],
          [
            1.0147416,
            33.8813819
          ],
          [
            1.0150203,
            33.8833139
          ],
          [
            1.015144,
            33.8844133
          ],
          [
            1.0151255,
            33.8861381
          ],
          [
            1.0152,
            33.8873325
          ],
          [
            1.0157317,
            33.8905838
          ],
          [
            1.016491,
            33.895555
          ],
          [
            1.0168913,
            33.8975348
          ],
          [
            1.0172164,
            33.8985992
          ],
          [
            1.0180207,
            33.9016858
          ],
          [
            1.0190685,
            33.9056408
          ],
          [
            1.0197968,
            33.9086355
          ],
          [
            1.0205409,
            33.9117422
          ],
          [
            1.0215618,
            33.9163439
          ],
          [
            1.0218934,
            33.9174177
          ],
          [
            1.0218304,
            33.9179366
          ],
          [
            1.021536,
            33.918412
          ],
          [
            1.0207489,
            33.919
          ],
          [
            1.0164435,
            33.9221929
          ],
          [
            1.015496,
            33.9228656
          ],
          [
            1.0120733,
            33.9247425
          ],
          [
            1.0105466,
            33.9255021
          ],
          [
            1.0100595,
            33.9258783
          ],
          [
            1.006457,
            33.9298617
          ],
          [
            1.0033252,
            33.9329144
          ],
          [
            1.0014269,
            33.9347293
          ],
          [
            1.0010774,
            33.9353599
          ],
          [
            0.9999919,
            33.9380398
          ],
          [
            0.9997335,
            33.9383302
          ],
          [
            0.9987664,
            33.9389124
          ],
          [
            0.9963627,
            33.9400673
          ],
          [
            0.9952879,
            33.9405183
          ],
          [
            0.9945828,
            33.9411992
          ],
          [
            0.9928564,
            33.9429858
          ],
          [
            0.9914406,
            33.9443535
          ],
          [
            0.9899012,
            33.9457876
          ],
          [
            0.988728,
            33.9466838
          ],
          [
            0.9861045,
            33.9484125
          ],
          [
            0.9836285,
            33.9500926
          ],
          [
            0.9831552,
            33.9504786
          ],
          [
            0.9827828,
            33.9508905
          ],
          [
            0.9825121,
            33.9513891
          ],
          [
            0.9820435,
            33.9523501
          ],
          [
            0.9813335,
            33.9538293
          ],
          [
            0.9799861,
            33.9556384
          ],
          [
            0.9779039,
            33.958421
          ],
          [
            0.9762458,
            33.9604983
          ],
          [
            0.9750884,
            33.9616848
          ],
          [
            0.9742699,
            33.9624252
          ],
          [
            0.9732541,
            33.9633439
          ],
          [
            0.9700955,
            33.9662529
          ],
          [
            0.9698111,
            33.9666316
          ],
          [
            0.968052,
            33.9696676
          ],
          [
            0.9650175,
            33.974775
          ],
          [
            0.9645582,
            33.9757956
          ],
          [
            0.9637983,
            33.9764973
          ],
          [
            0.9604344,
            33.9797092
          ],
          [
            0.9562297,
            33.9830362
          ],
          [
            0.9546909,
            33.9841494
          ],
          [
            0.9537848,
            33.9852958
          ],
          [
            0.9517665,
            33.9896156
          ],
          [
            0.950902,
            33.9916456
          ],
          [
            0.9493551,
            33.9960462
          ],
          [
            0.9487017,
            33.9973337
          ],
          [
            0.9464456,
            34.0012799
          ],
          [
            0.9438092,
            34.0053709
          ],
          [
            0.9408771,
            34.0089152
          ],
          [
            0.9362932,
            34.0135601
          ],
          [
            0.9343456,
            34.015103
          ],
          [
            0.9339433,
            34.0154217
          ],
          [
            0.933369,
            34.0157509
          ],
          [
            0.93326,
            34.0158133
          ],
          [
            0.9327439,
            34.0161091
          ],
          [
            0.9326283,
            34.0161753
          ],
          [
            0.932137,
            34.0164569
          ],
          [
            0.9316468,
            34.0167366
          ],
          [
            0.9311258,
            34.0170206
          ],
          [
            0.9308664,
            34.0171818
          ],
          [
            0.9308072,
            34.0172117
          ],
          [
            0.9307457,
            34.0172429
          ],
          [
            0.9300737,
            34.0174292
          ],
          [
            0.9294093,
            34.017561
          ],
          [
            0.9284567,
            34.0177024
          ],
          [
            0.9271462,
            34.017804
          ],
          [
            0.92653,
            34.017856
          ],
          [
            0.9258311,
            34.017915
          ],
          [
            0.9257437,
            34.0179224
          ]
        ]
      },
      "properties": {
        "highway": "secondary",
        "ref": "CW 66"
      }
    },
    {
      "type": "Feature",
      "geometry": {
        "type": "LineString",
        "coordinates": [
          [
            0.9117653,
            34.0012442
          ],
          [
            0.9107103,
            33.9991133
          ],
          [
            0.9102612,
            33.9984048
          ],
          [
            0.9096673,
            33.9975978
          ],
          [
            0.909227,
            33.9971607
          ],
          [
            0.9085839,
            33.9967908
          ],
          [
            0.9061649,
            33.9957148
          ],
          [
            0.9055479,
            33.995525
          ],
          [
            0.9046266,
            33.9954458
          ],
          [
            0.9004898,
            33.9954626
          ],
          [
            0.899557,
            33.9954122
          ],
          [
            0.8983258,
            33.9952008
          ],
          [
            0.8907155,
            33.9934907
          ],
          [
            0.890081,
            33.9933081
          ],
          [
            0.889661,
            33.993068
          ],
          [
            0.8832268,
            33.9885763
          ],
          [
            0.8814018,
            33.9873153
          ],
          [
            0.8808195,
            33.9869598
          ],
          [
            0.8790118,
            33.9860326
          ],
          [
            0.8732294,
            33.9830443
          ],
          [
            0.8723662,
            33.9826384
          ],
          [
            0.8714913,
            33.9823237
          ],
          [
            0.8683626,
            33.9811658
          ],
          [
            0.8652831,
            33.9800199
          ],
          [
            0.8616156,
            33.9786506
          ],
          [
            0.8544079,
            33.9761066
          ],
          [
            0.8478521,
            33.9737643
          ],
          [
            0.8419771,
            33.9717005
          ],
          [
            0.8378634,
            33.9702687
          ],
          [
            0.8369306,
            33.9699227
          ],
          [
            0.8358514,
            33.9694123
          ],
          [
            0.8299779,
            33.9664005
          ],
          [
            0.8295318,
            33.966093
          ],
          [
            0.8293174,
            33.9657806
          ],
          [
            0.8283701,
            33.9639546
          ],
          [
            0.8281644,
            33.9637119
          ],
          [
            0.8277386,
            33.9634092
          ],
          [
            0.8268173,
            33.9629358
          ],
          [
            0.8258874,
            33.9625562
          ],
          [
            0.8229962,
            33.9615422
          ],
          [
            0.8223937,
            33.9612707
          ],
          [
            0.8219319,
            33.9609702
          ],
          [
            0.8218416,
            33.9609115
          ],
          [
            0.8215262,
            33.9607062
          ],
          [
            0.8193361,
            33.9589905
          ],
          [
            0.8180997,
            33.9579813
          ],
          [
            0.8179746,
            33.9578908
          ],
          [
            0.8177182,
            33.9577337
          ],
          [
            0.8175331,
            33.9576557
          ],
          [
            0.8173065,
            33.9575745
          ],
          [
            0.8168045,
            33.9574984
          ],
          [
            0.8162676,
            33.9574765
          ],
          [
            0.8147805,
            33.9574494
          ],
          [
            0.8139783,
            33.9574404
          ],
          [
            0.8129392,
            33.9574338
          ],
          [
            0.8113467,
            33.9574308
          ]
        ]
      },
      "properties": {
        "highway": "tertiary"
      }
    },
    {
      "type": "Feature",
      "geometry": {
        "type": "LineString",
        "coordinates": [
          [
            0.9231843,
            34.0181274
          ],
          [
            0.9229108,
            34.0181323
          ]
        ]
      },
      "properties": {
        "highway": "secondary",
        "ref": "CW 66"
      }
    },
    {
      "type": "Feature",
      "geometry": {
        "type": "LineString",
        "coordinates": [
          [
            0.6367346,
            33.8528391
          ],
          [
            0.633302,
            33.8529545
          ],
          [
            0.6330877,
            33.8529617
          ],
          [
            0.6327291,
            33.8529738
          ],
          [
            0.6324399,
            33.8529835
          ],
          [
            0.6321074,
            33.8529947
          ],
          [
            0.6320448,
            33.8529968
          ],
          [
            0.6317374,
            33.8530071
          ],
          [
            0.6314195,
            33.8530178
          ],
          [
            0.6309971,
            33.853032
          ],
          [
            0.6306535,
            33.8530436
          ],
          [
            0.6300707,
            33.8530561
          ],
          [
            0.6300193,
            33.8530572
          ],
          [
            0.62981,
            33.8530719
          ],
          [
            0.6287282,
            33.8531083
          ]
        ]
      },
      "properties": {
        "highway": "primary",
        "maxspeed": "40",
        "ref": "RN 6A"
      }
    },
    {
      "type": "Feature",
      "geometry": {
        "type": "LineString",
        "coordinates": [
          [
            0.6379255,
            33.8528035
          ],
          [
            0.6367346,
            33.8528391
          ]
        ]
      },
      "properties": {
        "highway": "primary",
        "maxspeed": "60",
        "ref": "RN 6A"
      }
    },
    {
      "type": "Feature",
      "geometry": {
        "type": "LineString",
        "coordinates": [
          [
            0.6324399,
            33.8529835
          ],
          [
            0.6324167,
            33.8526887
          ],
          [
            0.6323753,
            33.8521612
          ],
          [
            0.63236,
            33.8519667
          ],
          [
            0.6323387,
            33.8516957
          ],
          [
            0.6322949,
            33.8511389
          ],
          [
            0.6322512,
            33.8505855
          ],
          [
            0.6322296,
            33.8503081
          ],
          [
            0.6321691,
            33.8495391
          ],
          [
            0.6320666,
            33.8485008
          ],
          [
            0.6320253,
            33.8477095
          ],
          [
            0.6319618,
            33.8469016
          ],
          [
            0.6318171,
            33.8450603
          ],
          [
            0.6313236,
            33.8450959
          ]
        ]
      },
      "properties": {
        "highway": "tertiary",
        "maxspeed": "40"
      }
    },
    {
      "type": "Feature",
      "geometry": {
        "type": "LineString",
        "coordinates": [
          [
            0.6482408,
            33.8524183
          ],
          [
            0.6470797,
            33.8524619
          ],
          [
            0.6465526,
            33.8524817
          ],
          [
            0.6460184,
            33.8525017
          ],
          [
            0.6455208,
            33.8525197
          ],
          [
            0.645137,
            33.8525349
          ],
          [
            0.6447051,
            33.8525511
          ],
          [
            0.6446593,
            33.8525528
          ],
          [
            0.6442873,
            33.8525668
          ],
          [
            0.6438014,
            33.852585
          ],
          [
            0.6413327,
            33.8526777
          ],
          [
            0.6406038,
            33.8527051
          ],
          [
            0.6379255,
            33.8528035
          ]
        ]
      },
      "properties": {
        "highway": "primary",
        "maxspeed": "50",
        "ref": "RN 6A"
      }
    },
    {
      "type": "Feature",
      "geometry": {
        "type": "LineString",
        "coordinates": [
          [
            0.9047765,
            33.7222682
          ],
          [
            0.9019778,
            33.7234911
          ],
          [
            0.9009156,
            33.7239461
          ],
          [
            0.8999607,
            33.7242763
          ],
          [
            0.8986518,
            33.7246957
          ],
          [
            0.8973429,
            33.7251151
          ],
          [
            0.8935876,
            33.726096
          ],
          [
            0.883254,
            33.7290266
          ],
          [
            0.8811424,
            33.7297908
          ],
          [
            0.8793506,
            33.7305581
          ],
          [
            0.8776018,
            33.7314058
          ],
          [
            0.8734953,
            33.7336125
          ],
          [
            0.869405,
            33.7357242
          ],
          [
            0.8666048,
            33.7371696
          ],
          [
            0.8651993,
            33.7378298
          ],
          [
            0.8633984,
            33.7384846
          ],
          [
            0.8575726,
            33.7404736
          ],
          [
            0.8496604,
            33.7423661
          ],
          [
            0.8482177,
            33.7426931
          ],
          [
            0.8467774,
            33.7430316
          ],
          [
            0.8373378,
            33.7452503
          ],
          [
            0.8326148,
            33.7463567
          ],
          [
            0.8293729,
            33.7471126
          ],
          [
            0.7927754,
            33.7556458
          ],
          [
            0.7889335,
            33.7565427
          ],
          [
            0.7874459,
            33.7568858
          ],
          [
            0.7863622,
            33.7571357
          ],
          [
            0.7851755,
            33.7574347
          ],
          [
            0.7845941,
            33.7576041
          ],
          [
            0.7840426,
            33.757796
          ],
          [
            0.7824904,
            33.7585061
          ],
          [
            0.780938,
            33.7592784
          ],
          [
            0.7770482,
            33.7612118
          ],
          [
            0.775322,
            33.7620589
          ],
          [
            0.7744649,
            33.7624824
          ],
          [
            0.7736501,
            33.7629237
          ],
          [
            0.7729528,
            33.7634142
          ],
          [
            0.772191,
            33.7640653
          ],
          [
            0.7708821,
            33.76543
          ],
          [
            0.7546485,
            33.78266
          ],
          [
            0.7520528,
            33.7854147
          ],
          [
            0.7504076,
            33.7872396
          ],
          [
            0.7498856,
            33.7879114
          ],
          [
            0.7494614,
            33.7885872
          ],
          [
            0.7488659,
            33.7895092
          ],
          [
            0.7482308,
            33.790622
          ],
          [
            0.7477815,
            33.7915554
          ],
          [
            0.7474218,
            33.7924686
          ],
          [
            0.7471789,
            33.7934816
          ],
          [
            0.7470976,
            33.7943736
          ],
          [
            0.7470976,
            33.7961304
          ],
          [
            0.7469837,
            33.7968737
          ],
          [
            0.7468049,
            33.7975764
          ],
          [
            0.7464783,
            33.7982994
          ],
          [
            0.7460439,
            33.7989804
          ],
          [
            0.7453331,
            33.7997351
          ],
          [
            0.7445065,
            33.8003886
          ],
          [
            0.7418125,
            33.8021034
          ],
          [
            0.7409831,
            33.8025493
          ],
          [
            0.7403977,
            33.8027925
          ],
          [
            0.7395195,
            33.8030898
          ],
          [
            0.7379096,
            33.8035357
          ],
          [
            0.736755,
            33.8038871
          ],
          [
            0.7364281,
            33.8039929
          ],
          [
            0.7357774,
            33.8042103
          ],
          [
            0.7350755,
            33.8044933
          ],
          [
            0.733696,
            33.8051197
          ],
          [
            0.7320721,
            33.8059703
          ],
          [
            0.717087,
            33.8141754
          ],
          [
            0.7151701,
            33.8152249
          ],
          [
            0.7129957,
            33.8164089
          ],
          [
            0.7121273,
            33.8168873
          ],
          [
            0.7107664,
            33.817577
          ],
          [
            0.7063073,
            33.819778
          ],
          [
            0.7001935,
            33.8227872
          ],
          [
            0.6985844,
            33.8236254
          ],
          [
            0.6950646,
            33.8257596
          ],
          [
            0.6790755,
            33.8354697
          ],
          [
            0.6779704,
            33.8362183
          ],
          [
            0.6772408,
            33.83686
          ],
          [
            0.67664,
            33.837466
          ],
          [
            0.6760928,
            33.83817
          ],
          [
            0.6755671,
            33.8389631
          ],
          [
            0.6732175,
            33.8434543
          ],
          [
            0.6726811,
            33.8442741
          ],
          [
            0.672209,
            33.8448623
          ],
          [
            0.6716842,
            33.8454317
          ],
          [
            0.6709859,
            33.8460296
          ],
          [
            0.6702993,
            33.8465642
          ],
          [
            0.6695268,
            33.8470365
          ],
          [
            0.6687114,
            33.8474909
          ],
          [
            0.665643,
            33.8487918
          ],
          [
            0.6591949,
            33.851456
          ],
          [
            0.6582401,
            33.8517411
          ],
          [
            0.6572745,
            33.8519639
          ],
          [
            0.6559977,
            33.8521154
          ],
          [
            0.6514916,
            33.8523292
          ],
          [
            0.6482408,
            33.8524183
          ]
        ]
      },
      "properties": {
        "highway": "primary",
        "maxspeed": "80",
        "ref": "RN 6A"
      }
    },
    {
      "type": "Feature",
      "geometry": {
        "type": "LineString",
        "coordinates": [
          [
            0.9065351,
            33.7215043
          ],
          [
            0.9055516,
            33.721954
          ]
        ]
      },
      "properties": {
        "highway": "primary",
        "maxspeed": "80",
        "ref": "RN 6A"
      }
    },
    {
      "type": "Feature",
      "geometry": {
        "type": "LineString",
        "coordinates": [
          [
            0.9055516,
            33.721954
          ],
          [
            0.9047765,
            33.7222682
          ]
        ]
      },
      "properties": {
        "highway": "primary",
        "maxspeed": "80",
        "ref": "RN 6A"
      }
    },
    {
      "type": "Feature",
      "geometry": {
        "type": "LineString",
        "coordinates": [
          [
            0.9055516,
            33.721954
          ],
          [
            0.9055216,
            33.7209171
          ]
        ]
      },
      "properties": {
        "name": "التجنب الغربي للبيض",
        "highway": "secondary",
        "maxspeed": "30"
      }
    },
    {
      "type": "Feature",
      "geometry": {
        "type": "LineString",
        "coordinates": [
          [
            0.7733839,
            33.5596113
          ],
          [
            0.7674161,
            33.5549379
          ],
          [
            0.7659738,
            33.5540534
          ],
          [
            0.7647626,
            33.5533594
          ],
          [
            0.7614101,
            33.5516752
          ],
          [
            0.7584543,
            33.5502205
          ],
          [
            0.7572838,
            33.5495034
          ],
          [
            0.7561358,
            33.5485994
          ],
          [
            0.754269,
            33.5472224
          ],
          [
            0.752945,
            33.5461851
          ],
          [
            0.7517863,
            33.5453213
          ],
          [
            0.7493315,
            33.5434981
          ],
          [
            0.7424308,
            33.5382811
          ],
          [
            0.7393312,
            33.5355267
          ],
          [
            0.7368915,
            33.5331603
          ],
          [
            0.7354184,
            33.5317071
          ],
          [
            0.7315442,
            33.5279266
          ],
          [
            0.7282902,
            33.5247524
          ],
          [
            0.7260628,
            33.5225227
          ],
          [
            0.722969,
            33.5195365
          ],
          [
            0.7149424,
            33.5117191
          ],
          [
            0.7104642,
            33.5073071
          ],
          [
            0.7085759,
            33.5054427
          ],
          [
            0.7066184,
            33.5035562
          ],
          [
            0.7057067,
            33.5024976
          ],
          [
            0.7049015,
            33.501436
          ],
          [
            0.7040383,
            33.5000595
          ],
          [
            0.7031781,
            33.4984993
          ],
          [
            0.7025752,
            33.497428
          ],
          [
            0.7017577,
            33.4959648
          ],
          [
            0.7000216,
            33.4928483
          ],
          [
            0.6995825,
            33.4918717
          ],
          [
            0.6993305,
            33.4911122
          ],
          [
            0.6989468,
            33.489094
          ],
          [
            0.6986194,
            33.4873561
          ],
          [
            0.698536,
            33.4866021
          ],
          [
            0.6985245,
            33.485712
          ],
          [
            0.6986285,
            33.4848862
          ],
          [
            0.6988254,
            33.4839849
          ],
          [
            0.6994282,
            33.4820923
          ],
          [
            0.7013042,
            33.4760691
          ],
          [
            0.7029091,
            33.4710025
          ],
          [
            0.7031306,
            33.4701983
          ],
          [
            0.7033552,
            33.4695006
          ],
          [
            0.7034052,
            33.4693454
          ],
          [
            0.7034549,
            33.4691908
          ],
          [
            0.7034711,
            33.4691405
          ],
          [
            0.7036256,
            33.4686607
          ],
          [
            0.704421,
            33.4660825
          ],
          [
            0.7046647,
            33.465319
          ],
          [
            0.7049246,
            33.4647626
          ],
          [
            0.7052314,
            33.4641583
          ],
          [
            0.7057167,
            33.463424
          ],
          [
            0.7062045,
            33.4628161
          ],
          [
            0.7075365,
            33.461501
          ],
          [
            0.7129887,
            33.456354
          ],
          [
            0.7201383,
            33.4497366
          ],
          [
            0.7213602,
            33.4486136
          ],
          [
            0.7222746,
            33.4478564
          ],
          [
            0.7244625,
            33.4461047
          ],
          [
            0.7293114,
            33.4422125
          ],
          [
            0.7308548,
            33.4409753
          ],
          [
            0.7315651,
            33.4403276
          ],
          [
            0.7320519,
            33.4397449
          ],
          [
            0.7323982,
            33.4392524
          ],
          [
            0.7328388,
            33.4384925
          ],
          [
            0.7330925,
            33.4378653
          ],
          [
            0.7332357,
            33.4374079
          ],
          [
            0.7333883,
            33.4367196
          ],
          [
            0.733441,
            33.4361669
          ],
          [
            0.7333549,
            33.4306098
          ],
          [
            0.7333069,
            33.4279948
          ],
          [
            0.7334002,
            33.4269985
          ],
          [
            0.7338253,
            33.4239475
          ],
          [
            0.7346192,
            33.4184871
          ],
          [
            0.7351636,
            33.4164119
          ],
          [
            0.7355701,
            33.4149575
          ],
          [
            0.7358137,
            33.4143496
          ],
          [
            0.7362622,
            33.4136008
          ],
          [
            0.7366416,
            33.4131881
          ],
          [
            0.7383645,
            33.4115801
          ],
          [
            0.738689,
            33.4112821
          ],
          [
            0.739114,
            33.4108919
          ],
          [
            0.7392091,
            33.4108083
          ],
          [
            0.7395953,
            33.4104691
          ],
          [
            0.7398123,
            33.4102785
          ],
          [
            0.7401685,
            33.4099482
          ],
          [
            0.7402227,
            33.4098969
          ],
          [
            0.7402452,
            33.4098757
          ],
          [
            0.7402946,
            33.4098289
          ],
          [
            0.7406016,
            33.4095432
          ],
          [
            0.7406742,
            33.4094798
          ],
          [
            0.7411278,
            33.4090513
          ],
          [
            0.7412131,
            33.4089663
          ],
          [
            0.7414652,
            33.4086864
          ],
          [
            0.7417173,
            33.408364
          ],
          [
            0.7420768,
            33.4077527
          ],
          [
            0.7421331,
            33.4076072
          ],
          [
            0.7421669,
            33.4075082
          ],
          [
            0.7422361,
            33.4073053
          ],
          [
            0.7422519,
            33.407259
          ],
          [
            0.7422806,
            33.4071751
          ],
          [
            0.742385,
            33.4067712
          ],
          [
            0.7424312,
            33.4059445
          ],
          [
            0.742338,
            33.4052363
          ],
          [
            0.742104,
            33.4045503
          ],
          [
            0.7417624,
            33.4039322
          ],
          [
            0.7413206,
            33.4033587
          ],
          [
            0.7408172,
            33.4028821
          ],
          [
            0.7400181,
            33.4023321
          ],
          [
            0.73793,
            33.4011254
          ],
          [
            0.7374563,
            33.4008517
          ],
          [
            0.7367631,
            33.4005193
          ],
          [
            0.7359202,
            33.4002507
          ],
          [
            0.7352701,
            33.4001311
          ],
          [
            0.7345537,
            33.400088
          ],
          [
            0.7339216,
            33.4001073
          ],
          [
            0.731547,
            33.400207
          ],
          [
            0.7307195,
            33.4001618
          ],
          [
            0.7299015,
            33.4000199
          ],
          [
            0.7292455,
            33.39982
          ],
          [
            0.7285622,
            33.3995129
          ],
          [
            0.7278677,
            33.3990664
          ],
          [
            0.7273997,
            33.3986672
          ],
          [
            0.7270631,
            33.3983157
          ],
          [
            0.7241938,
            33.3947263
          ],
          [
            0.7238586,
            33.3941893
          ],
          [
            0.7236196,
            33.3936507
          ],
          [
            0.7234347,
            33.3929743
          ],
          [
            0.7233872,
            33.3923677
          ],
          [
            0.7234257,
            33.3917938
          ],
          [
            0.7235347,
            33.3912827
          ],
          [
            0.7236807,
            33.3908554
          ],
          [
            0.7252479,
            33.3868779
          ],
          [
            0.7254967,
            33.3860843
          ],
          [
            0.7256632,
            33.3851425
          ],
          [
            0.7257691,
            33.3821334
          ],
          [
            0.7260416,
            33.3730061
          ],
          [
            0.7261132,
            33.3723838
          ],
          [
            0.726342,
            33.3716931
          ],
          [
            0.7266431,
            33.3711303
          ],
          [
            0.7292695,
            33.367672
          ],
          [
            0.7297003,
            33.3669564
          ],
          [
            0.7300661,
            33.3662107
          ],
          [
            0.7303163,
            33.3655523
          ],
          [
            0.7362831,
            33.3434584
          ],
          [
            0.7377723,
            33.3379118
          ],
          [
            0.7379299,
            33.3373058
          ],
          [
            0.7382789,
            33.3363687
          ],
          [
            0.7387612,
            33.335474
          ],
          [
            0.7418129,
            33.3306833
          ],
          [
            0.7441235,
            33.3270724
          ],
          [
            0.7444209,
            33.3264473
          ],
          [
            0.7445882,
            33.3257605
          ],
          [
            0.7450601,
            33.3220478
          ],
          [
            0.7450869,
            33.3212517
          ],
          [
            0.7448916,
            33.3181541
          ],
          [
            0.7449421,
            33.3174853
          ],
          [
            0.745137,
            33.316815
          ],
          [
            0.7452988,
            33.3164214
          ],
          [
            0.7493495,
            33.3092273
          ],
          [
            0.7495532,
            33.3088593
          ],
          [
            0.749748,
            33.3083478
          ],
          [
            0.749876,
            33.3077181
          ],
          [
            0.7499089,
            33.3070647
          ],
          [
            0.7498431,
            33.3065101
          ],
          [
            0.7496795,
            33.3059498
          ],
          [
            0.7446241,
            33.2947372
          ],
          [
            0.7438206,
            33.2930572
          ],
          [
            0.7432261,
            33.2920366
          ],
          [
            0.7425377,
            33.2909583
          ],
          [
            0.7409377,
            33.2883984
          ],
          [
            0.7404127,
            33.2874211
          ],
          [
            0.7372764,
            33.2810601
          ],
          [
            0.7367765,
            33.2800307
          ],
          [
            0.7364267,
            33.2793092
          ],
          [
            0.7360216,
            33.2785643
          ],
          [
            0.7356732,
            33.2780057
          ],
          [
            0.7349174,
            33.2769946
          ],
          [
            0.7342093,
            33.2761941
          ],
          [
            0.7334774,
            33.2754674
          ],
          [
            0.7327093,
            33.2748237
          ],
          [
            0.7306073,
            33.273211
          ],
          [
            0.7289003,
            33.2718869
          ],
          [
            0.7279645,
            33.2710659
          ],
          [
            0.7269437,
            33.2701033
          ],
          [
            0.723966,
            33.2673099
          ],
          [
            0.7223826,
            33.2658389
          ],
          [
            0.7215731,
            33.265165
          ],
          [
            0.7201888,
            33.2642234
          ],
          [
            0.7118601,
            33.2586099
          ],
          [
            0.711151,
            33.2580956
          ],
          [
            0.7105591,
            33.2575823
          ],
          [
            0.7096437,
            33.256645
          ],
          [
            0.7056344,
            33.2523957
          ],
          [
            0.7049674,
            33.2517141
          ],
          [
            0.7042706,
            33.2511061
          ],
          [
            0.7036817,
            33.2506762
          ],
          [
            0.7026574,
            33.2499945
          ],
          [
            0.7002293,
            33.2484278
          ],
          [
            0.6974789,
            33.2466463
          ],
          [
            0.6954819,
            33.2453451
          ],
          [
            0.692968,
            33.2437054
          ],
          [
            0.6908344,
            33.242372
          ],
          [
            0.6905543,
            33.2422453
          ],
          [
            0.6894902,
            33.2416843
          ],
          [
            0.6876646,
            33.2407585
          ],
          [
            0.6794425,
            33.2365438
          ],
          [
            0.6790062,
            33.2362819
          ],
          [
            0.6784958,
            33.2359262
          ],
          [
            0.6779666,
            33.2353948
          ],
          [
            0.6754781,
            33.2324278
          ],
          [
            0.6745038,
            33.2314136
          ],
          [
            0.6737558,
            33.2307203
          ],
          [
            0.6726559,
            33.2298741
          ],
          [
            0.668596,
            33.2278432
          ],
          [
            0.6565248,
            33.221951
          ],
          [
            0.6523387,
            33.2202313
          ],
          [
            0.6511055,
            33.2197136
          ],
          [
            0.650308,
            33.2193412
          ],
          [
            0.6491791,
            33.2187061
          ],
          [
            0.6479367,
            33.2178849
          ],
          [
            0.646748,
            33.2169351
          ],
          [
            0.6451278,
            33.2156541
          ],
          [
            0.6435291,
            33.2144891
          ],
          [
            0.6419803,
            33.2135066
          ],
          [
            0.6403723,
            33.2126048
          ],
          [
            0.6382394,
            33.2115828
          ],
          [
            0.6361851,
            33.2107557
          ],
          [
            0.6338408,
            33.2099912
          ],
          [
            0.6251967,
            33.2073153
          ],
          [
            0.6232501,
            33.2066739
          ],
          [
            0.6107877,
            33.2021312
          ],
          [
            0.6093786,
            33.2015847
          ],
          [
            0.6019804,
            33.1982282
          ],
          [
            0.5969552,
            33.1961921
          ],
          [
            0.5952152,
            33.1955256
          ],
          [
            0.5901311,
            33.193669
          ],
          [
            0.584578,
            33.1916122
          ],
          [
            0.5843895,
            33.1915426
          ]
        ]
      },
      "properties": {
        "name": "Route Ain Sefra-Elbayadh",
        "highway": "primary",
        "maxspeed": "80",
        "ref": "RN 47"
      }
    },
    {
      "type": "Feature",
      "geometry": {
        "type": "LineString",
        "coordinates": [
          [
            0.9071641,
            33.6568567
          ],
          [
            0.9070903,
            33.656951
          ]
        ]
      },
      "properties": {
        "highway": "secondary",
        "maxspeed": "30"
      }
    },
    {
      "type": "Feature",
      "geometry": {
        "type": "LineString",
        "coordinates": [
          [
            0.9070404,
            33.6565225
          ],
          [
            0.9071865,
            33.6563717
          ],
          [
            0.9074275,
            33.6561332
          ]
        ]
      },
      "properties": {
        "highway": "primary",
        "maxspeed": "30"
      }
    },
    {
      "type": "Feature",
      "geometry": {
        "type": "LineString",
        "coordinates": [
          [
            0.9068203,
            33.6567022
          ],
          [
            0.9067045,
            33.6565289
          ],
          [
            0.9065677,
            33.6563771
          ]
        ]
      },
      "properties": {
        "highway": "primary",
        "maxspeed": "30",
        "ref": "RN 47"
      }
    },
    {
      "type": "Feature",
      "geometry": {
        "type": "LineString",
        "coordinates": [
          [
            0.9072601,
            33.6567078
          ],
          [
            0.9073884,
            33.656903
          ],
          [
            0.9077206,
            33.6572229
          ]
        ]
      },
      "properties": {
        "highway": "primary",
        "maxspeed": "30",
        "ref": "RN 47"
      }
    },
    {
      "type": "Feature",
      "geometry": {
        "type": "LineString",
        "coordinates": [
          [
            0.9077206,
            33.6572229
          ],
          [
            0.9073298,
            33.6570331
          ],
          [
            0.9070903,
            33.656951
          ]
        ]
      },
      "properties": {
        "highway": "primary",
        "maxspeed": "30",
        "ref": "RN 47"
      }
    },
    {
      "type": "Feature",
      "geometry": {
        "type": "LineString",
        "coordinates": [
          [
            0.9070903,
            33.656951
          ],
          [
            0.9070301,
            33.6570277
          ],
          [
            0.9068217,
            33.6572554
          ],
          [
            0.9066393,
            33.6574669
          ]
        ]
      },
      "properties": {
        "highway": "secondary",
        "maxspeed": "30"
      }
    },
    {
      "type": "Feature",
      "geometry": {
        "type": "LineString",
        "coordinates": [
          [
            0.9065677,
            33.6563771
          ],
          [
            0.9067826,
            33.6564856
          ],
          [
            0.906972,
            33.6565315
          ]
        ]
      },
      "properties": {
        "highway": "primary",
        "maxspeed": "30",
        "ref": "RN 47"
      }
    },
    {
      "type": "Feature",
      "geometry": {
        "type": "LineString",
        "coordinates": [
          [
            0.9070903,
            33.656951
          ],
          [
            0.9069585,
            33.6568755
          ]
        ]
      },
      "properties": {
        "highway": "primary",
        "maxspeed": "30",
        "ref": "RN 47"
      }
    },
    {
      "type": "Feature",
      "geometry": {
        "type": "LineString",
        "coordinates": [
          [
            1.0106602,
            33.6454661
          ],
          [
            1.0106186,
            33.6453198
          ],
          [
            1.0105186,
            33.6451186
          ]
        ]
      },
      "properties": {
        "highway": "secondary",
        "maxspeed": "40"
      }
    },
    {
      "type": "Feature",
      "geometry": {
        "type": "LineString",
        "coordinates": [
          [
            1.0676502,
            33.65694
          ],
          [
            1.0679736,
            33.6568921
          ],
          [
            1.0686082,
            33.6566737
          ],
          [
            1.0694227,
            33.6563721
          ],
          [
            1.0706529,
            33.6559799
          ],
          [
            1.0714371,
            33.6557258
          ],
          [
            1.0737267,
            33.6548676
          ],
          [
            1.0764718,
            33.65381
          ],
          [
            1.0776944,
            33.653331
          ],
          [
            1.0793683,
            33.6527277
          ]
        ]
      },
      "properties": {
        "name": "Route Aflou - El Bayadh",
        "highway": "trunk",
        "maxspeed": "80",
        "ref": "RN 47"
      }
    },
    {
      "type": "Feature",
      "geometry": {
        "type": "LineString",
        "coordinates": [
          [
            1.0793683,
            33.6527277
          ],
          [
            1.0782339,
            33.6532312
          ],
          [
            1.0765197,
            33.6539397
          ],
          [
            1.0752011,
            33.6544186
          ],
          [
            1.0730091,
            33.6552448
          ],
          [
            1.072794,
            33.6553264
          ],
          [
            1.071521,
            33.6558056
          ],
          [
            1.0707059,
            33.656075
          ],
          [
            1.0694712,
            33.6564641
          ],
          [
            1.068716,
            33.6567535
          ],
          [
            1.0680695,
            33.6570118
          ],
          [
            1.0678212,
            33.6572164
          ]
        ]
      },
      "properties": {
        "name": "Route Aflou - El Bayadh",
        "highway": "trunk",
        "maxspeed": "60",
        "ref": "RN 47"
      }
    },
    {
      "type": "Feature",
      "geometry": {
        "type": "LineString",
        "coordinates": [
          [
            1.0674141,
            33.6573226
          ],
          [
            1.0673585,
            33.657275
          ],
          [
            1.0673226,
            33.6572157
          ],
          [
            1.0673098,
            33.6571502
          ],
          [
            1.0673213,
            33.6570845
          ],
          [
            1.0673574,
            33.6570229
          ],
          [
            1.0674147,
            33.6569737
          ],
          [
            1.0674876,
            33.6569417
          ],
          [
            1.0675687,
            33.6569301
          ],
          [
            1.0676502,
            33.65694
          ],
          [
            1.0677243,
            33.6569707
          ],
          [
            1.0677833,
            33.657019
          ],
          [
            1.0678212,
            33.6570803
          ],
          [
            1.0678343,
            33.6571483
          ],
          [
            1.0678212,
            33.6572164
          ],
          [
            1.067783,
            33.657278
          ],
          [
            1.0677235,
            33.6573265
          ],
          [
            1.0676488,
            33.6573571
          ],
          [
            1.0675663,
            33.6573666
          ],
          [
            1.067486,
            33.6573545
          ],
          [
            1.0674141,
            33.6573226
          ]
        ]
      },
      "properties": {
        "name": "Rond Point de l'Université",
        "highway": "trunk",
        "maxspeed": "30"
      }
    },
    {
      "type": "Feature",
      "geometry": {
        "type": "LineString",
        "coordinates": [
          [
            1.0556591,
            33.6616931
          ],
          [
            1.0562643,
            33.6614651
          ],
          [
            1.056388,
            33.6613842
          ],
          [
            1.0564461,
            33.6613046
          ]
        ]
      },
      "properties": {
        "name": "Route Aflou - El Bayadh",
        "highway": "trunk",
        "maxspeed": "50",
        "ref": "RN 47"
      }
    },
    {
      "type": "Feature",
      "geometry": {
        "type": "LineString",
        "coordinates": [
          [
            1.047774,
            33.6656962
          ],
          [
            1.0480465,
            33.6655484
          ],
          [
            1.048218,
            33.6654554
          ],
          [
            1.0488416,
            33.6651038
          ],
          [
            1.0493434,
            33.6648154
          ],
          [
            1.0493807,
            33.6647938
          ],
          [
            1.0521611,
            33.6631876
          ],
          [
            1.0531069,
            33.6627193
          ],
          [
            1.0536875,
            33.662458
          ],
          [
            1.0556591,
            33.6616931
          ]
        ]
      },
      "properties": {
        "name": "Route Aflou - El Bayadh",
        "highway": "trunk",
        "maxspeed": "80",
        "ref": "RN 47"
      }
    },
    {
      "type": "Feature",
      "geometry": {
        "type": "LineString",
        "coordinates": [
          [
            1.0478467,
            33.665785
          ],
          [
            1.0476534,
            33.6658739
          ],
          [
            1.0474033,
            33.6659889
          ],
          [
            1.0469238,
            33.6661987
          ],
          [
            1.0466529,
            33.6663115
          ],
          [
            1.0461608,
            33.6665224
          ],
          [
            1.0454527,
            33.6668221
          ],
          [
            1.0452206,
            33.6669187
          ],
          [
            1.0447915,
            33.6670906
          ],
          [
            1.0445501,
            33.6671776
          ],
          [
            1.0443811,
            33.6672435
          ],
          [
            1.0441035,
            33.6673562
          ],
          [
            1.0438138,
            33.6675111
          ]
        ]
      },
      "properties": {
        "name": "Route Aflou - El Bayadh",
        "highway": "trunk",
        "maxspeed": "50",
        "ref": "RN 47"
      }
    },
    {
      "type": "Feature",
      "geometry": {
        "type": "LineString",
        "coordinates": [
          [
            1.0434709,
            33.6673826
          ],
          [
            1.0434303,
            33.667287
          ],
          [
            1.0431688,
            33.6670113
          ],
          [
            1.0429904,
            33.6668372
          ],
          [
            1.04258,
            33.6664733
          ],
          [
            1.042407,
            33.6663025
          ],
          [
            1.042234,
            33.6661306
          ],
          [
            1.0414937,
            33.6654442
          ],
          [
            1.0412543,
            33.6652332
          ],
          [
            1.041196,
            33.6651713
          ]
        ]
      },
      "properties": {
        "highway": "tertiary",
        "maxspeed": "50"
      }
    },
    {
      "type": "Feature",
      "geometry": {
        "type": "LineString",
        "coordinates": [
          [
            1.0413422,
            33.6651914
          ],
          [
            1.0412543,
            33.6652332
          ],
          [
            1.0400373,
            33.6658349
          ],
          [
            1.0393935,
            33.6661552
          ],
          [
            1.0389107,
            33.6663996
          ],
          [
            1.0388021,
            33.6664605
          ],
          [
            1.0376602,
            33.6670163
          ],
          [
            1.0369232,
            33.6673942
          ],
          [
            1.0368186,
            33.6674399
          ],
          [
            1.0358946,
            33.6678841
          ],
          [
            1.0345032,
            33.6685784
          ],
          [
            1.0339651,
            33.668856
          ],
          [
            1.0338387,
            33.6689222
          ]
        ]
      },
      "properties": {
        "highway": "tertiary",
        "maxspeed": "50"
      }
    },
    {
      "type": "Feature",
      "geometry": {
        "type": "LineString",
        "coordinates": [
          [
            1.0425478,
            33.6677904
          ],
          [
            1.0426766,
            33.6677424
          ],
          [
            1.0431633,
            33.6675669
          ],
          [
            1.0434518,
            33.6674279
          ]
        ]
      },
      "properties": {
        "name": "Route Aflou - El Bayadh",
        "highway": "trunk",
        "maxspeed": "50",
        "ref": "RN 47"
      }
    },
    {
      "type": "Feature",
      "geometry": {
        "type": "LineString",
        "coordinates": [
          [
            1.0248198,
            33.6713269
          ],
          [
            1.0249807,
            33.6711801
          ]
        ]
      },
      "properties": {
        "highway": "primary",
        "maxspeed": "40"
      }
    },
    {
      "type": "Feature",
      "geometry": {
        "type": "LineString",
        "coordinates": [
          [
            1.0263526,
            33.6664476
          ],
          [
            1.0263515,
            33.6662996
          ],
          [
            1.0255305,
            33.6662646
          ],
          [
            1.02475,
            33.6662155
          ],
          [
            1.024514,
            33.6662043
          ],
          [
            1.0241358,
            33.6661831
          ],
          [
            1.023995,
            33.6662199
          ],
          [
            1.0239454,
            33.6662702
          ],
          [
            1.0238957,
            33.6664365
          ],
          [
            1.0238045,
            33.6667412
          ],
          [
            1.0237549,
            33.6670113
          ],
          [
            1.0236959,
            33.6673082
          ],
          [
            1.0236154,
            33.6675683
          ],
          [
            1.0235497,
            33.6677882
          ],
          [
            1.0235336,
            33.6679355
          ],
          [
            1.0235471,
            33.6680527
          ],
          [
            1.0235819,
            33.6682056
          ],
          [
            1.0236302,
            33.6683663
          ],
          [
            1.0236597,
            33.6684668
          ],
          [
            1.0237053,
            33.6686018
          ],
          [
            1.0238019,
            33.6688318
          ],
          [
            1.0240057,
            33.6692704
          ],
          [
            1.0241331,
            33.6695561
          ],
          [
            1.0241733,
            33.6696421
          ],
          [
            1.0242015,
            33.669709
          ],
          [
            1.0243826,
            33.6701332
          ],
          [
            1.0244644,
            33.6703363
          ],
          [
            1.0245408,
            33.6705071
          ],
          [
            1.0247152,
            33.6708252
          ]
        ]
      },
      "properties": {
        "highway": "tertiary",
        "maxspeed": "40"
      }
    },
    {
      "type": "Feature",
      "geometry": {
        "type": "LineString",
        "coordinates": [
          [
            1.0247152,
            33.6708252
          ],
          [
            1.0248479,
            33.6709072
          ],
          [
            1.0249244,
            33.6709474
          ],
          [
            1.0249887,
            33.6709809
          ],
          [
            1.0250457,
            33.6710121
          ],
          [
            1.0250907,
            33.6710289
          ]
        ]
      },
      "properties": {
        "highway": "primary_link",
        "maxspeed": "30"
      }
    },
    {
      "type": "Feature",
      "geometry": {
        "type": "LineString",
        "coordinates": [
          [
            1.032228,
            33.6712046
          ],
          [
            1.0320456,
            33.6713118
          ],
          [
            1.0318378,
            33.6714167
          ],
          [
            1.0316607,
            33.6714937
          ],
          [
            1.0310396,
            33.6717713
          ]
        ]
      },
      "properties": {
        "name": "Route Aflou - El Bayadh",
        "highway": "trunk",
        "maxspeed": "50",
        "ref": "RN 47"
      }
    },
    {
      "type": "Feature",
      "geometry": {
        "type": "LineString",
        "coordinates": [
          [
            1.0307568,
            33.6714672
          ],
          [
            1.0308256,
            33.6712414
          ],
          [
            1.0308842,
            33.6711522
          ]
        ]
      },
      "properties": {
        "highway": "tertiary",
        "maxspeed": "30"
      }
    },
    {
      "type": "Feature",
      "geometry": {
        "type": "LineString",
        "coordinates": [
          [
            1.0310049,
            33.6715079
          ],
          [
            1.0311498,
            33.6714904
          ],
          [
            1.031306,
            33.6714647
          ],
          [
            1.0314462,
            33.671439
          ],
          [
            1.0316178,
            33.6713843
          ],
          [
            1.0317855,
            33.6713163
          ],
          [
            1.0319625,
            33.6712192
          ],
          [
            1.0322119,
            33.6710707
          ],
          [
            1.0324158,
            33.6709412
          ],
          [
            1.0326639,
            33.6707761
          ],
          [
            1.0328798,
            33.6706176
          ],
          [
            1.033152,
            33.6704222
          ],
          [
            1.0335758,
            33.6700785
          ],
          [
            1.0337475,
            33.6699524
          ],
          [
            1.0340264,
            33.6697369
          ],
          [
            1.0341109,
            33.6696711
          ],
          [
            1.0343792,
            33.6694735
          ],
          [
            1.0345763,
            33.6693452
          ],
          [
            1.0350122,
            33.6691186
          ],
          [
            1.0353528,
            33.6689556
          ],
          [
            1.0356639,
            33.6688239
          ],
          [
            1.0361092,
            33.6686655
          ],
          [
            1.0365356,
            33.6685449
          ],
          [
            1.0368843,
            33.6684712
          ],
          [
            1.0371687,
            33.6684266
          ],
          [
            1.0376166,
            33.6683652
          ],
          [
            1.0378271,
            33.6683485
          ],
          [
            1.0379767,
            33.6683395
          ],
          [
            1.0381114,
            33.6683407
          ],
          [
            1.0383703,
            33.6683418
          ],
          [
            1.0385902,
            33.6683485
          ],
          [
            1.0388618,
            33.6683552
          ],
          [
            1.0394016,
            33.668392
          ],
          [
            1.0396961,
            33.668412
          ],
          [
            1.0399809,
            33.6684199
          ],
          [
            1.0402197,
            33.6684143
          ],
          [
            1.0404986,
            33.6683886
          ],
          [
            1.040972,
            33.6683083
          ],
          [
            1.0411149,
            33.6682737
          ],
          [
            1.0413864,
            33.6682011
          ],
          [
            1.0419953,
            33.6680002
          ],
          [
            1.0422648,
            33.6678964
          ],
          [
            1.0425478,
            33.6677904
          ]
        ]
      },
      "properties": {
        "name": "Route Aflou - El Bayadh",
        "highway": "trunk",
        "maxspeed": "80",
        "ref": "RN 47"
      }
    },
    {
      "type": "Feature",
      "geometry": {
        "type": "LineString",
        "coordinates": [
          [
            1.0960209,
            33.7160611
          ],
          [
            1.0961194,
            33.7162086
          ],
          [
            1.0961938,
            33.7162984
          ],
          [
            1.097936,
            33.7180683
          ],
          [
            1.1001974,
            33.7206281
          ],
          [
            1.1076755,
            33.7293316
          ],
          [
            1.1080559,
            33.7298258
          ]
        ]
      },
      "properties": {
        "name": "Route Tiaret - El Bayadh",
        "highway": "trunk",
        "maxspeed": "80",
        "ref": "RN 111"
      }
    },
    {
      "type": "Feature",
      "geometry": {
        "type": "LineString",
        "coordinates": [
          [
            1.0957497,
            33.7161251
          ],
          [
            1.0956009,
            33.7159749
          ],
          [
            1.0953769,
            33.715744
          ],
          [
            1.0936349,
            33.714246
          ]
        ]
      },
      "properties": {
        "name": "Route Tiaret - El Bayadh",
        "highway": "trunk",
        "maxspeed": "80",
        "ref": "RN 111"
      }
    },
    {
      "type": "Feature",
      "geometry": {
        "type": "LineString",
        "coordinates": [
          [
            1.0958803,
            33.7162211
          ],
          [
            1.0958512,
            33.7162171
          ],
          [
            1.0958238,
            33.7162081
          ],
          [
            1.0957992,
            33.7161947
          ],
          [
            1.0957839,
            33.7161825
          ],
          [
            1.0957709,
            33.7161687
          ],
          [
            1.0957606,
            33.7161533
          ],
          [
            1.0957541,
            33.7161395
          ],
          [
            1.0957497,
            33.7161251
          ],
          [
            1.0957487,
            33.7160873
          ],
          [
            1.0957621,
            33.7160511
          ],
          [
            1.0957887,
            33.7160204
          ],
          [
            1.0958256,
            33.7159983
          ],
          [
            1.095869,
            33.715987
          ],
          [
            1.0959145,
            33.7159877
          ],
          [
            1.0959488,
            33.7159969
          ],
          [
            1.0959793,
            33.7160129
          ],
          [
            1.0960038,
            33.7160348
          ],
          [
            1.0960209,
            33.7160611
          ],
          [
            1.09603,
            33.7160937
          ],
          [
            1.0960276,
            33.7161272
          ],
          [
            1.0960139,
            33.7161588
          ],
          [
            1.0959901,
            33.7161859
          ],
          [
            1.0959581,
            33.7162063
          ],
          [
            1.0959205,
            33.7162184
          ],
          [
            1.0958803,
            33.7162211
          ]
        ]
      },
      "properties": {
        "name": "Rond Point de l'aéroport",
        "highway": "trunk",
        "maxspeed": "40"
      }
    },
    {
      "type": "Feature",
      "geometry": {
        "type": "LineString",
        "coordinates": [
          [
            1.0968317,
            33.7171018
          ],
          [
            1.0961212,
            33.7164118
          ],
          [
            1.0960137,
            33.7163182
          ],
          [
            1.0958803,
            33.7162211
          ]
        ]
      },
      "properties": {
        "name": "Route Tiaret - El Bayadh",
        "highway": "trunk",
        "maxspeed": "50",
        "ref": "RN 111"
      }
    },
    {
      "type": "Feature",
      "geometry": {
        "type": "LineString",
        "coordinates": [
          [
            1.0952481,
            33.7154601
          ],
          [
            1.0955602,
            33.7157437
          ],
          [
            1.0959145,
            33.7159877
          ]
        ]
      },
      "properties": {
        "name": "Sidi Nacer",
        "highway": "trunk",
        "maxspeed": "50",
        "ref": "RN 111"
      }
    },
    {
      "type": "Feature",
      "geometry": {
        "type": "LineString",
        "coordinates": [
          [
            1.0935677,
            33.7140703
          ],
          [
            1.0937165,
            33.7141981
          ]
        ]
      },
      "properties": {
        "name": "Route Tiaret - El Bayadh",
        "highway": "trunk",
        "maxspeed": "80",
        "ref": "RN 111"
      }
    },
    {
      "type": "Feature",
      "geometry": {
        "type": "LineString",
        "coordinates": [
          [
            1.0937165,
            33.7141981
          ],
          [
            1.0952481,
            33.7154601
          ]
        ]
      },
      "properties": {
        "name": "Route Tiaret - El Bayadh",
        "highway": "trunk",
        "maxspeed": "80",
        "ref": "RN 111"
      }
    },
    {
      "type": "Feature",
      "geometry": {
        "type": "LineString",
        "coordinates": [
          [
            1.0936349,
            33.714246
          ],
          [
            1.0934717,
            33.7141103
          ]
        ]
      },
      "properties": {
        "name": "Route Tiaret - El Bayadh",
        "highway": "trunk",
        "maxspeed": "80",
        "ref": "RN 111"
      }
    },
    {
      "type": "Feature",
      "geometry": {
        "type": "LineString",
        "coordinates": [
          [
            1.0934717,
            33.7141103
          ],
          [
            1.0925114,
            33.7133634
          ],
          [
            1.0920457,
            33.7130319
          ],
          [
            1.0914743,
            33.7126206
          ],
          [
            1.090855,
            33.7122092
          ],
          [
            1.0898515,
            33.7115382
          ],
          [
            1.0890593,
            33.711043
          ],
          [
            1.0879214,
            33.710376
          ],
          [
            1.0868267,
            33.7097689
          ],
          [
            1.0858088,
            33.7092177
          ],
          [
            1.0852327,
            33.7088383
          ],
          [
            1.0848293,
            33.7085228
          ],
          [
            1.0845029,
            33.7082512
          ],
          [
            1.0841812,
            33.7079117
          ],
          [
            1.0839459,
            33.7076401
          ],
          [
            1.083677,
            33.7073165
          ],
          [
            1.0835042,
            33.7070729
          ],
          [
            1.0832833,
            33.7067174
          ],
          [
            1.0830961,
            33.7063939
          ],
          [
            1.082856,
            33.7058707
          ],
          [
            1.0827072,
            33.7054952
          ],
          [
            1.0825247,
            33.7047802
          ],
          [
            1.0824479,
            33.7043968
          ],
          [
            1.0822703,
            33.7033024
          ],
          [
            1.0814068,
            33.698049
          ],
          [
            1.0812314,
            33.6971234
          ],
          [
            1.081105,
            33.6965949
          ],
          [
            1.0809436,
            33.6960709
          ],
          [
            1.0808217,
            33.695778
          ],
          [
            1.0807076,
            33.6954945
          ],
          [
            1.0805886,
            33.6952528
          ],
          [
            1.0805293,
            33.6951068
          ]
        ]
      },
      "properties": {
        "name": "Route Tiaret - El Bayadh",
        "highway": "trunk",
        "maxspeed": "80",
        "ref": "RN 111"
      }
    },
    {
      "type": "Feature",
      "geometry": {
        "type": "LineString",
        "coordinates": [
          [
            1.0699694,
            33.6903479
          ],
          [
            1.0673335,
            33.6898725
          ],
          [
            1.0586143,
            33.6882106
          ],
          [
            1.0581726,
            33.6881147
          ],
          [
            1.0560792,
            33.6876473
          ],
          [
            1.0556663,
            33.6875794
          ],
          [
            1.0553398,
            33.6875474
          ],
          [
            1.0547445,
            33.6875154
          ],
          [
            1.0541251,
            33.6875234
          ],
          [
            1.0530124,
            33.6876207
          ],
          [
            1.0524083,
            33.6876825
          ],
          [
            1.051813,
            33.687727
          ]
        ]
      },
      "properties": {
        "name": "Route Tiaret - El Bayadh",
        "highway": "trunk",
        "maxspeed": "80",
        "ref": "RN 111"
      }
    },
    {
      "type": "Feature",
      "geometry": {
        "type": "LineString",
        "coordinates": [
          [
            1.0703006,
            33.6904198
          ],
          [
            1.0699694,
            33.6903479
          ]
        ]
      },
      "properties": {
        "name": "Route Tiaret - El Bayadh",
        "highway": "trunk",
        "maxspeed": "80",
        "ref": "RN 111"
      }
    },
    {
      "type": "Feature",
      "geometry": {
        "type": "LineString",
        "coordinates": [
          [
            1.0699742,
            33.69026
          ],
          [
            1.070327,
            33.6903275
          ]
        ]
      },
      "properties": {
        "name": "Route Tiaret - El Bayadh",
        "highway": "trunk",
        "maxspeed": "80",
        "ref": "RN 111"
      }
    },
    {
      "type": "Feature",
      "geometry": {
        "type": "LineString",
        "coordinates": [
          [
            1.080603,
            33.6950722
          ],
          [
            1.0806678,
            33.6952165
          ],
          [
            1.080894,
            33.6956875
          ],
          [
            1.0810766,
            33.6961738
          ],
          [
            1.0812011,
            33.6966147
          ],
          [
            1.0813147,
            33.6970487
          ],
          [
            1.0815058,
            33.6980402
          ],
          [
            1.082035,
            33.7009856
          ],
          [
            1.0823807,
            33.7032624
          ],
          [
            1.0825199,
            33.704241
          ],
          [
            1.0826592,
            33.704944
          ],
          [
            1.082832,
            33.7055391
          ],
          [
            1.0830817,
            33.7061023
          ],
          [
            1.0833698,
            33.7066415
          ],
          [
            1.0835858,
            33.707005
          ],
          [
            1.0838451,
            33.7073725
          ],
          [
            1.0844741,
            33.7080714
          ],
          [
            1.0847813,
            33.708355
          ],
          [
            1.0851942,
            33.7086785
          ],
          [
            1.0856216,
            33.7089861
          ],
          [
            1.0862409,
            33.7093455
          ],
          [
            1.087835,
            33.7102242
          ],
          [
            1.0894002,
            33.7111468
          ],
          [
            1.0908982,
            33.7121053
          ],
          [
            1.0935677,
            33.7140703
          ]
        ]
      },
      "properties": {
        "name": "Route Tiaret - El Bayadh",
        "highway": "trunk",
        "maxspeed": "80",
        "ref": "RN 111"
      }
    },
    {
      "type": "Feature",
      "geometry": {
        "type": "LineString",
        "coordinates": [
          [
            1.048959,
            33.6876829
          ],
          [
            1.0505337,
            33.6876593
          ]
        ]
      },
      "properties": {
        "name": "Route Tiaret - El Bayadh",
        "highway": "trunk",
        "maxspeed": "50",
        "ref": "RN 111"
      }
    },
    {
      "type": "Feature",
      "geometry": {
        "type": "LineString",
        "coordinates": [
          [
            1.0505337,
            33.6876593
          ],
          [
            1.0518253,
            33.6876433
          ],
          [
            1.0531745,
            33.6875234
          ],
          [
            1.0538514,
            33.6874595
          ],
          [
            1.0544228,
            33.6874276
          ],
          [
            1.0549269,
            33.6874316
          ],
          [
            1.0553926,
            33.6874635
          ],
          [
            1.0559333,
            33.6875393
          ],
          [
            1.0564825,
            33.6876273
          ],
          [
            1.0585183,
            33.6880947
          ],
          [
            1.0645583,
            33.6892453
          ],
          [
            1.0663485,
            33.6895807
          ],
          [
            1.0699742,
            33.69026
          ]
        ]
      },
      "properties": {
        "name": "Route Tiaret - El Bayadh",
        "highway": "trunk",
        "maxspeed": "80",
        "ref": "RN 111"
      }
    },
    {
      "type": "Feature",
      "geometry": {
        "type": "LineString",
        "coordinates": [
          [
            1.051813,
            33.687727
          ],
          [
            1.050523,
            33.6877463
          ]
        ]
      },
      "properties": {
        "name": "Route Tiaret - El Bayadh",
        "highway": "trunk",
        "maxspeed": "50",
        "ref": "RN 111"
      }
    },
    {
      "type": "Feature",
      "geometry": {
        "type": "LineString",
        "coordinates": [
          [
            1.050523,
            33.6877463
          ],
          [
            1.0495951,
            33.6877601
          ],
          [
            1.0481239,
            33.6877785
          ],
          [
            1.0473728,
            33.6877711
          ],
          [
            1.0462619,
            33.6877789
          ],
          [
            1.0447882,
            33.6877785
          ],
          [
            1.0421388,
            33.6877862
          ]
        ]
      },
      "properties": {
        "name": "Route Tiaret - El Bayadh",
        "highway": "trunk",
        "maxspeed": "80",
        "ref": "RN 111"
      }
    },
    {
      "type": "Feature",
      "geometry": {
        "type": "LineString",
        "coordinates": [
          [
            1.0421388,
            33.6877862
          ],
          [
            1.0416151,
            33.6877689
          ],
          [
            1.0413733,
            33.6877561
          ],
          [
            1.0411712,
            33.6877466
          ],
          [
            1.0409586,
            33.6877304
          ],
          [
            1.0407534,
            33.687702
          ],
          [
            1.0404302,
            33.6876389
          ],
          [
            1.0402083,
            33.6875764
          ],
          [
            1.039766,
            33.6874196
          ],
          [
            1.0394482,
            33.6872894
          ],
          [
            1.039246,
            33.6872032
          ],
          [
            1.0388839,
            33.6870469
          ],
          [
            1.0387196,
            33.6869722
          ],
          [
            1.0383837,
            33.6868143
          ],
          [
            1.0380055,
            33.6866335
          ],
          [
            1.0377011,
            33.6864828
          ],
          [
            1.0373899,
            33.6863333
          ],
          [
            1.0371495,
            33.6862312
          ],
          [
            1.036887,
            33.6861291
          ],
          [
            1.0367385,
            33.6860733
          ],
          [
            1.0364031,
            33.6859685
          ],
          [
            1.0361729,
            33.6859143
          ],
          [
            1.0359328,
            33.6858727
          ],
          [
            1.0357136,
            33.6858451
          ],
          [
            1.0353032,
            33.6857971
          ],
          [
            1.0350051,
            33.6857759
          ]
        ]
      },
      "properties": {
        "name": "Route Tiaret - El Bayadh",
        "highway": "trunk",
        "maxspeed": "50",
        "ref": "RN 111"
      }
    },
    {
      "type": "Feature",
      "geometry": {
        "type": "LineString",
        "coordinates": [
          [
            1.0421623,
            33.6876933
          ],
          [
            1.0432154,
            33.6877013
          ],
          [
            1.0444878,
            33.6876976
          ],
          [
            1.0460032,
            33.6876939
          ],
          [
            1.048959,
            33.6876829
          ]
        ]
      },
      "properties": {
        "name": "Route Tiaret - El Bayadh",
        "highway": "trunk",
        "maxspeed": "80",
        "ref": "RN 111"
      }
    },
    {
      "type": "Feature",
      "geometry": {
        "type": "LineString",
        "coordinates": [
          [
            1.0337983,
            33.6856147
          ],
          [
            1.0349765,
            33.685687
          ]
        ]
      },
      "properties": {
        "name": "Route Tiaret - El Bayadh",
        "highway": "trunk",
        "maxspeed": "50",
        "ref": "RN 111"
      }
    },
    {
      "type": "Feature",
      "geometry": {
        "type": "LineString",
        "coordinates": [
          [
            1.0349765,
            33.685687
          ],
          [
            1.0353414,
            33.6857162
          ],
          [
            1.0356359,
            33.6857472
          ],
          [
            1.0359784,
            33.6857915
          ],
          [
            1.0362181,
            33.6858359
          ],
          [
            1.0364257,
            33.6858889
          ],
          [
            1.0368149,
            33.6860153
          ],
          [
            1.0370751,
            33.6861104
          ],
          [
            1.0373708,
            33.6862353
          ],
          [
            1.0377229,
            33.6864028
          ],
          [
            1.0383502,
            33.6867085
          ],
          [
            1.0387491,
            33.6868902
          ],
          [
            1.0389428,
            33.686981
          ],
          [
            1.0391743,
            33.6870799
          ],
          [
            1.0394991,
            33.6872189
          ],
          [
            1.0397634,
            33.687324
          ],
          [
            1.0399999,
            33.6874174
          ],
          [
            1.0402475,
            33.6874913
          ],
          [
            1.0403729,
            33.6875301
          ],
          [
            1.0405063,
            33.6875633
          ],
          [
            1.0407762,
            33.6876205
          ],
          [
            1.0411112,
            33.6876587
          ],
          [
            1.0416231,
            33.6876813
          ],
          [
            1.0421623,
            33.6876933
          ]
        ]
      },
      "properties": {
        "name": "Route Tiaret - El Bayadh",
        "highway": "trunk",
        "maxspeed": "50",
        "ref": "RN 111"
      }
    },
    {
      "type": "Feature",
      "geometry": {
        "type": "LineString",
        "coordinates": [
          [
            1.0337804,
            33.6856967
          ],
          [
            1.0332781,
            33.6856576
          ],
          [
            1.0331145,
            33.6856426
          ],
          [
            1.0325834,
            33.6856024
          ],
          [
            1.03176,
            33.6855566
          ],
          [
            1.0310981,
            33.6855137
          ],
          [
            1.0308082,
            33.6854992
          ]
        ]
      },
      "properties": {
        "name": "Route Tiaret - El Bayadh",
        "highway": "trunk",
        "maxspeed": "50",
        "ref": "RN 111"
      }
    },
    {
      "type": "Feature",
      "geometry": {
        "type": "LineString",
        "coordinates": [
          [
            1.0350051,
            33.6857759
          ],
          [
            1.0337804,
            33.6856967
          ]
        ]
      },
      "properties": {
        "name": "Route Tiaret - El Bayadh",
        "highway": "trunk",
        "maxspeed": "50",
        "ref": "RN 111"
      }
    },
    {
      "type": "Feature",
      "geometry": {
        "type": "LineString",
        "coordinates": [
          [
            1.0236959,
            33.6673082
          ],
          [
            1.0229555,
            33.6671881
          ],
          [
            1.0227964,
            33.667172
          ],
          [
            1.022514,
            33.6671368
          ],
          [
            1.0224355,
            33.6671277
          ],
          [
            1.0222072,
            33.6671009
          ],
          [
            1.0220668,
            33.6670685
          ],
          [
            1.0219979,
            33.6670476
          ],
          [
            1.021879,
            33.6670112
          ],
          [
            1.0213852,
            33.6668908
          ],
          [
            1.0209373,
            33.6668115
          ],
          [
            1.0204895,
            33.6667229
          ],
          [
            1.020083,
            33.6666575
          ],
          [
            1.0199033,
            33.666701
          ],
          [
            1.0187459,
            33.667133
          ],
          [
            1.018247,
            33.6673205
          ],
          [
            1.0181183,
            33.6673897
          ],
          [
            1.0178478,
            33.6676002
          ],
          [
            1.0176221,
            33.6677759
          ],
          [
            1.0173967,
            33.6679388
          ],
          [
            1.0167959,
            33.6683384
          ],
          [
            1.0164057,
            33.6686175
          ],
          [
            1.0160395,
            33.6689032
          ],
          [
            1.0155541,
            33.6692938
          ],
          [
            1.015491,
            33.6693363
          ],
          [
            1.0154133,
            33.6693697
          ],
          [
            1.0153167,
            33.6693921
          ],
          [
            1.0151786,
            33.6693976
          ],
          [
            1.0150002,
            33.6693965
          ],
          [
            1.0142331,
            33.6693742
          ],
          [
            1.0135896,
            33.6693791
          ]
        ]
      },
      "properties": {
        "highway": "tertiary",
        "maxspeed": "40"
      }
    },
    {
      "type": "Feature",
      "geometry": {
        "type": "LineString",
        "coordinates": [
          [
            1.0154126,
            33.6711014
          ],
          [
            1.0152993,
            33.6701823
          ],
          [
            1.0152376,
            33.6697849
          ],
          [
            1.0151786,
            33.6693976
          ],
          [
            1.0151705,
            33.6691353
          ],
          [
            1.0151517,
            33.668767
          ],
          [
            1.015074,
            33.6684545
          ],
          [
            1.01509,
            33.6681509
          ],
          [
            1.0150954,
            33.6679891
          ],
          [
            1.0150874,
            33.6679444
          ],
          [
            1.0150793,
            33.6679154
          ],
          [
            1.0150498,
            33.667892
          ],
          [
            1.0150002,
            33.6678696
          ],
          [
            1.0140436,
            33.6678751
          ],
          [
            1.0133801,
            33.6678696
          ],
          [
            1.0129228,
            33.6678763
          ],
          [
            1.0128625,
            33.6676888
          ],
          [
            1.0128102,
            33.667614
          ],
          [
            1.0127418,
            33.6675526
          ],
          [
            1.0125956,
            33.6674622
          ],
          [
            1.0123837,
            33.6673696
          ],
          [
            1.0121155,
            33.6672647
          ],
          [
            1.0117856,
            33.6671765
          ],
          [
            1.0113698,
            33.6670861
          ],
          [
            1.0110614,
            33.6670515
          ],
          [
            1.0106939,
            33.667018
          ],
          [
            1.0102969,
            33.6670091
          ],
          [
            1.0101736,
            33.6670013
          ],
          [
            1.0100515,
            33.6669868
          ],
          [
            1.0099335,
            33.6669432
          ],
          [
            1.0097444,
            33.6667579
          ]
        ]
      },
      "properties": {
        "highway": "tertiary",
        "maxspeed": "40"
      }
    },
    {
      "type": "Feature",
      "geometry": {
        "type": "LineString",
        "coordinates": [
          [
            1.0130755,
            33.6696205
          ],
          [
            1.0129749,
            33.6695924
          ],
          [
            1.0127497,
            33.669499
          ],
          [
            1.0126935,
            33.669459
          ]
        ]
      },
      "properties": {
        "highway": "tertiary",
        "maxspeed": "30"
      }
    },
    {
      "type": "Feature",
      "geometry": {
        "type": "LineString",
        "coordinates": [
          [
            1.0135896,
            33.6693791
          ],
          [
            1.0134983,
            33.6694598
          ],
          [
            1.0133682,
            33.6695707
          ]
        ]
      },
      "properties": {
        "highway": "tertiary",
        "maxspeed": "30"
      }
    },
    {
      "type": "Feature",
      "geometry": {
        "type": "LineString",
        "coordinates": [
          [
            1.0130477,
            33.6695845
          ],
          [
            1.013034,
            33.6695432
          ],
          [
            1.0130355,
            33.6695005
          ],
          [
            1.0130522,
            33.66946
          ],
          [
            1.0130825,
            33.6694254
          ],
          [
            1.0131237,
            33.6693998
          ],
          [
            1.0131654,
            33.6693867
          ],
          [
            1.0132097,
            33.6693829
          ],
          [
            1.0132534,
            33.6693887
          ],
          [
            1.0133029,
            33.6694085
          ],
          [
            1.0133424,
            33.6694401
          ],
          [
            1.0133679,
            33.6694805
          ],
          [
            1.0133768,
            33.6695256
          ],
          [
            1.0133682,
            33.6695707
          ],
          [
            1.013346,
            33.6696077
          ],
          [
            1.013312,
            33.669638
          ],
          [
            1.013269,
            33.6696589
          ],
          [
            1.0132206,
            33.6696686
          ],
          [
            1.0131708,
            33.6696664
          ],
          [
            1.0131239,
            33.6696524
          ],
          [
            1.0130755,
            33.6696205
          ],
          [
            1.0130477,
            33.6695845
          ]
        ]
      },
      "properties": {
        "highway": "tertiary",
        "maxspeed": "30"
      }
    },
    {
      "type": "Feature",
      "geometry": {
        "type": "LineString",
        "coordinates": [
          [
            1.0169968,
            33.6788448
          ],
          [
            1.0169852,
            33.6789595
          ],
          [
            1.0169878,
            33.6791339
          ]
        ]
      },
      "properties": {
        "highway": "primary",
        "maxspeed": "30"
      }
    },
    {
      "type": "Feature",
      "geometry": {
        "type": "LineString",
        "coordinates": [
          [
            1.0169878,
            33.6791339
          ],
          [
            1.016819,
            33.6788835
          ]
        ]
      },
      "properties": {
        "highway": "primary",
        "maxspeed": "30"
      }
    },
    {
      "type": "Feature",
      "geometry": {
        "type": "LineString",
        "coordinates": [
          [
            1.016933,
            33.6787032
          ],
          [
            1.0170335,
            33.6786537
          ],
          [
            1.0171488,
            33.6785666
          ],
          [
            1.017071,
            33.6786782
          ],
          [
            1.0170077,
            33.6787777
          ]
        ]
      },
      "properties": {
        "highway": "secondary",
        "maxspeed": "30"
      }
    },
    {
      "type": "Feature",
      "geometry": {
        "type": "LineString",
        "coordinates": [
          [
            1.0167705,
            33.6788306
          ],
          [
            1.0167013,
            33.6787827
          ],
          [
            1.0166155,
            33.6787515
          ],
          [
            1.0164599,
            33.678747
          ],
          [
            1.0163379,
            33.6787359
          ]
        ]
      },
      "properties": {
        "highway": "primary",
        "maxspeed": "30"
      }
    },
    {
      "type": "Feature",
      "geometry": {
        "type": "LineString",
        "coordinates": [
          [
            1.0166155,
            33.6787515
          ],
          [
            1.0165511,
            33.6786935
          ],
          [
            1.0164881,
            33.6786265
          ],
          [
            1.0164453,
            33.6785823
          ]
        ]
      },
      "properties": {
        "highway": "primary",
        "maxspeed": "30"
      }
    },
    {
      "type": "Feature",
      "geometry": {
        "type": "LineString",
        "coordinates": [
          [
            1.0165082,
            33.6784881
          ],
          [
            1.0167577,
            33.6786332
          ],
          [
            1.0168942,
            33.678696
          ]
        ]
      },
      "properties": {
        "highway": "primary",
        "maxspeed": "40"
      }
    },
    {
      "type": "Feature",
      "geometry": {
        "type": "LineString",
        "coordinates": [
          [
            1.0163379,
            33.6787359
          ],
          [
            1.0164453,
            33.6785823
          ]
        ]
      },
      "properties": {
        "highway": "primary",
        "maxspeed": "40"
      }
    },
    {
      "type": "Feature",
      "geometry": {
        "type": "LineString",
        "coordinates": [
          [
            1.0164453,
            33.6785823
          ],
          [
            1.0165082,
            33.6784881
          ]
        ]
      },
      "properties": {
        "highway": "primary",
        "maxspeed": "40"
      }
    },
    {
      "type": "Feature",
      "geometry": {
        "type": "LineString",
        "coordinates": [
          [
            1.0165082,
            33.6784881
          ],
          [
            1.0165458,
            33.678439
          ],
          [
            1.0168086,
            33.6781377
          ],
          [
            1.0171222,
            33.6778364
          ],
          [
            1.0173022,
            33.6776744
          ],
          [
            1.0175257,
            33.6774948
          ],
          [
            1.0176112,
            33.6774262
          ],
          [
            1.0178116,
            33.6772652
          ],
          [
            1.0185204,
            33.6765924
          ],
          [
            1.0193227,
            33.6759683
          ],
          [
            1.0203371,
            33.6751562
          ],
          [
            1.0207227,
            33.6748476
          ],
          [
            1.0209453,
            33.6746556
          ],
          [
            1.0213771,
            33.6743219
          ],
          [
            1.0221335,
            33.6736578
          ],
          [
            1.0224165,
            33.6734145
          ],
          [
            1.0225385,
            33.6733029
          ],
          [
            1.0225808,
            33.6732689
          ],
          [
            1.0227142,
            33.6731411
          ],
          [
            1.0229055,
            33.6729778
          ],
          [
            1.0229181,
            33.672967
          ],
          [
            1.0230522,
            33.6728487
          ],
          [
            1.0231434,
            33.6727728
          ],
          [
            1.023484,
            33.6724748
          ],
          [
            1.023657,
            33.6723207
          ],
          [
            1.02383,
            33.6721835
          ],
          [
            1.0240285,
            33.6720127
          ],
          [
            1.0241653,
            33.6719
          ],
          [
            1.024349,
            33.671756
          ],
          [
            1.0244349,
            33.6716656
          ],
          [
            1.0246266,
            33.671477
          ],
          [
            1.0248198,
            33.6713269
          ]
        ]
      },
      "properties": {
        "highway": "primary",
        "maxspeed": "40"
      }
    },
    {
      "type": "Feature",
      "geometry": {
        "type": "LineString",
        "coordinates": [
          [
            1.0138312,
            33.682175
          ],
          [
            1.0137694,
            33.6820802
          ],
          [
            1.0134076,
            33.6814695
          ],
          [
            1.0132397,
            33.681176
          ],
          [
            1.0131468,
            33.6810314
          ],
          [
            1.0127673,
            33.6804282
          ],
          [
            1.0125017,
            33.6799595
          ],
          [
            1.0121872,
            33.6794808
          ],
          [
            1.0117862,
            33.6787933
          ],
          [
            1.011579,
            33.6784685
          ],
          [
            1.0113852,
            33.6780902
          ],
          [
            1.0113108,
            33.6779368
          ],
          [
            1.0112485,
            33.6777883
          ],
          [
            1.0112035,
            33.6776684
          ],
          [
            1.0111593,
            33.6775249
          ],
          [
            1.0111485,
            33.677434
          ],
          [
            1.0111646,
            33.6773654
          ],
          [
            1.0112357,
            33.67717
          ],
          [
            1.0112833,
            33.6770752
          ],
          [
            1.0113651,
            33.6769128
          ],
          [
            1.0114188,
            33.6767991
          ],
          [
            1.0114351,
            33.6767682
          ],
          [
            1.0114543,
            33.6766533
          ],
          [
            1.0114557,
            33.676535
          ],
          [
            1.0114496,
            33.6765094
          ],
          [
            1.0113976,
            33.6763665
          ],
          [
            1.0112715,
            33.676141
          ],
          [
            1.0111615,
            33.6759848
          ],
          [
            1.0110138,
            33.6758341
          ],
          [
            1.0108799,
            33.6757259
          ],
          [
            1.0107751,
            33.675646
          ],
          [
            1.0107052,
            33.6755938
          ],
          [
            1.0105702,
            33.675502
          ],
          [
            1.0105394,
            33.6754815
          ],
          [
            1.0104528,
            33.6754237
          ],
          [
            1.0103489,
            33.6753601
          ],
          [
            1.010128,
            33.6752304
          ],
          [
            1.0099885,
            33.6751199
          ],
          [
            1.0098966,
            33.6750099
          ],
          [
            1.0098699,
            33.6749551
          ],
          [
            1.0098604,
            33.6749357
          ],
          [
            1.0098204,
            33.6748252
          ],
          [
            1.0097913,
            33.6747449
          ],
          [
            1.0097185,
            33.6745049
          ],
          [
            1.0096894,
            33.6744179
          ],
          [
            1.009666,
            33.6742895
          ],
          [
            1.0096571,
            33.6742326
          ],
          [
            1.0096351,
            33.6740925
          ],
          [
            1.0096195,
            33.6739199
          ],
          [
            1.009613,
            33.6738476
          ],
          [
            1.009608,
            33.6735646
          ],
          [
            1.0096251,
            33.6734938
          ],
          [
            1.0096009,
            33.673169
          ],
          [
            1.0096076,
            33.6729402
          ],
          [
            1.0096244,
            33.6727331
          ],
          [
            1.0096411,
            33.6726132
          ],
          [
            1.0096653,
            33.672525
          ],
          [
            1.0096965,
            33.6724519
          ],
          [
            1.009735,
            33.672342
          ],
          [
            1.0097799,
            33.6721985
          ],
          [
            1.0098034,
            33.672073
          ],
          [
            1.0098135,
            33.6719508
          ],
          [
            1.0098141,
            33.6718453
          ],
          [
            1.0098133,
            33.6718247
          ],
          [
            1.0098068,
            33.6716561
          ],
          [
            1.0098066,
            33.6716276
          ],
          [
            1.0098048,
            33.6713319
          ],
          [
            1.0097945,
            33.6710673
          ],
          [
            1.0097738,
            33.6705345
          ],
          [
            1.0097719,
            33.6704867
          ],
          [
            1.0097641,
            33.6702035
          ],
          [
            1.0097566,
            33.6699256
          ],
          [
            1.0097538,
            33.6698028
          ],
          [
            1.0097534,
            33.6696298
          ],
          [
            1.009747,
            33.6694842
          ],
          [
            1.009739,
            33.6691287
          ],
          [
            1.0097337,
            33.6688295
          ],
          [
            1.0096988,
            33.6680393
          ],
          [
            1.0096961,
            33.6679076
          ],
          [
            1.0096934,
            33.6675169
          ],
          [
            1.0097069,
            33.6670147
          ],
          [
            1.0097444,
            33.6667579
          ],
          [
            1.009782,
            33.6664811
          ],
          [
            1.0098141,
            33.6662891
          ],
          [
            1.0098463,
            33.6660168
          ],
          [
            1.0098785,
            33.6657779
          ],
          [
            1.0098919,
            33.6655949
          ],
          [
            1.0098973,
            33.6652311
          ],
          [
            1.0098825,
            33.6650257
          ],
          [
            1.0098275,
            33.6646306
          ],
          [
            1.0097605,
            33.6642957
          ],
          [
            1.0096881,
            33.664001
          ],
          [
            1.0096058,
            33.6636203
          ],
          [
            1.0095522,
            33.6633926
          ],
          [
            1.0094493,
            33.6630656
          ],
          [
            1.0093805,
            33.6627854
          ],
          [
            1.009343,
            33.6626001
          ],
          [
            1.0093152,
            33.662416
          ],
          [
            1.0093125,
            33.6622463
          ],
          [
            1.0093017,
            33.6618233
          ],
          [
            1.0092978,
            33.6616725
          ],
          [
            1.0093018,
            33.6615576
          ],
          [
            1.0093032,
            33.6613019
          ],
          [
            1.0093085,
            33.6607449
          ],
          [
            1.0093166,
            33.6604279
          ],
          [
            1.0093407,
            33.659689
          ],
          [
            1.0094869,
            33.6583551
          ],
          [
            1.0096058,
            33.6566683
          ],
          [
            1.0096425,
            33.6554282
          ],
          [
            1.0096836,
            33.6545048
          ],
          [
            1.0097176,
            33.6536152
          ],
          [
            1.0097712,
            33.6527065
          ],
          [
            1.0097953,
            33.651742
          ],
          [
            1.0098369,
            33.6512206
          ],
          [
            1.0098704,
            33.6508176
          ],
          [
            1.0100565,
            33.6499791
          ],
          [
            1.0102952,
            33.6490771
          ],
          [
            1.0104132,
            33.6486774
          ],
          [
            1.0105303,
            33.6481897
          ],
          [
            1.0105902,
            33.6478513
          ],
          [
            1.0106197,
            33.6475364
          ],
          [
            1.0106912,
            33.6466892
          ],
          [
            1.0106841,
            33.6463039
          ],
          [
            1.0106374,
            33.6456547
          ],
          [
            1.0106602,
            33.6454661
          ]
        ]
      },
      "properties": {
        "highway": "secondary",
        "maxspeed": "80"
      }
    },
    {
      "type": "Feature",
      "geometry": {
        "type": "LineString",
        "coordinates": [
          [
            1.0110395,
            33.6861682
          ],
          [
            1.0110052,
            33.6861729
          ],
          [
            1.0109713,
            33.6861755
          ],
          [
            1.0109333,
            33.6861729
          ],
          [
            1.0108976,
            33.6861663
          ]
        ]
      },
      "properties": {
        "highway": "primary_link",
        "maxspeed": "20"
      }
    },
    {
      "type": "Feature",
      "geometry": {
        "type": "LineString",
        "coordinates": [
          [
            1.0109748,
            33.6863996
          ],
          [
            1.0108976,
            33.6861663
          ],
          [
            1.0108202,
            33.6860691
          ],
          [
            1.0104948,
            33.685815
          ],
          [
            1.0104445,
            33.6857776
          ],
          [
            1.010368,
            33.6857274
          ],
          [
            1.0103352,
            33.6856939
          ],
          [
            1.0103285,
            33.6856565
          ],
          [
            1.0103392,
            33.6855885
          ]
        ]
      },
      "properties": {
        "highway": "primary",
        "maxspeed": "40"
      }
    },
    {
      "type": "Feature",
      "geometry": {
        "type": "LineString",
        "coordinates": [
          [
            1.0111644,
            33.6849937
          ],
          [
            1.0114914,
            33.6847731
          ],
          [
            1.0120342,
            33.6844668
          ],
          [
            1.0127521,
            33.6840973
          ],
          [
            1.0134089,
            33.6837565
          ],
          [
            1.0139672,
            33.6834637
          ],
          [
            1.0140851,
            33.6834039
          ]
        ]
      },
      "properties": {
        "highway": "primary",
        "maxspeed": "50"
      }
    },
    {
      "type": "Feature",
      "geometry": {
        "type": "LineString",
        "coordinates": [
          [
            1.0087876,
            33.6855343
          ],
          [
            1.0081592,
            33.6852933
          ],
          [
            1.0076711,
            33.685117
          ],
          [
            1.007553,
            33.6850902
          ],
          [
            1.0073867,
            33.6851013
          ],
          [
            1.0071775,
            33.6851549
          ],
          [
            1.0069549,
            33.6852419
          ],
          [
            1.0067484,
            33.6853781
          ],
          [
            1.0063648,
            33.6856169
          ],
          [
            1.0059948,
            33.6858837
          ],
          [
            1.0059625,
            33.685907
          ],
          [
            1.005823,
            33.6860566
          ],
          [
            1.0056889,
            33.6862396
          ],
          [
            1.0054556,
            33.6866413
          ],
          [
            1.0053295,
            33.6868645
          ],
          [
            1.0052204,
            33.687038
          ],
          [
            1.0051149,
            33.687206
          ],
          [
            1.0049379,
            33.6875139
          ],
          [
            1.0048744,
            33.6876496
          ],
          [
            1.004789,
            33.6878554
          ],
          [
            1.0045651,
            33.6884189
          ],
          [
            1.0044263,
            33.6887997
          ],
          [
            1.0042958,
            33.6891353
          ],
          [
            1.0042398,
            33.6892623
          ],
          [
            1.0041641,
            33.6894545
          ],
          [
            1.0040829,
            33.6896899
          ],
          [
            1.0040551,
            33.6897658
          ],
          [
            1.0040092,
            33.6899033
          ],
          [
            1.0039693,
            33.6900197
          ],
          [
            1.0039213,
            33.6901848
          ],
          [
            1.003867,
            33.690379
          ],
          [
            1.00381,
            33.6906931
          ],
          [
            1.0036866,
            33.691376
          ],
          [
            1.0036347,
            33.6915724
          ],
          [
            1.0035673,
            33.6917989
          ],
          [
            1.0034667,
            33.6920265
          ],
          [
            1.0033467,
            33.6922263
          ],
          [
            1.0031877,
            33.6924874
          ],
          [
            1.0030237,
            33.6927117
          ],
          [
            1.0028368,
            33.692924
          ],
          [
            1.0026958,
            33.6930654
          ],
          [
            1.0025714,
            33.6931938
          ]
        ]
      },
      "properties": {
        "highway": "secondary",
        "maxspeed": "60"
      }
    },
    {
      "type": "Feature",
      "geometry": {
        "type": "LineString",
        "coordinates": [
          [
            1.0087876,
            33.6855343
          ],
          [
            1.0090316,
            33.6855611
          ],
          [
            1.0091463,
            33.6855762
          ],
          [
            1.0092971,
            33.6855851
          ],
          [
            1.0094923,
            33.6855689
          ],
          [
            1.0096378,
            33.6855471
          ],
          [
            1.009967,
            33.685493
          ],
          [
            1.0101011,
            33.6854841
          ],
          [
            1.010203,
            33.6854653
          ]
        ]
      },
      "properties": {
        "highway": "secondary",
        "maxspeed": "40"
      }
    },
    {
      "type": "Feature",
      "geometry": {
        "type": "LineString",
        "coordinates": [
          [
            1.0122737,
            33.6834228
          ],
          [
            1.0123448,
            33.6833376
          ],
          [
            1.012809,
            33.6830185
          ],
          [
            1.0131229,
            33.6827909
          ],
          [
            1.013556,
            33.6825248
          ],
          [
            1.013922,
            33.6823261
          ]
        ]
      },
      "properties": {
        "highway": "secondary",
        "maxspeed": "40"
      }
    },
    {
      "type": "Feature",
      "geometry": {
        "type": "LineString",
        "coordinates": [
          [
            1.0185305,
            33.684083
          ],
          [
            1.0185304,
            33.6839715
          ],
          [
            1.0185708,
            33.6837024
          ],
          [
            1.0185997,
            33.6832031
          ],
          [
            1.0186395,
            33.682896
          ],
          [
            1.0186654,
            33.6827768
          ],
          [
            1.0188512,
            33.6822997
          ],
          [
            1.0190074,
            33.681826
          ],
          [
            1.0190633,
            33.6816662
          ],
          [
            1.019104,
            33.6816151
          ],
          [
            1.01917,
            33.6815642
          ],
          [
            1.0194413,
            33.6814575
          ],
          [
            1.0195063,
            33.6814346
          ],
          [
            1.0201406,
            33.6812345
          ],
          [
            1.0208581,
            33.6810197
          ],
          [
            1.0213245,
            33.6808942
          ],
          [
            1.0218398,
            33.680748
          ],
          [
            1.022256,
            33.6806218
          ],
          [
            1.0227115,
            33.6805287
          ],
          [
            1.02325,
            33.6804327
          ],
          [
            1.0235712,
            33.6803808
          ],
          [
            1.0240406,
            33.680325
          ]
        ]
      },
      "properties": {
        "highway": "primary",
        "maxspeed": "40"
      }
    },
    {
      "type": "Feature",
      "geometry": {
        "type": "LineString",
        "coordinates": [
          [
            1.0242275,
            33.6799192
          ],
          [
            1.0242003,
            33.6798708
          ],
          [
            1.0240411,
            33.6795876
          ],
          [
            1.0239482,
            33.6794028
          ],
          [
            1.0237723,
            33.6790357
          ],
          [
            1.0235948,
            33.6786799
          ],
          [
            1.0235041,
            33.6785338
          ],
          [
            1.0233999,
            33.6783142
          ],
          [
            1.0232619,
            33.677993
          ],
          [
            1.0231934,
            33.6778431
          ],
          [
            1.0231698,
            33.6777914
          ],
          [
            1.0230328,
            33.6774754
          ],
          [
            1.0227659,
            33.6769475
          ],
          [
            1.0225113,
            33.6764439
          ]
        ]
      },
      "properties": {
        "highway": "secondary"
      }
    },
    {
      "type": "Feature",
      "geometry": {
        "type": "LineString",
        "coordinates": [
          [
            1.0242275,
            33.6799192
          ],
          [
            1.0243745,
            33.6800516
          ],
          [
            1.0244776,
            33.6801719
          ],
          [
            1.0245018,
            33.6802264
          ]
        ]
      },
      "properties": {
        "highway": "secondary",
        "maxspeed": "30"
      }
    },
    {
      "type": "Feature",
      "geometry": {
        "type": "LineString",
        "coordinates": [
          [
            1.0240406,
            33.680325
          ],
          [
            1.0243028,
            33.6802785
          ]
        ]
      },
      "properties": {
        "highway": "primary",
        "maxspeed": "40"
      }
    },
    {
      "type": "Feature",
      "geometry": {
        "type": "LineString",
        "coordinates": [
          [
            1.0215856,
            33.6893456
          ],
          [
            1.0219471,
            33.689277
          ],
          [
            1.022053,
            33.6892625
          ],
          [
            1.022273,
            33.689238
          ],
          [
            1.0225841,
            33.6892291
          ],
          [
            1.02291,
            33.6892157
          ],
          [
            1.0231425,
            33.6892094
          ]
        ]
      },
      "properties": {
        "highway": "primary",
        "maxspeed": "40",
        "ref": "RN 6A;RN 47"
      }
    },
    {
      "type": "Feature",
      "geometry": {
        "type": "LineString",
        "coordinates": [
          [
            1.0209487,
            33.6895506
          ],
          [
            1.0213946,
            33.6893931
          ],
          [
            1.0214878,
            33.6893685
          ],
          [
            1.0215856,
            33.6893456
          ]
        ]
      },
      "properties": {
        "highway": "primary",
        "maxspeed": "40",
        "ref": "RN 6A;RN 47"
      }
    },
    {
      "type": "Feature",
      "geometry": {
        "type": "LineString",
        "coordinates": [
          [
            1.0203591,
            33.6897649
          ],
          [
            1.0205139,
            33.6897107
          ],
          [
            1.0207173,
            33.6896196
          ],
          [
            1.0209487,
            33.6895506
          ]
        ]
      },
      "properties": {
        "highway": "primary",
        "maxspeed": "40",
        "ref": "RN 6A;RN 47"
      }
    },
    {
      "type": "Feature",
      "geometry": {
        "type": "LineString",
        "coordinates": [
          [
            1.0209874,
            33.6891684
          ],
          [
            1.0210861,
            33.6892179
          ],
          [
            1.0212229,
            33.6892916
          ],
          [
            1.0213396,
            33.6893362
          ],
          [
            1.0214241,
            33.6893496
          ],
          [
            1.0215856,
            33.6893456
          ]
        ]
      },
      "properties": {
        "highway": "primary_link",
        "maxspeed": "30"
      }
    },
    {
      "type": "Feature",
      "geometry": {
        "type": "LineString",
        "coordinates": [
          [
            1.0209874,
            33.6891684
          ],
          [
            1.0209587,
            33.6893864
          ],
          [
            1.0209487,
            33.6895506
          ]
        ]
      },
      "properties": {
        "highway": "primary"
      }
    },
    {
      "type": "Feature",
      "geometry": {
        "type": "LineString",
        "coordinates": [
          [
            1.0234988,
            33.6891809
          ],
          [
            1.0236061,
            33.689354
          ],
          [
            1.0237139,
            33.6896091
          ]
        ]
      },
      "properties": {
        "highway": "secondary",
        "ref": "CW 66"
      }
    },
    {
      "type": "Feature",
      "geometry": {
        "type": "LineString",
        "coordinates": [
          [
            1.0239129,
            33.689096
          ],
          [
            1.0237938,
            33.6892425
          ],
          [
            1.0237429,
            33.6893741
          ],
          [
            1.0237139,
            33.6896091
          ]
        ]
      },
      "properties": {
        "highway": "primary_link",
        "maxspeed": "30"
      }
    },
    {
      "type": "Feature",
      "geometry": {
        "type": "LineString",
        "coordinates": [
          [
            1.0237139,
            33.6896091
          ],
          [
            1.0235833,
            33.6894935
          ],
          [
            1.0235216,
            33.6894333
          ],
          [
            1.0233955,
            33.689325
          ],
          [
            1.0233191,
            33.6892804
          ],
          [
            1.0231425,
            33.6892094
          ]
        ]
      },
      "properties": {
        "highway": "primary_link",
        "maxspeed": "30"
      }
    },
    {
      "type": "Feature",
      "geometry": {
        "type": "LineString",
        "coordinates": [
          [
            1.0239129,
            33.689096
          ],
          [
            1.0241975,
            33.6890215
          ],
          [
            1.0243906,
            33.688959
          ],
          [
            1.0245708,
            33.6888893
          ],
          [
            1.0248385,
            33.6887637
          ],
          [
            1.0252418,
            33.688581
          ],
          [
            1.0256911,
            33.6883686
          ],
          [
            1.0264348,
            33.6880454
          ],
          [
            1.0267295,
            33.687909
          ],
          [
            1.0269982,
            33.6877975
          ],
          [
            1.0271392,
            33.6877557
          ],
          [
            1.0273008,
            33.687707
          ],
          [
            1.0275288,
            33.687649
          ],
          [
            1.0280175,
            33.6875498
          ],
          [
            1.0283593,
            33.6874782
          ],
          [
            1.0285544,
            33.6874333
          ],
          [
            1.0287385,
            33.6873831
          ],
          [
            1.0288599,
            33.687327
          ],
          [
            1.0290691,
            33.687202
          ],
          [
            1.0292454,
            33.6870754
          ],
          [
            1.0294372,
            33.6869236
          ],
          [
            1.029523,
            33.686845
          ],
          [
            1.0296082,
            33.6867607
          ],
          [
            1.0297443,
            33.6865944
          ],
          [
            1.029871,
            33.6864382
          ],
          [
            1.0302418,
            33.6858545
          ]
        ]
      },
      "properties": {
        "highway": "primary",
        "maxspeed": "40",
        "ref": "RN 6A;RN 47"
      }
    },
    {
      "type": "Feature",
      "geometry": {
        "type": "LineString",
        "coordinates": [
          [
            1.0234988,
            33.6891809
          ],
          [
            1.0237496,
            33.6891364
          ],
          [
            1.0239129,
            33.689096
          ]
        ]
      },
      "properties": {
        "highway": "primary",
        "maxspeed": "40",
        "ref": "RN 6A;RN 47"
      }
    },
    {
      "type": "Feature",
      "geometry": {
        "type": "LineString",
        "coordinates": [
          [
            1.0231425,
            33.6892094
          ],
          [
            1.0234049,
            33.6891911
          ],
          [
            1.0234988,
            33.6891809
          ]
        ]
      },
      "properties": {
        "highway": "primary",
        "maxspeed": "40",
        "ref": "RN 6A;RN 47"
      }
    },
    {
      "type": "Feature",
      "geometry": {
        "type": "LineString",
        "coordinates": [
          [
            1.0085269,
            33.6910786
          ],
          [
            1.008967,
            33.6908458
          ],
          [
            1.0094114,
            33.69061
          ],
          [
            1.0098343,
            33.6903919
          ],
          [
            1.010287,
            33.6901555
          ],
          [
            1.0105738,
            33.6900305
          ],
          [
            1.0107,
            33.6899581
          ],
          [
            1.010748,
            33.6899312
          ],
          [
            1.0107973,
            33.6898962
          ],
          [
            1.0108078,
            33.6898713
          ],
          [
            1.0108099,
            33.6898197
          ],
          [
            1.0107814,
            33.689701
          ],
          [
            1.0107622,
            33.6896202
          ],
          [
            1.0106117,
            33.6891575
          ],
          [
            1.0105866,
            33.6890854
          ],
          [
            1.0105454,
            33.6889581
          ]
        ]
      },
      "properties": {
        "highway": "tertiary",
        "maxspeed": "40"
      }
    },
    {
      "type": "Feature",
      "geometry": {
        "type": "LineString",
        "coordinates": [
          [
            1.013875,
            33.6897256
          ],
          [
            1.0139273,
            33.6897613
          ],
          [
            1.0139447,
            33.6897876
          ],
          [
            1.0139528,
            33.6898171
          ],
          [
            1.0139548,
            33.6898473
          ],
          [
            1.013881,
            33.6901909
          ],
          [
            1.0138509,
            33.6903904
          ],
          [
            1.013818,
            33.6906077
          ],
          [
            1.0137771,
            33.6908911
          ],
          [
            1.0137335,
            33.6911662
          ],
          [
            1.0137027,
            33.6914301
          ],
          [
            1.0136785,
            33.6916254
          ]
        ]
      },
      "properties": {
        "highway": "tertiary",
        "maxspeed": "40"
      }
    },
    {
      "type": "Feature",
      "geometry": {
        "type": "LineString",
        "coordinates": [
          [
            1.0138348,
            33.689835
          ],
          [
            1.0135062,
            33.6897145
          ],
          [
            1.0132045,
            33.6896029
          ],
          [
            1.0131883,
            33.6895968
          ],
          [
            1.0131415,
            33.6895794
          ],
          [
            1.0130972,
            33.6895616
          ],
          [
            1.013061,
            33.6895449
          ],
          [
            1.0130108,
            33.6894759
          ]
        ]
      },
      "properties": {
        "highway": "tertiary"
      }
    },
    {
      "type": "Feature",
      "geometry": {
        "type": "LineString",
        "coordinates": [
          [
            1.0112301,
            33.6878297
          ],
          [
            1.0121148,
            33.6879815
          ],
          [
            1.0123944,
            33.6879927
          ],
          [
            1.0129329,
            33.6880317
          ],
          [
            1.0133198,
            33.6880909
          ],
          [
            1.0137275,
            33.68816
          ],
          [
            1.0141325,
            33.688237
          ],
          [
            1.0145603,
            33.6883352
          ],
          [
            1.0149881,
            33.6884669
          ],
          [
            1.0151651,
            33.6885562
          ],
          [
            1.0153529,
            33.6886611
          ],
          [
            1.0156741,
            33.6889233
          ],
          [
            1.0158451,
            33.689055
          ],
          [
            1.0160999,
            33.6892045
          ],
          [
            1.0162595,
            33.6892592
          ],
          [
            1.0165505,
            33.6893362
          ],
          [
            1.0167275,
            33.6893585
          ],
          [
            1.0168911,
            33.689351
          ],
          [
            1.0170709,
            33.689339
          ],
          [
            1.0172036,
            33.6892916
          ],
          [
            1.0175496,
            33.6891744
          ],
          [
            1.0176274,
            33.6891775
          ],
          [
            1.0177033,
            33.6891731
          ],
          [
            1.0178275,
            33.6891222
          ],
          [
            1.0180246,
            33.6890327
          ],
          [
            1.0181209,
            33.6890115
          ],
          [
            1.0181846,
            33.68903
          ],
          [
            1.0182343,
            33.6890613
          ],
          [
            1.0184638,
            33.6892887
          ],
          [
            1.0185923,
            33.6894595
          ],
          [
            1.0187915,
            33.6897028
          ],
          [
            1.0189243,
            33.6898612
          ],
          [
            1.0190336,
            33.6900007
          ]
        ]
      },
      "properties": {
        "highway": "tertiary",
        "maxspeed": "40"
      }
    },
    {
      "type": "Feature",
      "geometry": {
        "type": "LineString",
        "coordinates": [
          [
            1.0149828,
            33.680777
          ],
          [
            1.0153925,
            33.6814912
          ],
          [
            1.0155594,
            33.6817918
          ],
          [
            1.0156835,
            33.6820648
          ],
          [
            1.0158982,
            33.6824489
          ],
          [
            1.0160947,
            33.6827655
          ],
          [
            1.0163841,
            33.6832915
          ],
          [
            1.0165457,
            33.6835929
          ],
          [
            1.0168122,
            33.6840909
          ],
          [
            1.0170413,
            33.6841324
          ],
          [
            1.0179556,
            33.6842727
          ]
        ]
      },
      "properties": {
        "highway": "primary",
        "maxspeed": "40"
      }
    },
    {
      "type": "Feature",
      "geometry": {
        "type": "LineString",
        "coordinates": [
          [
            1.0115809,
            33.6889813
          ],
          [
            1.0119976,
            33.6891236
          ],
          [
            1.0124038,
            33.6892537
          ],
          [
            1.0126583,
            33.6893402
          ],
          [
            1.0130108,
            33.6894759
          ]
        ]
      },
      "properties": {
        "highway": "tertiary",
        "maxspeed": "40"
      }
    },
    {
      "type": "Feature",
      "geometry": {
        "type": "LineString",
        "coordinates": [
          [
            1.0036672,
            33.6946621
          ],
          [
            1.0034385,
            33.6947118
          ],
          [
            1.002768,
            33.694844
          ],
          [
            1.0021618,
            33.6949511
          ],
          [
            1.0016824,
            33.6950448
          ],
          [
            1.0014515,
            33.6950999
          ],
          [
            1.0011137,
            33.6951804
          ],
          [
            1.0008222,
            33.6952621
          ],
          [
            1.0006109,
            33.6953326
          ],
          [
            1.0004362,
            33.6954012
          ]
        ]
      },
      "properties": {
        "highway": "trunk",
        "maxspeed": "50",
        "ref": "RN 47"
      }
    },
    {
      "type": "Feature",
      "geometry": {
        "type": "LineString",
        "coordinates": [
          [
            1.0017923,
            33.6939188
          ],
          [
            1.0006816,
            33.6949643
          ]
        ]
      },
      "properties": {
        "highway": "secondary",
        "maxspeed": "50"
      }
    },
    {
      "type": "Feature",
      "geometry": {
        "type": "LineString",
        "coordinates": [
          [
            1.0025714,
            33.6931938
          ],
          [
            1.0017923,
            33.6939188
          ]
        ]
      },
      "properties": {
        "highway": "secondary",
        "maxspeed": "60"
      }
    },
    {
      "type": "Feature",
      "geometry": {
        "type": "LineString",
        "coordinates": [
          [
            1.0006187,
            33.6950261
          ],
          [
            1.0006239,
            33.6950749
          ],
          [
            1.0006578,
            33.6951168
          ],
          [
            1.0007044,
            33.6951521
          ],
          [
            1.0007455,
            33.6951708
          ]
        ]
      },
      "properties": {
        "highway": "trunk_link",
        "maxspeed": "30"
      }
    },
    {
      "type": "Feature",
      "geometry": {
        "type": "LineString",
        "coordinates": [
          [
            1.0006187,
            33.6950261
          ],
          [
            1.000537,
            33.6950999
          ],
          [
            1.0004831,
            33.6951817
          ]
        ]
      },
      "properties": {
        "highway": "secondary",
        "maxspeed": "30"
      }
    },
    {
      "type": "Feature",
      "geometry": {
        "type": "LineString",
        "coordinates": [
          [
            0.9543468,
            33.6940748
          ],
          [
            0.9531022,
            33.6926667
          ],
          [
            0.9497421,
            33.6887686
          ],
          [
            0.9475221,
            33.6861929
          ],
          [
            0.9454056,
            33.6838371
          ],
          [
            0.940874,
            33.6787931
          ],
          [
            0.9394122,
            33.677166
          ],
          [
            0.9369338,
            33.6743973
          ],
          [
            0.9362493,
            33.6736794
          ],
          [
            0.9355305,
            33.6728803
          ],
          [
            0.9342194,
            33.6717892
          ],
          [
            0.9322282,
            33.6702338
          ],
          [
            0.9315758,
            33.6697865
          ],
          [
            0.9306188,
            33.6691114
          ],
          [
            0.9298507,
            33.6685578
          ],
          [
            0.9291769,
            33.6681292
          ],
          [
            0.9282757,
            33.6675559
          ],
          [
            0.9268831,
            33.666897
          ],
          [
            0.9253027,
            33.6663737
          ],
          [
            0.9246708,
            33.6661764
          ],
          [
            0.923085,
            33.6658567
          ],
          [
            0.9217354,
            33.665579
          ],
          [
            0.9209801,
            33.6654513
          ],
          [
            0.9205756,
            33.6653424
          ],
          [
            0.91989,
            33.6651682
          ],
          [
            0.9186412,
            33.6647682
          ],
          [
            0.9175211,
            33.6643664
          ],
          [
            0.9170104,
            33.6641297
          ],
          [
            0.9164782,
            33.6638976
          ],
          [
            0.9160019,
            33.6635823
          ],
          [
            0.9154053,
            33.6632314
          ],
          [
            0.9145213,
            33.6626251
          ],
          [
            0.9123004,
            33.6609346
          ],
          [
            0.9077206,
            33.6572229
          ]
        ]
      },
      "properties": {
        "highway": "primary",
        "maxspeed": "80",
        "ref": "RN 47"
      }
    },
    {
      "type": "Feature",
      "geometry": {
        "type": "LineString",
        "coordinates": [
          [
            0.9555942,
            33.6956532
          ],
          [
            0.9556461,
            33.6957013
          ],
          [
            0.9557306,
            33.6958117
          ],
          [
            0.9558159,
            33.6959346
          ],
          [
            0.9558816,
            33.6960323
          ],
          [
            0.9559405,
            33.6961143
          ]
        ]
      },
      "properties": {
        "name": "طريق لبيوض سيد الشيخ",
        "highway": "primary",
        "maxspeed": "50",
        "ref": "RN 47"
      }
    },
    {
      "type": "Feature",
      "geometry": {
        "type": "LineString",
        "coordinates": [
          [
            0.9452873,
            33.6995888
          ],
          [
            0.9437275,
            33.7000441
          ],
          [
            0.9434388,
            33.7001428
          ],
          [
            0.9432055,
            33.7002316
          ],
          [
            0.942644,
            33.7004652
          ],
          [
            0.9423514,
            33.7006297
          ],
          [
            0.9421142,
            33.7007679
          ],
          [
            0.9419774,
            33.700846
          ],
          [
            0.9417509,
            33.7010109
          ],
          [
            0.9415386,
            33.701164
          ],
          [
            0.9412719,
            33.7013765
          ],
          [
            0.9409635,
            33.701689
          ],
          [
            0.9405759,
            33.7021232
          ],
          [
            0.9400556,
            33.702758
          ],
          [
            0.9395162,
            33.7034161
          ]
        ]
      },
      "properties": {
        "highway": "primary",
        "maxspeed": "60",
        "ref": "RN 6A"
      }
    },
    {
      "type": "Feature",
      "geometry": {
        "type": "LineString",
        "coordinates": [
          [
            0.9395162,
            33.7034161
          ],
          [
            0.938836,
            33.7042352
          ],
          [
            0.9385197,
            33.7046398
          ],
          [
            0.9382231,
            33.7050313
          ],
          [
            0.9379266,
            33.7053471
          ],
          [
            0.9375193,
            33.7057484
          ],
          [
            0.9370803,
            33.7061596
          ],
          [
            0.936503,
            33.7067452
          ],
          [
            0.9358703,
            33.7072846
          ],
          [
            0.9355144,
            33.7075708
          ],
          [
            0.9350478,
            33.7079064
          ],
          [
            0.9334938,
            33.7089458
          ],
          [
            0.9319991,
            33.7098899
          ],
          [
            0.9304885,
            33.710834
          ],
          [
            0.9301379,
            33.7110306
          ],
          [
            0.929844,
            33.7111991
          ],
          [
            0.929318,
            33.7114688
          ],
          [
            0.928804,
            33.7117155
          ],
          [
            0.9280685,
            33.7120707
          ],
          [
            0.9272499,
            33.712426
          ],
          [
            0.9215044,
            33.7149357
          ],
          [
            0.9190211,
            33.7160277
          ],
          [
            0.9165338,
            33.7171099
          ],
          [
            0.9143313,
            33.71809
          ],
          [
            0.9120892,
            33.7190735
          ],
          [
            0.9065351,
            33.7215043
          ]
        ]
      },
      "properties": {
        "highway": "primary",
        "maxspeed": "80",
        "ref": "RN 6A"
      }
    },
    {
      "type": "Feature",
      "geometry": {
        "type": "LineString",
        "coordinates": [
          [
            0.6073153,
            33.4387414
          ],
          [
            0.6106256,
            33.4411221
          ],
          [
            0.6149798,
            33.4441104
          ],
          [
            0.6186251,
            33.4464764
          ],
          [
            0.6205318,
            33.4476262
          ],
          [
            0.6222124,
            33.4485721
          ],
          [
            0.6238012,
            33.4494644
          ],
          [
            0.6244368,
            33.4497474
          ],
          [
            0.6253657,
            33.4500151
          ],
          [
            0.6265268,
            33.4502165
          ],
          [
            0.6281188,
            33.4504434
          ],
          [
            0.6287665,
            33.4506474
          ],
          [
            0.6293624,
            33.4508692
          ],
          [
            0.6301568,
            33.4512134
          ],
          [
            0.6355713,
            33.4535843
          ],
          [
            0.638342,
            33.4547816
          ],
          [
            0.6395519,
            33.455225
          ],
          [
            0.6405631,
            33.4554269
          ],
          [
            0.6416304,
            33.4555351
          ],
          [
            0.6505581,
            33.4561444
          ],
          [
            0.65844,
            33.4566744
          ],
          [
            0.6658249,
            33.4571719
          ],
          [
            0.6698523,
            33.4574387
          ],
          [
            0.6715972,
            33.4575984
          ],
          [
            0.6727738,
            33.4577377
          ],
          [
            0.6740648,
            33.4579508
          ],
          [
            0.6753233,
            33.4582314
          ],
          [
            0.6767471,
            33.4586266
          ],
          [
            0.6781043,
            33.4590886
          ],
          [
            0.6804015,
            33.4599899
          ],
          [
            0.6822135,
            33.4607384
          ],
          [
            0.6857222,
            33.4621441
          ],
          [
            0.6952798,
            33.4660628
          ],
          [
            0.6976744,
            33.4670211
          ],
          [
            0.7002392,
            33.4680658
          ],
          [
            0.7018713,
            33.4687622
          ],
          [
            0.7034052,
            33.4693454
          ]
        ]
      },
      "properties": {
        "highway": "secondary",
        "maxspeed": "80"
      }
    },
    {
      "type": "Feature",
      "geometry": {
        "type": "LineString",
        "coordinates": [
          [
            0.5567289,
            33.4120843
          ],
          [
            0.5579659,
            33.4128849
          ],
          [
            0.5585273,
            33.4130626
          ],
          [
            0.5647991,
            33.4140375
          ],
          [
            0.5657398,
            33.414213
          ],
          [
            0.566018,
            33.414265
          ],
          [
            0.5670915,
            33.4144653
          ],
          [
            0.5677082,
            33.4145804
          ],
          [
            0.567762,
            33.4145904
          ],
          [
            0.5682167,
            33.4146718
          ],
          [
            0.5685032,
            33.4147233
          ],
          [
            0.5686103,
            33.4147425
          ],
          [
            0.5691777,
            33.4148443
          ],
          [
            0.5692653,
            33.4148599
          ],
          [
            0.5697114,
            33.4149406
          ],
          [
            0.5699347,
            33.4149811
          ],
          [
            0.570335,
            33.4150537
          ],
          [
            0.5706649,
            33.4151133
          ],
          [
            0.5707106,
            33.4151215
          ],
          [
            0.571667,
            33.4152943
          ],
          [
            0.5719635,
            33.4153479
          ],
          [
            0.5729568,
            33.4155274
          ],
          [
            0.573304,
            33.4155901
          ],
          [
            0.5736016,
            33.4156439
          ],
          [
            0.5744585,
            33.4157987
          ],
          [
            0.5746492,
            33.4158538
          ],
          [
            0.5748302,
            33.4159215
          ],
          [
            0.5749949,
            33.4159964
          ],
          [
            0.5752265,
            33.4161237
          ],
          [
            0.5753658,
            33.4161885
          ],
          [
            0.575527,
            33.4162277
          ],
          [
            0.5757067,
            33.4162463
          ],
          [
            0.5764059,
            33.4161693
          ],
          [
            0.5768034,
            33.4161459
          ],
          [
            0.5771232,
            33.416236
          ],
          [
            0.57751,
            33.4164795
          ],
          [
            0.5782035,
            33.417136
          ],
          [
            0.5785233,
            33.4174155
          ],
          [
            0.5787955,
            33.4175453
          ],
          [
            0.5791974,
            33.4176229
          ],
          [
            0.5796187,
            33.4175381
          ],
          [
            0.5805175,
            33.4172117
          ],
          [
            0.5812651,
            33.4170476
          ],
          [
            0.5819889,
            33.4169682
          ],
          [
            0.5824686,
            33.4170025
          ],
          [
            0.5828337,
            33.4171342
          ],
          [
            0.58378,
            33.4176571
          ],
          [
            0.5845773,
            33.4180431
          ],
          [
            0.5854826,
            33.4183983
          ],
          [
            0.5859342,
            33.4185643
          ],
          [
            0.5863641,
            33.4186292
          ],
          [
            0.5883562,
            33.4185949
          ],
          [
            0.5886565,
            33.418622
          ],
          [
            0.5889698,
            33.4187013
          ],
          [
            0.5918348,
            33.4201422
          ],
          [
            0.5923836,
            33.4204831
          ],
          [
            0.5927228,
            33.4207878
          ],
          [
            0.5934747,
            33.4215326
          ],
          [
            0.5939673,
            33.4219618
          ],
          [
            0.5943346,
            33.4221944
          ],
          [
            0.594918,
            33.4224793
          ],
          [
            0.59516,
            33.422602
          ],
          [
            0.600245,
            33.4247736
          ],
          [
            0.6015835,
            33.4253682
          ],
          [
            0.6019184,
            33.4255305
          ],
          [
            0.6022468,
            33.4257162
          ],
          [
            0.6024953,
            33.4259434
          ],
          [
            0.6027092,
            33.4262121
          ],
          [
            0.6029295,
            33.4266575
          ],
          [
            0.6052603,
            33.4327281
          ],
          [
            0.6053748,
            33.4331212
          ],
          [
            0.6053943,
            33.4334079
          ],
          [
            0.6051806,
            33.4348572
          ],
          [
            0.6049912,
            33.4361908
          ],
          [
            0.6050523,
            33.4367722
          ],
          [
            0.6051745,
            33.4370884
          ],
          [
            0.6054495,
            33.4374454
          ],
          [
            0.6073153,
            33.4387414
          ]
        ]
      },
      "properties": {
        "highway": "secondary",
        "maxspeed": "60"
      }
    },
    {
      "type": "Feature",
      "geometry": {
        "type": "LineString",
        "coordinates": [
          [
            0.5404237,
            33.3988865
          ],
          [
            0.5422596,
            33.401091
          ],
          [
            0.544485,
            33.403692
          ],
          [
            0.544969,
            33.4042656
          ],
          [
            0.5455826,
            33.4047201
          ],
          [
            0.5567289,
            33.4120843
          ]
        ]
      },
      "properties": {
        "highway": "secondary",
        "maxspeed": "80"
      }
    },
    {
      "type": "Feature",
      "geometry": {
        "type": "LineString",
        "coordinates": [
          [
            0.5368871,
            33.3955569
          ],
          [
            0.5382434,
            33.3963859
          ],
          [
            0.5385329,
            33.396604
          ],
          [
            0.5387837,
            33.3968873
          ],
          [
            0.5404237,
            33.3988865
          ]
        ]
      },
      "properties": {
        "highway": "secondary",
        "maxspeed": "60"
      }
    },
    {
      "type": "Feature",
      "geometry": {
        "type": "LineString",
        "coordinates": [
          [
            0.47799,
            33.3710396
          ],
          [
            0.4959393,
            33.3756718
          ],
          [
            0.4984828,
            33.3763946
          ],
          [
            0.5043145,
            33.3786161
          ],
          [
            0.5067682,
            33.3795918
          ],
          [
            0.5100106,
            33.3808688
          ],
          [
            0.5131013,
            33.3819895
          ],
          [
            0.5172987,
            33.3834335
          ],
          [
            0.5198829,
            33.3842578
          ],
          [
            0.5207249,
            33.3844976
          ],
          [
            0.521237,
            33.3847083
          ],
          [
            0.5217251,
            33.3849744
          ],
          [
            0.5232576,
            33.3858365
          ],
          [
            0.523848,
            33.3862352
          ],
          [
            0.5245416,
            33.3868036
          ],
          [
            0.5262935,
            33.3885734
          ],
          [
            0.5264805,
            33.3887509
          ],
          [
            0.5267419,
            33.388999
          ],
          [
            0.5272258,
            33.3893465
          ],
          [
            0.5312155,
            33.391937
          ],
          [
            0.5345625,
            33.3940472
          ],
          [
            0.5368871,
            33.3955569
          ]
        ]
      },
      "properties": {
        "highway": "secondary",
        "maxspeed": "80"
      }
    },
    {
      "type": "Feature",
      "geometry": {
        "type": "LineString",
        "coordinates": [
          [
            0.4726363,
            33.3711292
          ],
          [
            0.4738808,
            33.3708156
          ],
          [
            0.4751154,
            33.3705887
          ],
          [
            0.4763599,
            33.3706604
          ],
          [
            0.47799,
            33.3710396
          ]
        ]
      },
      "properties": {
        "highway": "secondary",
        "maxspeed": "60"
      }
    },
    {
      "type": "Feature",
      "geometry": {
        "type": "LineString",
        "coordinates": [
          [
            0.5838717,
            33.1904813
          ],
          [
            0.5840364,
            33.1896808
          ]
        ]
      },
      "properties": {
        "highway": "primary",
        "maxspeed": "50",
        "ref": "RN 6B"
      }
    },
    {
      "type": "Feature",
      "geometry": {
        "type": "LineString",
        "coordinates": [
          [
            0.5827272,
            33.1910271
          ],
          [
            0.5829694,
            33.1910049
          ],
          [
            0.5830787,
            33.1909908
          ],
          [
            0.5831764,
            33.1909689
          ],
          [
            0.5833235,
            33.1909128
          ],
          [
            0.5834547,
            33.1908427
          ],
          [
            0.5835917,
            33.1907428
          ],
          [
            0.5837162,
            33.1906339
          ],
          [
            0.5837821,
            33.1905655
          ],
          [
            0.5838717,
            33.1904813
          ]
        ]
      },
      "properties": {
        "highway": "primary_link",
        "maxspeed": "30"
      }
    },
    {
      "type": "Feature",
      "geometry": {
        "type": "LineString",
        "coordinates": [
          [
            0.5838617,
            33.1909353
          ],
          [
            0.5838577,
            33.191074
          ],
          [
            0.5838472,
            33.1911207
          ],
          [
            0.5838317,
            33.1911637
          ],
          [
            0.5837861,
            33.1912276
          ],
          [
            0.5837352,
            33.1912725
          ],
          [
            0.583677,
            33.1913134
          ]
        ]
      },
      "properties": {
        "highway": "primary",
        "maxspeed": "30"
      }
    },
    {
      "type": "Feature",
      "geometry": {
        "type": "LineString",
        "coordinates": [
          [
            0.5838923,
            33.1913814
          ],
          [
            0.5838358,
            33.1913062
          ],
          [
            0.5837861,
            33.1912276
          ],
          [
            0.583761,
            33.1911971
          ],
          [
            0.5837405,
            33.1911625
          ],
          [
            0.5837312,
            33.1911202
          ],
          [
            0.5837298,
            33.1910756
          ],
          [
            0.5837318,
            33.1909852
          ],
          [
            0.5837463,
            33.1908799
          ],
          [
            0.5837794,
            33.1907462
          ],
          [
            0.5838717,
            33.1904813
          ]
        ]
      },
      "properties": {
        "highway": "primary",
        "maxspeed": "30"
      }
    },
    {
      "type": "Feature",
      "geometry": {
        "type": "LineString",
        "coordinates": [
          [
            0.5843895,
            33.1915426
          ],
          [
            0.5838923,
            33.1913814
          ]
        ]
      },
      "properties": {
        "name": "Route Labiod SidCheikh",
        "highway": "primary",
        "maxspeed": "80",
        "ref": "RN 47"
      }
    },
    {
      "type": "Feature",
      "geometry": {
        "type": "LineString",
        "coordinates": [
          [
            0.5838923,
            33.1913814
          ],
          [
            0.583677,
            33.1913134
          ]
        ]
      },
      "properties": {
        "name": "Route Labiod SidCheikh",
        "highway": "primary",
        "maxspeed": "80",
        "ref": "RN 47"
      }
    },
    {
      "type": "Feature",
      "geometry": {
        "type": "LineString",
        "coordinates": [
          [
            0.583677,
            33.1913134
          ],
          [
            0.5833167,
            33.1912047
          ],
          [
            0.5827272,
            33.1910271
          ]
        ]
      },
      "properties": {
        "name": "Route Labiod SidCheikh",
        "highway": "primary",
        "maxspeed": "80",
        "ref": "RN 47"
      }
    },
    {
      "type": "Feature",
      "geometry": {
        "type": "LineString",
        "coordinates": [
          [
            0.5827272,
            33.1910271
          ],
          [
            0.5810054,
            33.1905661
          ],
          [
            0.5712009,
            33.1878369
          ],
          [
            0.5614371,
            33.1850348
          ],
          [
            0.548984,
            33.1814279
          ],
          [
            0.524175,
            33.1742745
          ],
          [
            0.5216512,
            33.1735429
          ],
          [
            0.5207719,
            33.1732969
          ],
          [
            0.519974,
            33.1730439
          ],
          [
            0.518661,
            33.1725947
          ],
          [
            0.5168172,
            33.171566
          ]
        ]
      },
      "properties": {
        "name": "Route Ain Sefra-Elbayadh",
        "highway": "primary",
        "maxspeed": "80",
        "ref": "RN 47"
      }
    },
    {
      "type": "Feature",
      "geometry": {
        "type": "LineString",
        "coordinates": [
          [
            0.5838617,
            33.1909353
          ],
          [
            0.583927,
            33.1910638
          ],
          [
            0.5840005,
            33.1911743
          ],
          [
            0.584057,
            33.1912428
          ],
          [
            0.5841187,
            33.1913174
          ],
          [
            0.5842359,
            33.191415
          ],
          [
            0.5843895,
            33.1915426
          ]
        ]
      },
      "properties": {
        "highway": "primary_link",
        "maxspeed": "30"
      }
    },
    {
      "type": "Feature",
      "geometry": {
        "type": "LineString",
        "coordinates": [
          [
            0.6065554,
            33.1315124
          ],
          [
            0.6069177,
            33.1300842
          ]
        ]
      },
      "properties": {
        "highway": "primary",
        "maxspeed": "80",
        "ref": "RN 6B"
      }
    },
    {
      "type": "Feature",
      "geometry": {
        "type": "LineString",
        "coordinates": [
          [
            0.6069177,
            33.1300842
          ],
          [
            0.6071917,
            33.1291001
          ],
          [
            0.6075492,
            33.1276144
          ],
          [
            0.6075186,
            33.1267913
          ],
          [
            0.6074037,
            33.1262659
          ],
          [
            0.6069973,
            33.1254223
          ],
          [
            0.6033744,
            33.1184511
          ],
          [
            0.6028354,
            33.1173854
          ],
          [
            0.6026675,
            33.1169784
          ],
          [
            0.6024908,
            33.1161865
          ],
          [
            0.602482,
            33.1156758
          ],
          [
            0.6025438,
            33.1123232
          ],
          [
            0.6025173,
            33.1115238
          ],
          [
            0.6024024,
            33.1109095
          ],
          [
            0.6022862,
            33.1105373
          ],
          [
            0.6021145,
            33.1101824
          ],
          [
            0.6018865,
            33.1098206
          ],
          [
            0.6016237,
            33.1094724
          ]
        ]
      },
      "properties": {
        "highway": "primary",
        "maxspeed": "80",
        "ref": "RN 6B"
      }
    },
    {
      "type": "Feature",
      "geometry": {
        "type": "LineString",
        "coordinates": [
          [
            0.6016237,
            33.1094724
          ],
          [
            0.6014586,
            33.1092803
          ],
          [
            0.6007665,
            33.1084751
          ],
          [
            0.6004488,
            33.1081055
          ],
          [
            0.5999153,
            33.1074848
          ],
          [
            0.5997538,
            33.1072969
          ],
          [
            0.5994013,
            33.1068867
          ],
          [
            0.5992919,
            33.1067599
          ],
          [
            0.5991917,
            33.1066437
          ],
          [
            0.5990125,
            33.1064358
          ],
          [
            0.5987928,
            33.106195
          ],
          [
            0.5985934,
            33.1059794
          ],
          [
            0.5983741,
            33.1057423
          ],
          [
            0.5982333,
            33.10559
          ],
          [
            0.5980171,
            33.1053917
          ],
          [
            0.5979071,
            33.1052908
          ],
          [
            0.5976453,
            33.1050507
          ],
          [
            0.5974268,
            33.1048503
          ],
          [
            0.5973858,
            33.1048126
          ],
          [
            0.5971963,
            33.1046531
          ],
          [
            0.5969205,
            33.1044209
          ],
          [
            0.5967608,
            33.1042864
          ],
          [
            0.5966737,
            33.104213
          ],
          [
            0.5964741,
            33.104045
          ],
          [
            0.5963558,
            33.1039454
          ],
          [
            0.595756,
            33.1035544
          ],
          [
            0.5954941,
            33.1033837
          ],
          [
            0.5953701,
            33.1033029
          ],
          [
            0.5951229,
            33.1031417
          ]
        ]
      },
      "properties": {
        "highway": "primary",
        "maxspeed": "50",
        "ref": "RN 6B"
      }
    },
    {
      "type": "Feature",
      "geometry": {
        "type": "LineString",
        "coordinates": [
          [
            0.5951229,
            33.1031417
          ],
          [
            0.5914513,
            33.1006079
          ],
          [
            0.5911529,
            33.1002299
          ],
          [
            0.5910001,
            33.099797
          ],
          [
            0.5907163,
            33.0988399
          ]
        ]
      },
      "properties": {
        "highway": "primary",
        "maxspeed": "60",
        "ref": "RN 6B"
      }
    },
    {
      "type": "Feature",
      "geometry": {
        "type": "LineString",
        "coordinates": [
          [
            0.5907163,
            33.0988399
          ],
          [
            0.5901705,
            33.097017
          ],
          [
            0.5898139,
            33.0961879
          ],
          [
            0.5892972,
            33.095249
          ],
          [
            0.588979,
            33.0947643
          ],
          [
            0.5886568,
            33.0942735
          ],
          [
            0.5880098,
            33.0933782
          ],
          [
            0.5874851,
            33.0925908
          ],
          [
            0.5869466,
            33.091597
          ],
          [
            0.586459,
            33.0907129
          ],
          [
            0.5862771,
            33.0904019
          ],
          [
            0.586066,
            33.0901337
          ],
          [
            0.5859205,
            33.0899873
          ],
          [
            0.5857458,
            33.0898654
          ],
          [
            0.5852401,
            33.0895221
          ],
          [
            0.5847366,
            33.0892007
          ],
          [
            0.5841408,
            33.0887376
          ],
          [
            0.5839867,
            33.0886177
          ],
          [
            0.5838395,
            33.0885034
          ],
          [
            0.58377,
            33.0884399
          ],
          [
            0.5834331,
            33.0881796
          ],
          [
            0.5831716,
            33.0879726
          ],
          [
            0.5827221,
            33.0876168
          ],
          [
            0.582416,
            33.0872951
          ],
          [
            0.5822486,
            33.087137
          ],
          [
            0.5818695,
            33.0866904
          ],
          [
            0.5815968,
            33.0863842
          ],
          [
            0.5814293,
            33.0861883
          ],
          [
            0.5814048,
            33.0861595
          ],
          [
            0.5813102,
            33.0860376
          ],
          [
            0.5810633,
            33.0856955
          ],
          [
            0.5807631,
            33.0853011
          ],
          [
            0.5804922,
            33.0848817
          ],
          [
            0.5804188,
            33.0847681
          ],
          [
            0.5802219,
            33.0844066
          ],
          [
            0.5800565,
            33.0841027
          ],
          [
            0.579866,
            33.0837273
          ],
          [
            0.5796255,
            33.0832498
          ],
          [
            0.5793585,
            33.082601
          ]
        ]
      },
      "properties": {
        "highway": "primary",
        "maxspeed": "40",
        "ref": "RN 6B"
      }
    },
    {
      "type": "Feature",
      "geometry": {
        "type": "LineString",
        "coordinates": [
          [
            0.5793585,
            33.082601
          ],
          [
            0.5786467,
            33.0809827
          ]
        ]
      },
      "properties": {
        "highway": "primary",
        "maxspeed": "60",
        "ref": "RN 6B"
      }
    },
    {
      "type": "Feature",
      "geometry": {
        "type": "LineString",
        "coordinates": [
          [
            0.9821067,
            33.6112691
          ],
          [
            0.9818101,
            33.6111558
          ],
          [
            0.9810669,
            33.6108681
          ],
          [
            0.9805522,
            33.6106689
          ],
          [
            0.9796017,
            33.6103149
          ],
          [
            0.9784198,
            33.6098558
          ],
          [
            0.9775525,
            33.6095286
          ],
          [
            0.9766567,
            33.6091802
          ],
          [
            0.9725305,
            33.6076126
          ],
          [
            0.970194,
            33.6067283
          ],
          [
            0.9647946,
            33.6046824
          ],
          [
            0.9565288,
            33.6015446
          ],
          [
            0.9528573,
            33.600133
          ],
          [
            0.9493867,
            33.5988051
          ],
          [
            0.9487224,
            33.5985028
          ],
          [
            0.9473681,
            33.5977932
          ],
          [
            0.9442338,
            33.5960126
          ],
          [
            0.9403244,
            33.5938096
          ],
          [
            0.9364664,
            33.5916028
          ],
          [
            0.9361816,
            33.5912193
          ],
          [
            0.9358755,
            33.5907029
          ],
          [
            0.9354824,
            33.5902218
          ],
          [
            0.9350799,
            33.5898821
          ],
          [
            0.934786,
            33.5896683
          ],
          [
            0.9347169,
            33.5895655
          ],
          [
            0.9346498,
            33.5894145
          ],
          [
            0.9347214,
            33.5891166
          ],
          [
            0.9350264,
            33.5882899
          ],
          [
            0.9350601,
            33.5881466
          ],
          [
            0.9350253,
            33.5880333
          ],
          [
            0.9346795,
            33.5875244
          ],
          [
            0.9345764,
            33.5874462
          ],
          [
            0.9343381,
            33.5873565
          ],
          [
            0.9339852,
            33.5873049
          ],
          [
            0.9307933,
            33.5871026
          ],
          [
            0.9305734,
            33.5870339
          ],
          [
            0.9305046,
            33.5869193
          ],
          [
            0.9304588,
            33.5867666
          ],
          [
            0.9308758,
            33.5823724
          ],
          [
            0.9321999,
            33.5688408
          ],
          [
            0.9322134,
            33.5686414
          ],
          [
            0.9321985,
            33.568436
          ],
          [
            0.9321758,
            33.5682588
          ],
          [
            0.9321389,
            33.5680815
          ],
          [
            0.9319828,
            33.5674046
          ],
          [
            0.9319596,
            33.5672522
          ],
          [
            0.9319575,
            33.5670999
          ],
          [
            0.9319889,
            33.5667951
          ]
        ]
      },
      "properties": {
        "highway": "tertiary"
      }
    },
    {
      "type": "Feature",
      "geometry": {
        "type": "LineString",
        "coordinates": [
          [
            1.0233353,
            33.6848518
          ],
          [
            1.023374,
            33.6847649
          ],
          [
            1.0234747,
            33.6846045
          ],
          [
            1.0236179,
            33.6844948
          ],
          [
            1.0238764,
            33.684319
          ],
          [
            1.024098,
            33.6841709
          ],
          [
            1.0243365,
            33.6840109
          ],
          [
            1.0245205,
            33.6838689
          ],
          [
            1.0247178,
            33.6837488
          ],
          [
            1.024819,
            33.6836791
          ],
          [
            1.0250844,
            33.6835385
          ]
        ]
      },
      "properties": {
        "highway": "primary"
      }
    },
    {
      "type": "Feature",
      "geometry": {
        "type": "LineString",
        "coordinates": [
          [
            1.027109,
            33.6717002
          ],
          [
            1.0268542,
            33.671689
          ],
          [
            1.0263473,
            33.6716511
          ],
          [
            1.0259342,
            33.6716355
          ],
          [
            1.0255372,
            33.6716109
          ],
          [
            1.0246266,
            33.671477
          ]
        ]
      },
      "properties": {
        "highway": "tertiary",
        "maxspeed": "40"
      }
    },
    {
      "type": "Feature",
      "geometry": {
        "type": "LineString",
        "coordinates": [
          [
            1.0955757,
            33.7163031
          ],
          [
            1.0956139,
            33.7162529
          ],
          [
            1.095639,
            33.7161972
          ],
          [
            1.0956504,
            33.7161212
          ],
          [
            1.0956374,
            33.7160453
          ],
          [
            1.0956009,
            33.7159749
          ]
        ]
      },
      "properties": {
        "highway": "trunk_link"
      }
    },
    {
      "type": "Feature",
      "geometry": {
        "type": "LineString",
        "coordinates": [
          [
            1.0960137,
            33.7163182
          ],
          [
            1.0959146,
            33.7162939
          ],
          [
            1.0958115,
            33.7162878
          ],
          [
            1.0957092,
            33.7162999
          ],
          [
            1.0956123,
            33.7163299
          ]
        ]
      },
      "properties": {
        "highway": "trunk_link"
      }
    },
    {
      "type": "Feature",
      "geometry": {
        "type": "LineString",
        "coordinates": [
          [
            0.9560505,
            33.6961978
          ],
          [
            0.9560742,
            33.6962453
          ],
          [
            0.9560829,
            33.6962962
          ],
          [
            0.9560759,
            33.6963473
          ],
          [
            0.9560537,
            33.6963953
          ],
          [
            0.9560044,
            33.6964481
          ],
          [
            0.9559373,
            33.6964848
          ],
          [
            0.9558595,
            33.6965013
          ],
          [
            0.9557795,
            33.696496
          ],
          [
            0.9557041,
            33.6964684
          ],
          [
            0.9556441,
            33.6964216
          ],
          [
            0.9556062,
            33.6963608
          ],
          [
            0.9555947,
            33.696293
          ],
          [
            0.9556109,
            33.6962259
          ],
          [
            0.9556359,
            33.6961858
          ],
          [
            0.955671,
            33.6961514
          ],
          [
            0.9557302,
            33.696117
          ],
          [
            0.9557989,
            33.6960985
          ],
          [
            0.9558711,
            33.6960976
          ],
          [
            0.9559405,
            33.6961143
          ],
          [
            0.9559553,
            33.6961227
          ],
          [
            0.9560132,
            33.6961568
          ],
          [
            0.9560505,
            33.6961978
          ]
        ]
      },
      "properties": {
        "highway": "trunk",
        "maxspeed": "30"
      }
    },
    {
      "type": "Feature",
      "geometry": {
        "type": "LineString",
        "coordinates": [
          [
            0.9554328,
            33.6965351
          ],
          [
            0.9551547,
            33.6966099
          ],
          [
            0.9508403,
            33.6979816
          ],
          [
            0.9478783,
            33.6988979
          ],
          [
            0.9472666,
            33.6990908
          ],
          [
            0.9466279,
            33.699258
          ],
          [
            0.9452873,
            33.6995888
          ]
        ]
      },
      "properties": {
        "highway": "trunk",
        "maxspeed": "60",
        "ref": "RN 6A"
      }
    },
    {
      "type": "Feature",
      "geometry": {
        "type": "LineString",
        "coordinates": [
          [
            0.9553147,
            33.6963999
          ],
          [
            0.9554297,
            33.6963425
          ],
          [
            0.955505,
            33.6962963
          ],
          [
            0.9556109,
            33.6962259
          ]
        ]
      },
      "properties": {
        "highway": "trunk",
        "maxspeed": "30",
        "ref": "RN 6A"
      }
    },
    {
      "type": "Feature",
      "geometry": {
        "type": "LineString",
        "coordinates": [
          [
            0.9567649,
            33.6961219
          ],
          [
            0.9564114,
            33.6962398
          ],
          [
            0.956236,
            33.6963161
          ],
          [
            0.9560537,
            33.6963953
          ]
        ]
      },
      "properties": {
        "highway": "trunk",
        "maxspeed": "30",
        "ref": "RN 47"
      }
    },
    {
      "type": "Feature",
      "geometry": {
        "type": "LineString",
        "coordinates": [
          [
            1.2513251,
            33.1465575
          ],
          [
            1.257285,
            33.1516373
          ]
        ]
      },
      "properties": {
        "highway": "primary",
        "ref": "RN 107"
      }
    },
    {
      "type": "Feature",
      "geometry": {
        "type": "LineString",
        "coordinates": [
          [
            1.257285,
            33.1516373
          ],
          [
            1.2580455,
            33.1523056
          ],
          [
            1.2581915,
            33.1525625
          ],
          [
            1.2582606,
            33.1528266
          ],
          [
            1.2581297,
            33.1534235
          ],
          [
            1.2575461,
            33.153864
          ],
          [
            1.2559222,
            33.1547793
          ],
          [
            1.2554926,
            33.1552226
          ],
          [
            1.2536801,
            33.1579612
          ],
          [
            1.25329,
            33.1585641
          ],
          [
            1.2525098,
            33.1592025
          ],
          [
            1.2517012,
            33.1598408
          ],
          [
            1.2491832,
            33.1615928
          ],
          [
            1.2477292,
            33.1619474
          ],
          [
            1.2457999,
            33.1623092
          ],
          [
            1.2446225,
            33.1626709
          ],
          [
            1.243664,
            33.1632859
          ],
          [
            1.2388221,
            33.1671136
          ],
          [
            1.2327742,
            33.1717413
          ],
          [
            1.2318055,
            33.1723244
          ],
          [
            1.2307203,
            33.1728421
          ],
          [
            1.2270955,
            33.1741615
          ],
          [
            1.2196679,
            33.1772668
          ],
          [
            1.2189791,
            33.1777571
          ],
          [
            1.2179803,
            33.1791023
          ],
          [
            1.2160287,
            33.1815654
          ],
          [
            1.213914,
            33.1856042
          ],
          [
            1.2138851,
            33.1860603
          ],
          [
            1.2140717,
            33.1866727
          ],
          [
            1.2145899,
            33.1871737
          ],
          [
            1.2167829,
            33.1889479
          ],
          [
            1.2200509,
            33.1917079
          ],
          [
            1.2236719,
            33.1957472
          ],
          [
            1.2253241,
            33.1990878
          ],
          [
            1.2277499,
            33.2037183
          ],
          [
            1.228237,
            33.2048575
          ],
          [
            1.2289054,
            33.2058432
          ],
          [
            1.2295524,
            33.206748
          ],
          [
            1.2301746,
            33.2075254
          ],
          [
            1.2307905,
            33.2081403
          ],
          [
            1.2316552,
            33.2086332
          ],
          [
            1.2334309,
            33.2093459
          ],
          [
            1.2349812,
            33.2101933
          ],
          [
            1.2362257,
            33.2108746
          ],
          [
            1.2375443,
            33.2117615
          ],
          [
            1.2431351,
            33.2154551
          ],
          [
            1.2438582,
            33.216306
          ],
          [
            1.2440932,
            33.2171821
          ],
          [
            1.2441779,
            33.219023
          ],
          [
            1.2441844,
            33.219654
          ],
          [
            1.244429,
            33.2202894
          ],
          [
            1.2456885,
            33.2224866
          ],
          [
            1.2462357,
            33.2230085
          ],
          [
            1.2495938,
            33.2258064
          ],
          [
            1.2515894,
            33.2277522
          ],
          [
            1.2541053,
            33.230152
          ],
          [
            1.257325,
            33.2334518
          ],
          [
            1.2603752,
            33.236555
          ],
          [
            1.2620264,
            33.2380419
          ],
          [
            1.2654071,
            33.2408389
          ],
          [
            1.2660862,
            33.2416627
          ],
          [
            1.2663973,
            33.2426004
          ],
          [
            1.2663727,
            33.2451003
          ],
          [
            1.2663705,
            33.2486167
          ],
          [
            1.2662557,
            33.2607494
          ],
          [
            1.2664145,
            33.2670021
          ],
          [
            1.2667594,
            33.2811441
          ],
          [
            1.2667537,
            33.2814136
          ],
          [
            1.2667127,
            33.2817154
          ],
          [
            1.2666346,
            33.2819771
          ],
          [
            1.2661154,
            33.2831548
          ],
          [
            1.262887,
            33.2904759
          ],
          [
            1.2614007,
            33.2926227
          ],
          [
            1.2600796,
            33.2953476
          ],
          [
            1.2584876,
            33.3021813
          ],
          [
            1.2582035,
            33.3038625
          ],
          [
            1.2583456,
            33.3082289
          ],
          [
            1.258528,
            33.3117897
          ],
          [
            1.2584198,
            33.3139543
          ],
          [
            1.2578786,
            33.3163354
          ],
          [
            1.2572726,
            33.3169631
          ],
          [
            1.2537876,
            33.319171
          ],
          [
            1.2534196,
            33.3195606
          ],
          [
            1.2534196,
            33.3198853
          ],
          [
            1.253701,
            33.3202533
          ],
          [
            1.2540906,
            33.3205347
          ],
          [
            1.2541498,
            33.3206805
          ],
          [
            1.2541277,
            33.3209465
          ],
          [
            1.253773,
            33.3212568
          ],
          [
            1.2527978,
            33.3218331
          ],
          [
            1.251756,
            33.3227973
          ],
          [
            1.2507918,
            33.3235841
          ],
          [
            1.248542,
            33.3247589
          ],
          [
            1.248143,
            33.3251911
          ],
          [
            1.2480721,
            33.3255546
          ],
          [
            1.2486573,
            33.3291543
          ],
          [
            1.2484888,
            33.3297661
          ],
          [
            1.248276,
            33.3301739
          ],
          [
            1.2460219,
            33.3336851
          ],
          [
            1.245129,
            33.3351733
          ],
          [
            1.2447773,
            33.336472
          ],
          [
            1.2447502,
            33.3372567
          ],
          [
            1.2445067,
            33.3379331
          ],
          [
            1.2435867,
            33.3390425
          ],
          [
            1.2422068,
            33.3406389
          ],
          [
            1.2401504,
            33.3432634
          ],
          [
            1.2349554,
            33.3515751
          ],
          [
            1.2322926,
            33.3558974
          ],
          [
            1.231552,
            33.3572593
          ],
          [
            1.2305327,
            33.3588992
          ],
          [
            1.2278827,
            33.3628779
          ],
          [
            1.2275688,
            33.3631776
          ],
          [
            1.2267669,
            33.3637739
          ],
          [
            1.2244958,
            33.3653322
          ],
          [
            1.2226095,
            33.366612
          ],
          [
            1.2215229,
            33.3673865
          ],
          [
            1.2212929,
            33.36762
          ],
          [
            1.2210699,
            33.3679008
          ],
          [
            1.2206983,
            33.368489
          ],
          [
            1.2203161,
            33.3690506
          ],
          [
            1.2199763,
            33.3693373
          ],
          [
            1.2196436,
            33.369553
          ],
          [
            1.2192189,
            33.3697599
          ],
          [
            1.2189641,
            33.3698279
          ]
        ]
      },
      "properties": {
        "highway": "primary",
        "ref": "RN 107"
      }
    },
    {
      "type": "Feature",
      "geometry": {
        "type": "LineString",
        "coordinates": [
          [
            0.9055216,
            33.7209171
          ],
          [
            0.9055646,
            33.7211488
          ],
          [
            0.9056199,
            33.7213988
          ],
          [
            0.9056911,
            33.7215369
          ],
          [
            0.9058058,
            33.721629
          ],
          [
            0.90596,
            33.7216685
          ],
          [
            0.906134,
            33.7216224
          ],
          [
            0.9065351,
            33.7215043
          ]
        ]
      },
      "properties": {
        "highway": "secondary_link",
        "maxspeed": "30"
      }
    },
    {
      "type": "Feature",
      "geometry": {
        "type": "LineString",
        "coordinates": [
          [
            0.9055216,
            33.7209171
          ],
          [
            0.9055171,
            33.7192938
          ]
        ]
      },
      "properties": {
        "name": "التجنب الغربي للبيض",
        "highway": "secondary",
        "maxspeed": "50"
      }
    },
    {
      "type": "Feature",
      "geometry": {
        "type": "LineString",
        "coordinates": [
          [
            0.9055171,
            33.7192938
          ],
          [
            0.9054894,
            33.716577
          ],
          [
            0.9054018,
            33.708485
          ],
          [
            0.9053985,
            33.7079096
          ],
          [
            0.9053708,
            33.7074327
          ],
          [
            0.9052799,
            33.7062155
          ],
          [
            0.9052166,
            33.7058011
          ],
          [
            0.9050703,
            33.7050346
          ],
          [
            0.9049121,
            33.7040378
          ],
          [
            0.9048133,
            33.7034819
          ],
          [
            0.9045681,
            33.7019752
          ],
          [
            0.9043546,
            33.7007514
          ],
          [
            0.9039196,
            33.6982281
          ],
          [
            0.9037496,
            33.6972872
          ],
          [
            0.9036942,
            33.6968628
          ],
          [
            0.9036467,
            33.6964812
          ],
          [
            0.9035835,
            33.6958791
          ],
          [
            0.9035637,
            33.6955139
          ],
          [
            0.9035716,
            33.6939479
          ],
          [
            0.9035756,
            33.693563
          ],
          [
            0.9036428,
            33.6929379
          ],
          [
            0.9036757,
            33.6926023
          ],
          [
            0.9037377,
            33.6922667
          ],
          [
            0.9038255,
            33.6917515
          ],
          [
            0.9039275,
            33.6912829
          ],
          [
            0.9041054,
            33.6903518
          ],
          [
            0.9043032,
            33.6894273
          ],
          [
            0.9044376,
            33.6887429
          ],
          [
            0.9044851,
            33.6884007
          ],
          [
            0.9045167,
            33.6881606
          ],
          [
            0.9045325,
            33.6877855
          ],
          [
            0.9045444,
            33.686624
          ],
          [
            0.9045325,
            33.6860679
          ],
          [
            0.9045088,
            33.6857093
          ],
          [
            0.9044811,
            33.6853835
          ],
          [
            0.9043862,
            33.6847255
          ],
          [
            0.9042992,
            33.6842878
          ],
          [
            0.904232,
            33.6840082
          ],
          [
            0.9041134,
            33.6835278
          ],
          [
            0.9040461,
            33.6832053
          ],
          [
            0.9039156,
            33.6826393
          ],
          [
            0.9032197,
            33.6745872
          ],
          [
            0.9032513,
            33.674087
          ],
          [
            0.903366,
            33.6727871
          ],
          [
            0.9033976,
            33.6722705
          ],
          [
            0.9034569,
            33.671688
          ],
          [
            0.9035677,
            33.6706514
          ],
          [
            0.9036705,
            33.6694074
          ],
          [
            0.9040975,
            33.6649414
          ],
          [
            0.9042043,
            33.6640429
          ],
          [
            0.9043506,
            33.663207
          ],
          [
            0.9046314,
            33.662088
          ],
          [
            0.9051454,
            33.6605147
          ],
          [
            0.9055646,
            33.6595043
          ],
          [
            0.9058493,
            33.6588559
          ],
          [
            0.9066393,
            33.6574669
          ]
        ]
      },
      "properties": {
        "highway": "secondary",
        "maxspeed": "80"
      }
    },
    {
      "type": "Feature",
      "geometry": {
        "type": "LineString",
        "coordinates": [
          [
            0.9066393,
            33.6574669
          ],
          [
            0.906737,
            33.6571578
          ],
          [
            0.9068152,
            33.6568976
          ],
          [
            0.906829,
            33.6567568
          ]
        ]
      },
      "properties": {
        "highway": "secondary",
        "maxspeed": "30"
      }
    },
    {
      "type": "Feature",
      "geometry": {
        "type": "LineString",
        "coordinates": [
          [
            0.9074275,
            33.6561332
          ],
          [
            0.9073232,
            33.656388
          ],
          [
            0.90725,
            33.6566507
          ]
        ]
      },
      "properties": {
        "highway": "primary",
        "maxspeed": "30"
      }
    },
    {
      "type": "Feature",
      "geometry": {
        "type": "LineString",
        "coordinates": [
          [
            0.9115828,
            33.6388675
          ],
          [
            0.9116216,
            33.6392052
          ],
          [
            0.9120765,
            33.6433419
          ],
          [
            0.9122493,
            33.6453812
          ],
          [
            0.9122255,
            33.6465081
          ],
          [
            0.9121886,
            33.6469185
          ],
          [
            0.9121023,
            33.6474828
          ],
          [
            0.9119647,
            33.6480719
          ],
          [
            0.9118435,
            33.64856
          ],
          [
            0.9117004,
            33.6490111
          ],
          [
            0.9112329,
            33.6500518
          ],
          [
            0.9107755,
            33.6509317
          ],
          [
            0.9074275,
            33.6561332
          ]
        ]
      },
      "properties": {
        "highway": "primary",
        "maxspeed": "80"
      }
    },
    {
      "type": "Feature",
      "geometry": {
        "type": "LineString",
        "coordinates": [
          [
            1.0076802,
            33.6445704
          ],
          [
            1.004214,
            33.6437739
          ],
          [
            1.0018309,
            33.6431881
          ],
          [
            1.0008166,
            33.6428539
          ],
          [
            1.0002846,
            33.6425662
          ],
          [
            0.9997832,
            33.642194
          ],
          [
            0.9993461,
            33.6417709
          ],
          [
            0.9983805,
            33.6405072
          ],
          [
            0.9977198,
            33.6396948
          ],
          [
            0.9970185,
            33.6390263
          ],
          [
            0.9961544,
            33.6385017
          ],
          [
            0.9943046,
            33.6377994
          ],
          [
            0.9922412,
            33.6370462
          ],
          [
            0.990554,
            33.6361492
          ],
          [
            0.9892936,
            33.6353453
          ],
          [
            0.9835306,
            33.6305046
          ],
          [
            0.9827581,
            33.6299461
          ],
          [
            0.9821097,
            33.6295329
          ],
          [
            0.9801256,
            33.6283719
          ],
          [
            0.9615251,
            33.61786
          ],
          [
            0.9589739,
            33.6163026
          ],
          [
            0.9535835,
            33.612769
          ],
          [
            0.9509524,
            33.6110534
          ],
          [
            0.9483013,
            33.6093439
          ],
          [
            0.9475909,
            33.6090142
          ],
          [
            0.946843,
            33.6087494
          ],
          [
            0.9461752,
            33.6085897
          ],
          [
            0.945524,
            33.60846
          ],
          [
            0.9448586,
            33.6083657
          ],
          [
            0.9441605,
            33.6083013
          ],
          [
            0.9435845,
            33.6082832
          ],
          [
            0.9430971,
            33.6083124
          ],
          [
            0.9421416,
            33.6084096
          ],
          [
            0.9392809,
            33.6089198
          ],
          [
            0.9384031,
            33.6090495
          ],
          [
            0.9375679,
            33.6091321
          ],
          [
            0.93485,
            33.6092165
          ],
          [
            0.9334907,
            33.6092264
          ],
          [
            0.9326413,
            33.6092735
          ],
          [
            0.9315796,
            33.6093797
          ],
          [
            0.9308293,
            33.6095683
          ],
          [
            0.9293286,
            33.6100281
          ],
          [
            0.9265079,
            33.6108557
          ],
          [
            0.9244172,
            33.6113058
          ],
          [
            0.9228467,
            33.6114417
          ],
          [
            0.9214259,
            33.6114461
          ],
          [
            0.9177779,
            33.6113363
          ],
          [
            0.9132605,
            33.61117
          ],
          [
            0.9122814,
            33.6111784
          ],
          [
            0.9112412,
            33.6114672
          ],
          [
            0.9103846,
            33.6120872
          ],
          [
            0.9099665,
            33.6130214
          ],
          [
            0.9095891,
            33.6144143
          ],
          [
            0.9094542,
            33.6149568
          ],
          [
            0.9094745,
            33.6157694
          ],
          [
            0.9096458,
            33.6170506
          ],
          [
            0.9099929,
            33.6186049
          ],
          [
            0.9104197,
            33.6205855
          ],
          [
            0.9108975,
            33.6231923
          ],
          [
            0.9113345,
            33.6254098
          ],
          [
            0.911365,
            33.6258922
          ],
          [
            0.911365,
            33.6264084
          ],
          [
            0.9112634,
            33.6275848
          ],
          [
            0.9111211,
            33.6287612
          ],
          [
            0.9109178,
            33.630293
          ],
          [
            0.9108682,
            33.6309884
          ],
          [
            0.910854,
            33.6317192
          ],
          [
            0.910928,
            33.6325949
          ],
          [
            0.9112532,
            33.6355568
          ],
          [
            0.9115828,
            33.6388675
          ]
        ]
      },
      "properties": {
        "highway": "primary",
        "maxspeed": "80"
      }
    },
    {
      "type": "Feature",
      "geometry": {
        "type": "LineString",
        "coordinates": [
          [
            1.0142465,
            33.6449971
          ],
          [
            1.0112968,
            33.6450139
          ]
        ]
      },
      "properties": {
        "highway": "primary",
        "maxspeed": "50"
      }
    },
    {
      "type": "Feature",
      "geometry": {
        "type": "LineString",
        "coordinates": [
          [
            1.0290285,
            33.6466734
          ],
          [
            1.0288042,
            33.6465083
          ],
          [
            1.028367,
            33.6462604
          ],
          [
            1.0278895,
            33.6460059
          ],
          [
            1.0271707,
            33.6456776
          ],
          [
            1.0264415,
            33.6454221
          ],
          [
            1.0256888,
            33.6452183
          ],
          [
            1.0247932,
            33.6450572
          ],
          [
            1.0238417,
            33.6449637
          ],
          [
            1.0216614,
            33.6449574
          ],
          [
            1.0142465,
            33.6449971
          ]
        ]
      },
      "properties": {
        "highway": "primary",
        "maxspeed": "80"
      }
    },
    {
      "type": "Feature",
      "geometry": {
        "type": "LineString",
        "coordinates": [
          [
            1.0291353,
            33.6467589
          ],
          [
            1.0290285,
            33.6466734
          ]
        ]
      },
      "properties": {
        "name": "التجنب الجنوبي للبيض",
        "highway": "primary",
        "maxspeed": "80"
      }
    },
    {
      "type": "Feature",
      "geometry": {
        "type": "LineString",
        "coordinates": [
          [
            1.0564241,
            33.6609426
          ],
          [
            1.0567172,
            33.6611329
          ]
        ]
      },
      "properties": {
        "highway": "primary",
        "maxspeed": "30"
      }
    },
    {
      "type": "Feature",
      "geometry": {
        "type": "LineString",
        "coordinates": [
          [
            0.9559553,
            33.6961227
          ],
          [
            0.9560988,
            33.6960929
          ],
          [
            0.9562509,
            33.6960747
          ],
          [
            0.9564288,
            33.696049
          ],
          [
            0.9566098,
            33.6960122
          ],
          [
            0.956811,
            33.6959553
          ],
          [
            0.9585491,
            33.6954308
          ],
          [
            0.9636135,
            33.6938286
          ],
          [
            0.9657136,
            33.6931655
          ],
          [
            0.966477,
            33.6929294
          ],
          [
            0.966969,
            33.6928138
          ],
          [
            0.9674413,
            33.6927083
          ],
          [
            0.9679791,
            33.6926206
          ],
          [
            0.9685832,
            33.6925516
          ],
          [
            0.9696139,
            33.6924795
          ],
          [
            0.9708243,
            33.6925055
          ]
        ]
      },
      "properties": {
        "highway": "trunk",
        "maxspeed": "80",
        "ref": "RN 47"
      }
    },
    {
      "type": "Feature",
      "geometry": {
        "type": "LineString",
        "coordinates": [
          [
            0.9708243,
            33.6925055
          ],
          [
            0.9719342,
            33.6926301
          ],
          [
            0.9724789,
            33.6927083
          ],
          [
            0.9736858,
            33.6929339
          ],
          [
            0.974349,
            33.6929959
          ],
          [
            0.9745926,
            33.6929957
          ],
          [
            0.974993,
            33.6929799
          ],
          [
            0.9759595,
            33.6928063
          ],
          [
            0.9789314,
            33.6920978
          ],
          [
            0.9798769,
            33.6918557
          ],
          [
            0.9802384,
            33.6917977
          ],
          [
            0.9806104,
            33.6917662
          ],
          [
            0.9807586,
            33.6917673
          ],
          [
            0.9809104,
            33.6917772
          ],
          [
            0.9812281,
            33.6918265
          ]
        ]
      },
      "properties": {
        "name": "طريق لبيوض سيد الشيخ",
        "highway": "trunk",
        "maxspeed": "60",
        "ref": "RN 47"
      }
    },
    {
      "type": "Feature",
      "geometry": {
        "type": "LineString",
        "coordinates": [
          [
            0.9812281,
            33.6918265
          ],
          [
            0.9818672,
            33.6919476
          ]
        ]
      },
      "properties": {
        "highway": "trunk",
        "maxspeed": "50",
        "ref": "RN 47"
      }
    },
    {
      "type": "Feature",
      "geometry": {
        "type": "LineString",
        "coordinates": [
          [
            1.0004831,
            33.6951817
          ],
          [
            1.0005943,
            33.6951851
          ],
          [
            1.0007455,
            33.6951708
          ]
        ]
      },
      "properties": {
        "name": "طريق لبيوض سيد الشيخ",
        "highway": "trunk",
        "maxspeed": "50",
        "ref": "RN 47"
      }
    },
    {
      "type": "Feature",
      "geometry": {
        "type": "LineString",
        "coordinates": [
          [
            1.0004575,
            33.6952841
          ],
          [
            1.0004619,
            33.6953243
          ],
          [
            1.0004546,
            33.6953641
          ],
          [
            1.0004362,
            33.6954012
          ],
          [
            1.0004073,
            33.6954341
          ],
          [
            1.0003696,
            33.6954603
          ],
          [
            1.0003255,
            33.6954782
          ],
          [
            1.0002776,
            33.6954866
          ],
          [
            1.0002285,
            33.6954852
          ],
          [
            1.0001813,
            33.695474
          ],
          [
            1.0001394,
            33.695454
          ],
          [
            1.0001044,
            33.6954263
          ],
          [
            1.0000783,
            33.6953925
          ],
          [
            1.0000626,
            33.6953545
          ],
          [
            1.0000582,
            33.6953145
          ],
          [
            1.0000653,
            33.6952747
          ],
          [
            1.0000836,
            33.6952375
          ],
          [
            1.0001128,
            33.6952043
          ],
          [
            1.0001507,
            33.695178
          ],
          [
            1.0001952,
            33.6951602
          ],
          [
            1.0002435,
            33.6951519
          ],
          [
            1.0002921,
            33.6951534
          ],
          [
            1.0003389,
            33.6951646
          ],
          [
            1.0003811,
            33.6951849
          ],
          [
            1.0004159,
            33.6952125
          ],
          [
            1.0004419,
            33.6952462
          ],
          [
            1.0004575,
            33.6952841
          ]
        ]
      },
      "properties": {
        "highway": "trunk"
      }
    },
    {
      "type": "Feature",
      "geometry": {
        "type": "LineString",
        "coordinates": [
          [
            1.2165397,
            33.3704279
          ],
          [
            1.2160973,
            33.3705373
          ],
          [
            1.2158177,
            33.3706437
          ],
          [
            1.2154092,
            33.37084
          ],
          [
            1.2150515,
            33.3710776
          ],
          [
            1.2141164,
            33.3719604
          ],
          [
            1.2093842,
            33.3762178
          ],
          [
            1.2087296,
            33.3767732
          ],
          [
            1.2086321,
            33.376856
          ],
          [
            1.2081117,
            33.3772261
          ],
          [
            1.207332,
            33.3777464
          ],
          [
            1.2065974,
            33.3782366
          ],
          [
            1.206501,
            33.378301
          ],
          [
            1.2057507,
            33.3788016
          ],
          [
            1.2057239,
            33.3788208
          ],
          [
            1.2052913,
            33.3791309
          ],
          [
            1.2052186,
            33.3792118
          ],
          [
            1.2051342,
            33.3793058
          ],
          [
            1.2050961,
            33.3793481
          ],
          [
            1.2050668,
            33.379423
          ],
          [
            1.2049579,
            33.3797012
          ],
          [
            1.2049538,
            33.3800169
          ],
          [
            1.2050004,
            33.380181
          ],
          [
            1.2050238,
            33.3802632
          ],
          [
            1.2051954,
            33.3804446
          ],
          [
            1.205256,
            33.3805056
          ],
          [
            1.2058528,
            33.3811064
          ],
          [
            1.2060028,
            33.3812574
          ],
          [
            1.2061211,
            33.3813765
          ],
          [
            1.2064112,
            33.3816685
          ],
          [
            1.206678,
            33.3819371
          ],
          [
            1.206955,
            33.3822159
          ],
          [
            1.2072352,
            33.382498
          ],
          [
            1.2074444,
            33.3827086
          ],
          [
            1.2079259,
            33.3831659
          ],
          [
            1.2082424,
            33.3834145
          ],
          [
            1.2084249,
            33.3835443
          ],
          [
            1.208663,
            33.3837137
          ],
          [
            1.2090665,
            33.383965
          ],
          [
            1.2102055,
            33.3846745
          ],
          [
            1.2129172,
            33.3863635
          ],
          [
            1.2166884,
            33.3885141
          ],
          [
            1.2195723,
            33.3902737
          ],
          [
            1.2229608,
            33.3921763
          ],
          [
            1.2235213,
            33.3925369
          ],
          [
            1.2236975,
            33.3926503
          ],
          [
            1.2242247,
            33.3930171
          ],
          [
            1.2249614,
            33.3936886
          ],
          [
            1.2256575,
            33.3946253
          ],
          [
            1.2259955,
            33.3952573
          ],
          [
            1.2262996,
            33.3960642
          ],
          [
            1.2264483,
            33.396905
          ],
          [
            1.2265159,
            33.3979658
          ],
          [
            1.2265564,
            33.3989984
          ],
          [
            1.2266781,
            33.4024855
          ],
          [
            1.2266443,
            33.402841
          ],
          [
            1.2264077,
            33.403518
          ],
          [
            1.2259144,
            33.4046854
          ],
          [
            1.2253184,
            33.4061711
          ],
          [
            1.2250629,
            33.4071663
          ],
          [
            1.2245605,
            33.4106565
          ],
          [
            1.2244838,
            33.4113815
          ],
          [
            1.2247223,
            33.413251
          ],
          [
            1.2246542,
            33.4136988
          ],
          [
            1.2242795,
            33.4167836
          ],
          [
            1.2236493,
            33.4211832
          ],
          [
            1.2233939,
            33.4241612
          ],
          [
            1.2233321,
            33.4249216
          ],
          [
            1.2233555,
            33.4256821
          ],
          [
            1.223347,
            33.4270324
          ],
          [
            1.2233811,
            33.4280309
          ],
          [
            1.2237123,
            33.4303333
          ],
          [
            1.2237418,
            33.4310877
          ],
          [
            1.2236023,
            33.4316473
          ],
          [
            1.2230042,
            33.4327038
          ],
          [
            1.221472,
            33.4353337
          ],
          [
            1.220456,
            33.4370774
          ],
          [
            1.2198281,
            33.4383508
          ],
          [
            1.2192476,
            33.4396126
          ],
          [
            1.2190764,
            33.4400788
          ],
          [
            1.21896,
            33.4404509
          ],
          [
            1.2187218,
            33.4412825
          ],
          [
            1.2186255,
            33.4416409
          ],
          [
            1.218383,
            33.4424374
          ],
          [
            1.217109,
            33.4464972
          ],
          [
            1.2169122,
            33.4472714
          ],
          [
            1.2168651,
            33.4477199
          ],
          [
            1.2167851,
            33.4524375
          ],
          [
            1.2167607,
            33.45376
          ],
          [
            1.216722,
            33.4551251
          ],
          [
            1.2167018,
            33.456728
          ],
          [
            1.2162291,
            33.4703618
          ],
          [
            1.2161679,
            33.4722763
          ],
          [
            1.2160105,
            33.4745395
          ],
          [
            1.2157812,
            33.4772395
          ],
          [
            1.2157084,
            33.4781613
          ],
          [
            1.2156441,
            33.4790057
          ],
          [
            1.2157154,
            33.4797232
          ],
          [
            1.2158613,
            33.480442
          ],
          [
            1.2160714,
            33.4815957
          ],
          [
            1.2160617,
            33.4820251
          ],
          [
            1.2159348,
            33.4824413
          ],
          [
            1.2155669,
            33.4834473
          ],
          [
            1.215048,
            33.4849761
          ],
          [
            1.2150231,
            33.4855808
          ],
          [
            1.215125,
            33.4860882
          ],
          [
            1.2160709,
            33.4881246
          ],
          [
            1.2215247,
            33.4991241
          ],
          [
            1.2232331,
            33.5029642
          ],
          [
            1.2233307,
            33.5036523
          ],
          [
            1.2232273,
            33.5043397
          ],
          [
            1.222929,
            33.5049864
          ],
          [
            1.2212724,
            33.5079573
          ],
          [
            1.2209085,
            33.5088151
          ],
          [
            1.2206505,
            33.5102649
          ],
          [
            1.2205529,
            33.5125259
          ],
          [
            1.220722,
            33.513752
          ],
          [
            1.2227236,
            33.5184649
          ],
          [
            1.2231586,
            33.5194931
          ],
          [
            1.2240121,
            33.52076
          ],
          [
            1.2252978,
            33.5224967
          ],
          [
            1.2259253,
            33.5234865
          ],
          [
            1.2261665,
            33.5242237
          ],
          [
            1.2268536,
            33.5266951
          ],
          [
            1.2276124,
            33.5294884
          ],
          [
            1.2282805,
            33.5318685
          ],
          [
            1.2282805,
            33.5332214
          ],
          [
            1.2274355,
            33.535413
          ],
          [
            1.2267941,
            33.5370888
          ],
          [
            1.226294,
            33.5386261
          ],
          [
            1.2250012,
            33.543488
          ],
          [
            1.2245463,
            33.54464
          ],
          [
            1.2240231,
            33.545691
          ],
          [
            1.2214887,
            33.551034
          ],
          [
            1.2199382,
            33.5544024
          ],
          [
            1.218261,
            33.5585541
          ],
          [
            1.2170684,
            33.5615841
          ],
          [
            1.2163257,
            33.5631689
          ],
          [
            1.2117422,
            33.5722931
          ],
          [
            1.2112668,
            33.5732238
          ],
          [
            1.2096646,
            33.5764315
          ],
          [
            1.208031,
            33.5796543
          ],
          [
            1.2060101,
            33.5822423
          ],
          [
            1.1970751,
            33.5931825
          ],
          [
            1.1961528,
            33.5941325
          ],
          [
            1.1952026,
            33.5950132
          ],
          [
            1.1939686,
            33.5960725
          ],
          [
            1.1926739,
            33.5969907
          ],
          [
            1.1901873,
            33.5986504
          ],
          [
            1.1894086,
            33.5991437
          ],
          [
            1.1885264,
            33.5995367
          ],
          [
            1.1867145,
            33.6001774
          ]
        ]
      },
      "properties": {
        "highway": "primary",
        "ref": "RN 107"
      }
    },
    {
      "type": "Feature",
      "geometry": {
        "type": "LineString",
        "coordinates": [
          [
            1.2189641,
            33.3698279
          ],
          [
            1.2165397,
            33.3704279
          ]
        ]
      },
      "properties": {
        "highway": "primary",
        "ref": "RN 107"
      }
    },
    {
      "type": "Feature",
      "geometry": {
        "type": "LineString",
        "coordinates": [
          [
            1.5012173,
            33.4962775
          ],
          [
            1.5009122,
            33.4962916
          ],
          [
            1.5006434,
            33.4962347
          ],
          [
            1.5000824,
            33.4960042
          ],
          [
            1.4995783,
            33.4958211
          ],
          [
            1.4973748,
            33.4953872
          ],
          [
            1.4961513,
            33.4951622
          ],
          [
            1.4877803,
            33.4935303
          ],
          [
            1.4844306,
            33.4928983
          ],
          [
            1.4794493,
            33.4922828
          ],
          [
            1.4780348,
            33.4921162
          ],
          [
            1.4767434,
            33.491911
          ],
          [
            1.4759285,
            33.4920649
          ],
          [
            1.4756809,
            33.492222
          ],
          [
            1.4745141,
            33.4929624
          ],
          [
            1.4724385,
            33.4946804
          ],
          [
            1.4635638,
            33.5047365
          ],
          [
            1.4625636,
            33.5062232
          ],
          [
            1.4609547,
            33.5077279
          ],
          [
            1.4595197,
            33.5092326
          ],
          [
            1.4584108,
            33.5097584
          ],
          [
            1.4570192,
            33.5104835
          ],
          [
            1.4561495,
            33.5114081
          ],
          [
            1.4557364,
            33.5126408
          ],
          [
            1.4549754,
            33.5173722
          ],
          [
            1.454845,
            33.5202
          ],
          [
            1.4541927,
            33.5225564
          ],
          [
            1.453236,
            33.524079
          ],
          [
            1.4519749,
            33.5250216
          ],
          [
            1.4508443,
            33.5263628
          ],
          [
            1.4497572,
            33.5285016
          ],
          [
            1.4482787,
            33.5292991
          ],
          [
            1.4451043,
            33.5296979
          ],
          [
            1.4393207,
            33.5304591
          ],
          [
            1.4366246,
            33.5310209
          ],
          [
            1.432537,
            33.5311841
          ],
          [
            1.4279928,
            33.5312747
          ],
          [
            1.4262316,
            33.5310572
          ],
          [
            1.425188,
            33.5311659
          ],
          [
            1.4244052,
            33.5314559
          ],
          [
            1.4233616,
            33.532054
          ],
          [
            1.4190565,
            33.5343377
          ],
          [
            1.4144036,
            33.5367843
          ],
          [
            1.4115988,
            33.5382523
          ],
          [
            1.4098811,
            33.5393034
          ],
          [
            1.4090984,
            33.5398833
          ],
          [
            1.4076199,
            33.5415687
          ],
          [
            1.4059457,
            33.5437796
          ],
          [
            1.4022712,
            33.5489441
          ],
          [
            1.4000751,
            33.5515354
          ],
          [
            1.3974878,
            33.554362
          ],
          [
            1.3965746,
            33.5554673
          ],
          [
            1.3960745,
            33.5559384
          ],
          [
            1.3958353,
            33.5564276
          ],
          [
            1.3953352,
            33.5566813
          ],
          [
            1.394422,
            33.5570799
          ],
          [
            1.3929435,
            33.5577503
          ],
          [
            1.3887037,
            33.5591092
          ],
          [
            1.3847031,
            33.5603775
          ],
          [
            1.3770159,
            33.562881
          ],
          [
            1.3724343,
            33.5642646
          ],
          [
            1.3691749,
            33.5652383
          ],
          [
            1.3674837,
            33.5661094
          ],
          [
            1.366592,
            33.5671342
          ],
          [
            1.3654389,
            33.5687548
          ],
          [
            1.3638093,
            33.5709581
          ],
          [
            1.3623594,
            33.5728361
          ],
          [
            1.3617289,
            33.5740589
          ],
          [
            1.3615006,
            33.575019
          ],
          [
            1.3608918,
            33.5777453
          ],
          [
            1.3604895,
            33.5790949
          ],
          [
            1.3598916,
            33.5815946
          ],
          [
            1.3593046,
            33.5826814
          ],
          [
            1.3583153,
            33.5836052
          ],
          [
            1.3568259,
            33.584683
          ],
          [
            1.3536949,
            33.5867478
          ],
          [
            1.3528252,
            33.5873546
          ],
          [
            1.3519446,
            33.5878884
          ],
          [
            1.3513104,
            33.5883078
          ],
          [
            1.3510336,
            33.5886856
          ],
          [
            1.3497729,
            33.5903377
          ],
          [
            1.349035,
            33.5913507
          ],
          [
            1.3486814,
            33.5917221
          ],
          [
            1.347413,
            33.5935854
          ],
          [
            1.3470517,
            33.5940657
          ],
          [
            1.3467366,
            33.5944691
          ],
          [
            1.3465136,
            33.5948597
          ],
          [
            1.3462446,
            33.595564
          ],
          [
            1.3450992,
            33.5981829
          ],
          [
            1.3439615,
            33.6007697
          ],
          [
            1.3431005,
            33.6025176
          ],
          [
            1.3418552,
            33.6053091
          ],
          [
            1.3415331,
            33.606179
          ],
          [
            1.3413156,
            33.6077273
          ],
          [
            1.3408373,
            33.6104435
          ],
          [
            1.3408482,
            33.6111135
          ],
          [
            1.3415765,
            33.6154411
          ],
          [
            1.3424245,
            33.6205561
          ],
          [
            1.3433812,
            33.6258428
          ],
          [
            1.3441857,
            33.6305317
          ],
          [
            1.3447075,
            33.633383
          ],
          [
            1.3447844,
            33.6340571
          ]
        ]
      },
      "properties": {
        "name": "Lemsayed-Sidi Ahmed Belabbas",
        "highway": "tertiary"
      }
    },
    {
      "type": "Feature",
      "geometry": {
        "type": "LineString",
        "coordinates": [
          [
            1.5015018,
            33.4962707
          ],
          [
            1.5012173,
            33.4962775
          ]
        ]
      },
      "properties": {
        "name": "Lemsayed-Sidi Ahmed Belabbas",
        "highway": "secondary"
      }
    },
    {
      "type": "Feature",
      "geometry": {
        "type": "LineString",
        "coordinates": [
          [
            1.1080559,
            33.7298258
          ],
          [
            1.107603,
            33.7293684
          ],
          [
            1.0979456,
            33.71822
          ],
          [
            1.0973742,
            33.717609
          ],
          [
            1.0968317,
            33.7171018
          ]
        ]
      },
      "properties": {
        "name": "Route Tiaret - El Bayadh",
        "highway": "trunk",
        "maxspeed": "80",
        "ref": "RN 111"
      }
    },
    {
      "type": "Feature",
      "geometry": {
        "type": "LineString",
        "coordinates": [
          [
            1.5494717,
            34.155776
          ],
          [
            1.5493367,
            34.155799
          ],
          [
            1.5468932,
            34.1565238
          ],
          [
            1.5463866,
            34.1566785
          ],
          [
            1.5459834,
            34.1567662
          ],
          [
            1.5455629,
            34.156835
          ]
        ]
      },
      "properties": {
        "highway": "tertiary"
      }
    },
    {
      "type": "Feature",
      "geometry": {
        "type": "LineString",
        "coordinates": [
          [
            1.5494494,
            34.1556335
          ],
          [
            1.5494766,
            34.1556233
          ],
          [
            1.5495064,
            34.1556204
          ],
          [
            1.5495357,
            34.1556253
          ],
          [
            1.5495442,
            34.1556282
          ],
          [
            1.5495524,
            34.1556319
          ],
          [
            1.5495757,
            34.1556482
          ],
          [
            1.5495917,
            34.1556698
          ],
          [
            1.5495988,
            34.1556944
          ],
          [
            1.5495961,
            34.1557196
          ],
          [
            1.5495841,
            34.1557429
          ],
          [
            1.5495628,
            34.1557627
          ],
          [
            1.5495348,
            34.1557755
          ],
          [
            1.5495033,
            34.1557802
          ],
          [
            1.5494717,
            34.155776
          ],
          [
            1.5494448,
            34.1557643
          ],
          [
            1.5494236,
            34.1557463
          ],
          [
            1.5494102,
            34.1557237
          ],
          [
            1.5494059,
            34.1556988
          ],
          [
            1.5494113,
            34.155674
          ],
          [
            1.5494263,
            34.1556512
          ],
          [
            1.5494494,
            34.1556335
          ]
        ]
      },
      "properties": {
        "highway": "secondary"
      }
    },
    {
      "type": "Feature",
      "geometry": {
        "type": "LineString",
        "coordinates": [
          [
            1.5508101,
            34.1553114
          ],
          [
            1.5506732,
            34.1553787
          ],
          [
            1.5498637,
            34.1556477
          ],
          [
            1.5497351,
            34.1556897
          ],
          [
            1.5495841,
            34.1557429
          ]
        ]
      },
      "properties": {
        "highway": "secondary"
      }
    },
    {
      "type": "Feature",
      "geometry": {
        "type": "LineString",
        "coordinates": [
          [
            1.5495524,
            34.1556319
          ],
          [
            1.5498648,
            34.1555588
          ],
          [
            1.5506636,
            34.1553229
          ],
          [
            1.5508101,
            34.1553114
          ]
        ]
      },
      "properties": {
        "highway": "secondary",
        "ref": "CW 121"
      }
    },
    {
      "type": "Feature",
      "geometry": {
        "type": "LineString",
        "coordinates": [
          [
            1.5455784,
            34.1567573
          ],
          [
            1.5455629,
            34.156835
          ],
          [
            1.5454116,
            34.1570156
          ],
          [
            1.545197,
            34.1572064
          ],
          [
            1.5451714,
            34.1572225
          ],
          [
            1.5448808,
            34.1574048
          ],
          [
            1.5443311,
            34.1577497
          ],
          [
            1.5441187,
            34.1578476
          ],
          [
            1.5440648,
            34.1578725
          ],
          [
            1.5439327,
            34.157965
          ],
          [
            1.5433989,
            34.1583687
          ],
          [
            1.5431144,
            34.1586628
          ],
          [
            1.5429185,
            34.1587213
          ],
          [
            1.5428687,
            34.1587926
          ]
        ]
      },
      "properties": {
        "highway": "tertiary"
      }
    },
    {
      "type": "Feature",
      "geometry": {
        "type": "LineString",
        "coordinates": [
          [
            1.5428687,
            34.1587926
          ],
          [
            1.5418747,
            34.1587405
          ],
          [
            1.5411136,
            34.1587006
          ],
          [
            1.5410046,
            34.1586949
          ],
          [
            1.540364,
            34.1586613
          ],
          [
            1.5395912,
            34.1586208
          ],
          [
            1.5386803,
            34.158573
          ],
          [
            1.5380256,
            34.1585334
          ],
          [
            1.5379353,
            34.1585422
          ]
        ]
      },
      "properties": {
        "highway": "tertiary"
      }
    },
    {
      "type": "Feature",
      "geometry": {
        "type": "LineString",
        "coordinates": [
          [
            1.5379353,
            34.1585422
          ],
          [
            1.537998,
            34.1585033
          ],
          [
            1.5381777,
            34.1584834
          ],
          [
            1.5382981,
            34.1584822
          ],
          [
            1.538854,
            34.1585121
          ],
          [
            1.5396058,
            34.1585526
          ],
          [
            1.5402004,
            34.1585847
          ],
          [
            1.5403576,
            34.1585923
          ],
          [
            1.5418778,
            34.158666
          ],
          [
            1.5424599,
            34.1586942
          ],
          [
            1.5429185,
            34.1587213
          ]
        ]
      },
      "properties": {
        "highway": "tertiary"
      }
    },
    {
      "type": "Feature",
      "geometry": {
        "type": "LineString",
        "coordinates": [
          [
            1.7786664,
            33.9031144
          ],
          [
            1.7756717,
            33.901272
          ],
          [
            1.7747404,
            33.9006913
          ],
          [
            1.7733706,
            33.8998373
          ],
          [
            1.7722896,
            33.8991901
          ],
          [
            1.7681097,
            33.8972546
          ],
          [
            1.7653289,
            33.8959723
          ],
          [
            1.76488,
            33.8958029
          ],
          [
            1.7617437,
            33.8950674
          ],
          [
            1.7593593,
            33.8944867
          ],
          [
            1.7589221,
            33.8943125
          ],
          [
            1.7586189,
            33.8940899
          ],
          [
            1.7582472,
            33.8937576
          ],
          [
            1.7569651,
            33.8923727
          ],
          [
            1.7567935,
            33.8921323
          ],
          [
            1.7561229,
            33.8903288
          ],
          [
            1.7559508,
            33.8898376
          ],
          [
            1.7557421,
            33.8892423
          ],
          [
            1.7554417,
            33.8882893
          ],
          [
            1.7553558,
            33.8875857
          ],
          [
            1.7553666,
            33.8873675
          ],
          [
            1.7556991,
            33.8864056
          ],
          [
            1.7571422,
            33.8837559
          ],
          [
            1.7579576,
            33.8822684
          ],
          [
            1.7589232,
            33.8805048
          ],
          [
            1.7590465,
            33.8801619
          ],
          [
            1.7591431,
            33.879672
          ],
          [
            1.759127,
            33.8792979
          ],
          [
            1.7590375,
            33.8789227
          ],
          [
            1.7588212,
            33.8784027
          ],
          [
            1.7582955,
            33.8775877
          ],
          [
            1.7578288,
            33.8770934
          ],
          [
            1.7573568,
            33.8767549
          ],
          [
            1.756772,
            33.8764743
          ],
          [
            1.7557206,
            33.8760734
          ],
          [
            1.7549589,
            33.8759087
          ],
          [
            1.7542668,
            33.8759131
          ],
          [
            1.7518958,
            33.8763719
          ],
          [
            1.7512252,
            33.8763897
          ],
          [
            1.7489078,
            33.8760645
          ],
          [
            1.7480136,
            33.8759138
          ],
          [
            1.7475506,
            33.8757884
          ],
          [
            1.7472824,
            33.8756815
          ],
          [
            1.7469122,
            33.8754722
          ],
          [
            1.7463436,
            33.8750357
          ],
          [
            1.7459735,
            33.8745547
          ],
          [
            1.7454048,
            33.8735125
          ],
          [
            1.7451151,
            33.8729691
          ],
          [
            1.7448684,
            33.8724792
          ],
          [
            1.7442193,
            33.8714815
          ],
          [
            1.7436375,
            33.8709749
          ],
          [
            1.7427981,
            33.8705934
          ],
          [
            1.7421994,
            33.8704617
          ],
          [
            1.7409778,
            33.8704613
          ],
          [
            1.7402886,
            33.870498
          ],
          [
            1.7393254,
            33.8707108
          ],
          [
            1.7384523,
            33.8710356
          ],
          [
            1.7368068,
            33.8718263
          ],
          [
            1.7355539,
            33.8724198
          ],
          [
            1.7343931,
            33.8729076
          ],
          [
            1.7337136,
            33.8731075
          ],
          [
            1.7331048,
            33.8731956
          ],
          [
            1.7325456,
            33.8732368
          ],
          [
            1.7318165,
            33.8732191
          ],
          [
            1.7303726,
            33.8730311
          ],
          [
            1.7290772,
            33.8728254
          ],
          [
            1.7283623,
            33.872749
          ],
          [
            1.7278031,
            33.8727137
          ],
          [
            1.7273758,
            33.8727323
          ],
          [
            1.727166,
            33.8727548
          ],
          [
            1.7257999,
            33.8729605
          ],
          [
            1.7243701,
            33.8732015
          ],
          [
            1.723646,
            33.8733854
          ],
          [
            1.7234145,
            33.873466
          ],
          [
            1.7228199,
            33.8737892
          ],
          [
            1.7218997,
            33.874277
          ],
          [
            1.7213875,
            33.8745012
          ],
          [
            1.7210928,
            33.8746061
          ],
          [
            1.7203991,
            33.8747765
          ],
          [
            1.7199319,
            33.874847
          ],
          [
            1.719302,
            33.8748999
          ],
          [
            1.7188489,
            33.8748941
          ],
          [
            1.716414,
            33.8747765
          ],
          [
            1.7127261,
            33.8745767
          ],
          [
            1.7116927,
            33.8744768
          ],
          [
            1.7096683,
            33.8742241
          ],
          [
            1.7072687,
            33.8739067
          ],
          [
            1.706391,
            33.8737245
          ],
          [
            1.7057044,
            33.8735247
          ],
          [
            1.7050673,
            33.8733014
          ],
          [
            1.7044515,
            33.8730252
          ],
          [
            1.7038215,
            33.8726726
          ],
          [
            1.703057,
            33.8721789
          ],
          [
            1.7004026,
            33.8700396
          ],
          [
            1.6987959,
            33.8686937
          ],
          [
            1.6985269,
            33.8683999
          ],
          [
            1.6982579,
            33.8680472
          ],
          [
            1.6980102,
            33.8676559
          ],
          [
            1.697904,
            33.8674536
          ],
          [
            1.6977482,
            33.8670539
          ],
          [
            1.6970263,
            33.8644561
          ],
          [
            1.6965273,
            33.8626662
          ],
          [
            1.696368,
            33.8622813
          ],
          [
            1.6961981,
            33.8619933
          ],
          [
            1.696007,
            33.8616936
          ],
          [
            1.6956106,
            33.8612233
          ],
          [
            1.6952425,
            33.8608648
          ],
          [
            1.6948036,
            33.8605415
          ],
          [
            1.6944568,
            33.8603064
          ],
          [
            1.6934587,
            33.859795
          ],
          [
            1.6920006,
            33.8590309
          ],
          [
            1.6895279,
            33.8577296
          ],
          [
            1.6890631,
            33.857485
          ],
          [
            1.6883694,
            33.8570676
          ],
          [
            1.6878243,
            33.8567032
          ],
          [
            1.6871094,
            33.8561389
          ],
          [
            1.6862813,
            33.8553394
          ],
          [
            1.6842144,
            33.8532997
          ],
          [
            1.6831172,
            33.8521886
          ],
          [
            1.682643,
            33.8516831
          ],
          [
            1.6820484,
            33.8509777
          ],
          [
            1.6809618,
            33.8496076
          ],
          [
            1.6795993,
            33.847862
          ],
          [
            1.678403,
            33.8463159
          ],
          [
            1.6772846,
            33.8448991
          ],
          [
            1.6764423,
            33.8438056
          ],
          [
            1.6759185,
            33.8432
          ],
          [
            1.6747718,
            33.8421947
          ],
          [
            1.6732499,
            33.8408778
          ],
          [
            1.6724218,
            33.8401429
          ],
          [
            1.6717352,
            33.8393727
          ],
          [
            1.6712397,
            33.8387083
          ],
          [
            1.6707796,
            33.8379616
          ],
          [
            1.6702699,
            33.8367093
          ],
          [
            1.6694772,
            33.8346162
          ],
          [
            1.6687764,
            33.833205
          ],
          [
            1.6678987,
            33.8316998
          ],
          [
            1.6670988,
            33.8306826
          ],
          [
            1.6658105,
            33.8289833
          ],
          [
            1.6645294,
            33.8273074
          ],
          [
            1.6633851,
            33.8258481
          ],
          [
            1.6628942,
            33.8253787
          ],
          [
            1.6617688,
            33.8242909
          ],
          [
            1.6595462,
            33.8224973
          ],
          [
            1.6584838,
            33.8217016
          ],
          [
            1.6581702,
            33.8214668
          ],
          [
            1.6579724,
            33.8213083
          ],
          [
            1.6576067,
            33.8210154
          ],
          [
            1.6569626,
            33.8204803
          ],
          [
            1.6565025,
            33.820004
          ],
          [
            1.6560707,
            33.8194924
          ],
          [
            1.6556531,
            33.8188925
          ],
          [
            1.6550089,
            33.8175223
          ],
          [
            1.6544639,
            33.8161873
          ],
          [
            1.6541383,
            33.8156463
          ],
          [
            1.6538622,
            33.8153111
          ],
          [
            1.653388,
            33.8148524
          ],
          [
            1.6528571,
            33.8144525
          ],
          [
            1.6515405,
            33.8136997
          ],
          [
            1.6497638,
            33.8127234
          ],
          [
            1.6465927,
            33.8111472
          ],
          [
            1.6453115,
            33.8105062
          ],
          [
            1.6446532,
            33.8101768
          ],
          [
            1.644002,
            33.8097945
          ],
          [
            1.6430606,
            33.8091064
          ],
          [
            1.6401655,
            33.8069126
          ],
          [
            1.6377872,
            33.8051011
          ],
          [
            1.6366334,
            33.8043012
          ],
          [
            1.6360105,
            33.8039777
          ],
          [
            1.6353947,
            33.8036718
          ],
          [
            1.634885,
            33.803466
          ],
          [
            1.6338374,
            33.8031189
          ],
          [
            1.6312184,
            33.8023308
          ],
          [
            1.6283446,
            33.8014485
          ],
          [
            1.626299,
            33.8008191
          ],
          [
            1.6244373,
            33.8001074
          ],
          [
            1.6207637,
            33.7985957
          ],
          [
            1.6161698,
            33.7968487
          ],
          [
            1.6152142,
            33.7964428
          ],
          [
            1.6147824,
            33.7961958
          ],
          [
            1.6141312,
            33.7957722
          ],
          [
            1.6135508,
            33.7953134
          ],
          [
            1.6132891,
            33.7950583
          ],
          [
            1.6131827,
            33.7949546
          ],
          [
            1.6129537,
            33.7946975
          ],
          [
            1.6127792,
            33.7945016
          ],
          [
            1.6124536,
            33.7940487
          ],
          [
            1.6120855,
            33.7934016
          ],
          [
            1.611675,
            33.792431
          ],
          [
            1.6112503,
            33.7913427
          ],
          [
            1.6111017,
            33.7909604
          ],
          [
            1.6105566,
            33.7895544
          ],
          [
            1.6098205,
            33.7876954
          ],
          [
            1.6095302,
            33.7870954
          ],
          [
            1.6089711,
            33.7862364
          ],
          [
            1.6077182,
            33.7845774
          ],
          [
            1.606437,
            33.7829066
          ],
          [
            1.6061326,
            33.7824889
          ],
          [
            1.6059203,
            33.7821124
          ],
          [
            1.6057999,
            33.7817123
          ],
          [
            1.6057362,
            33.7812299
          ],
          [
            1.6057787,
            33.7807828
          ],
          [
            1.6059273,
            33.7802944
          ],
          [
            1.6061185,
            33.7799414
          ],
          [
            1.6063308,
            33.7796414
          ],
          [
            1.6065786,
            33.7793707
          ],
          [
            1.6069466,
            33.7790707
          ],
          [
            1.6074175,
            33.7788033
          ],
          [
            1.6084271,
            33.7783945
          ],
          [
            1.6094312,
            33.7779705
          ],
          [
            1.6100257,
            33.7776939
          ],
          [
            1.6104009,
            33.7774645
          ],
          [
            1.6107336,
            33.7771526
          ],
          [
            1.6109672,
            33.7768408
          ],
          [
            1.6111795,
            33.7765172
          ],
          [
            1.6113282,
            33.7761407
          ],
          [
            1.6113848,
            33.7758641
          ],
          [
            1.6114273,
            33.7754052
          ],
          [
            1.6113777,
            33.7738401
          ],
          [
            1.6113282,
            33.7718572
          ],
          [
            1.6112857,
            33.7705569
          ],
          [
            1.6112998,
            33.7698684
          ],
          [
            1.6113636,
            33.7692977
          ],
          [
            1.6115476,
            33.7683209
          ],
          [
            1.6117387,
            33.7677796
          ],
          [
            1.6120431,
            33.7670205
          ],
          [
            1.6133243,
            33.7642195
          ],
          [
            1.6141029,
            33.7625248
          ],
          [
            1.6143436,
            33.7618363
          ],
          [
            1.6144993,
            33.761289
          ],
          [
            1.6146125,
            33.7607182
          ],
          [
            1.6147966,
            33.7591234
          ],
          [
            1.6150018,
            33.7575286
          ],
          [
            1.6153345,
            33.7559632
          ],
          [
            1.6159197,
            33.7534151
          ],
          [
            1.6161691,
            33.7522554
          ],
          [
            1.6166331,
            33.7505204
          ],
          [
            1.6170999,
            33.7488656
          ],
          [
            1.6174262,
            33.7475816
          ],
          [
            1.6174378,
            33.7473714
          ],
          [
            1.6174485,
            33.7469565
          ],
          [
            1.6173949,
            33.7464123
          ],
          [
            1.6172715,
            33.7459529
          ],
          [
            1.6169228,
            33.7448824
          ],
          [
            1.6163703,
            33.7432498
          ],
          [
            1.6159519,
            33.742313
          ],
          [
            1.6149165,
            33.7406045
          ],
          [
            1.6141387,
            33.7393466
          ],
          [
            1.6138758,
            33.739012
          ],
          [
            1.6136256,
            33.7387467
          ],
          [
            1.6132911,
            33.7384767
          ],
          [
            1.6129156,
            33.7382179
          ],
          [
            1.612288,
            33.7378878
          ],
          [
            1.6100939,
            33.7367369
          ],
          [
            1.6078087,
            33.7355279
          ],
          [
            1.6072347,
            33.7351577
          ],
          [
            1.6064729,
            33.7346268
          ],
          [
            1.6059955,
            33.7343591
          ],
          [
            1.6054805,
            33.7341361
          ],
          [
            1.6052552,
            33.7340468
          ],
          [
            1.6045632,
            33.7337747
          ],
          [
            1.6038015,
            33.7335472
          ],
          [
            1.6032775,
            33.7334812
          ],
          [
            1.6029217,
            33.733449
          ],
          [
            1.602455,
            33.7334312
          ],
          [
            1.6020741,
            33.7334446
          ],
          [
            1.6013714,
            33.7335338
          ],
          [
            1.5998908,
            33.7338104
          ],
          [
            1.5965059,
            33.7345197
          ],
          [
            1.595433,
            33.7348097
          ],
          [
            1.5941884,
            33.7352514
          ],
          [
            1.5904977,
            33.7366744
          ],
          [
            1.586925,
            33.7380618
          ],
          [
            1.5847524,
            33.738896
          ],
          [
            1.5841623,
            33.7390834
          ],
          [
            1.5835293,
            33.7392038
          ],
          [
            1.5831485,
            33.7392484
          ],
          [
            1.5826335,
            33.7392886
          ],
          [
            1.5821507,
            33.7392841
          ],
          [
            1.5815499,
            33.7392217
          ],
          [
            1.5807345,
            33.7390744
          ],
          [
            1.5803053,
            33.7390075
          ],
          [
            1.5791466,
            33.7388202
          ],
          [
            1.5760621,
            33.7382893
          ],
          [
            1.575134,
            33.7380574
          ],
          [
            1.5745171,
            33.7378477
          ],
          [
            1.57353,
            33.7374462
          ],
          [
            1.5725001,
            33.7369198
          ],
          [
            1.57088,
            33.7358491
          ],
          [
            1.5673932,
            33.7334223
          ],
          [
            1.5648514,
            33.7321307
          ],
          [
            1.564093,
            33.7317589
          ],
          [
            1.5636124,
            33.7316119
          ],
          [
            1.5611357,
            33.7312393
          ],
          [
            1.5582199,
            33.7308531
          ],
          [
            1.5517171,
            33.7299438
          ],
          [
            1.5440328,
            33.7288795
          ],
          [
            1.5401736,
            33.7283271
          ],
          [
            1.5386486,
            33.7281389
          ],
          [
            1.5377037,
            33.7279823
          ],
          [
            1.537512,
            33.7279388
          ],
          [
            1.5371026,
            33.727846
          ],
          [
            1.5365443,
            33.7277097
          ],
          [
            1.5355223,
            33.7273772
          ],
          [
            1.5347295,
            33.7271192
          ],
          [
            1.5342697,
            33.7269696
          ],
          [
            1.533905,
            33.7268449
          ],
          [
            1.532876,
            33.726493
          ],
          [
            1.5321459,
            33.7262612
          ],
          [
            1.5312827,
            33.7259482
          ],
          [
            1.5307734,
            33.7257741
          ],
          [
            1.5299605,
            33.7254961
          ],
          [
            1.5298692,
            33.7254649
          ],
          [
            1.5293839,
            33.7253079
          ],
          [
            1.5281981,
            33.7249243
          ],
          [
            1.5261505,
            33.7242619
          ],
          [
            1.5236191,
            33.7233927
          ],
          [
            1.5191677,
            33.7218641
          ],
          [
            1.5181208,
            33.7214834
          ],
          [
            1.5168815,
            33.7208261
          ],
          [
            1.5151653,
            33.7196421
          ],
          [
            1.5130831,
            33.718156
          ],
          [
            1.511388,
            33.716861
          ],
          [
            1.5111004,
            33.7165872
          ],
          [
            1.5081008,
            33.7137317
          ],
          [
            1.5049232,
            33.7107725
          ],
          [
            1.5027484,
            33.7090942
          ],
          [
            1.498657,
            33.7060735
          ],
          [
            1.4969034,
            33.7048378
          ],
          [
            1.495722,
            33.7042118
          ],
          [
            1.4941731,
            33.7036758
          ],
          [
            1.4910993,
            33.7027131
          ],
          [
            1.4878762,
            33.7017369
          ],
          [
            1.484731,
            33.7006897
          ],
          [
            1.4825669,
            33.699735
          ],
          [
            1.4804672,
            33.6985094
          ],
          [
            1.4774709,
            33.6964367
          ],
          [
            1.4749665,
            33.6946149
          ],
          [
            1.4736305,
            33.6936733
          ],
          [
            1.4724616,
            33.6927453
          ],
          [
            1.4717904,
            33.6920774
          ],
          [
            1.471092,
            33.6914324
          ],
          [
            1.4704755,
            33.6910791
          ],
          [
            1.470003,
            33.6908376
          ],
          [
            1.4692203,
            33.6904969
          ],
          [
            1.467939,
            33.6900444
          ],
          [
            1.4662234,
            33.6895025
          ],
          [
            1.4634385,
            33.688549
          ],
          [
            1.4624412,
            33.6880882
          ],
          [
            1.4610072,
            33.6872203
          ],
          [
            1.4402561,
            33.6699533
          ],
          [
            1.4358197,
            33.666746
          ],
          [
            1.4350697,
            33.6663038
          ],
          [
            1.4341655,
            33.6660543
          ],
          [
            1.4312425,
            33.6655285
          ],
          [
            1.4303024,
            33.6652475
          ],
          [
            1.4295469,
            33.6648189
          ],
          [
            1.4288974,
            33.6640591
          ],
          [
            1.4281623,
            33.6626878
          ],
          [
            1.4277444,
            33.6621719
          ],
          [
            1.4271677,
            33.6617624
          ],
          [
            1.4264981,
            33.6614575
          ],
          [
            1.4257051,
            33.6612163
          ],
          [
            1.4230641,
            33.660439
          ],
          [
            1.4215292,
            33.659794
          ],
          [
            1.4155815,
            33.6563213
          ],
          [
            1.4121688,
            33.6543773
          ],
          [
            1.4109493,
            33.6536765
          ],
          [
            1.410321,
            33.6531771
          ],
          [
            1.4095864,
            33.6525321
          ],
          [
            1.4087679,
            33.6517804
          ],
          [
            1.4080526,
            33.6512838
          ],
          [
            1.406721,
            33.6506882
          ],
          [
            1.4026102,
            33.6486988
          ],
          [
            1.3999617,
            33.6474249
          ],
          [
            1.3989064,
            33.6469083
          ],
          [
            1.3969215,
            33.6459397
          ],
          [
            1.3960148,
            33.6455722
          ],
          [
            1.3950588,
            33.6451805
          ],
          [
            1.3940778,
            33.6447141
          ],
          [
            1.3933596,
            33.6443946
          ],
          [
            1.3925357,
            33.6439112
          ],
          [
            1.3918939,
            33.6433815
          ],
          [
            1.3909886,
            33.6427525
          ],
          [
            1.3900693,
            33.6421182
          ],
          [
            1.3890449,
            33.6415855
          ],
          [
            1.3881299,
            33.6412033
          ],
          [
            1.387284,
            33.6408155
          ],
          [
            1.3861857,
            33.6403395
          ],
          [
            1.3846523,
            33.6396561
          ],
          [
            1.3834203,
            33.6390327
          ],
          [
            1.3805939,
            33.6372355
          ],
          [
            1.3781843,
            33.6357511
          ],
          [
            1.3765675,
            33.6347615
          ],
          [
            1.3757602,
            33.6344006
          ],
          [
            1.3653077,
            33.6318369
          ],
          [
            1.3639797,
            33.6315439
          ],
          [
            1.3630789,
            33.6314383
          ],
          [
            1.3621694,
            33.6314562
          ],
          [
            1.3609143,
            33.6316168
          ],
          [
            1.352926,
            33.6328187
          ],
          [
            1.352499,
            33.6328832
          ],
          [
            1.352209,
            33.632926
          ],
          [
            1.350915,
            33.6331276
          ],
          [
            1.3463669,
            33.6338198
          ],
          [
            1.3447844,
            33.6340571
          ],
          [
            1.3424531,
            33.63437
          ],
          [
            1.3417208,
            33.6343487
          ],
          [
            1.3409501,
            33.6342778
          ],
          [
            1.3402518,
            33.6341644
          ],
          [
            1.3395462,
            33.6339864
          ],
          [
            1.3390256,
            33.6338099
          ],
          [
            1.3383406,
            33.6334944
          ],
          [
            1.3362846,
            33.6324785
          ],
          [
            1.3349126,
            33.6317608
          ],
          [
            1.3337433,
            33.631066
          ],
          [
            1.3316554,
            33.6296836
          ],
          [
            1.3306542,
            33.6290249
          ],
          [
            1.3298161,
            33.6284479
          ],
          [
            1.3293116,
            33.6281129
          ],
          [
            1.3286725,
            33.6277361
          ],
          [
            1.3280351,
            33.6275045
          ],
          [
            1.3271678,
            33.6273329
          ],
          [
            1.3262297,
            33.6272055
          ],
          [
            1.3255903,
            33.6270015
          ],
          [
            1.3248812,
            33.6267175
          ],
          [
            1.3228343,
            33.625707
          ],
          [
            1.3207476,
            33.6247068
          ],
          [
            1.3189421,
            33.6236753
          ],
          [
            1.3175183,
            33.622249
          ],
          [
            1.3161702,
            33.6206648
          ],
          [
            1.3135792,
            33.6175941
          ],
          [
            1.3121066,
            33.6160305
          ],
          [
            1.3092872,
            33.6141637
          ],
          [
            1.2960334,
            33.6071408
          ],
          [
            1.2937903,
            33.6059521
          ],
          [
            1.2905395,
            33.6042499
          ],
          [
            1.2893754,
            33.6038478
          ],
          [
            1.2882113,
            33.6036869
          ],
          [
            1.2836154,
            33.6037858
          ],
          [
            1.269284,
            33.6040989
          ],
          [
            1.2675637,
            33.6040756
          ],
          [
            1.2625958,
            33.6036366
          ],
          [
            1.2616736,
            33.6036333
          ],
          [
            1.2607376,
            33.6036907
          ],
          [
            1.2568345,
            33.6041982
          ],
          [
            1.2554508,
            33.604509
          ],
          [
            1.2507368,
            33.6056139
          ],
          [
            1.2488535,
            33.606144
          ],
          [
            1.2429058,
            33.6083168
          ],
          [
            1.2407067,
            33.6090695
          ],
          [
            1.2395307,
            33.6093035
          ],
          [
            1.2384483,
            33.6094151
          ],
          [
            1.2371123,
            33.6095234
          ],
          [
            1.2351375,
            33.609848
          ],
          [
            1.2311995,
            33.6106624
          ],
          [
            1.228678,
            33.61096
          ],
          [
            1.2272236,
            33.6113108
          ],
          [
            1.2221602,
            33.612979
          ],
          [
            1.2191387,
            33.6137728
          ],
          [
            1.2174009,
            33.614194
          ],
          [
            1.216158,
            33.6145265
          ],
          [
            1.2147507,
            33.6148776
          ],
          [
            1.211917,
            33.6154934
          ],
          [
            1.2077773,
            33.6163976
          ],
          [
            1.2024812,
            33.617527
          ],
          [
            1.2008536,
            33.6177114
          ],
          [
            1.1992106,
            33.6177729
          ],
          [
            1.193837,
            33.6175414
          ],
          [
            1.1894131,
            33.6174068
          ],
          [
            1.187716,
            33.6173031
          ],
          [
            1.1868454,
            33.6172036
          ],
          [
            1.1860223,
            33.617029
          ],
          [
            1.1849848,
            33.6167391
          ],
          [
            1.1837131,
            33.6163232
          ],
          [
            1.1742525,
            33.6131855
          ],
          [
            1.1698181,
            33.6117026
          ],
          [
            1.1695558,
            33.6116149
          ],
          [
            1.1694261,
            33.611578
          ],
          [
            1.1689281,
            33.6114362
          ],
          [
            1.1684538,
            33.6113297
          ],
          [
            1.1680273,
            33.6113068
          ],
          [
            1.1676066,
            33.6113693
          ],
          [
            1.1672365,
            33.6115095
          ],
          [
            1.1669058,
            33.6117065
          ],
          [
            1.1666368,
            33.6119364
          ],
          [
            1.1650925,
            33.6133572
          ],
          [
            1.1647966,
            33.6137623
          ],
          [
            1.1642634,
            33.6145728
          ],
          [
            1.1634818,
            33.6156963
          ],
          [
            1.1632536,
            33.6160013
          ],
          [
            1.1629391,
            33.6162762
          ],
          [
            1.1598138,
            33.6189014
          ],
          [
            1.1582422,
            33.6202301
          ],
          [
            1.1566879,
            33.6215628
          ],
          [
            1.1529168,
            33.6248072
          ],
          [
            1.1518952,
            33.6256438
          ],
          [
            1.1515067,
            33.6259327
          ],
          [
            1.1483109,
            33.6280591
          ],
          [
            1.1476453,
            33.6284635
          ],
          [
            1.1471735,
            33.6286402
          ],
          [
            1.1466482,
            33.6287829
          ],
          [
            1.1463117,
            33.6288483
          ],
          [
            1.1454503,
            33.6290118
          ],
          [
            1.1450597,
            33.6291216
          ],
          [
            1.1447358,
            33.6292878
          ],
          [
            1.1430345,
            33.630331
          ],
          [
            1.1418732,
            33.6310412
          ],
          [
            1.1414819,
            33.6312406
          ],
          [
            1.1411047,
            33.6313617
          ],
          [
            1.140728,
            33.6314045
          ],
          [
            1.1397666,
            33.6314335
          ],
          [
            1.1392563,
            33.6313748
          ],
          [
            1.1385717,
            33.6312594
          ],
          [
            1.1380886,
            33.6311561
          ],
          [
            1.1372081,
            33.630922
          ],
          [
            1.1366241,
            33.6308027
          ],
          [
            1.1356795,
            33.6306668
          ],
          [
            1.1351697,
            33.6306255
          ],
          [
            1.1347059,
            33.6306231
          ],
          [
            1.1343255,
            33.6306365
          ],
          [
            1.1339357,
            33.6306654
          ],
          [
            1.1335456,
            33.6307251
          ],
          [
            1.1332761,
            33.6307932
          ],
          [
            1.132597,
            33.6310445
          ],
          [
            1.127988,
            33.6330123
          ],
          [
            1.1267149,
            33.6335422
          ],
          [
            1.1263547,
            33.6336743
          ],
          [
            1.1211359,
            33.6352578
          ],
          [
            1.1150288,
            33.6371554
          ],
          [
            1.1145378,
            33.637283
          ],
          [
            1.1138107,
            33.6374286
          ],
          [
            1.1122634,
            33.6376775
          ],
          [
            1.1117309,
            33.6377643
          ],
          [
            1.1113854,
            33.6378283
          ],
          [
            1.1111333,
            33.6378868
          ],
          [
            1.1108235,
            33.6379808
          ],
          [
            1.1103043,
            33.6381934
          ],
          [
            1.1096551,
            33.638489
          ],
          [
            1.1086732,
            33.6390462
          ],
          [
            1.10789,
            33.6394819
          ],
          [
            1.1046846,
            33.6412356
          ],
          [
            1.0999904,
            33.6439478
          ],
          [
            1.0998729,
            33.6440147
          ],
          [
            1.0992202,
            33.6444376
          ],
          [
            1.0989024,
            33.6447375
          ],
          [
            1.0986787,
            33.6450211
          ],
          [
            1.098529,
            33.6452773
          ],
          [
            1.0983551,
            33.6455755
          ],
          [
            1.0982372,
            33.6460441
          ],
          [
            1.0981449,
            33.6466804
          ],
          [
            1.0980943,
            33.6472384
          ],
          [
            1.0980521,
            33.6474784
          ],
          [
            1.0979904,
            33.6476457
          ],
          [
            1.0979016,
            33.6478407
          ],
          [
            1.0977586,
            33.6480969
          ],
          [
            1.0975822,
            33.6483558
          ],
          [
            1.0973995,
            33.6485613
          ],
          [
            1.0972002,
            33.6487443
          ],
          [
            1.0969773,
            33.6489162
          ],
          [
            1.0967317,
            33.6490595
          ],
          [
            1.0964286,
            33.6491974
          ],
          [
            1.0961122,
            33.649313
          ],
          [
            1.0958297,
            33.6493952
          ],
          [
            1.0955238,
            33.6494693
          ],
          [
            1.0952417,
            33.6494956
          ],
          [
            1.0948658,
            33.6495103
          ],
          [
            1.0945236,
            33.6495028
          ],
          [
            1.0927907,
            33.6493481
          ],
          [
            1.0918172,
            33.6492982
          ],
          [
            1.0912468,
            33.649295
          ],
          [
            1.0906628,
            33.6493141
          ],
          [
            1.089417,
            33.649387
          ],
          [
            1.0872213,
            33.6495877
          ],
          [
            1.0867465,
            33.6496432
          ],
          [
            1.0863835,
            33.6497138
          ],
          [
            1.0858993,
            33.6498451
          ],
          [
            1.0853139,
            33.6500373
          ],
          [
            1.084607,
            33.6503127
          ],
          [
            1.0836773,
            33.6507543
          ],
          [
            1.0825135,
            33.6513489
          ],
          [
            1.081597,
            33.6518129
          ],
          [
            1.0812602,
            33.6519674
          ],
          [
            1.0806743,
            33.6522155
          ],
          [
            1.0793683,
            33.6527277
          ]
        ]
      },
      "properties": {
        "name": "آفلو - البيض",
        "highway": "primary",
        "maxspeed": "80",
        "ref": "RN 47"
      }
    },
    {
      "type": "Feature",
      "geometry": {
        "type": "LineString",
        "coordinates": [
          [
            1.0152092,
            33.6726364
          ],
          [
            1.0153004,
            33.6727881
          ],
          [
            1.0153442,
            33.6729675
          ]
        ]
      },
      "properties": {
        "highway": "secondary",
        "maxspeed": "40"
      }
    },
    {
      "type": "Feature",
      "geometry": {
        "type": "LineString",
        "coordinates": [
          [
            1.0142629,
            33.6828799
          ],
          [
            1.0142434,
            33.6828554
          ],
          [
            1.0141514,
            33.6827324
          ],
          [
            1.0140101,
            33.6824761
          ],
          [
            1.013922,
            33.6823261
          ]
        ]
      },
      "properties": {
        "highway": "primary",
        "maxspeed": "80"
      }
    },
    {
      "type": "Feature",
      "geometry": {
        "type": "LineString",
        "coordinates": [
          [
            1.0142629,
            33.6828799
          ],
          [
            1.0143475,
            33.6829304
          ],
          [
            1.0144424,
            33.6829746
          ]
        ]
      },
      "properties": {
        "highway": "primary",
        "maxspeed": "30"
      }
    },
    {
      "type": "Feature",
      "geometry": {
        "type": "LineString",
        "coordinates": [
          [
            1.0117972,
            33.5749235
          ],
          [
            1.0127166,
            33.5740312
          ],
          [
            1.0133133,
            33.5736614
          ],
          [
            1.0137718,
            33.5731399
          ],
          [
            1.0139683,
            33.5727822
          ],
          [
            1.0142893,
            33.5726324
          ],
          [
            1.0145141,
            33.5725275
          ],
          [
            1.015176,
            33.5724641
          ],
          [
            1.0155233,
            33.5724308
          ],
          [
            1.0158728,
            33.5723973
          ],
          [
            1.0162474,
            33.5723614
          ],
          [
            1.0166027,
            33.5723274
          ]
        ]
      },
      "properties": {
        "highway": "tertiary"
      }
    },
    {
      "type": "Feature",
      "geometry": {
        "type": "LineString",
        "coordinates": [
          [
            1.0166027,
            33.5723274
          ],
          [
            1.0167046,
            33.5730126
          ],
          [
            1.0167807,
            33.5742268
          ],
          [
            1.0167225,
            33.5745542
          ],
          [
            1.0165187,
            33.5748028
          ],
          [
            1.0161257,
            33.5750817
          ],
          [
            1.0157546,
            33.5755122
          ],
          [
            1.0153398,
            33.5757669
          ],
          [
            1.0152597,
            33.575967
          ],
          [
            1.0150268,
            33.5761185
          ],
          [
            1.0145637,
            33.5762959
          ],
          [
            1.0142191,
            33.5763667
          ],
          [
            1.0141,
            33.5763912
          ],
          [
            1.0138347,
            33.5764457
          ],
          [
            1.0139761,
            33.5771009
          ],
          [
            1.0132546,
            33.577309
          ],
          [
            1.0131366,
            33.5773623
          ],
          [
            1.0129609,
            33.5774724
          ]
        ]
      },
      "properties": {
        "highway": "tertiary"
      }
    },
    {
      "type": "Feature",
      "geometry": {
        "type": "LineString",
        "coordinates": [
          [
            1.0132546,
            33.577309
          ],
          [
            1.0128894,
            33.5770193
          ]
        ]
      },
      "properties": {
        "highway": "tertiary"
      }
    },
    {
      "type": "Feature",
      "geometry": {
        "type": "LineString",
        "coordinates": [
          [
            0.6287282,
            33.8531083
          ],
          [
            0.6189784,
            33.8534361
          ],
          [
            0.6152769,
            33.8535608
          ],
          [
            0.613453,
            33.8537123
          ],
          [
            0.6099018,
            33.854131
          ],
          [
            0.5936261,
            33.8559664
          ],
          [
            0.5776187,
            33.8577662
          ],
          [
            0.5739895,
            33.8581852
          ],
          [
            0.57053,
            33.8585981
          ],
          [
            0.5699962,
            33.8586582
          ],
          [
            0.5690306,
            33.8587718
          ],
          [
            0.5673382,
            33.8589567
          ],
          [
            0.5664155,
            33.8590591
          ],
          [
            0.5649483,
            33.8592306
          ],
          [
            0.5645916,
            33.859264
          ],
          [
            0.5633792,
            33.8594066
          ],
          [
            0.5620971,
            33.8595514
          ],
          [
            0.5609545,
            33.8596806
          ],
          [
            0.5598937,
            33.8597975
          ],
          [
            0.5586505,
            33.8599345
          ],
          [
            0.5573764,
            33.8600815
          ],
          [
            0.5560112,
            33.8602329
          ],
          [
            0.5550882,
            33.8603232
          ],
          [
            0.5544072,
            33.8603487
          ],
          [
            0.5537662,
            33.8603532
          ],
          [
            0.5532968,
            33.8603443
          ],
          [
            0.5529159,
            33.8603042
          ],
          [
            0.5526558,
            33.8602574
          ],
          [
            0.5519852,
            33.8601572
          ],
          [
            0.551725,
            33.8601149
          ],
          [
            0.5513442,
            33.8600547
          ],
          [
            0.5510357,
            33.8599924
          ],
          [
            0.5505636,
            33.85991
          ],
          [
            0.5502418,
            33.8598498
          ],
          [
            0.5498394,
            33.8597808
          ],
          [
            0.5495042,
            33.8597184
          ],
          [
            0.5489409,
            33.8596226
          ],
          [
            0.5484956,
            33.8595425
          ],
          [
            0.548206,
            33.8594912
          ],
          [
            0.5478676,
            33.8594144
          ],
          [
            0.5476427,
            33.8593799
          ],
          [
            0.5472565,
            33.859322
          ],
          [
            0.5466664,
            33.8592395
          ],
          [
            0.5459985,
            33.8591727
          ],
          [
            0.5455609,
            33.8591471
          ],
          [
            0.544939,
            33.8591616
          ],
          [
            0.5439734,
            33.8591749
          ],
          [
            0.54304,
            33.8591839
          ],
          [
            0.5427101,
            33.8591794
          ],
          [
            0.541994,
            33.8591905
          ],
          [
            0.5412939,
            33.8592017
          ],
          [
            0.5401862,
            33.8592195
          ],
          [
            0.539403,
            33.8592418
          ],
          [
            0.5383113,
            33.859264
          ],
          [
            0.5373591,
            33.8592819
          ],
          [
            0.5364981,
            33.8592975
          ],
          [
            0.5357015,
            33.859313
          ],
          [
            0.5221184,
            33.8594946
          ],
          [
            0.5127522,
            33.8596639
          ],
          [
            0.4716393,
            33.8602608
          ],
          [
            0.4500816,
            33.860591
          ],
          [
            0.3841604,
            33.8615828
          ],
          [
            0.3834263,
            33.861601
          ]
        ]
      },
      "properties": {
        "highway": "primary",
        "maxspeed": "80",
        "ref": "RN 6A"
      }
    },
    {
      "type": "Feature",
      "geometry": {
        "type": "LineString",
        "coordinates": [
          [
            1.1173032,
            33.518517
          ],
          [
            1.1179468,
            33.5186799
          ],
          [
            1.1207032,
            33.5193269
          ],
          [
            1.1230358,
            33.5198827
          ],
          [
            1.1244482,
            33.520229
          ],
          [
            1.1252501,
            33.520434
          ],
          [
            1.1257512,
            33.5205479
          ],
          [
            1.126184,
            33.5207028
          ],
          [
            1.1264984,
            33.5208258
          ],
          [
            1.1268993,
            33.5210263
          ],
          [
            1.1273686,
            33.521286
          ],
          [
            1.1282342,
            33.5217689
          ],
          [
            1.1296975,
            33.5228571
          ],
          [
            1.1304257,
            33.5230947
          ],
          [
            1.1310726,
            33.5231767
          ],
          [
            1.1319565,
            33.5232496
          ],
          [
            1.1326991,
            33.5233271
          ],
          [
            1.1331684,
            33.5234318
          ],
          [
            1.1342254,
            33.5236824
          ],
          [
            1.1414848,
            33.5259617
          ],
          [
            1.1424613,
            33.5263008
          ],
          [
            1.1454544,
            33.5277544
          ],
          [
            1.145899,
            33.5280505
          ],
          [
            1.1463594,
            33.5283766
          ],
          [
            1.1469788,
            33.5289116
          ],
          [
            1.1474617,
            33.5292852
          ],
          [
            1.1481451,
            33.5298228
          ],
          [
            1.1485461,
            33.5300916
          ],
          [
            1.1509015,
            33.5316406
          ],
          [
            1.1530656,
            33.5330347
          ],
          [
            1.1531408,
            33.5330871
          ],
          [
            1.1534005,
            33.5333195
          ],
          [
            1.1536374,
            33.5335746
          ],
          [
            1.1538333,
            33.5338434
          ],
          [
            1.1540041,
            33.5341009
          ],
          [
            1.1542775,
            33.5346293
          ],
          [
            1.1545873,
            33.5353856
          ],
          [
            1.155011,
            33.5364199
          ],
          [
            1.1553254,
            33.5372172
          ],
          [
            1.1554131,
            33.5375099
          ],
          [
            1.1554769,
            33.5378698
          ],
          [
            1.1555429,
            33.5381546
          ],
          [
            1.1555577,
            33.5383744
          ],
          [
            1.1555612,
            33.5385099
          ],
          [
            1.155552,
            33.5388562
          ],
          [
            1.1555407,
            33.539633
          ],
          [
            1.155486,
            33.5402617
          ],
          [
            1.1554837,
            33.5405692
          ],
          [
            1.1555179,
            33.5407446
          ],
          [
            1.1555931,
            33.5409519
          ],
          [
            1.1557411,
            33.5415419
          ],
          [
            1.1559006,
            33.5421046
          ],
          [
            1.1559621,
            33.5422618
          ],
          [
            1.1560168,
            33.5423552
          ],
          [
            1.156101,
            33.5424782
          ],
          [
            1.1562354,
            33.542608
          ],
          [
            1.1564131,
            33.5427333
          ],
          [
            1.1565771,
            33.5428313
          ],
          [
            1.1567731,
            33.5429201
          ],
          [
            1.1569758,
            33.542993
          ],
          [
            1.1572902,
            33.5430204
          ],
          [
            1.1576296,
            33.5430067
          ],
          [
            1.1578483,
            33.542968
          ],
          [
            1.1584861,
            33.5428245
          ],
          [
            1.1587504,
            33.5427698
          ],
          [
            1.1588367,
            33.5427568
          ],
          [
            1.158944,
            33.5427447
          ],
          [
            1.1591513,
            33.5427288
          ],
          [
            1.1593631,
            33.5427424
          ],
          [
            1.1596593,
            33.5427789
          ],
          [
            1.1599418,
            33.5428518
          ],
          [
            1.1601946,
            33.5429224
          ],
          [
            1.1604406,
            33.5430363
          ],
          [
            1.1607322,
            33.5432049
          ],
          [
            1.1615774,
            33.5438268
          ],
          [
            1.1622767,
            33.5444099
          ],
          [
            1.1624567,
            33.5445352
          ],
          [
            1.1626799,
            33.5446582
          ],
          [
            1.1628918,
            33.5447676
          ],
          [
            1.163967,
            33.5453371
          ],
          [
            1.164778,
            33.5457813
          ],
          [
            1.1664887,
            33.5466993
          ],
          [
            1.1677029,
            33.5473508
          ],
          [
            1.1692565,
            33.5481846
          ],
          [
            1.1705087,
            33.5488391
          ],
          [
            1.172757,
            33.5502492
          ],
          [
            1.1763738,
            33.5524316
          ],
          [
            1.1778902,
            33.5532227
          ],
          [
            1.1812147,
            33.5546998
          ],
          [
            1.18251,
            33.5553055
          ],
          [
            1.1831779,
            33.5556902
          ],
          [
            1.1854677,
            33.5574821
          ],
          [
            1.1890264,
            33.5600886
          ],
          [
            1.1924741,
            33.5623442
          ],
          [
            1.1941174,
            33.5637302
          ],
          [
            1.195249,
            33.5646332
          ],
          [
            1.1961498,
            33.5652563
          ],
          [
            1.1969473,
            33.5657065
          ],
          [
            1.1975169,
            33.5659969
          ],
          [
            1.1983046,
            33.5663147
          ],
          [
            1.2009414,
            33.5672602
          ],
          [
            1.2015953,
            33.5674855
          ],
          [
            1.2022264,
            33.5677589
          ],
          [
            1.2073347,
            33.5700188
          ],
          [
            1.2082871,
            33.5704051
          ],
          [
            1.2094544,
            33.5709305
          ],
          [
            1.2105408,
            33.5715686
          ],
          [
            1.2117422,
            33.5722931
          ]
        ]
      },
      "properties": {
        "highway": "secondary"
      }
    },
    {
      "type": "Feature",
      "geometry": {
        "type": "LineString",
        "coordinates": [
          [
            1.1169809,
            33.5184385
          ],
          [
            1.1173032,
            33.518517
          ]
        ]
      },
      "properties": {
        "highway": "secondary"
      }
    },
    {
      "type": "Feature",
      "geometry": {
        "type": "LineString",
        "coordinates": [
          [
            1.2231309,
            33.7537451
          ],
          [
            1.2232268,
            33.7539713
          ],
          [
            1.2232593,
            33.7541321
          ],
          [
            1.2232918,
            33.7543289
          ],
          [
            1.2233032,
            33.7545351
          ],
          [
            1.2232991,
            33.7546902
          ],
          [
            1.2232873,
            33.7548988
          ],
          [
            1.2232411,
            33.7553104
          ],
          [
            1.2231717,
            33.7557743
          ],
          [
            1.2230837,
            33.7563206
          ],
          [
            1.2229984,
            33.7568495
          ],
          [
            1.2229897,
            33.7570152
          ],
          [
            1.2230036,
            33.7571401
          ],
          [
            1.223007,
            33.7571703
          ],
          [
            1.223014,
            33.7573179
          ],
          [
            1.223008,
            33.7573926
          ]
        ]
      },
      "properties": {
        "name": "El Bayadh-Stitten",
        "highway": "secondary"
      }
    },
    {
      "type": "Feature",
      "geometry": {
        "type": "LineString",
        "coordinates": [
          [
            1.2228719,
            33.7574223
          ],
          [
            1.2228403,
            33.7573209
          ],
          [
            1.2228397,
            33.7572041
          ],
          [
            1.2228457,
            33.757142
          ],
          [
            1.2228596,
            33.7570035
          ],
          [
            1.2228836,
            33.7568037
          ],
          [
            1.2228922,
            33.75676
          ],
          [
            1.222954,
            33.7564291
          ],
          [
            1.2230181,
            33.7560594
          ],
          [
            1.223083,
            33.7557628
          ],
          [
            1.223151,
            33.7553043
          ],
          [
            1.2232001,
            33.7548769
          ],
          [
            1.2232055,
            33.7546762
          ],
          [
            1.2232119,
            33.7545464
          ],
          [
            1.2232028,
            33.7543679
          ],
          [
            1.223141,
            33.7539824
          ],
          [
            1.2231309,
            33.7537451
          ]
        ]
      },
      "properties": {
        "highway": "secondary"
      }
    },
    {
      "type": "Feature",
      "geometry": {
        "type": "LineString",
        "coordinates": [
          [
            1.0100571,
            33.6449391
          ],
          [
            1.0102818,
            33.6449235
          ],
          [
            1.0104982,
            33.6448818
          ]
        ]
      },
      "properties": {
        "highway": "primary",
        "maxspeed": "40"
      }
    },
    {
      "type": "Feature",
      "geometry": {
        "type": "LineString",
        "coordinates": [
          [
            1.0112968,
            33.6450139
          ],
          [
            1.0109876,
            33.6450535
          ],
          [
            1.0108514,
            33.6450474
          ]
        ]
      },
      "properties": {
        "highway": "primary",
        "maxspeed": "40"
      }
    },
    {
      "type": "Feature",
      "geometry": {
        "type": "LineString",
        "coordinates": [
          [
            1.5347295,
            33.7271192
          ],
          [
            1.5343888,
            33.727245
          ],
          [
            1.5342708,
            33.7273021
          ],
          [
            1.5342257,
            33.7274119
          ],
          [
            1.5342216,
            33.7275931
          ],
          [
            1.5342297,
            33.7283596
          ],
          [
            1.5342377,
            33.729118
          ],
          [
            1.5342524,
            33.7305163
          ],
          [
            1.5342636,
            33.7315815
          ],
          [
            1.5342099,
            33.7319741
          ]
        ]
      },
      "properties": {
        "highway": "tertiary"
      }
    },
    {
      "type": "Feature",
      "geometry": {
        "type": "LineString",
        "coordinates": [
          [
            1.5342099,
            33.7319741
          ],
          [
            1.5341456,
            33.7315726
          ],
          [
            1.5341427,
            33.7304692
          ],
          [
            1.534139,
            33.7290814
          ],
          [
            1.5341369,
            33.7283205
          ],
          [
            1.5341349,
            33.7275647
          ],
          [
            1.5341235,
            33.7273211
          ],
          [
            1.5340755,
            33.7271931
          ],
          [
            1.534013,
            33.7270447
          ],
          [
            1.533905,
            33.7268449
          ]
        ]
      },
      "properties": {
        "highway": "tertiary"
      }
    },
    {
      "type": "Feature",
      "geometry": {
        "type": "LineString",
        "coordinates": [
          [
            1.5342099,
            33.7319741
          ],
          [
            1.5342636,
            33.7346687
          ],
          [
            1.5342958,
            33.7358196
          ],
          [
            1.5344031,
            33.7361943
          ],
          [
            1.5345318,
            33.7364085
          ],
          [
            1.534961,
            33.7368367
          ],
          [
            1.5368814,
            33.7385676
          ],
          [
            1.5369981,
            33.7386635
          ],
          [
            1.5371054,
            33.7387204
          ],
          [
            1.5378043,
            33.7390575
          ],
          [
            1.5384919,
            33.7393603
          ],
          [
            1.5385412,
            33.739402
          ],
          [
            1.5385698,
            33.7394482
          ],
          [
            1.538582,
            33.7395099
          ],
          [
            1.5385683,
            33.7395719
          ],
          [
            1.5384051,
            33.7398011
          ],
          [
            1.5383489,
            33.7398955
          ],
          [
            1.5383078,
            33.7400044
          ],
          [
            1.5382874,
            33.7401291
          ],
          [
            1.5382925,
            33.7402463
          ],
          [
            1.5383419,
            33.7406932
          ],
          [
            1.5383501,
            33.7407432
          ],
          [
            1.5383649,
            33.7407978
          ],
          [
            1.5383821,
            33.740841
          ],
          [
            1.5385023,
            33.7410627
          ],
          [
            1.5385359,
            33.741119
          ],
          [
            1.5385744,
            33.7411759
          ]
        ]
      },
      "properties": {
        "highway": "tertiary"
      }
    },
    {
      "type": "Feature",
      "geometry": {
        "type": "LineString",
        "coordinates": [
          [
            1.2234624,
            33.7578797
          ],
          [
            1.2234398,
            33.7580012
          ],
          [
            1.2234599,
            33.7581853
          ],
          [
            1.223507,
            33.7585083
          ],
          [
            1.2235522,
            33.7588084
          ],
          [
            1.2232014,
            33.7591163
          ],
          [
            1.2223758,
            33.7599593
          ],
          [
            1.2222578,
            33.7601118
          ],
          [
            1.2222025,
            33.7602347
          ],
          [
            1.2221767,
            33.7603287
          ],
          [
            1.2221786,
            33.7604185
          ],
          [
            1.222209,
            33.7605064
          ],
          [
            1.2224192,
            33.7607699
          ],
          [
            1.2238751,
            33.762397
          ],
          [
            1.2240194,
            33.7625603
          ],
          [
            1.2242629,
            33.7628167
          ],
          [
            1.2244821,
            33.7631103
          ],
          [
            1.224831,
            33.7636497
          ],
          [
            1.2256033,
            33.7649221
          ],
          [
            1.2259061,
            33.7653546
          ],
          [
            1.2261672,
            33.7656654
          ],
          [
            1.2264243,
            33.7659087
          ],
          [
            1.2267191,
            33.766167
          ],
          [
            1.2270057,
            33.7663713
          ],
          [
            1.2273259,
            33.7665418
          ],
          [
            1.2276544,
            33.7666579
          ],
          [
            1.2280382,
            33.7667532
          ],
          [
            1.2285765,
            33.7668687
          ],
          [
            1.229178,
            33.7670055
          ],
          [
            1.2300735,
            33.7672279
          ],
          [
            1.2314686,
            33.7676534
          ],
          [
            1.2327904,
            33.7679843
          ],
          [
            1.2339404,
            33.7682813
          ],
          [
            1.2349499,
            33.768521
          ],
          [
            1.2364217,
            33.768891
          ],
          [
            1.237251,
            33.7690805
          ],
          [
            1.2376814,
            33.7691535
          ],
          [
            1.2381605,
            33.7691893
          ],
          [
            1.2387309,
            33.7691886
          ],
          [
            1.2392567,
            33.7691547
          ],
          [
            1.2395956,
            33.7691141
          ],
          [
            1.2399992,
            33.7690028
          ],
          [
            1.2403173,
            33.7688633
          ],
          [
            1.2407087,
            33.7686495
          ],
          [
            1.2410929,
            33.7684246
          ],
          [
            1.2413594,
            33.7682916
          ],
          [
            1.2416919,
            33.7681778
          ],
          [
            1.2422642,
            33.7680673
          ],
          [
            1.2445134,
            33.7677488
          ],
          [
            1.2451478,
            33.7676796
          ],
          [
            1.245778,
            33.7676416
          ],
          [
            1.2463392,
            33.7676341
          ],
          [
            1.2469569,
            33.7676807
          ],
          [
            1.2483366,
            33.7678101
          ],
          [
            1.2489774,
            33.7678891
          ],
          [
            1.249675,
            33.768002
          ],
          [
            1.2512132,
            33.7683041
          ],
          [
            1.253449,
            33.768879
          ],
          [
            1.2552395,
            33.7693321
          ],
          [
            1.2569914,
            33.769783
          ],
          [
            1.2576446,
            33.769977
          ],
          [
            1.2592833,
            33.7706292
          ],
          [
            1.2600573,
            33.7709652
          ],
          [
            1.2602881,
            33.7710809
          ],
          [
            1.2604769,
            33.7712237
          ],
          [
            1.2615746,
            33.7723014
          ],
          [
            1.2624565,
            33.773216
          ],
          [
            1.2638475,
            33.7745847
          ],
          [
            1.2643209,
            33.7750966
          ],
          [
            1.2646247,
            33.7754897
          ],
          [
            1.2649765,
            33.7760294
          ],
          [
            1.2662992,
            33.7782231
          ],
          [
            1.2679243,
            33.780864
          ],
          [
            1.2683916,
            33.7815852
          ],
          [
            1.2686345,
            33.7818857
          ],
          [
            1.2689568,
            33.7822261
          ],
          [
            1.2693117,
            33.7825394
          ],
          [
            1.2698047,
            33.7829071
          ],
          [
            1.2717424,
            33.7842602
          ],
          [
            1.2738886,
            33.7860083
          ],
          [
            1.2751806,
            33.7872693
          ],
          [
            1.277414,
            33.7895729
          ],
          [
            1.2803762,
            33.7927913
          ],
          [
            1.2826792,
            33.7954398
          ],
          [
            1.2831373,
            33.7959971
          ],
          [
            1.2834699,
            33.796443
          ],
          [
            1.2836904,
            33.7967726
          ],
          [
            1.2846393,
            33.7986529
          ],
          [
            1.2854239,
            33.8002472
          ],
          [
            1.2862178,
            33.8018881
          ],
          [
            1.2864119,
            33.8022536
          ],
          [
            1.2866855,
            33.8026928
          ],
          [
            1.2880266,
            33.8047921
          ],
          [
            1.2893766,
            33.8069828
          ],
          [
            1.2904652,
            33.8087699
          ],
          [
            1.2914047,
            33.8103355
          ],
          [
            1.2917903,
            33.8109825
          ],
          [
            1.2921667,
            33.811579
          ],
          [
            1.2922961,
            33.8118001
          ],
          [
            1.2924162,
            33.8120755
          ],
          [
            1.2925163,
            33.8124091
          ],
          [
            1.2929913,
            33.8140895
          ],
          [
            1.2934962,
            33.816122
          ],
          [
            1.2935601,
            33.8166128
          ],
          [
            1.2935772,
            33.817026
          ],
          [
            1.2934951,
            33.8190848
          ],
          [
            1.2934956,
            33.8198156
          ],
          [
            1.2934907,
            33.8210285
          ],
          [
            1.293464,
            33.8214929
          ],
          [
            1.2933859,
            33.8220465
          ],
          [
            1.2930842,
            33.8237938
          ],
          [
            1.2927389,
            33.8258787
          ],
          [
            1.2925241,
            33.8267689
          ],
          [
            1.2924056,
            33.827067
          ],
          [
            1.2922592,
            33.8273807
          ],
          [
            1.2919046,
            33.8279566
          ],
          [
            1.2917694,
            33.8281988
          ],
          [
            1.2917004,
            33.8284262
          ],
          [
            1.2916828,
            33.8286536
          ],
          [
            1.2917179,
            33.8289535
          ],
          [
            1.2918091,
            33.8292301
          ],
          [
            1.2919834,
            33.8295615
          ],
          [
            1.2924064,
            33.8301642
          ],
          [
            1.2928573,
            33.830798
          ],
          [
            1.2943442,
            33.832827
          ],
          [
            1.2945968,
            33.8332758
          ],
          [
            1.2947592,
            33.8337047
          ],
          [
            1.2948977,
            33.8342349
          ],
          [
            1.2949503,
            33.834635
          ],
          [
            1.2949291,
            33.8350019
          ],
          [
            1.2948471,
            33.8357916
          ],
          [
            1.294828,
            33.8360665
          ],
          [
            1.2949184,
            33.8371142
          ],
          [
            1.295033,
            33.838434
          ],
          [
            1.2950842,
            33.8388493
          ],
          [
            1.2951514,
            33.8392119
          ],
          [
            1.2952819,
            33.8396972
          ],
          [
            1.29552,
            33.840543
          ],
          [
            1.295692,
            33.8412781
          ],
          [
            1.2958874,
            33.8421761
          ],
          [
            1.2959756,
            33.8427604
          ],
          [
            1.2960358,
            33.843306
          ],
          [
            1.2962529,
            33.8453137
          ],
          [
            1.2962646,
            33.8458343
          ],
          [
            1.296245,
            33.8462116
          ],
          [
            1.2961974,
            33.8466199
          ],
          [
            1.2960941,
            33.8471385
          ],
          [
            1.2959472,
            33.8476639
          ],
          [
            1.2957475,
            33.8482864
          ],
          [
            1.2956974,
            33.8484976
          ],
          [
            1.2956769,
            33.8486846
          ],
          [
            1.2956659,
            33.8489026
          ],
          [
            1.2957877,
            33.8508147
          ],
          [
            1.2958814,
            33.8525678
          ],
          [
            1.2959348,
            33.853783
          ],
          [
            1.295969,
            33.8542863
          ],
          [
            1.2960095,
            33.8545456
          ],
          [
            1.2960593,
            33.8548322
          ],
          [
            1.2962489,
            33.8557464
          ],
          [
            1.2966077,
            33.8570299
          ],
          [
            1.2972378,
            33.8592469
          ],
          [
            1.2983258,
            33.86445
          ],
          [
            1.2985977,
            33.8657895
          ],
          [
            1.2986957,
            33.8664415
          ],
          [
            1.2987917,
            33.8677328
          ],
          [
            1.2988019,
            33.8682045
          ],
          [
            1.2987917,
            33.8695215
          ],
          [
            1.2986841,
            33.8701579
          ],
          [
            1.2984718,
            33.8708831
          ],
          [
            1.2982241,
            33.8715854
          ],
          [
            1.2976979,
            33.8728239
          ],
          [
            1.2974771,
            33.8732288
          ],
          [
            1.2973122,
            33.8734826
          ],
          [
            1.2970361,
            33.8737682
          ],
          [
            1.2966806,
            33.8740577
          ],
          [
            1.2953872,
            33.8749521
          ],
          [
            1.2948551,
            33.8753716
          ],
          [
            1.2943592,
            33.8758055
          ],
          [
            1.2937513,
            33.8765031
          ],
          [
            1.2933711,
            33.8770262
          ],
          [
            1.2931591,
            33.8773631
          ],
          [
            1.2930478,
            33.8776003
          ],
          [
            1.2930061,
            33.8777926
          ],
          [
            1.2929831,
            33.8780236
          ],
          [
            1.2929728,
            33.8795524
          ],
          [
            1.2930192,
            33.8803163
          ],
          [
            1.2930936,
            33.8810569
          ],
          [
            1.2934787,
            33.8847856
          ],
          [
            1.2937277,
            33.8863196
          ],
          [
            1.2940814,
            33.8880385
          ],
          [
            1.2944354,
            33.8894767
          ],
          [
            1.2944617,
            33.8896748
          ],
          [
            1.2944573,
            33.8898879
          ],
          [
            1.2944345,
            33.8901111
          ],
          [
            1.2943642,
            33.8903992
          ],
          [
            1.2942791,
            33.890612
          ],
          [
            1.2941699,
            33.8908143
          ],
          [
            1.2940237,
            33.8910115
          ],
          [
            1.2935748,
            33.891591
          ],
          [
            1.2934172,
            33.891833
          ],
          [
            1.2932936,
            33.8920775
          ],
          [
            1.2929633,
            33.8928709
          ],
          [
            1.2928998,
            33.8930733
          ],
          [
            1.2928333,
            33.8933217
          ],
          [
            1.2927958,
            33.893603
          ],
          [
            1.2927799,
            33.8938895
          ],
          [
            1.2928122,
            33.894522
          ],
          [
            1.2928072,
            33.8948799
          ],
          [
            1.292786,
            33.8951771
          ],
          [
            1.2927629,
            33.8954216
          ],
          [
            1.2927154,
            33.8957606
          ],
          [
            1.292367,
            33.8974758
          ],
          [
            1.2923189,
            33.8978138
          ],
          [
            1.2922992,
            33.8981483
          ],
          [
            1.2922988,
            33.8985367
          ],
          [
            1.2923066,
            33.8989791
          ],
          [
            1.2922898,
            33.8995953
          ],
          [
            1.2922567,
            33.8999347
          ],
          [
            1.2921918,
            33.9001955
          ],
          [
            1.2920944,
            33.9004731
          ],
          [
            1.2909797,
            33.9029787
          ],
          [
            1.2906522,
            33.9037343
          ],
          [
            1.2904243,
            33.9041835
          ],
          [
            1.2901964,
            33.9045653
          ],
          [
            1.2887643,
            33.9068571
          ]
        ]
      },
      "properties": {
        "name": "El Bayadh-Stitten",
        "highway": "secondary"
      }
    },
    {
      "type": "Feature",
      "geometry": {
        "type": "LineString",
        "coordinates": [
          [
            1.2230396,
            33.7574095
          ],
          [
            1.223063,
            33.7574339
          ],
          [
            1.2230756,
            33.7574633
          ],
          [
            1.2230761,
            33.7574945
          ],
          [
            1.2230645,
            33.7575242
          ],
          [
            1.2230419,
            33.7575492
          ],
          [
            1.2230108,
            33.7575667
          ],
          [
            1.2229743,
            33.757575
          ],
          [
            1.2229365,
            33.7575729
          ],
          [
            1.2229016,
            33.7575607
          ],
          [
            1.2228734,
            33.7575397
          ],
          [
            1.222855,
            33.7575122
          ],
          [
            1.2228483,
            33.7574812
          ],
          [
            1.2228542,
            33.7574501
          ],
          [
            1.2228719,
            33.7574223
          ],
          [
            1.2228995,
            33.7574008
          ],
          [
            1.2229341,
            33.757388
          ],
          [
            1.2229715,
            33.7573852
          ],
          [
            1.223008,
            33.7573926
          ],
          [
            1.2230396,
            33.7574095
          ]
        ]
      },
      "properties": {
        "highway": "secondary"
      }
    },
    {
      "type": "Feature",
      "geometry": {
        "type": "LineString",
        "coordinates": [
          [
            1.2230419,
            33.7575492
          ],
          [
            1.2231284,
            33.7576304
          ],
          [
            1.2232078,
            33.7576945
          ],
          [
            1.2233269,
            33.7577392
          ],
          [
            1.2234334,
            33.7577586
          ]
        ]
      },
      "properties": {
        "highway": "secondary"
      }
    },
    {
      "type": "Feature",
      "geometry": {
        "type": "LineString",
        "coordinates": [
          [
            1.2236185,
            33.7577895
          ],
          [
            1.22362,
            33.7578183
          ],
          [
            1.22361,
            33.7578459
          ],
          [
            1.2235894,
            33.7578691
          ],
          [
            1.2235608,
            33.7578854
          ],
          [
            1.2235273,
            33.7578928
          ],
          [
            1.2234927,
            33.7578906
          ],
          [
            1.2234624,
            33.7578797
          ],
          [
            1.2234504,
            33.7578708
          ],
          [
            1.2234378,
            33.7578614
          ],
          [
            1.2234214,
            33.7578375
          ],
          [
            1.223415,
            33.7578106
          ],
          [
            1.2234191,
            33.7577834
          ],
          [
            1.2234334,
            33.7577586
          ],
          [
            1.2234564,
            33.7577389
          ],
          [
            1.2234857,
            33.7577263
          ],
          [
            1.2235183,
            33.757722
          ],
          [
            1.2235525,
            33.7577269
          ],
          [
            1.2235827,
            33.7577411
          ],
          [
            1.2236056,
            33.7577627
          ],
          [
            1.2236185,
            33.7577895
          ]
        ]
      },
      "properties": {
        "highway": "secondary"
      }
    },
    {
      "type": "Feature",
      "geometry": {
        "type": "LineString",
        "coordinates": [
          [
            1.0364278,
            33.7144858
          ],
          [
            1.0366738,
            33.7146015
          ],
          [
            1.0376582,
            33.7149986
          ],
          [
            1.0379371,
            33.7151236
          ],
          [
            1.0381356,
            33.7152619
          ],
          [
            1.0384387,
            33.7155006
          ],
          [
            1.0387284,
            33.7157951
          ],
          [
            1.0396376,
            33.7167857
          ],
          [
            1.0412067,
            33.7184723
          ],
          [
            1.0415493,
            33.7188421
          ],
          [
            1.042234,
            33.7195811
          ],
          [
            1.042698,
            33.7200162
          ],
          [
            1.0433739,
            33.7205918
          ],
          [
            1.0442322,
            33.72129
          ],
          [
            1.0447258,
            33.7216894
          ],
          [
            1.0453775,
            33.7221311
          ],
          [
            1.0457477,
            33.7224055
          ],
          [
            1.0460696,
            33.7226286
          ],
          [
            1.0463512,
            33.7228784
          ],
          [
            1.046606,
            33.723135
          ],
          [
            1.0468286,
            33.7233871
          ],
          [
            1.0471076,
            33.7237507
          ],
          [
            1.0474241,
            33.7241701
          ],
          [
            1.0480437,
            33.7250178
          ],
          [
            1.0484996,
            33.7256335
          ],
          [
            1.0488617,
            33.7261132
          ],
          [
            1.049256,
            33.7265616
          ],
          [
            1.0496449,
            33.7269676
          ],
          [
            1.0501546,
            33.7274918
          ],
          [
            1.0508278,
            33.7282056
          ],
          [
            1.0515842,
            33.7290065
          ],
          [
            1.0523835,
            33.7298519
          ],
          [
            1.0526597,
            33.7301486
          ],
          [
            1.0530835,
            33.7307129
          ],
          [
            1.0535127,
            33.7313041
          ],
          [
            1.0540196,
            33.7319933
          ],
          [
            1.0548592,
            33.7331287
          ],
          [
            1.055975,
            33.7346299
          ],
          [
            1.0565382,
            33.7353905
          ],
          [
            1.0569057,
            33.7360084
          ],
          [
            1.0575119,
            33.7372084
          ],
          [
            1.0583219,
            33.7388523
          ],
          [
            1.0584936,
            33.7391757
          ],
          [
            1.0586008,
            33.7395014
          ],
          [
            1.0587886,
            33.7403132
          ],
          [
            1.0589468,
            33.7412478
          ],
          [
            1.0590917,
            33.7420641
          ],
          [
            1.0591266,
            33.7425481
          ],
          [
            1.0590997,
            33.7431035
          ],
          [
            1.058971,
            33.7440001
          ],
          [
            1.0587725,
            33.745481
          ],
          [
            1.0587457,
            33.7459003
          ],
          [
            1.0587618,
            33.7464222
          ],
          [
            1.0588235,
            33.7467456
          ],
          [
            1.0589039,
            33.7470466
          ],
          [
            1.0590729,
            33.7473901
          ],
          [
            1.0593519,
            33.7477871
          ],
          [
            1.0596898,
            33.7482287
          ],
          [
            1.0602289,
            33.7489156
          ],
          [
            1.0606903,
            33.7495021
          ],
          [
            1.0613367,
            33.7503585
          ]
        ]
      },
      "properties": {
        "highway": "secondary"
      }
    },
    {
      "type": "Feature",
      "geometry": {
        "type": "LineString",
        "coordinates": [
          [
            1.0126935,
            33.669459
          ],
          [
            1.0128416,
            33.6694341
          ],
          [
            1.0131237,
            33.6693998
          ]
        ]
      },
      "properties": {
        "highway": "tertiary",
        "maxspeed": "30"
      }
    },
    {
      "type": "Feature",
      "geometry": {
        "type": "LineString",
        "coordinates": [
          [
            1.0132534,
            33.6693887
          ],
          [
            1.0135896,
            33.6693791
          ]
        ]
      },
      "properties": {
        "highway": "tertiary",
        "maxspeed": "30"
      }
    },
    {
      "type": "Feature",
      "geometry": {
        "type": "LineString",
        "coordinates": [
          [
            1.0151906,
            33.6723085
          ],
          [
            1.0151973,
            33.6723788
          ],
          [
            1.0152,
            33.6724569
          ],
          [
            1.0151884,
            33.6725848
          ]
        ]
      },
      "properties": {
        "highway": "secondary",
        "maxspeed": "30"
      }
    },
    {
      "type": "Feature",
      "geometry": {
        "type": "LineString",
        "coordinates": [
          [
            1.0337797,
            33.6688664
          ],
          [
            1.0338836,
            33.6688078
          ],
          [
            1.0344529,
            33.6685148
          ],
          [
            1.0358557,
            33.6678272
          ],
          [
            1.0367449,
            33.6673774
          ],
          [
            1.0368508,
            33.6673272
          ],
          [
            1.0375911,
            33.6669432
          ],
          [
            1.038731,
            33.6663885
          ],
          [
            1.038841,
            33.6663293
          ],
          [
            1.0393466,
            33.6660927
          ],
          [
            1.0401902,
            33.6656786
          ],
          [
            1.041196,
            33.6651713
          ]
        ]
      },
      "properties": {
        "highway": "tertiary",
        "maxspeed": "50"
      }
    },
    {
      "type": "Feature",
      "geometry": {
        "type": "LineString",
        "coordinates": [
          [
            1.0308842,
            33.6711522
          ],
          [
            1.0309442,
            33.6712521
          ],
          [
            1.0309765,
            33.6713855
          ],
          [
            1.0309879,
            33.671496
          ]
        ]
      },
      "properties": {
        "highway": "tertiary",
        "maxspeed": "30"
      }
    },
    {
      "type": "Feature",
      "geometry": {
        "type": "LineString",
        "coordinates": [
          [
            1.1859441,
            33.6004632
          ],
          [
            1.1857574,
            33.6005415
          ],
          [
            1.1850134,
            33.6009369
          ],
          [
            1.1843032,
            33.6015633
          ],
          [
            1.1833752,
            33.6022493
          ],
          [
            1.1810591,
            33.6037645
          ],
          [
            1.1774442,
            33.6058208
          ],
          [
            1.1761191,
            33.6064883
          ],
          [
            1.1750533,
            33.6070649
          ],
          [
            1.1743319,
            33.6075589
          ],
          [
            1.1733343,
            33.6083633
          ],
          [
            1.1713718,
            33.609927
          ],
          [
            1.1700869,
            33.6109884
          ]
        ]
      },
      "properties": {
        "highway": "primary",
        "ref": "RN 107"
      }
    },
    {
      "type": "Feature",
      "geometry": {
        "type": "LineString",
        "coordinates": [
          [
            1.1867145,
            33.6001774
          ],
          [
            1.1859441,
            33.6004632
          ]
        ]
      },
      "properties": {
        "highway": "primary",
        "ref": "RN 107"
      }
    },
    {
      "type": "Feature",
      "geometry": {
        "type": "LineString",
        "coordinates": [
          [
            1.0179556,
            33.6842727
          ],
          [
            1.0180748,
            33.6842582
          ],
          [
            1.0181634,
            33.68425
          ]
        ]
      },
      "properties": {
        "highway": "primary"
      }
    },
    {
      "type": "Feature",
      "geometry": {
        "type": "LineString",
        "coordinates": [
          [
            1.0181334,
            33.6843429
          ],
          [
            1.0180634,
            33.684335
          ],
          [
            1.0179556,
            33.6842727
          ]
        ]
      },
      "properties": {
        "highway": "primary"
      }
    },
    {
      "type": "Feature",
      "geometry": {
        "type": "LineString",
        "coordinates": [
          [
            1.0185305,
            33.684083
          ],
          [
            1.0184722,
            33.6842247
          ],
          [
            1.0184233,
            33.6842988
          ]
        ]
      },
      "properties": {
        "highway": "primary"
      }
    },
    {
      "type": "Feature",
      "geometry": {
        "type": "LineString",
        "coordinates": [
          [
            1.0183848,
            33.6844124
          ],
          [
            1.0183932,
            33.6845009
          ],
          [
            1.0184145,
            33.6845599
          ]
        ]
      },
      "properties": {
        "highway": "primary"
      }
    },
    {
      "type": "Feature",
      "geometry": {
        "type": "LineString",
        "coordinates": [
          [
            1.0184145,
            33.6845599
          ],
          [
            1.0183293,
            33.6845146
          ],
          [
            1.0182457,
            33.6844479
          ]
        ]
      },
      "properties": {
        "highway": "primary"
      }
    },
    {
      "type": "Feature",
      "geometry": {
        "type": "LineString",
        "coordinates": [
          [
            1.0183162,
            33.6842093
          ],
          [
            1.0183763,
            33.6841712
          ],
          [
            1.0184461,
            33.6841207
          ],
          [
            1.0185305,
            33.684083
          ]
        ]
      },
      "properties": {
        "highway": "primary",
        "maxspeed": "40"
      }
    },
    {
      "type": "Feature",
      "geometry": {
        "type": "LineString",
        "coordinates": [
          [
            1.018249,
            33.6842074
          ],
          [
            1.0182828,
            33.6842051
          ],
          [
            1.0183162,
            33.6842093
          ],
          [
            1.0183482,
            33.68422
          ],
          [
            1.0183763,
            33.6842365
          ],
          [
            1.0183991,
            33.684258
          ],
          [
            1.0184152,
            33.6842834
          ],
          [
            1.0184233,
            33.6842988
          ],
          [
            1.0184247,
            33.6843385
          ],
          [
            1.0184182,
            33.6843655
          ],
          [
            1.0184047,
            33.6843905
          ],
          [
            1.0183848,
            33.6844124
          ],
          [
            1.0183554,
            33.6844324
          ],
          [
            1.0183209,
            33.6844454
          ],
          [
            1.0182835,
            33.6844507
          ],
          [
            1.0182457,
            33.6844479
          ],
          [
            1.018205,
            33.6844349
          ],
          [
            1.0181706,
            33.6844126
          ],
          [
            1.0181456,
            33.6843829
          ],
          [
            1.0181334,
            33.6843429
          ],
          [
            1.01813,
            33.684323
          ],
          [
            1.0181345,
            33.6842977
          ],
          [
            1.0181451,
            33.6842737
          ],
          [
            1.0181634,
            33.68425
          ],
          [
            1.0181877,
            33.6842304
          ],
          [
            1.0182168,
            33.6842159
          ],
          [
            1.018249,
            33.6842074
          ]
        ]
      },
      "properties": {
        "highway": "primary"
      }
    },
    {
      "type": "Feature",
      "geometry": {
        "type": "LineString",
        "coordinates": [
          [
            1.0138312,
            33.682175
          ],
          [
            1.0139199,
            33.6821229
          ],
          [
            1.0140004,
            33.6820832
          ],
          [
            1.0141652,
            33.6820275
          ]
        ]
      },
      "properties": {
        "highway": "primary",
        "maxspeed": "40"
      }
    },
    {
      "type": "Feature",
      "geometry": {
        "type": "LineString",
        "coordinates": [
          [
            1.0141652,
            33.6820275
          ],
          [
            1.0140357,
            33.6821948
          ],
          [
            1.013922,
            33.6823261
          ]
        ]
      },
      "properties": {
        "highway": "primary",
        "maxspeed": "40"
      }
    },
    {
      "type": "Feature",
      "geometry": {
        "type": "LineString",
        "coordinates": [
          [
            1.0115809,
            33.6889813
          ],
          [
            1.0114047,
            33.6890155
          ],
          [
            1.0112745,
            33.6890287
          ],
          [
            1.0110585,
            33.6890609
          ],
          [
            1.0107281,
            33.6891336
          ],
          [
            1.0106117,
            33.6891575
          ]
        ]
      },
      "properties": {
        "highway": "tertiary",
        "maxspeed": "40"
      }
    },
    {
      "type": "Feature",
      "geometry": {
        "type": "LineString",
        "coordinates": [
          [
            1.0105454,
            33.6889581
          ],
          [
            1.0106117,
            33.6889514
          ],
          [
            1.0106775,
            33.6889435
          ],
          [
            1.010895,
            33.6889269
          ],
          [
            1.0112688,
            33.6889069
          ],
          [
            1.0113992,
            33.6888908
          ],
          [
            1.0115809,
            33.6889813
          ]
        ]
      },
      "properties": {
        "highway": "tertiary",
        "maxspeed": "40"
      }
    },
    {
      "type": "Feature",
      "geometry": {
        "type": "LineString",
        "coordinates": [
          [
            1.0135772,
            33.6916539
          ],
          [
            1.0135961,
            33.6914374
          ],
          [
            1.0135998,
            33.6913848
          ],
          [
            1.0136162,
            33.6911528
          ],
          [
            1.0136618,
            33.6908727
          ],
          [
            1.0137417,
            33.6903793
          ],
          [
            1.0137637,
            33.6902434
          ],
          [
            1.0138348,
            33.689835
          ]
        ]
      },
      "properties": {
        "highway": "tertiary",
        "maxspeed": "40"
      }
    },
    {
      "type": "Feature",
      "geometry": {
        "type": "LineString",
        "coordinates": [
          [
            1.0003811,
            33.6951849
          ],
          [
            1.0004831,
            33.6951817
          ]
        ]
      },
      "properties": {
        "name": "طريق لبيوض سيد الشيخ",
        "highway": "trunk",
        "maxspeed": "50",
        "ref": "RN 6A;RN 47"
      }
    },
    {
      "type": "Feature",
      "geometry": {
        "type": "LineString",
        "coordinates": [
          [
            1.0004831,
            33.6951817
          ],
          [
            1.0004575,
            33.6952841
          ]
        ]
      },
      "properties": {
        "highway": "secondary",
        "maxspeed": "30"
      }
    },
    {
      "type": "Feature",
      "geometry": {
        "type": "LineString",
        "coordinates": [
          [
            0.9818339,
            33.6920919
          ],
          [
            0.9811782,
            33.6919733
          ]
        ]
      },
      "properties": {
        "highway": "trunk",
        "maxspeed": "60",
        "ref": "RN 47"
      }
    },
    {
      "type": "Feature",
      "geometry": {
        "type": "LineString",
        "coordinates": [
          [
            0.9811782,
            33.6919733
          ],
          [
            0.9809456,
            33.6919415
          ],
          [
            0.9806051,
            33.6919299
          ],
          [
            0.9803009,
            33.691938
          ],
          [
            0.9800055,
            33.6919815
          ],
          [
            0.9796293,
            33.6920638
          ],
          [
            0.9789807,
            33.6922403
          ],
          [
            0.9760029,
            33.6929502
          ],
          [
            0.9750162,
            33.6931274
          ],
          [
            0.974597,
            33.693144
          ],
          [
            0.9743391,
            33.6931442
          ],
          [
            0.9736563,
            33.6930802
          ],
          [
            0.9724443,
            33.6928537
          ],
          [
            0.9719072,
            33.6927766
          ],
          [
            0.9713129,
            33.6927138
          ],
          [
            0.9708298,
            33.6926627
          ]
        ]
      },
      "properties": {
        "name": "طريق لبيوض سيد الشيخ",
        "highway": "trunk",
        "maxspeed": "60",
        "ref": "RN 47"
      }
    },
    {
      "type": "Feature",
      "geometry": {
        "type": "LineString",
        "coordinates": [
          [
            1.0001813,
            33.695474
          ],
          [
            0.999891,
            33.6954577
          ],
          [
            0.9998001,
            33.6954582
          ],
          [
            0.9990786,
            33.6954666
          ],
          [
            0.9983289,
            33.6954398
          ],
          [
            0.9977871,
            33.6954231
          ],
          [
            0.9974284,
            33.6954337
          ],
          [
            0.9968913,
            33.695451
          ],
          [
            0.9961939,
            33.6954443
          ],
          [
            0.9949567,
            33.6954125
          ],
          [
            0.9936109,
            33.6953808
          ],
          [
            0.9921447,
            33.6953882
          ],
          [
            0.988893,
            33.6953122
          ],
          [
            0.9877377,
            33.6952165
          ],
          [
            0.9865518,
            33.694902
          ],
          [
            0.9858537,
            33.6945619
          ],
          [
            0.9854113,
            33.6942849
          ],
          [
            0.9849262,
            33.6939117
          ],
          [
            0.9846255,
            33.693683
          ],
          [
            0.9843796,
            33.693469
          ],
          [
            0.9838314,
            33.6930337
          ],
          [
            0.9831709,
            33.692581
          ],
          [
            0.9828013,
            33.692393
          ],
          [
            0.9824294,
            33.6922623
          ],
          [
            0.9818339,
            33.6920919
          ]
        ]
      },
      "properties": {
        "highway": "trunk",
        "maxspeed": "50",
        "ref": "RN 47"
      }
    },
    {
      "type": "Feature",
      "geometry": {
        "type": "LineString",
        "coordinates": [
          [
            0.957878,
            33.695797
          ],
          [
            0.9567649,
            33.6961219
          ]
        ]
      },
      "properties": {
        "name": "طريق لبيوض سيد الشيخ",
        "highway": "trunk",
        "maxspeed": "50",
        "ref": "RN 47"
      }
    },
    {
      "type": "Feature",
      "geometry": {
        "type": "LineString",
        "coordinates": [
          [
            0.9708298,
            33.6926627
          ],
          [
            0.9696194,
            33.6926369
          ],
          [
            0.9686039,
            33.6927079
          ],
          [
            0.9680101,
            33.6927758
          ],
          [
            0.967484,
            33.6928616
          ],
          [
            0.9670191,
            33.6929654
          ],
          [
            0.9665357,
            33.693079
          ],
          [
            0.96578,
            33.6933127
          ],
          [
            0.9636807,
            33.6939755
          ],
          [
            0.9629418,
            33.6942099
          ],
          [
            0.9626449,
            33.6943041
          ],
          [
            0.9586409,
            33.6955743
          ],
          [
            0.957878,
            33.695797
          ]
        ]
      },
      "properties": {
        "highway": "trunk",
        "maxspeed": "80",
        "ref": "RN 47"
      }
    },
    {
      "type": "Feature",
      "geometry": {
        "type": "LineString",
        "coordinates": [
          [
            0.9557795,
            33.696496
          ],
          [
            0.955638,
            33.6965074
          ],
          [
            0.9554328,
            33.6965351
          ]
        ]
      },
      "properties": {
        "highway": "trunk",
        "maxspeed": "40",
        "ref": "RN 6A"
      }
    },
    {
      "type": "Feature",
      "geometry": {
        "type": "LineString",
        "coordinates": [
          [
            0.9452873,
            33.6995888
          ],
          [
            0.9465907,
            33.6991472
          ],
          [
            0.9472074,
            33.6989558
          ],
          [
            0.9478148,
            33.6987643
          ],
          [
            0.9507792,
            33.6978471
          ],
          [
            0.955146,
            33.6964624
          ],
          [
            0.9552265,
            33.6964334
          ],
          [
            0.9553147,
            33.6963999
          ]
        ]
      },
      "properties": {
        "highway": "trunk",
        "maxspeed": "60",
        "ref": "RN 6A"
      }
    },
    {
      "type": "Feature",
      "geometry": {
        "type": "LineString",
        "coordinates": [
          [
            1.1689281,
            33.6114362
          ],
          [
            1.1691655,
            33.6114329
          ],
          [
            1.1693627,
            33.6114094
          ],
          [
            1.1695987,
            33.6113286
          ],
          [
            1.1698052,
            33.6112039
          ]
        ]
      },
      "properties": {
        "highway": "primary_link"
      }
    },
    {
      "type": "Feature",
      "geometry": {
        "type": "LineString",
        "coordinates": [
          [
            1.1698434,
            33.6112434
          ],
          [
            1.1697516,
            33.611463
          ],
          [
            1.1697599,
            33.6115876
          ],
          [
            1.1698181,
            33.6117026
          ]
        ]
      },
      "properties": {
        "highway": "primary_link"
      }
    },
    {
      "type": "Feature",
      "geometry": {
        "type": "LineString",
        "coordinates": [
          [
            1.1694261,
            33.611578
          ],
          [
            1.169486,
            33.6114921
          ],
          [
            1.1695732,
            33.6114128
          ],
          [
            1.1698052,
            33.6112039
          ],
          [
            1.1700869,
            33.6109884
          ]
        ]
      },
      "properties": {
        "highway": "primary",
        "ref": "RN 107"
      }
    },
    {
      "type": "Feature",
      "geometry": {
        "type": "LineString",
        "coordinates": [
          [
            1.1700869,
            33.6109884
          ],
          [
            1.1698434,
            33.6112434
          ],
          [
            1.1697073,
            33.611386
          ],
          [
            1.1695558,
            33.6116149
          ]
        ]
      },
      "properties": {
        "highway": "primary",
        "ref": "RN 107"
      }
    },
    {
      "type": "Feature",
      "geometry": {
        "type": "LineString",
        "coordinates": [
          [
            1.1421061,
            33.6423159
          ],
          [
            1.1420114,
            33.6421153
          ],
          [
            1.1420725,
            33.6419391
          ]
        ]
      },
      "properties": {
        "highway": "secondary"
      }
    },
    {
      "type": "Feature",
      "geometry": {
        "type": "LineString",
        "coordinates": [
          [
            1.2443538,
            33.9935129
          ],
          [
            1.2443488,
            33.9931542
          ]
        ]
      },
      "properties": {
        "name": "Route Tiaret - El Bayadh",
        "highway": "primary",
        "maxspeed": "80",
        "ref": "RN 111"
      }
    },
    {
      "type": "Feature",
      "geometry": {
        "type": "LineString",
        "coordinates": [
          [
            1.2495162,
            34.0570988
          ],
          [
            1.2473881,
            34.0507082
          ],
          [
            1.2463644,
            34.0475709
          ],
          [
            1.2459088,
            34.0462727
          ],
          [
            1.245181,
            34.0444239
          ],
          [
            1.2441659,
            34.0419493
          ],
          [
            1.2438523,
            34.041023
          ],
          [
            1.2436309,
            34.0402186
          ],
          [
            1.2432945,
            34.0386238
          ],
          [
            1.2426573,
            34.0347278
          ],
          [
            1.2423749,
            34.0330208
          ],
          [
            1.2423068,
            34.0325551
          ],
          [
            1.2422847,
            34.0319374
          ],
          [
            1.242311,
            34.0313483
          ],
          [
            1.2423876,
            34.0308367
          ],
          [
            1.242676,
            34.0293184
          ],
          [
            1.2427822,
            34.0286614
          ],
          [
            1.2427964,
            34.0278621
          ],
          [
            1.2427751,
            34.0271846
          ],
          [
            1.2425275,
            34.0254798
          ],
          [
            1.242328,
            34.0242698
          ],
          [
            1.2421897,
            34.0230829
          ],
          [
            1.242162,
            34.0222301
          ],
          [
            1.2422283,
            34.0216259
          ],
          [
            1.2427908,
            34.0181729
          ],
          [
            1.2429377,
            34.0172712
          ],
          [
            1.2430817,
            34.0127086
          ],
          [
            1.243068,
            34.011762
          ],
          [
            1.2429943,
            34.0107175
          ],
          [
            1.242707,
            34.0064474
          ],
          [
            1.2425682,
            34.0019898
          ],
          [
            1.2425674,
            34.0007333
          ],
          [
            1.2426433,
            34.0000775
          ],
          [
            1.2427801,
            33.9994237
          ],
          [
            1.2431701,
            33.9982687
          ],
          [
            1.243652,
            33.9970716
          ],
          [
            1.2439758,
            33.9961016
          ],
          [
            1.2440933,
            33.9956068
          ],
          [
            1.2441161,
            33.9955108
          ],
          [
            1.2442398,
            33.9949897
          ],
          [
            1.2443387,
            33.9942049
          ],
          [
            1.2443538,
            33.9935129
          ]
        ]
      },
      "properties": {
        "name": "Route Tiaret - El Bayadh",
        "highway": "primary",
        "maxspeed": "80",
        "ref": "RN 111"
      }
    },
    {
      "type": "Feature",
      "geometry": {
        "type": "LineString",
        "coordinates": [
          [
            1.2165214,
            33.8970791
          ],
          [
            1.202029,
            33.8807874
          ],
          [
            1.20088,
            33.8795081
          ],
          [
            1.2002379,
            33.8787618
          ],
          [
            1.1996572,
            33.878007
          ],
          [
            1.1989943,
            33.8769605
          ],
          [
            1.1984231,
            33.8757002
          ],
          [
            1.1981325,
            33.8748001
          ],
          [
            1.1977135,
            33.8731111
          ],
          [
            1.196968,
            33.8702686
          ],
          [
            1.1966473,
            33.8691506
          ],
          [
            1.196351,
            33.8682954
          ],
          [
            1.1961539,
            33.8678893
          ]
        ]
      },
      "properties": {
        "name": "Route Tiaret - El Bayadh",
        "highway": "primary",
        "maxspeed": "80",
        "ref": "RN 111"
      }
    },
    {
      "type": "Feature",
      "geometry": {
        "type": "LineString",
        "coordinates": [
          [
            1.2167698,
            33.897361
          ],
          [
            1.2165214,
            33.8970791
          ]
        ]
      },
      "properties": {
        "name": "Route Tiaret - El Bayadh",
        "highway": "primary",
        "maxspeed": "80",
        "ref": "RN 111"
      }
    },
    {
      "type": "Feature",
      "geometry": {
        "type": "LineString",
        "coordinates": [
          [
            1.1959224,
            33.8674319
          ],
          [
            1.1954069,
            33.8665404
          ],
          [
            1.1944727,
            33.8654509
          ],
          [
            1.1940165,
            33.8649823
          ],
          [
            1.1935025,
            33.8645271
          ],
          [
            1.192712,
            33.8639328
          ],
          [
            1.1918879,
            33.8633912
          ],
          [
            1.1913112,
            33.8630623
          ],
          [
            1.188498,
            33.8614578
          ],
          [
            1.1851432,
            33.8595723
          ],
          [
            1.1850578,
            33.8595243
          ],
          [
            1.1814575,
            33.8573396
          ],
          [
            1.1805582,
            33.8567939
          ],
          [
            1.1765384,
            33.8544589
          ],
          [
            1.167545,
            33.8494802
          ],
          [
            1.1674006,
            33.8493972
          ],
          [
            1.1672388,
            33.8493042
          ],
          [
            1.1666335,
            33.8489495
          ],
          [
            1.1649854,
            33.8476828
          ],
          [
            1.1636682,
            33.8464983
          ],
          [
            1.1625053,
            33.8451317
          ],
          [
            1.1618021,
            33.8440169
          ],
          [
            1.161357,
            33.8430813
          ],
          [
            1.1610092,
            33.8420959
          ],
          [
            1.1606944,
            33.840817
          ],
          [
            1.160358,
            33.8394237
          ],
          [
            1.159515,
            33.836651
          ],
          [
            1.1586613,
            33.8336908
          ],
          [
            1.1578392,
            33.8307112
          ],
          [
            1.1576075,
            33.8293688
          ],
          [
            1.1574713,
            33.828016
          ],
          [
            1.1573648,
            33.8265552
          ],
          [
            1.1569738,
            33.8224392
          ],
          [
            1.1563934,
            33.8163293
          ],
          [
            1.1560441,
            33.8120688
          ],
          [
            1.1475632,
            33.7935472
          ],
          [
            1.1457099,
            33.7899686
          ],
          [
            1.1428937,
            33.7850685
          ],
          [
            1.1420121,
            33.7835422
          ],
          [
            1.1413699,
            33.7824304
          ],
          [
            1.1410611,
            33.7818958
          ],
          [
            1.1361577,
            33.771591
          ],
          [
            1.1353215,
            33.7701164
          ],
          [
            1.1343994,
            33.76853
          ],
          [
            1.1342859,
            33.7683553
          ],
          [
            1.1342522,
            33.7683022
          ],
          [
            1.1341248,
            33.7681045
          ],
          [
            1.1337427,
            33.7675006
          ],
          [
            1.1293924,
            33.7615964
          ],
          [
            1.1204855,
            33.7529657
          ],
          [
            1.1196044,
            33.7517641
          ],
          [
            1.1189945,
            33.7507002
          ],
          [
            1.1185962,
            33.7499787
          ],
          [
            1.1140099,
            33.7382765
          ],
          [
            1.1131117,
            33.7363369
          ],
          [
            1.1118105,
            33.7342478
          ],
          [
            1.1084001,
            33.7302347
          ],
          [
            1.1080559,
            33.7298258
          ]
        ]
      },
      "properties": {
        "name": "Route Tiaret - El Bayadh",
        "highway": "primary",
        "maxspeed": "80",
        "ref": "RN 111"
      }
    },
    {
      "type": "Feature",
      "geometry": {
        "type": "LineString",
        "coordinates": [
          [
            1.1961539,
            33.8678893
          ],
          [
            1.1959224,
            33.8674319
          ]
        ]
      },
      "properties": {
        "name": "Route Tiaret - El Bayadh",
        "highway": "primary",
        "maxspeed": "80",
        "ref": "RN 111"
      }
    },
    {
      "type": "Feature",
      "geometry": {
        "type": "LineString",
        "coordinates": [
          [
            1.5389481,
            33.741668
          ],
          [
            1.5388606,
            33.7416006
          ],
          [
            1.5388141,
            33.7415578
          ],
          [
            1.5387525,
            33.7414909
          ],
          [
            1.5387082,
            33.7414329
          ],
          [
            1.5385744,
            33.7411759
          ]
        ]
      },
      "properties": {
        "highway": "tertiary"
      }
    },
    {
      "type": "Feature",
      "geometry": {
        "type": "LineString",
        "coordinates": [
          [
            1.5455784,
            34.1567573
          ],
          [
            1.5458796,
            34.1567096
          ],
          [
            1.5463361,
            34.1566217
          ],
          [
            1.546838,
            34.1564681
          ],
          [
            1.5488558,
            34.1558889
          ],
          [
            1.5493153,
            34.1557335
          ],
          [
            1.5494113,
            34.155674
          ]
        ]
      },
      "properties": {
        "highway": "tertiary"
      }
    },
    {
      "type": "Feature",
      "geometry": {
        "type": "LineString",
        "coordinates": [
          [
            1.5379353,
            34.1585422
          ],
          [
            1.537861,
            34.1585642
          ],
          [
            1.5377973,
            34.1586081
          ],
          [
            1.5377035,
            34.1587399
          ],
          [
            1.5358445,
            34.160076
          ],
          [
            1.5357171,
            34.1600936
          ],
          [
            1.5355862,
            34.1600613
          ],
          [
            1.5346554,
            34.1592238
          ],
          [
            1.5340679,
            34.1586966
          ],
          [
            1.5338874,
            34.1585736
          ],
          [
            1.5337422,
            34.1585121
          ],
          [
            1.5336184,
            34.1584682
          ],
          [
            1.5332153,
            34.1583975
          ],
          [
            1.5326499,
            34.1583496
          ],
          [
            1.5293615,
            34.158204
          ],
          [
            1.5281717,
            34.1581232
          ],
          [
            1.527028,
            34.1580406
          ],
          [
            1.5242385,
            34.1575736
          ],
          [
            1.5192442,
            34.1565873
          ],
          [
            1.5181713,
            34.156281
          ],
          [
            1.5171263,
            34.1559019
          ],
          [
            1.5161436,
            34.1554731
          ],
          [
            1.5152606,
            34.1549661
          ],
          [
            1.5142467,
            34.1543038
          ],
          [
            1.5133101,
            34.1535775
          ],
          [
            1.5124175,
            34.152632
          ],
          [
            1.5100421,
            34.1497091
          ],
          [
            1.5087879,
            34.1481126
          ],
          [
            1.5079489,
            34.1471599
          ],
          [
            1.5071743,
            34.1463421
          ],
          [
            1.5065112,
            34.1457286
          ],
          [
            1.5057313,
            34.1450821
          ],
          [
            1.5046659,
            34.1442919
          ],
          [
            1.5036381,
            34.1435922
          ],
          [
            1.5024289,
            34.1429138
          ],
          [
            1.4996019,
            34.141279
          ],
          [
            1.4988197,
            34.1408634
          ],
          [
            1.4979228,
            34.1404274
          ],
          [
            1.4968113,
            34.1400234
          ],
          [
            1.4939521,
            34.1390253
          ],
          [
            1.4904137,
            34.1377634
          ],
          [
            1.489653,
            34.137505
          ],
          [
            1.4889578,
            34.1374109
          ],
          [
            1.4883999,
            34.137378
          ],
          [
            1.4879514,
            34.1374269
          ],
          [
            1.4873463,
            34.1375556
          ],
          [
            1.485825,
            34.1380885
          ],
          [
            1.4839528,
            34.1386861
          ],
          [
            1.4832694,
            34.1388308
          ],
          [
            1.4823821,
            34.1390084
          ],
          [
            1.4817577,
            34.1390733
          ],
          [
            1.4810506,
            34.1391363
          ],
          [
            1.4795679,
            34.1391523
          ],
          [
            1.4785186,
            34.139115
          ],
          [
            1.4777344,
            34.1390386
          ],
          [
            1.4765381,
            34.1387829
          ],
          [
            1.475491,
            34.1385866
          ],
          [
            1.4745479,
            34.1384756
          ],
          [
            1.4737486,
            34.1384108
          ],
          [
            1.4729675,
            34.1384108
          ],
          [
            1.4721371,
            34.1385076
          ],
          [
            1.4714934,
            34.1386532
          ],
          [
            1.4707713,
            34.1388308
          ],
          [
            1.4687028,
            34.1394107
          ],
          [
            1.4680988,
            34.139551
          ],
          [
            1.4676696,
            34.1395839
          ],
          [
            1.4672212,
            34.1395839
          ],
          [
            1.4666633,
            34.1394382
          ],
          [
            1.4660496,
            34.1391843
          ],
          [
            1.4612602,
            34.1369101
          ],
          [
            1.4608772,
            34.1366516
          ],
          [
            1.4602174,
            34.1360842
          ],
          [
            1.4597099,
            34.1355833
          ],
          [
            1.4593205,
            34.1349857
          ],
          [
            1.4582089,
            34.132952
          ],
          [
            1.4579901,
            34.1325888
          ],
          [
            1.4576822,
            34.1322576
          ],
          [
            1.4567648,
            34.1312896
          ],
          [
            1.4564333,
            34.1309174
          ],
          [
            1.4562778,
            34.130627
          ],
          [
            1.4561758,
            34.1303446
          ],
          [
            1.4560632,
            34.1289805
          ],
          [
            1.4560042,
            34.1285276
          ],
          [
            1.4558872,
            34.1280915
          ],
          [
            1.4548143,
            34.1258961
          ],
          [
            1.4543262,
            34.1248782
          ],
          [
            1.4538187,
            34.1240869
          ],
          [
            1.453116,
            34.1231508
          ],
          [
            1.4523746,
            34.1224242
          ],
          [
            1.4511075,
            34.1212128
          ],
          [
            1.449539,
            34.1196744
          ],
          [
            1.4485519,
            34.1187249
          ],
          [
            1.4474404,
            34.1177239
          ],
          [
            1.4465939,
            34.1168641
          ],
          [
            1.4453333,
            34.1155282
          ],
          [
            1.4448065,
            34.1149632
          ],
          [
            1.4438892,
            34.1139293
          ],
          [
            1.4432272,
            34.1131725
          ],
          [
            1.4426607,
            34.1127346
          ],
          [
            1.4417048,
            34.1119911
          ],
          [
            1.440457,
            34.1112236
          ],
          [
            1.4394818,
            34.1106826
          ],
          [
            1.438779,
            34.1103761
          ],
          [
            1.4376675,
            34.109924
          ],
          [
            1.4367706,
            34.1096495
          ],
          [
            1.4357749,
            34.109423
          ],
          [
            1.4349059,
            34.1092693
          ],
          [
            1.4325145,
            34.1089628
          ],
          [
            1.4316787,
            34.1088092
          ],
          [
            1.4304856,
            34.1085267
          ],
          [
            1.4297636,
            34.108333
          ],
          [
            1.4294234,
            34.1082751
          ],
          [
            1.4291005,
            34.1082202
          ],
          [
            1.4286521,
            34.1081714
          ],
          [
            1.4274644,
            34.1080825
          ],
          [
            1.4235097,
            34.1078169
          ],
          [
            1.4230956,
            34.1077752
          ],
          [
            1.4226783,
            34.1076872
          ],
          [
            1.4217223,
            34.1073967
          ],
          [
            1.4208254,
            34.1071444
          ],
          [
            1.4201495,
            34.1069996
          ],
          [
            1.4176067,
            34.1065954
          ],
          [
            1.4120546,
            34.1063689
          ],
          [
            1.4047751,
            34.1060784
          ],
          [
            1.4042086,
            34.1060385
          ],
          [
            1.4036829,
            34.1059656
          ],
          [
            1.4002378,
            34.1054486
          ],
          [
            1.397384,
            34.1049973
          ],
          [
            1.3969162,
            34.1048845
          ],
          [
            1.3964087,
            34.1047068
          ],
          [
            1.3957854,
            34.1044163
          ],
          [
            1.3897772,
            34.1010564
          ],
          [
            1.3877108,
            34.0998287
          ],
          [
            1.3864225,
            34.0989231
          ],
          [
            1.3788553,
            34.0933359
          ],
          [
            1.3705361,
            34.0870914
          ],
          [
            1.3658952,
            34.0834863
          ],
          [
            1.357949,
            34.0773133
          ],
          [
            1.3490334,
            34.0704437
          ],
          [
            1.3473704,
            34.0693257
          ],
          [
            1.3461706,
            34.0686193
          ]
        ]
      },
      "properties": {
        "highway": "tertiary"
      }
    },
    {
      "type": "Feature",
      "geometry": {
        "type": "LineString",
        "coordinates": [
          [
            1.4176067,
            34.1065954
          ],
          [
            1.417743,
            34.1056103
          ],
          [
            1.4178213,
            34.1049156
          ],
          [
            1.4178213,
            34.1044145
          ],
          [
            1.4177623,
            34.1034782
          ],
          [
            1.4176851,
            34.1029292
          ],
          [
            1.4177044,
            34.1025472
          ],
          [
            1.4176851,
            34.1023375
          ],
          [
            1.4176067,
            34.1021758
          ],
          [
            1.4174898,
            34.1019981
          ],
          [
            1.4170682,
            34.101482
          ],
          [
            1.416874,
            34.1013363
          ],
          [
            1.416639,
            34.1012714
          ],
          [
            1.4161122,
            34.1012341
          ],
          [
            1.4156047,
            34.1011044
          ],
          [
            1.4152539,
            34.1009596
          ],
          [
            1.4149031,
            34.1007384
          ],
          [
            1.4123678,
            34.0983637
          ],
          [
            1.4118797,
            34.0978857
          ],
          [
            1.4117434,
            34.097724
          ],
          [
            1.411664,
            34.0974219
          ],
          [
            1.4116833,
            34.0971803
          ],
          [
            1.4118786,
            34.0964695
          ],
          [
            1.4129129,
            34.0930302
          ],
          [
            1.4130105,
            34.0926749
          ],
          [
            1.4130684,
            34.0923195
          ],
          [
            1.4130298,
            34.0919801
          ],
          [
            1.4127176,
            34.0909458
          ],
          [
            1.4126597,
            34.0906393
          ],
          [
            1.4125427,
            34.0897508
          ],
          [
            1.4123078,
            34.0882865
          ],
          [
            1.4123078,
            34.0880039
          ],
          [
            1.4123282,
            34.0877782
          ],
          [
            1.4124258,
            34.0874228
          ],
          [
            1.4127573,
            34.0864614
          ],
          [
            1.4130695,
            34.0853312
          ],
          [
            1.413459,
            34.0841254
          ],
          [
            1.4135373,
            34.0838019
          ],
          [
            1.4135963,
            34.0833177
          ],
          [
            1.4136929,
            34.0820256
          ],
          [
            1.4136929,
            34.081799
          ],
          [
            1.4136929,
            34.0815733
          ],
          [
            1.4136929,
            34.0814116
          ],
          [
            1.4137326,
            34.0812499
          ],
          [
            1.4140834,
            34.0802324
          ],
          [
            1.4145125,
            34.0793287
          ],
          [
            1.4147271,
            34.0789244
          ],
          [
            1.414902,
            34.0786498
          ],
          [
            1.4152936,
            34.0782668
          ],
          [
            1.4154105,
            34.0780731
          ],
          [
            1.4155275,
            34.0778305
          ],
          [
            1.415859,
            34.0769578
          ],
          [
            1.4161326,
            34.0763117
          ],
          [
            1.4167763,
            34.0750587
          ],
          [
            1.4174962,
            34.0737221
          ],
          [
            1.41814,
            34.0723802
          ],
          [
            1.4189521,
            34.0707343
          ],
          [
            1.4198104,
            34.0692155
          ],
          [
            1.4202396,
            34.0684565
          ],
          [
            1.4205711,
            34.0679553
          ],
          [
            1.420981,
            34.0674869
          ],
          [
            1.4213522,
            34.0670825
          ],
          [
            1.421644,
            34.0668408
          ],
          [
            1.4219176,
            34.0666301
          ],
          [
            1.4222877,
            34.0664364
          ],
          [
            1.4229636,
            34.06612
          ],
          [
            1.4236074,
            34.0657965
          ],
          [
            1.4256748,
            34.064665
          ],
          [
            1.4267627,
            34.064042
          ],
          [
            1.4272895,
            34.0636865
          ],
          [
            1.4276403,
            34.0634278
          ],
          [
            1.4278978,
            34.0631461
          ],
          [
            1.4281081,
            34.0628786
          ],
          [
            1.4283388,
            34.0626777
          ],
          [
            1.4285738,
            34.0626128
          ],
          [
            1.4289053,
            34.0625159
          ],
          [
            1.4291199,
            34.0624191
          ],
          [
            1.4293344,
            34.0622733
          ],
          [
            1.4295093,
            34.0620635
          ],
          [
            1.4297239,
            34.0617729
          ],
          [
            1.4300758,
            34.0612138
          ],
          [
            1.4303097,
            34.0608094
          ],
          [
            1.4305243,
            34.0605348
          ],
          [
            1.4311873,
            34.0597428
          ],
          [
            1.4328846,
            34.0576425
          ],
          [
            1.4339414,
            34.0562212
          ],
          [
            1.4343405,
            34.0557732
          ],
          [
            1.4361065,
            34.0539092
          ],
          [
            1.436895,
            34.0529776
          ],
          [
            1.4376761,
            34.052014
          ],
          [
            1.4382222,
            34.0513998
          ],
          [
            1.43869,
            34.0509633
          ],
          [
            1.4395601,
            34.0501713
          ],
          [
            1.439736,
            34.0499615
          ],
          [
            1.4398326,
            34.0498211
          ],
          [
            1.4398916,
            34.0496379
          ],
          [
            1.4400085,
            34.0489108
          ],
          [
            1.4400869,
            34.048685
          ],
          [
            1.4402231,
            34.0485072
          ],
          [
            1.4404377,
            34.0483294
          ],
          [
            1.4416082,
            34.0475107
          ],
          [
            1.4434815,
            34.0461052
          ],
          [
            1.445521,
            34.0444561
          ],
          [
            1.4466132,
            34.04368
          ],
          [
            1.4476861,
            34.0429431
          ],
          [
            1.4480369,
            34.0427004
          ],
          [
            1.448376,
            34.0423536
          ],
          [
            1.4486807,
            34.0419251
          ],
          [
            1.4490905,
            34.0412619
          ],
          [
            1.450054,
            34.0397186
          ],
          [
            1.4512245,
            34.0381183
          ],
          [
            1.4517706,
            34.0372941
          ],
          [
            1.4523553,
            34.0362272
          ],
          [
            1.4526525,
            34.0356271
          ],
          [
            1.4528477,
            34.0351745
          ],
          [
            1.4530237,
            34.0345113
          ],
          [
            1.4532973,
            34.0334034
          ],
          [
            1.4534099,
            34.0329927
          ]
        ]
      },
      "properties": {
        "highway": "tertiary"
      }
    },
    {
      "type": "Feature",
      "geometry": {
        "type": "LineString",
        "coordinates": [
          [
            0.9818672,
            33.6919476
          ],
          [
            0.9822101,
            33.692031
          ],
          [
            0.9825177,
            33.6921262
          ],
          [
            0.9828779,
            33.6922687
          ],
          [
            0.9832682,
            33.6924673
          ],
          [
            0.9839425,
            33.6929294
          ],
          [
            0.9844979,
            33.6933704
          ],
          [
            0.9847425,
            33.6935834
          ],
          [
            0.9850394,
            33.6938091
          ],
          [
            0.9855187,
            33.6941778
          ],
          [
            0.9859466,
            33.6944458
          ],
          [
            0.9866204,
            33.694774
          ],
          [
            0.9877717,
            33.6950794
          ],
          [
            0.9889036,
            33.6951731
          ],
          [
            0.9910782,
            33.6952088
          ],
          [
            0.9921464,
            33.6952406
          ],
          [
            0.993619,
            33.6952535
          ],
          [
            0.9944987,
            33.6952835
          ],
          [
            0.9948635,
            33.6952925
          ],
          [
            0.9963267,
            33.6953394
          ],
          [
            0.9967129,
            33.6953416
          ],
          [
            0.9980808,
            33.6953081
          ],
          [
            0.9993428,
            33.6953405
          ],
          [
            0.9994823,
            33.695336
          ],
          [
            0.9995869,
            33.6953227
          ],
          [
            0.9996687,
            33.6953048
          ],
          [
            0.999845,
            33.6952611
          ],
          [
            1.0000836,
            33.6952375
          ]
        ]
      },
      "properties": {
        "highway": "trunk",
        "maxspeed": "50",
        "ref": "RN 47"
      }
    },
    {
      "type": "Feature",
      "geometry": {
        "type": "LineString",
        "coordinates": [
          [
            0.9555942,
            33.6956532
          ],
          [
            0.9543468,
            33.6940748
          ]
        ]
      },
      "properties": {
        "name": "طريق لبيوض سيد الشيخ",
        "highway": "primary",
        "maxspeed": "50",
        "ref": "RN 47"
      }
    },
    {
      "type": "Feature",
      "geometry": {
        "type": "LineString",
        "coordinates": [
          [
            0.955671,
            33.6961514
          ],
          [
            0.9556651,
            33.6960205
          ],
          [
            0.9556492,
            33.6958892
          ],
          [
            0.9556247,
            33.6957588
          ],
          [
            0.9555942,
            33.6956532
          ]
        ]
      },
      "properties": {
        "name": "طريق لبيوض سيد الشيخ",
        "highway": "primary",
        "maxspeed": "50",
        "ref": "RN 47"
      }
    },
    {
      "type": "Feature",
      "geometry": {
        "type": "LineString",
        "coordinates": [
          [
            0.9556461,
            33.6957013
          ],
          [
            0.9557382,
            33.6957912
          ],
          [
            0.9558387,
            33.6958746
          ],
          [
            0.9559469,
            33.695951
          ],
          [
            0.9560399,
            33.6960055
          ],
          [
            0.9561422,
            33.6960468
          ],
          [
            0.9562509,
            33.6960747
          ]
        ]
      },
      "properties": {
        "highway": "trunk_link"
      }
    },
    {
      "type": "Feature",
      "geometry": {
        "type": "LineString",
        "coordinates": [
          [
            1.0393466,
            33.6660927
          ],
          [
            1.0393935,
            33.6661552
          ]
        ]
      },
      "properties": {
        "highway": "tertiary"
      }
    },
    {
      "type": "Feature",
      "geometry": {
        "type": "LineString",
        "coordinates": [
          [
            1.0358557,
            33.6678272
          ],
          [
            1.0358946,
            33.6678841
          ]
        ]
      },
      "properties": {
        "highway": "tertiary_link"
      }
    },
    {
      "type": "Feature",
      "geometry": {
        "type": "LineString",
        "coordinates": [
          [
            1.0344529,
            33.6685148
          ],
          [
            1.0345032,
            33.6685784
          ]
        ]
      },
      "properties": {
        "highway": "tertiary_link"
      }
    },
    {
      "type": "Feature",
      "geometry": {
        "type": "LineString",
        "coordinates": [
          [
            1.0308842,
            33.6711522
          ],
          [
            1.0308863,
            33.6711312
          ],
          [
            1.0309191,
            33.6707973
          ],
          [
            1.0309446,
            33.6703988
          ],
          [
            1.0309419,
            33.6703095
          ],
          [
            1.0309312,
            33.6702403
          ],
          [
            1.0308936,
            33.6701131
          ],
          [
            1.030785,
            33.6698553
          ],
          [
            1.030734,
            33.6697492
          ],
          [
            1.0306455,
            33.6695606
          ],
          [
            1.0306402,
            33.6694546
          ],
          [
            1.0306469,
            33.6693675
          ],
          [
            1.0307059,
            33.6692313
          ],
          [
            1.0310371,
            33.6686375
          ],
          [
            1.0315159,
            33.6677669
          ],
          [
            1.0316969,
            33.6674265
          ]
        ]
      },
      "properties": {
        "highway": "tertiary",
        "maxspeed": "40"
      }
    },
    {
      "type": "Feature",
      "geometry": {
        "type": "LineString",
        "coordinates": [
          [
            1.0412805,
            33.6651244
          ],
          [
            1.0413422,
            33.6651914
          ],
          [
            1.0419416,
            33.6657411
          ],
          [
            1.0424808,
            33.6662478
          ],
          [
            1.0434329,
            33.6671196
          ],
          [
            1.0435376,
            33.667229
          ],
          [
            1.0436651,
            33.6673012
          ]
        ]
      },
      "properties": {
        "highway": "tertiary",
        "maxspeed": "50"
      }
    },
    {
      "type": "Feature",
      "geometry": {
        "type": "LineString",
        "coordinates": [
          [
            1.041196,
            33.6651713
          ],
          [
            1.0412805,
            33.6651244
          ]
        ]
      },
      "properties": {
        "highway": "tertiary",
        "maxspeed": "50"
      }
    },
    {
      "type": "Feature",
      "geometry": {
        "type": "LineString",
        "coordinates": [
          [
            1.0269186,
            33.6940752
          ],
          [
            1.0265659,
            33.6940769
          ],
          [
            1.0262319,
            33.6940646
          ],
          [
            1.0259007,
            33.694054
          ]
        ]
      },
      "properties": {
        "highway": "tertiary"
      }
    },
    {
      "type": "Feature",
      "geometry": {
        "type": "LineString",
        "coordinates": [
          [
            1.0259007,
            33.694054
          ],
          [
            1.0259181,
            33.6942716
          ],
          [
            1.0259128,
            33.6944423
          ],
          [
            1.0259074,
            33.6945918
          ]
        ]
      },
      "properties": {
        "highway": "tertiary"
      }
    },
    {
      "type": "Feature",
      "geometry": {
        "type": "LineString",
        "coordinates": [
          [
            1.0259074,
            33.6945918
          ],
          [
            1.0250048,
            33.6948317
          ],
          [
            1.0242645,
            33.6950169
          ],
          [
            1.0231689,
            33.6953182
          ],
          [
            1.0219967,
            33.6955949
          ],
          [
            1.0218975,
            33.6956351
          ],
          [
            1.0213477,
            33.6959888
          ]
        ]
      },
      "properties": {
        "highway": "tertiary"
      }
    },
    {
      "type": "Feature",
      "geometry": {
        "type": "LineString",
        "coordinates": [
          [
            1.0102777,
            33.6733503
          ],
          [
            1.0102871,
            33.6734246
          ]
        ]
      },
      "properties": {
        "highway": "secondary_link"
      }
    },
    {
      "type": "Feature",
      "geometry": {
        "type": "LineString",
        "coordinates": [
          [
            1.0137417,
            33.6903793
          ],
          [
            1.0138509,
            33.6903904
          ]
        ]
      },
      "properties": {
        "highway": "tertiary_link"
      }
    },
    {
      "type": "Feature",
      "geometry": {
        "type": "LineString",
        "coordinates": [
          [
            1.0106168,
            33.6900855
          ],
          [
            1.0105738,
            33.6900305
          ]
        ]
      },
      "properties": {
        "highway": "tertiary_link"
      }
    },
    {
      "type": "Feature",
      "geometry": {
        "type": "LineString",
        "coordinates": [
          [
            1.0135062,
            33.6897145
          ],
          [
            1.0135433,
            33.6896186
          ]
        ]
      },
      "properties": {
        "highway": "tertiary_link"
      }
    },
    {
      "type": "Feature",
      "geometry": {
        "type": "LineString",
        "coordinates": [
          [
            1.0130108,
            33.6894759
          ],
          [
            1.013128,
            33.6894846
          ],
          [
            1.0132238,
            33.6895155
          ],
          [
            1.0135433,
            33.6896186
          ],
          [
            1.013875,
            33.6897256
          ]
        ]
      },
      "properties": {
        "highway": "tertiary",
        "maxspeed": "40"
      }
    },
    {
      "type": "Feature",
      "geometry": {
        "type": "LineString",
        "coordinates": [
          [
            1.0138348,
            33.689835
          ],
          [
            1.0139447,
            33.6897876
          ]
        ]
      },
      "properties": {
        "highway": "tertiary_link",
        "maxspeed": "40"
      }
    },
    {
      "type": "Feature",
      "geometry": {
        "type": "LineString",
        "coordinates": [
          [
            1.0115133,
            33.6900102
          ],
          [
            1.0116729,
            33.6899859
          ]
        ]
      },
      "properties": {
        "highway": "primary_link"
      }
    },
    {
      "type": "Feature",
      "geometry": {
        "type": "LineString",
        "coordinates": [
          [
            1.0006816,
            33.6949643
          ],
          [
            1.0006187,
            33.6950261
          ]
        ]
      },
      "properties": {
        "highway": "secondary",
        "maxspeed": "30"
      }
    },
    {
      "type": "Feature",
      "geometry": {
        "type": "LineString",
        "coordinates": [
          [
            1.0083788,
            33.6926215
          ],
          [
            1.0086024,
            33.6932029
          ]
        ]
      },
      "properties": {
        "highway": "tertiary"
      }
    },
    {
      "type": "Feature",
      "geometry": {
        "type": "LineString",
        "coordinates": [
          [
            1.0016824,
            33.6950448
          ],
          [
            1.0016368,
            33.6949511
          ]
        ]
      },
      "properties": {
        "highway": "trunk_link"
      }
    },
    {
      "type": "Feature",
      "geometry": {
        "type": "LineString",
        "coordinates": [
          [
            1.0299803,
            33.6854183
          ],
          [
            1.0299843,
            33.6853281
          ]
        ]
      },
      "properties": {
        "highway": "primary_link"
      }
    },
    {
      "type": "Feature",
      "geometry": {
        "type": "LineString",
        "coordinates": [
          [
            1.0259182,
            33.6703966
          ],
          [
            1.0259624,
            33.6704602
          ]
        ]
      },
      "properties": {
        "highway": "primary_link"
      }
    },
    {
      "type": "Feature",
      "geometry": {
        "type": "LineString",
        "coordinates": [
          [
            1.013922,
            33.6823261
          ],
          [
            1.0138624,
            33.6822269
          ],
          [
            1.0138312,
            33.682175
          ]
        ]
      },
      "properties": {
        "highway": "primary",
        "maxspeed": "80"
      }
    },
    {
      "type": "Feature",
      "geometry": {
        "type": "LineString",
        "coordinates": [
          [
            1.0208581,
            33.6810197
          ],
          [
            1.0209218,
            33.68113
          ]
        ]
      },
      "properties": {
        "highway": "primary_link"
      }
    },
    {
      "type": "Feature",
      "geometry": {
        "type": "LineString",
        "coordinates": [
          [
            1.0232534,
            33.6853189
          ],
          [
            1.0232896,
            33.6852609
          ],
          [
            1.0233083,
            33.6852152
          ],
          [
            1.0233177,
            33.6851638
          ],
          [
            1.0233217,
            33.6849702
          ],
          [
            1.0233353,
            33.6848518
          ]
        ]
      },
      "properties": {
        "highway": "primary",
        "maxspeed": "40"
      }
    },
    {
      "type": "Feature",
      "geometry": {
        "type": "LineString",
        "coordinates": [
          [
            1.0235504,
            33.6846656
          ],
          [
            1.0234894,
            33.6847241
          ],
          [
            1.0234451,
            33.6848011
          ],
          [
            1.0234223,
            33.6848837
          ],
          [
            1.0234129,
            33.6849451
          ],
          [
            1.0233843,
            33.6850778
          ],
          [
            1.0233688,
            33.6853274
          ]
        ]
      },
      "properties": {
        "highway": "primary",
        "maxspeed": "40"
      }
    },
    {
      "type": "Feature",
      "geometry": {
        "type": "LineString",
        "coordinates": [
          [
            1.0233688,
            33.6853274
          ],
          [
            1.0232534,
            33.6853189
          ]
        ]
      },
      "properties": {
        "highway": "primary"
      }
    },
    {
      "type": "Feature",
      "geometry": {
        "type": "LineString",
        "coordinates": [
          [
            1.0261206,
            33.6856468
          ],
          [
            1.0255627,
            33.6856591
          ],
          [
            1.025233,
            33.6856824
          ],
          [
            1.024865,
            33.6856515
          ],
          [
            1.0246709,
            33.6856325
          ],
          [
            1.0244818,
            33.6856224
          ],
          [
            1.0234599,
            33.6853524
          ],
          [
            1.0233688,
            33.6853274
          ]
        ]
      },
      "properties": {
        "highway": "primary"
      }
    },
    {
      "type": "Feature",
      "geometry": {
        "type": "LineString",
        "coordinates": [
          [
            1.0232118,
            33.685512
          ],
          [
            1.0232158,
            33.6854339
          ],
          [
            1.0232319,
            33.6853669
          ],
          [
            1.0232534,
            33.6853189
          ]
        ]
      },
      "properties": {
        "highway": "primary",
        "maxspeed": "40"
      }
    },
    {
      "type": "Feature",
      "geometry": {
        "type": "LineString",
        "coordinates": [
          [
            1.0233688,
            33.6853274
          ],
          [
            1.0233016,
            33.6853669
          ],
          [
            1.0232654,
            33.6854071
          ],
          [
            1.0232118,
            33.685512
          ]
        ]
      },
      "properties": {
        "highway": "primary",
        "maxspeed": "40"
      }
    },
    {
      "type": "Feature",
      "geometry": {
        "type": "LineString",
        "coordinates": [
          [
            1.0250282,
            33.6829571
          ],
          [
            1.0250786,
            33.6832578
          ],
          [
            1.0250893,
            33.6834018
          ],
          [
            1.0250933,
            33.6834743
          ],
          [
            1.0250844,
            33.6835385
          ]
        ]
      },
      "properties": {
        "highway": "primary"
      }
    },
    {
      "type": "Feature",
      "geometry": {
        "type": "LineString",
        "coordinates": [
          [
            1.0262561,
            33.6856582
          ],
          [
            1.026183,
            33.685656
          ],
          [
            1.0261206,
            33.6856468
          ]
        ]
      },
      "properties": {
        "highway": "primary"
      }
    },
    {
      "type": "Feature",
      "geometry": {
        "type": "LineString",
        "coordinates": [
          [
            1.0261206,
            33.6856468
          ],
          [
            1.0262427,
            33.6856046
          ],
          [
            1.026254,
            33.6856028
          ]
        ]
      },
      "properties": {
        "highway": "primary"
      }
    },
    {
      "type": "Feature",
      "geometry": {
        "type": "LineString",
        "coordinates": [
          [
            1.6001987,
            33.9598445
          ],
          [
            1.6000387,
            33.9597969
          ],
          [
            1.5988407,
            33.9594406
          ],
          [
            1.5987216,
            33.9594091
          ],
          [
            1.598599,
            33.9593887
          ],
          [
            1.5984745,
            33.9593795
          ],
          [
            1.5983286,
            33.9593684
          ],
          [
            1.598185,
            33.9593442
          ],
          [
            1.5980454,
            33.9593071
          ],
          [
            1.5973985,
            33.9591199
          ],
          [
            1.596951,
            33.9589959
          ],
          [
            1.5965147,
            33.958847
          ],
          [
            1.5960916,
            33.9586739
          ],
          [
            1.5944042,
            33.9579601
          ],
          [
            1.5940374,
            33.9578021
          ],
          [
            1.5936744,
            33.9576381
          ],
          [
            1.5933155,
            33.957468
          ],
          [
            1.5909576,
            33.9562269
          ]
        ]
      },
      "properties": {
        "highway": "secondary"
      }
    },
    {
      "type": "Feature",
      "geometry": {
        "type": "LineString",
        "coordinates": [
          [
            1.6030032,
            33.9611001
          ],
          [
            1.6015319,
            33.9604711
          ],
          [
            1.6012014,
            33.9603298
          ],
          [
            1.6007078,
            33.9601284
          ],
          [
            1.6006437,
            33.9600958
          ],
          [
            1.6005806,
            33.9600585
          ],
          [
            1.6005276,
            33.9600126
          ]
        ]
      },
      "properties": {
        "highway": "secondary"
      }
    },
    {
      "type": "Feature",
      "geometry": {
        "type": "LineString",
        "coordinates": [
          [
            1.600458,
            33.9599702
          ],
          [
            1.6003659,
            33.9599368
          ],
          [
            1.6002791,
            33.959895
          ],
          [
            1.6001987,
            33.9598445
          ]
        ]
      },
      "properties": {
        "highway": "secondary"
      }
    },
    {
      "type": "Feature",
      "geometry": {
        "type": "LineString",
        "coordinates": [
          [
            1.6001987,
            33.9598445
          ],
          [
            1.6002913,
            33.9598489
          ],
          [
            1.6003841,
            33.9598465
          ],
          [
            1.6004767,
            33.9598378
          ]
        ]
      },
      "properties": {
        "highway": "secondary"
      }
    },
    {
      "type": "Feature",
      "geometry": {
        "type": "LineString",
        "coordinates": [
          [
            1.6006834,
            33.9598894
          ],
          [
            1.600728,
            33.9599683
          ],
          [
            1.600789,
            33.9600391
          ],
          [
            1.6008649,
            33.9600993
          ],
          [
            1.600953,
            33.9601467
          ],
          [
            1.6015727,
            33.9604057
          ],
          [
            1.6027989,
            33.9609183
          ],
          [
            1.6028651,
            33.9609448
          ],
          [
            1.6029327,
            33.9609687
          ],
          [
            1.6030016,
            33.9609899
          ]
        ]
      },
      "properties": {
        "highway": "secondary"
      }
    },
    {
      "type": "Feature",
      "geometry": {
        "type": "LineString",
        "coordinates": [
          [
            1.6006834,
            33.9598894
          ],
          [
            1.6006859,
            33.959925
          ],
          [
            1.6006736,
            33.9599593
          ],
          [
            1.6006481,
            33.959988
          ],
          [
            1.6006123,
            33.9600078
          ],
          [
            1.6005704,
            33.9600164
          ],
          [
            1.6005276,
            33.9600126
          ],
          [
            1.6004882,
            33.9599963
          ],
          [
            1.600458,
            33.9599702
          ],
          [
            1.6004407,
            33.9599371
          ],
          [
            1.6004382,
            33.9599011
          ],
          [
            1.6004507,
            33.9598666
          ],
          [
            1.6004767,
            33.9598378
          ],
          [
            1.600513,
            33.9598181
          ],
          [
            1.6005552,
            33.9598099
          ],
          [
            1.6005981,
            33.9598142
          ],
          [
            1.6006366,
            33.9598303
          ],
          [
            1.6006662,
            33.9598564
          ],
          [
            1.6006834,
            33.9598894
          ]
        ]
      },
      "properties": {
        "highway": "secondary"
      }
    },
    {
      "type": "Feature",
      "geometry": {
        "type": "LineString",
        "coordinates": [
          [
            1.603172,
            33.9610098
          ],
          [
            1.6032461,
            33.9611032
          ],
          [
            1.6033302,
            33.96119
          ],
          [
            1.6034263,
            33.9612678
          ]
        ]
      },
      "properties": {
        "highway": "secondary"
      }
    },
    {
      "type": "Feature",
      "geometry": {
        "type": "LineString",
        "coordinates": [
          [
            1.6034263,
            33.9612678
          ],
          [
            1.6033071,
            33.9612331
          ],
          [
            1.6031947,
            33.9611858
          ],
          [
            1.6030906,
            33.961128
          ]
        ]
      },
      "properties": {
        "highway": "secondary"
      }
    },
    {
      "type": "Feature",
      "geometry": {
        "type": "LineString",
        "coordinates": [
          [
            1.6060563,
            33.9624121
          ],
          [
            1.60585,
            33.9623458
          ],
          [
            1.605648,
            33.9622705
          ],
          [
            1.6054511,
            33.9621867
          ],
          [
            1.6034263,
            33.9612678
          ]
        ]
      },
      "properties": {
        "highway": "secondary"
      }
    },
    {
      "type": "Feature",
      "geometry": {
        "type": "LineString",
        "coordinates": [
          [
            1.616236,
            33.9633176
          ],
          [
            1.6161275,
            33.9633225
          ],
          [
            1.6160182,
            33.9633224
          ],
          [
            1.6159091,
            33.9633164
          ],
          [
            1.6148273,
            33.9632302
          ],
          [
            1.6145519,
            33.9632034
          ],
          [
            1.614313,
            33.9631802
          ],
          [
            1.6104794,
            33.962856
          ],
          [
            1.6065668,
            33.9625282
          ],
          [
            1.6063919,
            33.9625051
          ],
          [
            1.606221,
            33.9624663
          ],
          [
            1.6060563,
            33.9624121
          ]
        ]
      },
      "properties": {
        "highway": "secondary"
      }
    },
    {
      "type": "Feature",
      "geometry": {
        "type": "LineString",
        "coordinates": [
          [
            1.6060563,
            33.9624121
          ],
          [
            1.6063122,
            33.9624097
          ],
          [
            1.6065686,
            33.9624131
          ],
          [
            1.6068247,
            33.9624231
          ],
          [
            1.6070804,
            33.9624398
          ],
          [
            1.6104832,
            33.9626829
          ],
          [
            1.6111437,
            33.9627313
          ],
          [
            1.6117837,
            33.9627855
          ],
          [
            1.6124306,
            33.9628604
          ],
          [
            1.614567,
            33.9631035
          ],
          [
            1.6159223,
            33.9632577
          ],
          [
            1.616027,
            33.9632714
          ],
          [
            1.6161323,
            33.9632916
          ],
          [
            1.616236,
            33.9633176
          ]
        ]
      },
      "properties": {
        "highway": "secondary"
      }
    },
    {
      "type": "Feature",
      "geometry": {
        "type": "LineString",
        "coordinates": [
          [
            1.6031468,
            33.9609812
          ],
          [
            1.603172,
            33.9610098
          ],
          [
            1.6031808,
            33.9610404
          ],
          [
            1.6031754,
            33.9610716
          ],
          [
            1.6031566,
            33.961099
          ],
          [
            1.6031269,
            33.9611187
          ],
          [
            1.6030906,
            33.961128
          ],
          [
            1.6030583,
            33.9611267
          ],
          [
            1.6030282,
            33.9611171
          ],
          [
            1.6030032,
            33.9611001
          ],
          [
            1.6029845,
            33.9610745
          ],
          [
            1.6029777,
            33.9610452
          ],
          [
            1.6029837,
            33.9610158
          ],
          [
            1.6030016,
            33.9609899
          ],
          [
            1.6030213,
            33.9609751
          ],
          [
            1.6030489,
            33.9609639
          ],
          [
            1.6030792,
            33.96096
          ],
          [
            1.6031096,
            33.9609638
          ],
          [
            1.6031468,
            33.9609812
          ]
        ]
      },
      "properties": {
        "highway": "secondary"
      }
    },
    {
      "type": "Feature",
      "geometry": {
        "type": "LineString",
        "coordinates": [
          [
            1.6015727,
            33.9604057
          ],
          [
            1.6015319,
            33.9604711
          ]
        ]
      },
      "properties": {
        "highway": "secondary_link"
      }
    },
    {
      "type": "Feature",
      "geometry": {
        "type": "LineString",
        "coordinates": [
          [
            1.2884152,
            33.9074076
          ],
          [
            1.2876508,
            33.9085696
          ],
          [
            1.2863553,
            33.9107105
          ],
          [
            1.2860675,
            33.9111644
          ],
          [
            1.285792,
            33.9115569
          ],
          [
            1.2851031,
            33.9123981
          ],
          [
            1.2849476,
            33.9126378
          ],
          [
            1.284838,
            33.9128861
          ],
          [
            1.2847529,
            33.9131446
          ],
          [
            1.2844884,
            33.9140499
          ],
          [
            1.2843026,
            33.9148137
          ],
          [
            1.2841443,
            33.9154848
          ],
          [
            1.2839156,
            33.9164331
          ],
          [
            1.2836623,
            33.9171973
          ],
          [
            1.2827986,
            33.9197391
          ],
          [
            1.28223,
            33.9212749
          ],
          [
            1.2819189,
            33.9218981
          ],
          [
            1.2812108,
            33.9229085
          ],
          [
            1.280551,
            33.9237943
          ],
          [
            1.2798589,
            33.9247469
          ],
          [
            1.279242,
            33.9243151
          ],
          [
            1.2778902,
            33.9233358
          ],
          [
            1.2774181,
            33.9229708
          ],
          [
            1.2695717,
            33.9180927
          ],
          [
            1.2655939,
            33.9156462
          ],
          [
            1.2651608,
            33.9154406
          ],
          [
            1.2646256,
            33.9152865
          ],
          [
            1.2637384,
            33.9151324
          ],
          [
            1.2626824,
            33.9150812
          ],
          [
            1.2576002,
            33.914945
          ],
          [
            1.2566671,
            33.9149964
          ],
          [
            1.253394,
            33.9154437
          ],
          [
            1.2501389,
            33.9158936
          ],
          [
            1.2496827,
            33.9159566
          ],
          [
            1.2489006,
            33.9160079
          ],
          [
            1.2476307,
            33.9159751
          ],
          [
            1.2468166,
            33.9159108
          ],
          [
            1.2463715,
            33.9158117
          ],
          [
            1.2458642,
            33.9156098
          ],
          [
            1.2452014,
            33.9152147
          ],
          [
            1.2391235,
            33.9111075
          ],
          [
            1.2387119,
            33.9109021
          ],
          [
            1.2379289,
            33.9107124
          ],
          [
            1.2331316,
            33.9097652
          ],
          [
            1.230712,
            33.9091795
          ],
          [
            1.229958,
            33.909112
          ],
          [
            1.2292818,
            33.909163
          ],
          [
            1.2212127,
            33.9108463
          ]
        ]
      },
      "properties": {
        "name": "El Bayadh-Stitten",
        "highway": "secondary"
      }
    },
    {
      "type": "Feature",
      "geometry": {
        "type": "LineString",
        "coordinates": [
          [
            1.2887643,
            33.9068571
          ],
          [
            1.2884152,
            33.9074076
          ]
        ]
      },
      "properties": {
        "name": "El Bayadh-Stitten",
        "highway": "secondary"
      }
    },
    {
      "type": "Feature",
      "geometry": {
        "type": "LineString",
        "coordinates": [
          [
            1.5385744,
            33.7411759
          ],
          [
            1.539076,
            33.741383
          ],
          [
            1.5392179,
            33.7414731
          ]
        ]
      },
      "properties": {
        "highway": "tertiary"
      }
    },
    {
      "type": "Feature",
      "geometry": {
        "type": "LineString",
        "coordinates": [
          [
            1.0108735,
            33.6209188
          ],
          [
            1.0108907,
            33.6201403
          ]
        ]
      },
      "properties": {
        "name": "El Bayadh - El Ouafeg",
        "highway": "secondary"
      }
    },
    {
      "type": "Feature",
      "geometry": {
        "type": "LineString",
        "coordinates": [
          [
            1.0108907,
            33.6201403
          ],
          [
            1.0109011,
            33.6197743
          ]
        ]
      },
      "properties": {
        "name": "El Bayadh - El Ouafeg",
        "highway": "secondary"
      }
    },
    {
      "type": "Feature",
      "geometry": {
        "type": "LineString",
        "coordinates": [
          [
            0.9814954,
            33.6102323
          ],
          [
            0.9815141,
            33.610029
          ],
          [
            0.9816053,
            33.6091511
          ],
          [
            0.9817055,
            33.6083591
          ],
          [
            0.9817984,
            33.6076008
          ],
          [
            0.9818253,
            33.6070848
          ],
          [
            0.9818065,
            33.6067184
          ],
          [
            0.9817528,
            33.6063275
          ],
          [
            0.9816348,
            33.6056171
          ],
          [
            0.9816009,
            33.6052227
          ],
          [
            0.9816036,
            33.6047558
          ],
          [
            0.981608,
            33.6045091
          ],
          [
            0.9816277,
            33.6043582
          ],
          [
            0.9816599,
            33.6039181
          ],
          [
            0.9816804,
            33.6036445
          ],
          [
            0.981726,
            33.6032268
          ],
          [
            0.9817645,
            33.6027788
          ],
          [
            0.9818226,
            33.6022438
          ],
          [
            0.981844,
            33.6020316
          ],
          [
            0.9819326,
            33.6014105
          ],
          [
            0.9821052,
            33.6005269
          ],
          [
            0.9822849,
            33.5997248
          ],
          [
            0.9823563,
            33.5994021
          ],
          [
            0.9825119,
            33.5987118
          ],
          [
            0.9829116,
            33.5969468
          ],
          [
            0.9830478,
            33.5963438
          ],
          [
            0.9831491,
            33.595985
          ]
        ]
      },
      "properties": {
        "highway": "secondary"
      }
    },
    {
      "type": "Feature",
      "geometry": {
        "type": "LineString",
        "coordinates": [
          [
            0.9831491,
            33.595985
          ],
          [
            0.9832428,
            33.5957177
          ]
        ]
      },
      "properties": {
        "highway": "secondary"
      }
    },
    {
      "type": "Feature",
      "geometry": {
        "type": "LineString",
        "coordinates": [
          [
            0.9320141,
            33.5666378
          ],
          [
            0.932024,
            33.5664589
          ],
          [
            0.9320126,
            33.5663213
          ],
          [
            0.9319538,
            33.5659659
          ],
          [
            0.9316199,
            33.5647153
          ],
          [
            0.9310563,
            33.5635383
          ],
          [
            0.9306676,
            33.562896
          ],
          [
            0.9296522,
            33.5615082
          ],
          [
            0.9294978,
            33.5612587
          ],
          [
            0.9292827,
            33.5604626
          ],
          [
            0.9292706,
            33.5604171
          ],
          [
            0.9290916,
            33.5597453
          ],
          [
            0.9290103,
            33.5594402
          ],
          [
            0.9289858,
            33.5593481
          ],
          [
            0.9289386,
            33.559171
          ]
        ]
      },
      "properties": {
        "highway": "tertiary"
      }
    },
    {
      "type": "Feature",
      "geometry": {
        "type": "LineString",
        "coordinates": [
          [
            0.9319889,
            33.5667951
          ],
          [
            0.9320141,
            33.5666378
          ]
        ]
      },
      "properties": {
        "highway": "tertiary"
      }
    },
    {
      "type": "Feature",
      "geometry": {
        "type": "LineString",
        "coordinates": [
          [
            0.9065677,
            33.6563771
          ],
          [
            0.905252,
            33.6555097
          ],
          [
            0.9047462,
            33.6552148
          ],
          [
            0.9041047,
            33.6549005
          ],
          [
            0.9034684,
            33.6546156
          ],
          [
            0.8980289,
            33.652307
          ],
          [
            0.8833261,
            33.6462284
          ],
          [
            0.8812404,
            33.645237
          ],
          [
            0.8790732,
            33.6440321
          ],
          [
            0.8767504,
            33.6422029
          ],
          [
            0.8739223,
            33.639233
          ],
          [
            0.8600918,
            33.6245401
          ],
          [
            0.8563635,
            33.6205573
          ],
          [
            0.8536255,
            33.6177636
          ],
          [
            0.8517887,
            33.6161911
          ],
          [
            0.8472515,
            33.6128691
          ],
          [
            0.8428473,
            33.6100313
          ],
          [
            0.8406275,
            33.6086088
          ],
          [
            0.8273173,
            33.5998893
          ],
          [
            0.8244248,
            33.5980636
          ],
          [
            0.8192192,
            33.594723
          ],
          [
            0.8174682,
            33.5935934
          ],
          [
            0.8162033,
            33.5923968
          ],
          [
            0.8154051,
            33.590948
          ],
          [
            0.8151744,
            33.5891543
          ],
          [
            0.8151703,
            33.587102
          ],
          [
            0.815142,
            33.5835007
          ],
          [
            0.8151609,
            33.5815021
          ],
          [
            0.8151564,
            33.5812097
          ],
          [
            0.8151236,
            33.5809172
          ],
          [
            0.8150084,
            33.58035
          ],
          [
            0.8148894,
            33.5800053
          ],
          [
            0.8147351,
            33.5796606
          ],
          [
            0.8144799,
            33.5792356
          ]
        ]
      },
      "properties": {
        "name": "Route Ain Sefra-Elbayadh",
        "highway": "primary",
        "maxspeed": "80",
        "ref": "RN 47"
      }
    },
    {
      "type": "Feature",
      "geometry": {
        "type": "LineString",
        "coordinates": [
          [
            0.8144799,
            33.5792356
          ],
          [
            0.8143284,
            33.57903
          ]
        ]
      },
      "properties": {
        "name": "Route Ain Sefra-Elbayadh",
        "highway": "primary",
        "maxspeed": "80",
        "ref": "RN 47"
      }
    },
    {
      "type": "Feature",
      "geometry": {
        "type": "LineString",
        "coordinates": [
          [
            1.352926,
            33.6328187
          ],
          [
            1.352802,
            33.632947
          ],
          [
            1.3527561,
            33.632999
          ],
          [
            1.3527152,
            33.6330539
          ],
          [
            1.3526795,
            33.6331111
          ],
          [
            1.3526492,
            33.6331705
          ],
          [
            1.3526112,
            33.6332687
          ]
        ]
      },
      "properties": {
        "highway": "primary_link"
      }
    },
    {
      "type": "Feature",
      "geometry": {
        "type": "LineString",
        "coordinates": [
          [
            1.3526017,
            33.633241
          ],
          [
            1.3524946,
            33.6331315
          ],
          [
            1.3524499,
            33.6330896
          ],
          [
            1.3524023,
            33.63305
          ],
          [
            1.3523519,
            33.6330129
          ],
          [
            1.3522988,
            33.6329784
          ],
          [
            1.352209,
            33.632926
          ]
        ]
      },
      "properties": {
        "highway": "primary_link"
      }
    },
    {
      "type": "Feature",
      "geometry": {
        "type": "LineString",
        "coordinates": [
          [
            0.8143284,
            33.57903
          ],
          [
            0.8138168,
            33.5784672
          ],
          [
            0.8133664,
            33.5780949
          ],
          [
            0.8126162,
            33.5775801
          ],
          [
            0.8091137,
            33.5754172
          ],
          [
            0.8085024,
            33.5751165
          ],
          [
            0.8076406,
            33.5747369
          ],
          [
            0.8070181,
            33.574476
          ],
          [
            0.8060828,
            33.5741968
          ],
          [
            0.8051083,
            33.574021
          ],
          [
            0.8003107,
            33.5733373
          ],
          [
            0.7927919,
            33.5722967
          ],
          [
            0.7911034,
            33.5719809
          ],
          [
            0.7905563,
            33.5718266
          ],
          [
            0.79013,
            33.571713
          ],
          [
            0.7894893,
            33.5714668
          ],
          [
            0.7887943,
            33.5711537
          ],
          [
            0.7883371,
            33.5709041
          ],
          [
            0.7877627,
            33.5705601
          ],
          [
            0.7866217,
            33.5697651
          ],
          [
            0.784623,
            33.5681998
          ],
          [
            0.7736971,
            33.5598325
          ]
        ]
      },
      "properties": {
        "name": "Route Ain Sefra-Elbayadh",
        "highway": "primary",
        "maxspeed": "80",
        "ref": "RN 47"
      }
    },
    {
      "type": "Feature",
      "geometry": {
        "type": "LineString",
        "coordinates": [
          [
            0.7736971,
            33.5598325
          ],
          [
            0.7733839,
            33.5596113
          ]
        ]
      },
      "properties": {
        "name": "Route Ain Sefra-Elbayadh",
        "highway": "primary",
        "maxspeed": "80",
        "ref": "RN 47"
      }
    },
    {
      "type": "Feature",
      "geometry": {
        "type": "LineString",
        "coordinates": [
          [
            0.9580093,
            33.3202516
          ],
          [
            0.9581404,
            33.3203801
          ],
          [
            0.9581944,
            33.3204428
          ],
          [
            0.9584233,
            33.3206835
          ],
          [
            0.9584916,
            33.3207938
          ],
          [
            0.9585816,
            33.320939
          ],
          [
            0.9586994,
            33.321176
          ]
        ]
      },
      "properties": {
        "highway": "secondary"
      }
    },
    {
      "type": "Feature",
      "geometry": {
        "type": "LineString",
        "coordinates": [
          [
            1.0804694,
            33.6950118
          ],
          [
            1.0803388,
            33.6948049
          ],
          [
            1.0802422,
            33.6946565
          ],
          [
            1.0801449,
            33.6945116
          ],
          [
            1.0799676,
            33.6942633
          ]
        ]
      },
      "properties": {
        "name": "Route Tiaret - El Bayadh",
        "highway": "trunk",
        "maxspeed": "80",
        "ref": "RN 111"
      }
    },
    {
      "type": "Feature",
      "geometry": {
        "type": "LineString",
        "coordinates": [
          [
            1.0805293,
            33.6951068
          ],
          [
            1.0804694,
            33.6950118
          ]
        ]
      },
      "properties": {
        "highway": "trunk",
        "maxspeed": "80",
        "ref": "RN 111"
      }
    },
    {
      "type": "Feature",
      "geometry": {
        "type": "LineString",
        "coordinates": [
          [
            1.0805474,
            33.6949818
          ],
          [
            1.080603,
            33.6950722
          ]
        ]
      },
      "properties": {
        "highway": "trunk",
        "maxspeed": "80",
        "ref": "RN 111"
      }
    },
    {
      "type": "Feature",
      "geometry": {
        "type": "LineString",
        "coordinates": [
          [
            1.0800451,
            33.6942225
          ],
          [
            1.0802758,
            33.6945438
          ],
          [
            1.0803938,
            33.6947346
          ],
          [
            1.0805068,
            33.6949145
          ],
          [
            1.0805474,
            33.6949818
          ]
        ]
      },
      "properties": {
        "name": "Route Tiaret - El Bayadh",
        "highway": "trunk",
        "maxspeed": "80",
        "ref": "RN 111"
      }
    },
    {
      "type": "Feature",
      "geometry": {
        "type": "LineString",
        "coordinates": [
          [
            1.0799683,
            33.6941275
          ],
          [
            1.0800451,
            33.6942225
          ]
        ]
      },
      "properties": {
        "highway": "trunk",
        "maxspeed": "80",
        "ref": "RN 111"
      }
    },
    {
      "type": "Feature",
      "geometry": {
        "type": "LineString",
        "coordinates": [
          [
            1.070327,
            33.6903275
          ],
          [
            1.0717746,
            33.6906052
          ],
          [
            1.0747322,
            33.6911708
          ],
          [
            1.0754668,
            33.6913546
          ],
          [
            1.0762014,
            33.6915703
          ],
          [
            1.0765649,
            33.6917104
          ],
          [
            1.0769222,
            33.6918507
          ],
          [
            1.0776017,
            33.692171
          ],
          [
            1.0781864,
            33.6925163
          ],
          [
            1.0787337,
            33.6928985
          ],
          [
            1.0794243,
            33.693524
          ],
          [
            1.0797105,
            33.6938219
          ],
          [
            1.0798533,
            33.693987
          ],
          [
            1.0799683,
            33.6941275
          ]
        ]
      },
      "properties": {
        "name": "Route Tiaret - El Bayadh",
        "highway": "trunk",
        "maxspeed": "80",
        "ref": "RN 111"
      }
    },
    {
      "type": "Feature",
      "geometry": {
        "type": "LineString",
        "coordinates": [
          [
            1.0798949,
            33.6941661
          ],
          [
            1.0797608,
            33.694016
          ],
          [
            1.0796402,
            33.6938878
          ],
          [
            1.0793478,
            33.6935846
          ],
          [
            1.0790198,
            33.6932361
          ],
          [
            1.0785829,
            33.6928766
          ],
          [
            1.07821,
            33.6926371
          ],
          [
            1.0775174,
            33.6922318
          ],
          [
            1.0770592,
            33.6920067
          ],
          [
            1.0764735,
            33.691768
          ],
          [
            1.0759614,
            33.6915823
          ],
          [
            1.0747178,
            33.6912547
          ],
          [
            1.0735926,
            33.6910434
          ],
          [
            1.0721876,
            33.6907713
          ],
          [
            1.0717647,
            33.6906938
          ],
          [
            1.0703006,
            33.6904198
          ]
        ]
      },
      "properties": {
        "name": "Route Tiaret - El Bayadh",
        "highway": "trunk",
        "maxspeed": "80",
        "ref": "RN 111"
      }
    },
    {
      "type": "Feature",
      "geometry": {
        "type": "LineString",
        "coordinates": [
          [
            1.0799676,
            33.6942633
          ],
          [
            1.0798949,
            33.6941661
          ]
        ]
      },
      "properties": {
        "highway": "trunk",
        "maxspeed": "80",
        "ref": "RN 111"
      }
    },
    {
      "type": "Feature",
      "geometry": {
        "type": "LineString",
        "coordinates": [
          [
            0.5838717,
            33.1904813
          ],
          [
            0.5838659,
            33.1906973
          ],
          [
            0.5838633,
            33.190823
          ],
          [
            0.5838617,
            33.1909353
          ]
        ]
      },
      "properties": {
        "highway": "primary",
        "maxspeed": "30"
      }
    },
    {
      "type": "Feature",
      "geometry": {
        "type": "LineString",
        "coordinates": [
          [
            0.9307457,
            34.0172429
          ],
          [
            0.9304139,
            34.0175026
          ],
          [
            0.930313,
            34.0176124
          ],
          [
            0.930158,
            34.0178843
          ],
          [
            0.9300266,
            34.0182785
          ],
          [
            0.9299513,
            34.0185721
          ],
          [
            0.9299128,
            34.0189053
          ],
          [
            0.9299158,
            34.0189504
          ],
          [
            0.9299531,
            34.0195794
          ],
          [
            0.9300266,
            34.0199479
          ],
          [
            0.9300989,
            34.0202912
          ],
          [
            0.9301775,
            34.0206891
          ],
          [
            0.930335,
            34.0210106
          ],
          [
            0.9303858,
            34.0211142
          ],
          [
            0.9305985,
            34.0213364
          ],
          [
            0.9309051,
            34.0216567
          ],
          [
            0.9312775,
            34.0219765
          ],
          [
            0.9319655,
            34.0225673
          ],
          [
            0.9321687,
            34.0228342
          ],
          [
            0.9322468,
            34.0231475
          ],
          [
            0.9324099,
            34.0239882
          ],
          [
            0.9326276,
            34.024917
          ],
          [
            0.9327927,
            34.025502
          ],
          [
            0.9329772,
            34.0259955
          ],
          [
            0.9331694,
            34.0263587
          ],
          [
            0.9334767,
            34.0266947
          ],
          [
            0.9338881,
            34.0270094
          ],
          [
            0.9343041,
            34.0272609
          ],
          [
            0.9348035,
            34.0274533
          ],
          [
            0.9358985,
            34.0277211
          ],
          [
            0.9363439,
            34.0279395
          ],
          [
            0.9373876,
            34.0285812
          ],
          [
            0.9378502,
            34.0288042
          ],
          [
            0.9389791,
            34.0292303
          ],
          [
            0.939282,
            34.0293756
          ],
          [
            0.9395757,
            34.0295739
          ],
          [
            0.939851,
            34.02991
          ],
          [
            0.9402029,
            34.0303527
          ]
        ]
      },
      "properties": {
        "highway": "tertiary"
      }
    },
    {
      "type": "Feature",
      "geometry": {
        "type": "LineString",
        "coordinates": [
          [
            1.5494494,
            34.1556335
          ],
          [
            1.5495016,
            34.1552742
          ],
          [
            1.5495757,
            34.1551439
          ]
        ]
      },
      "properties": {
        "name": "Hadj Mecheri",
        "highway": "secondary",
        "ref": "CW 121"
      }
    },
    {
      "type": "Feature",
      "geometry": {
        "type": "LineString",
        "coordinates": [
          [
            1.5495757,
            34.1551439
          ],
          [
            1.5495906,
            34.1552756
          ],
          [
            1.5495357,
            34.1556253
          ]
        ]
      },
      "properties": {
        "name": "Hadj Mecheri",
        "highway": "secondary",
        "ref": "CW 121"
      }
    },
    {
      "type": "Feature",
      "geometry": {
        "type": "LineString",
        "coordinates": [
          [
            1.2537741,
            33.0916462
          ],
          [
            1.2537291,
            33.0943484
          ],
          [
            1.2537383,
            33.0945372
          ],
          [
            1.253782,
            33.0947546
          ],
          [
            1.2538912,
            33.0949741
          ],
          [
            1.2540141,
            33.095163
          ],
          [
            1.2541874,
            33.095292
          ],
          [
            1.2545388,
            33.0954129
          ],
          [
            1.2549507,
            33.0955275
          ],
          [
            1.2556454,
            33.0957167
          ],
          [
            1.2561256,
            33.0958165
          ],
          [
            1.2564329,
            33.0958807
          ],
          [
            1.2564916,
            33.0958813
          ],
          [
            1.2567902,
            33.0958843
          ],
          [
            1.2569736,
            33.0958468
          ],
          [
            1.2570096,
            33.0958394
          ],
          [
            1.2573572,
            33.095777
          ],
          [
            1.2576474,
            33.0957257
          ],
          [
            1.2581093,
            33.095892
          ],
          [
            1.2581419,
            33.0959242
          ],
          [
            1.2586731,
            33.0964501
          ],
          [
            1.258725,
            33.0964869
          ],
          [
            1.2588492,
            33.0966042
          ],
          [
            1.2590316,
            33.0968132
          ],
          [
            1.2591441,
            33.0970105
          ],
          [
            1.2592126,
            33.0972458
          ],
          [
            1.2592388,
            33.097312
          ],
          [
            1.2592703,
            33.0973604
          ],
          [
            1.2593316,
            33.0974249
          ],
          [
            1.2594095,
            33.0974766
          ],
          [
            1.2596419,
            33.0976321
          ],
          [
            1.2599043,
            33.0978147
          ],
          [
            1.2600126,
            33.0978907
          ],
          [
            1.2601511,
            33.097986
          ],
          [
            1.2602963,
            33.0980738
          ],
          [
            1.2604422,
            33.0981525
          ],
          [
            1.2606969,
            33.0982857
          ],
          [
            1.2607831,
            33.0983389
          ],
          [
            1.2608435,
            33.0983965
          ],
          [
            1.2608823,
            33.098476
          ],
          [
            1.2608971,
            33.0985647
          ],
          [
            1.2608789,
            33.0991003
          ],
          [
            1.2608819,
            33.0991866
          ],
          [
            1.2608971,
            33.0992973
          ],
          [
            1.260936,
            33.0994208
          ],
          [
            1.2609906,
            33.0995443
          ],
          [
            1.2614395,
            33.1003385
          ],
          [
            1.2615686,
            33.1005382
          ]
        ]
      },
      "properties": {
        "highway": "primary",
        "ref": "RN 107"
      }
    },
    {
      "type": "Feature",
      "geometry": {
        "type": "LineString",
        "coordinates": [
          [
            1.2538232,
            33.0886917
          ],
          [
            1.2537741,
            33.0916462
          ]
        ]
      },
      "properties": {
        "highway": "primary",
        "ref": "RN 107"
      }
    }
  ]
}