{
  "type": "FeatureCollection",
  "features": [
    {
      "type": "Feature",
      "geometry": {
        "type": "LineString",
        "coordinates": [
          [
            -1.6673574,
            29.6550704
          ],
          [
            -1.6708641,
            29.6531057
          ],
          [
            -1.6709608,
            29.6530392
          ],
          [
            -1.6710522,
            29.6529672
          ],
          [
            -1.6711379,
            29.65289
          ],
          [
            -1.6712175,
            29.6528081
          ],
          [
            -1.6720305,
            29.6517961
          ],
          [
            -1.6726788,
            29.6510199
          ],
          [
            -1.6731642,
            29.6504388
          ],
          [
            -1.6737441,
            29.6497206
          ],
          [
            -1.6740975,
            29.6492816
          ],
          [
            -1.6745929,
            29.6486685
          ],
          [
            -1.6750637,
            29.6481169
          ],
          [
            -1.6750972,
            29.648054
          ],
          [
            -1.6751106,
            29.6479608
          ],
          [
            -1.6750838,
            29.6479048
          ],
          [
            -1.6750288,
            29.6478162
          ],
          [
            -1.6749725,
            29.6477474
          ],
          [
            -1.6749197,
            29.6476808
          ],
          [
            -1.6748987,
            29.647616
          ],
          [
            -1.6748963,
            29.6475487
          ],
          [
            -1.6749125,
            29.6474829
          ],
          [
            -1.6749466,
            29.6474224
          ],
          [
            -1.6750929,
            29.6472764
          ],
          [
            -1.6752349,
            29.6471347
          ],
          [
            -1.6753718,
            29.6470433
          ],
          [
            -1.675466,
            29.6470131
          ],
          [
            -1.675565,
            29.647006
          ],
          [
            -1.6756672,
            29.6470318
          ],
          [
            -1.6757536,
            29.6470903
          ]
        ]
      },
      "properties": {
        "highway": "tertiary",
        "maxspeed": "40"
      }
    },
    {
      "type": "Feature",
      "geometry": {
        "type": "LineString",
        "coordinates": [
          [
            -1.605963,
            29.5757396
          ],
          [
            -1.6059867,
            29.5756941
          ],
          [
            -1.6060139,
            29.5756504
          ],
          [
            -1.6060447,
            29.5756085
          ],
          [
            -1.606079,
            29.5755687
          ],
          [
            -1.6062657,
            29.5753654
          ],
          [
            -1.6065317,
            29.575084
          ],
          [
            -1.6068184,
            29.5747774
          ],
          [
            -1.6074511,
            29.5741111
          ],
          [
            -1.6081026,
            29.5734217
          ],
          [
            -1.608174,
            29.5733607
          ],
          [
            -1.6083118,
            29.5732354
          ],
          [
            -1.6084027,
            29.5731655
          ],
          [
            -1.6085043,
            29.5730949
          ],
          [
            -1.6086782,
            29.5729921
          ]
        ]
      },
      "properties": {
        "highway": "secondary",
        "maxspeed": "40"
      }
    },
    {
      "type": "Feature",
      "geometry": {
        "type": "LineString",
        "coordinates": [
          [
            -2.1820186,
            30.1146483
          ],
          [
            -2.1823807,
            30.1147098
          ],
          [
            -2.1824826,
            30.1147353
          ],
          [
            -2.1826556,
            30.114791
          ],
          [
            -2.1827924,
            30.1148478
          ],
          [
            -2.1829131,
            30.1149128
          ],
          [
            -2.1829869,
            30.114987
          ],
          [
            -2.1830566,
            30.1150822
          ],
          [
            -2.183125,
            30.1151912
          ],
          [
            -2.1832109,
            30.1153397
          ],
          [
            -2.1833114,
            30.1154685
          ],
          [
            -2.1833865,
            30.1155659
          ],
          [
            -2.1834777,
            30.1156657
          ],
          [
            -2.1836548,
            30.1158293
          ],
          [
            -2.1839096,
            30.1160369
          ],
          [
            -2.1841523,
            30.1162306
          ],
          [
            -2.1843106,
            30.1163716
          ],
          [
            -2.1844943,
            30.1165433
          ],
          [
            -2.1847518,
            30.1168269
          ],
          [
            -2.1848208,
            30.1169017
          ],
          [
            -2.1848591,
            30.1169383
          ],
          [
            -2.1849047,
            30.1169742
          ],
          [
            -2.1850106,
            30.1170386
          ],
          [
            -2.1850951,
            30.1170833
          ],
          [
            -2.1851447,
            30.1171036
          ],
          [
            -2.1852413,
            30.1171407
          ],
          [
            -2.1854116,
            30.1171796
          ],
          [
            -2.1855504,
            30.1171894
          ],
          [
            -2.1856771,
            30.1171819
          ],
          [
            -2.1858099,
            30.1171628
          ],
          [
            -2.1858978,
            30.117139
          ],
          [
            -2.1859983,
            30.117103
          ],
          [
            -2.1861298,
            30.1170369
          ],
          [
            -2.1862592,
            30.1169725
          ],
          [
            -2.1864704,
            30.1168478
          ],
          [
            -2.1867044,
            30.1166941
          ],
          [
            -2.1868573,
            30.1165839
          ],
          [
            -2.1869586,
            30.1165073
          ],
          [
            -2.1870531,
            30.1164186
          ],
          [
            -2.1871161,
            30.1163461
          ],
          [
            -2.1871698,
            30.1162753
          ],
          [
            -2.1872322,
            30.1161726
          ],
          [
            -2.187263,
            30.1160967
          ],
          [
            -2.1872851,
            30.1160346
          ],
          [
            -2.1873099,
            30.1159377
          ],
          [
            -2.1873146,
            30.1158368
          ],
          [
            -2.1873133,
            30.1157742
          ],
          [
            -2.1873032,
            30.11569
          ],
          [
            -2.1872811,
            30.1155363
          ],
          [
            -2.1870861,
            30.1146355
          ],
          [
            -2.1870122,
            30.1142747
          ],
          [
            -2.1869606,
            30.1140039
          ],
          [
            -2.1869331,
            30.1138351
          ],
          [
            -2.186915,
            30.1137457
          ],
          [
            -2.1868667,
            30.1136344
          ]
        ]
      },
      "properties": {
        "name": "Route de Béni Abbès; طريق بني عباس",
        "highway": "secondary",
        "maxspeed": "60"
      }
    },
    {
      "type": "Feature",
      "geometry": {
        "type": "LineString",
        "coordinates": [
          [
            -1.9114717,
            29.8809939
          ],
          [
            -1.9052983,
            29.8889756
          ],
          [
            -1.9050408,
            29.889323
          ],
          [
            -1.9049743,
            29.8895919
          ],
          [
            -1.904992,
            29.8899849
          ],
          [
            -1.9051766,
            29.8904299
          ],
          [
            -1.9060234,
            29.8911025
          ],
          [
            -1.9063615,
            29.8914736
          ],
          [
            -1.9064683,
            29.8919066
          ],
          [
            -1.9064602,
            29.892493
          ],
          [
            -1.9059849,
            29.8931976
          ],
          [
            -1.9057044,
            29.8936673
          ],
          [
            -1.9056985,
            29.8940482
          ],
          [
            -1.9057596,
            29.8944552
          ],
          [
            -1.9061464,
            29.8950923
          ],
          [
            -1.9062601,
            29.8955234
          ],
          [
            -1.9061577,
            29.8961057
          ],
          [
            -1.9057473,
            29.8971307
          ],
          [
            -1.9049305,
            29.8991534
          ],
          [
            -1.9047777,
            29.8995249
          ],
          [
            -1.9047557,
            29.8996044
          ],
          [
            -1.9047418,
            29.8996839
          ],
          [
            -1.9047412,
            29.8997541
          ],
          [
            -1.9047568,
            29.8998359
          ],
          [
            -1.9047974,
            29.8999229
          ],
          [
            -1.9048514,
            29.8999867
          ],
          [
            -1.9049175,
            29.9000481
          ],
          [
            -1.9049944,
            29.9000979
          ],
          [
            -1.9052782,
            29.9002773
          ],
          [
            -1.9053866,
            29.9003554
          ],
          [
            -1.9054763,
            29.9004439
          ],
          [
            -1.9055402,
            29.9005303
          ],
          [
            -1.9055717,
            29.9006125
          ],
          [
            -1.9055845,
            29.9007144
          ],
          [
            -1.9055798,
            29.9008132
          ],
          [
            -1.9055563,
            29.9009364
          ],
          [
            -1.905506,
            29.9010905
          ],
          [
            -1.9054598,
            29.9012003
          ],
          [
            -1.9053994,
            29.9013015
          ],
          [
            -1.905333,
            29.9014003
          ],
          [
            -1.9052318,
            29.90152
          ],
          [
            -1.9050963,
            29.9016456
          ],
          [
            -1.9049615,
            29.9017489
          ],
          [
            -1.9048026,
            29.9018592
          ],
          [
            -1.9032503,
            29.9028138
          ],
          [
            -1.9017833,
            29.903691
          ],
          [
            -1.9014563,
            29.9038558
          ],
          [
            -1.9012081,
            29.9039655
          ],
          [
            -1.9009697,
            29.9040466
          ],
          [
            -1.900708,
            29.9041066
          ],
          [
            -1.9004316,
            29.9041443
          ],
          [
            -1.8953438,
            29.9047428
          ],
          [
            -1.8949631,
            29.9047899
          ],
          [
            -1.8946253,
            29.9048369
          ],
          [
            -1.8944176,
            29.9048776
          ],
          [
            -1.8942036,
            29.9049286
          ],
          [
            -1.8940555,
            29.9049769
          ],
          [
            -1.8939021,
            29.905031
          ],
          [
            -1.8937642,
            29.9050984
          ],
          [
            -1.8936517,
            29.9051681
          ],
          [
            -1.8935717,
            29.9052262
          ],
          [
            -1.8934871,
            29.9052994
          ],
          [
            -1.893416,
            29.905383
          ],
          [
            -1.8933595,
            29.9054782
          ],
          [
            -1.8933214,
            29.9055844
          ],
          [
            -1.8933008,
            29.9056801
          ],
          [
            -1.8932971,
            29.9057714
          ],
          [
            -1.8933129,
            29.9058751
          ],
          [
            -1.8933421,
            29.9059742
          ],
          [
            -1.8934105,
            29.9060853
          ],
          [
            -1.8934923,
            29.9061824
          ],
          [
            -1.8935915,
            29.9062813
          ],
          [
            -1.8946038,
            29.9071797
          ],
          [
            -1.8956255,
            29.9080921
          ],
          [
            -1.8958371,
            29.9082876
          ],
          [
            -1.8960045,
            29.9084622
          ],
          [
            -1.8961261,
            29.9086073
          ],
          [
            -1.8962437,
            29.9087699
          ],
          [
            -1.8963487,
            29.9089328
          ],
          [
            -1.8964174,
            29.9090736
          ],
          [
            -1.8965495,
            29.9093505
          ],
          [
            -1.8966883,
            29.9096225
          ],
          [
            -1.89685,
            29.9099014
          ],
          [
            -1.8976116,
            29.9111773
          ],
          [
            -1.8977062,
            29.9113305
          ],
          [
            -1.8977902,
            29.91145
          ],
          [
            -1.8978803,
            29.9115662
          ],
          [
            -1.8979897,
            29.9116913
          ],
          [
            -1.8981271,
            29.9118187
          ],
          [
            -1.8983742,
            29.9120673
          ],
          [
            -1.8985859,
            29.9122914
          ],
          [
            -1.8989028,
            29.9126848
          ],
          [
            -1.8993284,
            29.9132311
          ],
          [
            -1.8994594,
            29.9134363
          ],
          [
            -1.8995268,
            29.9135585
          ],
          [
            -1.8995684,
            29.9136626
          ],
          [
            -1.8995867,
            29.9137535
          ],
          [
            -1.8995871,
            29.9138202
          ],
          [
            -1.8995768,
            29.9138802
          ],
          [
            -1.8995486,
            29.9139468
          ],
          [
            -1.8995205,
            29.9139893
          ],
          [
            -1.89947,
            29.9140372
          ]
        ]
      },
      "properties": {
        "name": "طريق تامترت",
        "highway": "secondary",
        "maxspeed": "50"
      }
    },
    {
      "type": "Feature",
      "geometry": {
        "type": "LineString",
        "coordinates": [
          [
            -1.8345658,
            29.8622535
          ],
          [
            -1.8342493,
            29.8626801
          ],
          [
            -1.834124,
            29.8628673
          ],
          [
            -1.8340854,
            29.8630553
          ],
          [
            -1.8341449,
            29.8639294
          ],
          [
            -1.8341455,
            29.8640745
          ],
          [
            -1.8341207,
            29.8641965
          ],
          [
            -1.8340797,
            29.8643042
          ],
          [
            -1.8340244,
            29.8644163
          ],
          [
            -1.8339103,
            29.8645852
          ],
          [
            -1.8337237,
            29.8648492
          ],
          [
            -1.8335069,
            29.8651524
          ],
          [
            -1.83341,
            29.8652666
          ],
          [
            -1.8333432,
            29.8653393
          ],
          [
            -1.8332615,
            29.8654123
          ],
          [
            -1.833165,
            29.8654746
          ],
          [
            -1.8327819,
            29.8656813
          ],
          [
            -1.8325938,
            29.8657831
          ],
          [
            -1.8324412,
            29.8658788
          ],
          [
            -1.8323152,
            29.8659783
          ],
          [
            -1.8321998,
            29.8660809
          ],
          [
            -1.8320354,
            29.866255
          ],
          [
            -1.8319155,
            29.8664046
          ],
          [
            -1.8317949,
            29.8665717
          ],
          [
            -1.8317061,
            29.8666744
          ],
          [
            -1.8316222,
            29.866743
          ],
          [
            -1.8315205,
            29.8668185
          ],
          [
            -1.8314145,
            29.8668714
          ],
          [
            -1.831305,
            29.866912
          ],
          [
            -1.8311365,
            29.8669479
          ],
          [
            -1.8309282,
            29.8669742
          ],
          [
            -1.8308336,
            29.8670044
          ],
          [
            -1.8307248,
            29.8670621
          ],
          [
            -1.8305376,
            29.8672238
          ],
          [
            -1.830395,
            29.867361
          ],
          [
            -1.8301079,
            29.8676202
          ],
          [
            -1.8297998,
            29.8679039
          ],
          [
            -1.829564,
            29.8681893
          ],
          [
            -1.829182,
            29.8687937
          ],
          [
            -1.828858,
            29.8692547
          ],
          [
            -1.8282922,
            29.8700056
          ]
        ]
      },
      "properties": {
        "highway": "secondary"
      }
    },
    {
      "type": "Feature",
      "geometry": {
        "type": "LineString",
        "coordinates": [
          [
            -2.1665066,
            30.1312388
          ],
          [
            -2.1664328,
            30.1312232
          ],
          [
            -2.1663594,
            30.1312
          ],
          [
            -2.1662905,
            30.1311681
          ],
          [
            -2.1662246,
            30.1311377
          ]
        ]
      },
      "properties": {
        "highway": "secondary",
        "maxspeed": "30"
      }
    },
    {
      "type": "Feature",
      "geometry": {
        "type": "LineString",
        "coordinates": [
          [
            -2.1757745,
            30.1258073
          ],
          [
            -2.1756656,
            30.1259348
          ],
          [
            -2.1755638,
            30.1260338
          ],
          [
            -2.1754147,
            30.1261541
          ],
          [
            -2.1747361,
            30.126625
          ],
          [
            -2.1740178,
            30.1271351
          ],
          [
            -2.1735616,
            30.1274679
          ],
          [
            -2.1735349,
            30.1274875
          ],
          [
            -2.1732084,
            30.1277268
          ],
          [
            -2.1731222,
            30.1277935
          ],
          [
            -2.1730562,
            30.1278526
          ],
          [
            -2.1729827,
            30.1279348
          ],
          [
            -2.1725821,
            30.1284547
          ]
        ]
      },
      "properties": {
        "name": "Route de Béni Abbès; طريق بني عباس",
        "highway": "secondary",
        "maxspeed": "60"
      }
    },
    {
      "type": "Feature",
      "geometry": {
        "type": "LineString",
        "coordinates": [
          [
            -2.1722437,
            30.1289593
          ],
          [
            -2.1722639,
            30.1289967
          ],
          [
            -2.1722998,
            30.1290313
          ],
          [
            -2.1723499,
            30.129056
          ],
          [
            -2.1724065,
            30.1290653
          ],
          [
            -2.1724636,
            30.1290581
          ],
          [
            -2.1725148,
            30.1290352
          ],
          [
            -2.1725546,
            30.1289992
          ],
          [
            -2.172579,
            30.1289525
          ],
          [
            -2.172584,
            30.1289015
          ],
          [
            -2.172569,
            30.128852
          ],
          [
            -2.1725358,
            30.1288097
          ],
          [
            -2.172488,
            30.1287794
          ],
          [
            -2.1724314,
            30.1287647
          ],
          [
            -2.1723723,
            30.1287672
          ],
          [
            -2.1723175,
            30.1287867
          ],
          [
            -2.1722734,
            30.1288208
          ],
          [
            -2.172259,
            30.1288393
          ],
          [
            -2.1722411,
            30.1288775
          ],
          [
            -2.1722359,
            30.1289186
          ],
          [
            -2.1722437,
            30.1289593
          ]
        ]
      },
      "properties": {
        "highway": "secondary",
        "maxspeed": "30"
      }
    },
    {
      "type": "Feature",
      "geometry": {
        "type": "LineString",
        "coordinates": [
          [
            -1.8958593,
            29.9148083
          ],
          [
            -1.8971804,
            29.9157069
          ],
          [
            -1.8974861,
            29.9159171
          ],
          [
            -1.8977617,
            29.916092
          ],
          [
            -1.8979811,
            29.9162219
          ],
          [
            -1.8982254,
            29.916364
          ],
          [
            -1.8986148,
            29.9165655
          ],
          [
            -1.8988939,
            29.9166915
          ],
          [
            -1.8991872,
            29.9168175
          ],
          [
            -1.8999507,
            29.9171277
          ],
          [
            -1.9021476,
            29.9180585
          ],
          [
            -1.9038903,
            29.918805
          ],
          [
            -1.9047163,
            29.9192023
          ],
          [
            -1.9066806,
            29.9203024
          ],
          [
            -1.9089824,
            29.921564
          ],
          [
            -1.9116066,
            29.9230613
          ],
          [
            -1.9151877,
            29.925065
          ],
          [
            -1.9183608,
            29.9268285
          ],
          [
            -1.9194437,
            29.9274222
          ],
          [
            -1.9210252,
            29.9282341
          ],
          [
            -1.9227881,
            29.9291682
          ],
          [
            -1.9246416,
            29.9300892
          ],
          [
            -1.9280908,
            29.931866
          ],
          [
            -1.9307395,
            29.9332694
          ],
          [
            -1.9318141,
            29.9338203
          ],
          [
            -1.9325254,
            29.9342925
          ],
          [
            -1.933561,
            29.935168
          ],
          [
            -1.934493,
            29.9360894
          ],
          [
            -1.9351892,
            29.9369288
          ],
          [
            -1.9357341,
            29.9378862
          ],
          [
            -1.9366574,
            29.9402601
          ],
          [
            -1.9374747,
            29.9417159
          ],
          [
            -1.93811,
            29.9426429
          ],
          [
            -1.9390113,
            29.9435726
          ],
          [
            -1.9400198,
            29.9443907
          ],
          [
            -1.9415763,
            29.9454406
          ],
          [
            -1.9469493,
            29.9484438
          ],
          [
            -1.9498553,
            29.95007
          ],
          [
            -1.9519591,
            29.9509879
          ],
          [
            -1.9544412,
            29.9520239
          ],
          [
            -1.9569537,
            29.9531124
          ],
          [
            -1.9631814,
            29.955984
          ],
          [
            -1.9663224,
            29.9575447
          ],
          [
            -1.9681083,
            29.9585413
          ],
          [
            -1.9692889,
            29.9593281
          ],
          [
            -1.9707419,
            29.960482
          ],
          [
            -1.9738597,
            29.9634585
          ],
          [
            -1.9765538,
            29.9661203
          ],
          [
            -1.9796938,
            29.9692425
          ],
          [
            -1.989669,
            29.9782576
          ],
          [
            -1.9910333,
            29.9795544
          ],
          [
            -1.9930153,
            29.9821418
          ],
          [
            -1.9940629,
            29.9834539
          ],
          [
            -1.9950114,
            29.9843735
          ],
          [
            -1.9962006,
            29.9851583
          ],
          [
            -2.0009856,
            29.9880888
          ],
          [
            -2.0049636,
            29.9904063
          ],
          [
            -2.0062377,
            29.9911052
          ],
          [
            -2.0075543,
            29.991706
          ],
          [
            -2.0091116,
            29.99227
          ],
          [
            -2.0142646,
            29.9942317
          ],
          [
            -2.0184717,
            29.9959113
          ],
          [
            -2.0217819,
            29.9972969
          ],
          [
            -2.0219033,
            29.9973536
          ],
          [
            -2.0250663,
            29.9988294
          ],
          [
            -2.0286628,
            30.0005113
          ],
          [
            -2.0290125,
            30.0006781
          ],
          [
            -2.0316916,
            30.0019558
          ],
          [
            -2.0330507,
            30.0026423
          ],
          [
            -2.0343106,
            30.0033779
          ],
          [
            -2.0368022,
            30.0051555
          ],
          [
            -2.0425244,
            30.0090374
          ],
          [
            -2.04465,
            30.0105461
          ],
          [
            -2.0477927,
            30.0127767
          ],
          [
            -2.0496991,
            30.0142517
          ],
          [
            -2.0508458,
            30.0154039
          ],
          [
            -2.0519783,
            30.0166788
          ],
          [
            -2.0525729,
            30.0176104
          ],
          [
            -2.053536,
            30.0198436
          ],
          [
            -2.0547247,
            30.022587
          ],
          [
            -2.0551211,
            30.0232366
          ],
          [
            -2.0570606,
            30.0255778
          ],
          [
            -2.0624951,
            30.0325874
          ],
          [
            -2.0635056,
            30.033665
          ],
          [
            -2.0652064,
            30.0352014
          ],
          [
            -2.066562,
            30.0361723
          ],
          [
            -2.0682381,
            30.0372926
          ],
          [
            -2.0687188,
            30.037826
          ],
          [
            -2.0691501,
            30.0384555
          ],
          [
            -2.0701607,
            30.0400878
          ],
          [
            -2.0705181,
            30.0406212
          ],
          [
            -2.0710604,
            30.041176
          ],
          [
            -2.0713931,
            30.0413574
          ],
          [
            -2.0721696,
            30.0418055
          ],
          [
            -2.07477,
            30.0442059
          ],
          [
            -2.0767049,
            30.0461155
          ],
          [
            -2.0772,
            30.0468727
          ],
          [
            -2.0775675,
            30.047545
          ],
          [
            -2.077888,
            30.0483771
          ],
          [
            -2.0784302,
            30.0500199
          ],
          [
            -2.078726,
            30.0514387
          ],
          [
            -2.0790711,
            30.0534229
          ],
          [
            -2.0792683,
            30.0541589
          ],
          [
            -2.079675,
            30.0549269
          ],
          [
            -2.0803955,
            30.0560676
          ],
          [
            -2.0817208,
            30.0580844
          ],
          [
            -2.08283,
            30.0595777
          ],
          [
            -2.0839145,
            30.060975
          ],
          [
            -2.0843335,
            30.0614337
          ],
          [
            -2.0857262,
            30.0626923
          ],
          [
            -2.0867368,
            30.0634496
          ],
          [
            -2.0877227,
            30.0641323
          ],
          [
            -2.0893002,
            30.0652522
          ],
          [
            -2.089941,
            30.0656042
          ],
          [
            -2.090508,
            30.0658495
          ],
          [
            -2.0911365,
            30.0660415
          ],
          [
            -2.0945873,
            30.0668948
          ],
          [
            -2.098605,
            30.0678973
          ],
          [
            -2.101686,
            30.068548
          ]
        ]
      },
      "properties": {
        "name": "طريق بني عباس - تامترت",
        "highway": "secondary",
        "maxspeed": "80"
      }
    },
    {
      "type": "Feature",
      "geometry": {
        "type": "LineString",
        "coordinates": [
          [
            -2.1659161,
            30.1310683
          ],
          [
            -2.1658426,
            30.1310798
          ],
          [
            -2.1657671,
            30.1310819
          ],
          [
            -2.1657067,
            30.1310777
          ],
          [
            -2.165647,
            30.1310684
          ],
          [
            -2.1655753,
            30.1310552
          ],
          [
            -2.1642677,
            30.1307921
          ],
          [
            -2.1633598,
            30.1306121
          ],
          [
            -2.1623411,
            30.1304076
          ],
          [
            -2.161546,
            30.130246
          ],
          [
            -2.1613393,
            30.1302034
          ],
          [
            -2.161211,
            30.130177
          ],
          [
            -2.1606115,
            30.1300534
          ],
          [
            -2.1603648,
            30.1300026
          ],
          [
            -2.1601143,
            30.129951
          ],
          [
            -2.1600318,
            30.12993
          ],
          [
            -2.1599789,
            30.1299197
          ],
          [
            -2.1598019,
            30.1298767
          ],
          [
            -2.1594425,
            30.1297841
          ]
        ]
      },
      "properties": {
        "name": "Route Béni Abbès - Tamtert; طريق بني عباس - تامترت",
        "highway": "secondary",
        "maxspeed": "30"
      }
    },
    {
      "type": "Feature",
      "geometry": {
        "type": "LineString",
        "coordinates": [
          [
            -1.9631814,
            29.955984
          ],
          [
            -1.9648566,
            29.9534564
          ],
          [
            -1.9651226,
            29.9530631
          ],
          [
            -1.9652148,
            29.9529255
          ],
          [
            -1.9653078,
            29.9527745
          ],
          [
            -1.9653843,
            29.9526317
          ],
          [
            -1.9654481,
            29.9524941
          ],
          [
            -1.9655143,
            29.9523465
          ],
          [
            -1.9655702,
            29.9522169
          ],
          [
            -1.9656156,
            29.9520824
          ],
          [
            -1.9656502,
            29.9519699
          ],
          [
            -1.9656806,
            29.951858
          ],
          [
            -1.9657084,
            29.9517322
          ],
          [
            -1.9657317,
            29.9515999
          ],
          [
            -1.9657394,
            29.9515058
          ],
          [
            -1.9657405,
            29.9514135
          ],
          [
            -1.965735,
            29.9513119
          ],
          [
            -1.9657236,
            29.9512032
          ],
          [
            -1.9655639,
            29.9501112
          ],
          [
            -1.9654458,
            29.949406
          ],
          [
            -1.9653814,
            29.9490743
          ],
          [
            -1.965317,
            29.9487705
          ],
          [
            -1.9652737,
            29.9485687
          ],
          [
            -1.9652159,
            29.9483702
          ],
          [
            -1.9651554,
            29.9481858
          ],
          [
            -1.9650964,
            29.9480141
          ],
          [
            -1.9648915,
            29.9474963
          ],
          [
            -1.9646665,
            29.9469576
          ],
          [
            -1.964413,
            29.9462966
          ],
          [
            -1.9642007,
            29.9457427
          ],
          [
            -1.9639539,
            29.9450652
          ],
          [
            -1.9637164,
            29.9444167
          ],
          [
            -1.9634645,
            29.9437374
          ],
          [
            -1.963301,
            29.9432943
          ],
          [
            -1.9631509,
            29.9428582
          ],
          [
            -1.9626347,
            29.9413043
          ],
          [
            -1.9622701,
            29.9401688
          ],
          [
            -1.9620583,
            29.9394813
          ],
          [
            -1.9618853,
            29.9389446
          ],
          [
            -1.9617056,
            29.9383801
          ],
          [
            -1.9615005,
            29.9377111
          ],
          [
            -1.961413,
            29.93741
          ],
          [
            -1.9612913,
            29.9369527
          ],
          [
            -1.9612198,
            29.9366753
          ],
          [
            -1.9611719,
            29.936468
          ],
          [
            -1.9611321,
            29.9362816
          ],
          [
            -1.9610727,
            29.9359585
          ],
          [
            -1.9609861,
            29.935403
          ],
          [
            -1.9609192,
            29.9349582
          ],
          [
            -1.9608656,
            29.9345364
          ],
          [
            -1.9608047,
            29.9340726
          ],
          [
            -1.960757,
            29.9335731
          ],
          [
            -1.9607425,
            29.933283
          ],
          [
            -1.9607441,
            29.9330946
          ],
          [
            -1.9607516,
            29.9329393
          ],
          [
            -1.9607793,
            29.9326997
          ],
          [
            -1.960823,
            29.9325224
          ],
          [
            -1.960887,
            29.9322822
          ],
          [
            -1.9609613,
            29.9320395
          ],
          [
            -1.9610026,
            29.9319224
          ],
          [
            -1.9610601,
            29.9317937
          ],
          [
            -1.9611723,
            29.9316014
          ],
          [
            -1.9615758,
            29.9310083
          ],
          [
            -1.9619523,
            29.9304551
          ],
          [
            -1.9619665,
            29.9303872
          ],
          [
            -1.9619672,
            29.9303216
          ],
          [
            -1.9619607,
            29.9302416
          ],
          [
            -1.9619422,
            29.9301327
          ],
          [
            -1.9618972,
            29.9299126
          ],
          [
            -1.9617757,
            29.9292568
          ],
          [
            -1.961594,
            29.9281752
          ],
          [
            -1.9615473,
            29.927927
          ],
          [
            -1.9615133,
            29.9276909
          ],
          [
            -1.9615016,
            29.9275821
          ],
          [
            -1.9614975,
            29.9274648
          ],
          [
            -1.9615041,
            29.9272539
          ]
        ]
      },
      "properties": {
        "highway": "secondary",
        "maxspeed": "60"
      }
    },
    {
      "type": "Feature",
      "geometry": {
        "type": "LineString",
        "coordinates": [
          [
            -2.289913,
            30.0457433
          ],
          [
            -2.2916673,
            30.0440904
          ],
          [
            -2.2928504,
            30.0431089
          ],
          [
            -2.2941296,
            30.042161
          ],
          [
            -2.2961103,
            30.0411955
          ],
          [
            -2.2986294,
            30.0401967
          ],
          [
            -2.3011446,
            30.0392362
          ],
          [
            -2.3030425,
            30.0383827
          ],
          [
            -2.3049774,
            30.0374332
          ],
          [
            -2.3066042,
            30.0365583
          ],
          [
            -2.308302,
            30.0355854
          ],
          [
            -2.3106219,
            30.034051
          ],
          [
            -2.3129635,
            30.0324506
          ],
          [
            -2.3150216,
            30.0311596
          ],
          [
            -2.3166607,
            30.0302206
          ],
          [
            -2.3203976,
            30.0283268
          ],
          [
            -2.3247627,
            30.0265287
          ],
          [
            -2.3274357,
            30.02533
          ],
          [
            -2.3301086,
            30.0239148
          ],
          [
            -2.3328777,
            30.022433
          ],
          [
            -2.3348968,
            30.0215339
          ],
          [
            -2.3368775,
            30.020718
          ],
          [
            -2.3389351,
            30.0200021
          ],
          [
            -2.3421849,
            30.0188033
          ],
          [
            -2.3443387,
            30.0178042
          ],
          [
            -2.3471078,
            30.0165721
          ],
          [
            -2.349473,
            30.015906
          ],
          [
            -2.3516652,
            30.015623
          ],
          [
            -2.354319,
            30.0156396
          ],
          [
            -2.3564919,
            30.0158894
          ],
          [
            -2.3587995,
            30.0163223
          ],
          [
            -2.3622224,
            30.0168052
          ],
          [
            -2.3655492,
            30.0170383
          ],
          [
            -2.3687029,
            30.0170383
          ],
          [
            -2.3716066,
            30.0171882
          ],
          [
            -2.3734911,
            30.0175212
          ],
          [
            -2.3769332,
            30.0181372
          ],
          [
            -2.38001,
            30.0184869
          ],
          [
            -2.3833175,
            30.0185368
          ],
          [
            -2.3851636,
            30.0184702
          ],
          [
            -2.3871635,
            30.0182371
          ],
          [
            -2.3892403,
            30.0183037
          ],
          [
            -2.3909325,
            30.0186534
          ],
          [
            -2.3925863,
            30.0192195
          ],
          [
            -2.3936055,
            30.019769
          ],
          [
            -2.3946247,
            30.0204849
          ],
          [
            -2.3964323,
            30.0218003
          ],
          [
            -2.3978745,
            30.0228159
          ],
          [
            -2.3992975,
            30.0237316
          ],
          [
            -2.4007013,
            30.0243477
          ],
          [
            -2.4023743,
            30.0249637
          ],
          [
            -2.4044511,
            30.0254798
          ],
          [
            -2.4056818,
            30.0258628
          ],
          [
            -2.4082971,
            30.0265953
          ],
          [
            -2.4108739,
            30.0274611
          ],
          [
            -2.4133738,
            30.0279272
          ],
          [
            -2.4147583,
            30.028177
          ],
          [
            -2.4170466,
            30.0285099
          ],
          [
            -2.4187196,
            30.0287597
          ],
          [
            -2.4206619,
            30.0291259
          ],
          [
            -2.422181,
            30.0293424
          ],
          [
            -2.4236617,
            30.0296254
          ],
          [
            -2.4259501,
            30.0297253
          ],
          [
            -2.4274692,
            30.0296087
          ],
          [
            -2.4295076,
            30.0292758
          ],
          [
            -2.4321998,
            30.0282436
          ],
          [
            -2.434392,
            30.0269616
          ],
          [
            -2.4373149,
            30.0247639
          ],
          [
            -2.4389879,
            30.0236983
          ],
          [
            -2.4411224,
            30.0225329
          ],
          [
            -2.4442184,
            30.0209678
          ],
          [
            -2.4467183,
            30.0199188
          ],
          [
            -2.4491412,
            30.0189198
          ],
          [
            -2.451295,
            30.0181705
          ],
          [
            -2.4534679,
            30.0172881
          ],
          [
            -2.4550448,
            30.0165887
          ],
          [
            -2.4568908,
            30.0155231
          ],
          [
            -2.4586023,
            30.0144408
          ],
          [
            -2.4602561,
            30.013092
          ],
          [
            -2.4629867,
            30.0107775
          ],
          [
            -2.4649481,
            30.0083796
          ],
          [
            -2.4666596,
            30.0060649
          ],
          [
            -2.4680249,
            30.0045495
          ],
          [
            -2.4692941,
            30.0033339
          ],
          [
            -2.4716017,
            30.0011023
          ],
          [
            -2.4733323,
            29.9995702
          ],
          [
            -2.4753622,
            29.9971566
          ],
          [
            -2.4772188,
            29.9948229
          ],
          [
            -2.4780048,
            29.9939169
          ],
          [
            -2.4785007,
            29.9934026
          ],
          [
            -2.4790599,
            29.9928673
          ],
          [
            -2.479617,
            29.9924137
          ],
          [
            -2.4805073,
            29.9918043
          ],
          [
            -2.4811746,
            29.9913622
          ],
          [
            -2.4821213,
            29.9908208
          ],
          [
            -2.4830251,
            29.9903761
          ],
          [
            -2.4838044,
            29.9900268
          ],
          [
            -2.4846803,
            29.9897351
          ],
          [
            -2.4856875,
            29.9894212
          ],
          [
            -2.4868514,
            29.989111
          ],
          [
            -2.4880469,
            29.9888616
          ],
          [
            -2.48855,
            29.9887512
          ],
          [
            -2.4892162,
            29.9885116
          ],
          [
            -2.4899213,
            29.9882075
          ],
          [
            -2.4900062,
            29.9881784
          ],
          [
            -2.4902279,
            29.9881721
          ],
          [
            -2.491309,
            29.9881835
          ],
          [
            -2.4919656,
            29.9881898
          ]
        ]
      },
      "properties": {
        "name": "طريق زغامرة",
        "highway": "secondary",
        "maxspeed": "80"
      }
    },
    {
      "type": "Feature",
      "geometry": {
        "type": "LineString",
        "coordinates": [
          [
            -2.1783841,
            30.1228396
          ],
          [
            -2.1774621,
            30.1239
          ],
          [
            -2.1765174,
            30.1249417
          ],
          [
            -2.1757745,
            30.1258073
          ]
        ]
      },
      "properties": {
        "name": "Pond Oued Saoura;جسر وادي الساورة",
        "highway": "secondary",
        "maxspeed": "60"
      }
    },
    {
      "type": "Feature",
      "geometry": {
        "type": "LineString",
        "coordinates": [
          [
            -1.9615041,
            29.9272539
          ],
          [
            -1.9615502,
            29.9263302
          ],
          [
            -1.9615839,
            29.9259348
          ],
          [
            -1.9616325,
            29.9255172
          ]
        ]
      },
      "properties": {
        "highway": "secondary",
        "maxspeed": "60"
      }
    },
    {
      "type": "Feature",
      "geometry": {
        "type": "LineString",
        "coordinates": [
          [
            -1.9616325,
            29.9255172
          ],
          [
            -1.9616527,
            29.9253936
          ],
          [
            -1.9616783,
            29.925307
          ],
          [
            -1.961708,
            29.9252388
          ],
          [
            -1.9617634,
            29.9251633
          ],
          [
            -1.9618315,
            29.9250914
          ],
          [
            -1.9621932,
            29.9247397
          ],
          [
            -1.962364,
            29.9245536
          ],
          [
            -1.9625203,
            29.9243578
          ],
          [
            -1.9626289,
            29.9242034
          ],
          [
            -1.9627223,
            29.9240309
          ],
          [
            -1.9627879,
            29.9238553
          ],
          [
            -1.962845,
            29.9236651
          ],
          [
            -1.9628806,
            29.9234647
          ],
          [
            -1.9629384,
            29.9229974
          ],
          [
            -1.9629874,
            29.9225304
          ],
          [
            -1.9630082,
            29.9221607
          ],
          [
            -1.9630106,
            29.9218547
          ],
          [
            -1.9629511,
            29.9210135
          ],
          [
            -1.9629421,
            29.9206447
          ],
          [
            -1.9629559,
            29.9203619
          ],
          [
            -1.9629894,
            29.9199695
          ],
          [
            -1.963043,
            29.9195489
          ],
          [
            -1.9631472,
            29.9189749
          ],
          [
            -1.9631854,
            29.9187488
          ],
          [
            -1.9632295,
            29.9184615
          ],
          [
            -1.9633589,
            29.9178385
          ],
          [
            -1.9634027,
            29.9176359
          ],
          [
            -1.9634582,
            29.917451
          ],
          [
            -1.9635539,
            29.9172028
          ],
          [
            -1.9637555,
            29.9167404
          ],
          [
            -1.9639007,
            29.9163992
          ],
          [
            -1.9640351,
            29.9161046
          ],
          [
            -1.964187,
            29.9158128
          ],
          [
            -1.9643506,
            29.9155338
          ],
          [
            -1.9645091,
            29.9152802
          ],
          [
            -1.9646495,
            29.9150703
          ],
          [
            -1.9647899,
            29.9148706
          ],
          [
            -1.9650559,
            29.9145248
          ],
          [
            -1.9656752,
            29.9137281
          ],
          [
            -1.9662233,
            29.9130501
          ],
          [
            -1.9667502,
            29.9124289
          ],
          [
            -1.9672918,
            29.9118025
          ],
          [
            -1.9675381,
            29.9115401
          ],
          [
            -1.967732,
            29.911351
          ],
          [
            -1.9679283,
            29.9111733
          ],
          [
            -1.9680813,
            29.9110497
          ],
          [
            -1.9683008,
            29.9108954
          ],
          [
            -1.9684842,
            29.9107779
          ],
          [
            -1.9686917,
            29.9106656
          ],
          [
            -1.9689024,
            29.9105698
          ],
          [
            -1.9691256,
            29.9104818
          ],
          [
            -1.9692897,
            29.9104217
          ],
          [
            -1.9695429,
            29.9103457
          ],
          [
            -1.969816,
            29.910275
          ],
          [
            -1.9700303,
            29.9102254
          ],
          [
            -1.9702245,
            29.9101687
          ],
          [
            -1.9703445,
            29.9101298
          ],
          [
            -1.9704385,
            29.9100915
          ],
          [
            -1.9705281,
            29.910052
          ],
          [
            -1.970632,
            29.909993
          ],
          [
            -1.9707024,
            29.9099374
          ],
          [
            -1.9707976,
            29.9098543
          ],
          [
            -1.9709062,
            29.9097577
          ],
          [
            -1.9710091,
            29.9096642
          ],
          [
            -1.9714264,
            29.9093105
          ],
          [
            -1.9716426,
            29.9091231
          ],
          [
            -1.9717784,
            29.909001
          ],
          [
            -1.9719396,
            29.9088398
          ],
          [
            -1.972382,
            29.908385
          ],
          [
            -1.9725494,
            29.9081975
          ],
          [
            -1.9727424,
            29.9079579
          ],
          [
            -1.9728467,
            29.9078255
          ],
          [
            -1.9729151,
            29.9077349
          ],
          [
            -1.9731619,
            29.9073815
          ],
          [
            -1.9732057,
            29.907314
          ],
          [
            -1.9732415,
            29.9072441
          ],
          [
            -1.9732665,
            29.9071731
          ],
          [
            -1.9732754,
            29.9071068
          ],
          [
            -1.9732782,
            29.9070054
          ],
          [
            -1.9732918,
            29.9069002
          ],
          [
            -1.9733497,
            29.9067096
          ],
          [
            -1.9733893,
            29.9066097
          ],
          [
            -1.9734424,
            29.9065076
          ],
          [
            -1.9735008,
            29.9064101
          ],
          [
            -1.9735646,
            29.9063196
          ],
          [
            -1.9738978,
            29.9058692
          ],
          [
            -1.9755767,
            29.9036544
          ],
          [
            -1.9790529,
            29.8990312
          ],
          [
            -1.9795306,
            29.8983781
          ]
        ]
      },
      "properties": {
        "highway": "secondary",
        "maxspeed": "60"
      }
    },
    {
      "type": "Feature",
      "geometry": {
        "type": "LineString",
        "coordinates": [
          [
            -2.3489149,
            30.3588588
          ],
          [
            -2.3450251,
            30.3558821
          ],
          [
            -2.3424049,
            30.353883
          ],
          [
            -2.3399691,
            30.3519866
          ],
          [
            -2.3337791,
            30.3473087
          ],
          [
            -2.3312702,
            30.3450644
          ],
          [
            -2.3277173,
            30.3417928
          ],
          [
            -2.3257211,
            30.3400068
          ],
          [
            -2.3244209,
            30.3389321
          ],
          [
            -2.3238532,
            30.3386001
          ],
          [
            -2.3232488,
            30.3384421
          ],
          [
            -2.3202454,
            30.3381418
          ],
          [
            -2.3171321,
            30.3377308
          ],
          [
            -2.3166193,
            30.3376518
          ],
          [
            -2.3159051,
            30.3373989
          ],
          [
            -2.3154838,
            30.3371144
          ],
          [
            -2.3148612,
            30.3366402
          ],
          [
            -2.3107589,
            30.3318193
          ],
          [
            -2.3103743,
            30.3313451
          ],
          [
            -2.3097334,
            30.3310289
          ],
          [
            -2.3084514,
            30.3307918
          ],
          [
            -2.3072977,
            30.3305863
          ],
          [
            -2.306327,
            30.3305547
          ],
          [
            -2.3047154,
            30.3306338
          ],
          [
            -2.3027192,
            30.3306496
          ],
          [
            -2.3021956,
            30.3305861
          ],
          [
            -2.3011076,
            30.3303176
          ],
          [
            -2.2997158,
            30.3299383
          ],
          [
            -2.2987269,
            30.3297328
          ],
          [
            -2.298031,
            30.3296379
          ],
          [
            -2.2962912,
            30.3294957
          ],
          [
            -2.2950337,
            30.3294047
          ],
          [
            -2.2934526,
            30.3292902
          ],
          [
            -2.2918949,
            30.3291717
          ]
        ]
      },
      "properties": {
        "name": "طريق مازر",
        "highway": "secondary"
      }
    },
    {
      "type": "Feature",
      "geometry": {
        "type": "LineString",
        "coordinates": [
          [
            -2.2829702,
            30.4434255
          ],
          [
            -2.2827526,
            30.4430876
          ],
          [
            -2.2824627,
            30.4426255
          ],
          [
            -2.2823905,
            30.4424332
          ],
          [
            -2.2824041,
            30.4422308
          ],
          [
            -2.2824981,
            30.4420707
          ],
          [
            -2.2826431,
            30.4419321
          ],
          [
            -2.2828888,
            30.4417645
          ],
          [
            -2.2832738,
            30.4416265
          ],
          [
            -2.2836297,
            30.4415162
          ],
          [
            -2.2844312,
            30.4412326
          ]
        ]
      },
      "properties": {
        "highway": "primary",
        "maxspeed": "50",
        "ref": "RN 6B"
      }
    },
    {
      "type": "Feature",
      "geometry": {
        "type": "LineString",
        "coordinates": [
          [
            -2.2839708,
            30.4448846
          ],
          [
            -2.2829702,
            30.4434255
          ]
        ]
      },
      "properties": {
        "highway": "primary",
        "maxspeed": "50",
        "ref": "RN 6B"
      }
    },
    {
      "type": "Feature",
      "geometry": {
        "type": "LineString",
        "coordinates": [
          [
            -1.8356124,
            29.8609162
          ],
          [
            -1.8345658,
            29.8622535
          ]
        ]
      },
      "properties": {
        "highway": "secondary"
      }
    },
    {
      "type": "Feature",
      "geometry": {
        "type": "LineString",
        "coordinates": [
          [
            -1.8504059,
            29.8566945
          ],
          [
            -1.8504169,
            29.8570652
          ]
        ]
      },
      "properties": {
        "highway": "secondary",
        "maxspeed": "40"
      }
    },
    {
      "type": "Feature",
      "geometry": {
        "type": "LineString",
        "coordinates": [
          [
            -1.6057679,
            29.57569
          ],
          [
            -1.6057418,
            29.5757004
          ],
          [
            -1.6056954,
            29.5757338
          ],
          [
            -1.6056651,
            29.5757791
          ],
          [
            -1.6056547,
            29.5758307
          ],
          [
            -1.6056653,
            29.5758823
          ],
          [
            -1.6056954,
            29.575927
          ],
          [
            -1.6057411,
            29.5759601
          ],
          [
            -1.6057972,
            29.5759777
          ],
          [
            -1.6058499,
            29.5759785
          ],
          [
            -1.6059005,
            29.5759654
          ],
          [
            -1.605944,
            29.5759395
          ],
          [
            -1.6059765,
            29.5759034
          ],
          [
            -1.6059949,
            29.5758604
          ],
          [
            -1.6059978,
            29.575818
          ],
          [
            -1.6059869,
            29.5757767
          ],
          [
            -1.605963,
            29.5757396
          ],
          [
            -1.6059246,
            29.5757077
          ],
          [
            -1.6058935,
            29.5756928
          ],
          [
            -1.6058596,
            29.5756838
          ],
          [
            -1.6058242,
            29.575681
          ],
          [
            -1.6057956,
            29.5756834
          ],
          [
            -1.6057679,
            29.57569
          ]
        ]
      },
      "properties": {
        "highway": "secondary",
        "maxspeed": "40"
      }
    },
    {
      "type": "Feature",
      "geometry": {
        "type": "LineString",
        "coordinates": [
          [
            -1.605482,
            29.5761452
          ],
          [
            -1.6054986,
            29.5762337
          ],
          [
            -1.6055093,
            29.576282
          ],
          [
            -1.6055246,
            29.5763204
          ],
          [
            -1.6055482,
            29.576352
          ],
          [
            -1.6055757,
            29.57638
          ],
          [
            -1.6056102,
            29.5764099
          ],
          [
            -1.6060766,
            29.576739
          ],
          [
            -1.6065264,
            29.5770542
          ],
          [
            -1.6069059,
            29.5773638
          ],
          [
            -1.6072456,
            29.5776618
          ],
          [
            -1.6084052,
            29.5786945
          ],
          [
            -1.6085979,
            29.5788715
          ],
          [
            -1.6090963,
            29.5793294
          ],
          [
            -1.6105001,
            29.5806274
          ],
          [
            -1.6105333,
            29.5806477
          ],
          [
            -1.6105839,
            29.5806488
          ],
          [
            -1.6106159,
            29.5806434
          ],
          [
            -1.6107071,
            29.5805684
          ],
          [
            -1.611009,
            29.5802458
          ],
          [
            -1.6114244,
            29.5797582
          ],
          [
            -1.6132459,
            29.5776582
          ],
          [
            -1.6133135,
            29.577564
          ],
          [
            -1.6133566,
            29.5774751
          ],
          [
            -1.6133605,
            29.5774077
          ],
          [
            -1.613325,
            29.5773209
          ],
          [
            -1.6131347,
            29.57707
          ],
          [
            -1.6127252,
            29.5765656
          ],
          [
            -1.6123651,
            29.5761222
          ],
          [
            -1.6120344,
            29.575715
          ],
          [
            -1.6117313,
            29.5752952
          ],
          [
            -1.611297,
            29.5748598
          ],
          [
            -1.6109347,
            29.574586
          ],
          [
            -1.6104495,
            29.5742266
          ],
          [
            -1.6101415,
            29.5739984
          ],
          [
            -1.6098136,
            29.5737555
          ],
          [
            -1.6093809,
            29.5734289
          ],
          [
            -1.6091048,
            29.5732497
          ],
          [
            -1.6088547,
            29.5730649
          ],
          [
            -1.6087823,
            29.5730302
          ],
          [
            -1.6086782,
            29.5729921
          ]
        ]
      },
      "properties": {
        "highway": "tertiary"
      }
    },
    {
      "type": "Feature",
      "geometry": {
        "type": "LineString",
        "coordinates": [
          [
            -1.6990185,
            29.6593786
          ],
          [
            -1.6985241,
            29.659663
          ],
          [
            -1.6961262,
            29.6608423
          ],
          [
            -1.6959071,
            29.660819
          ],
          [
            -1.6956121,
            29.6606279
          ],
          [
            -1.6942004,
            29.6597375
          ],
          [
            -1.6910684,
            29.6577051
          ],
          [
            -1.6882038,
            29.6558684
          ],
          [
            -1.6875332,
            29.6552437
          ],
          [
            -1.6868573,
            29.6550013
          ],
          [
            -1.6837191,
            29.6538871
          ],
          [
            -1.6816914,
            29.6531645
          ],
          [
            -1.6814554,
            29.6530433
          ],
          [
            -1.6813803,
            29.6529128
          ],
          [
            -1.6813848,
            29.6523021
          ],
          [
            -1.6817657,
            29.6517333
          ],
          [
            -1.6817987,
            29.6515655
          ],
          [
            -1.6813534,
            29.6511133
          ],
          [
            -1.6811174,
            29.6508895
          ],
          [
            -1.6810093,
            29.650689
          ],
          [
            -1.6808545,
            29.6504373
          ],
          [
            -1.6806016,
            29.6502321
          ],
          [
            -1.6795843,
            29.6497186
          ],
          [
            -1.6772953,
            29.6485353
          ],
          [
            -1.6771853,
            29.6484886
          ],
          [
            -1.6770753,
            29.6484491
          ],
          [
            -1.6769707,
            29.6484234
          ],
          [
            -1.6768661,
            29.6484118
          ],
          [
            -1.6767857,
            29.6484025
          ],
          [
            -1.6766808,
            29.648382
          ],
          [
            -1.6765975,
            29.6483451
          ],
          [
            -1.6765328,
            29.6483056
          ],
          [
            -1.6764742,
            29.6482595
          ],
          [
            -1.6764226,
            29.6482075
          ],
          [
            -1.6763788,
            29.6481502
          ],
          [
            -1.6762224,
            29.647936
          ],
          [
            -1.6761339,
            29.6477871
          ],
          [
            -1.6760266,
            29.6475864
          ],
          [
            -1.6759112,
            29.6473416
          ],
          [
            -1.6758254,
            29.647195
          ],
          [
            -1.6757536,
            29.6470903
          ]
        ]
      },
      "properties": {
        "highway": "tertiary"
      }
    },
    {
      "type": "Feature",
      "geometry": {
        "type": "LineString",
        "coordinates": [
          [
            -1.8129206,
            29.8587458
          ],
          [
            -1.8131305,
            29.8586677
          ],
          [
            -1.8133368,
            29.8586051
          ],
          [
            -1.8135626,
            29.8585562
          ],
          [
            -1.8137848,
            29.8585196
          ],
          [
            -1.8144446,
            29.8584731
          ],
          [
            -1.8146207,
            29.8584724
          ],
          [
            -1.8147193,
            29.8584798
          ],
          [
            -1.814818,
            29.8585024
          ],
          [
            -1.8152081,
            29.8586268
          ],
          [
            -1.8153136,
            29.8586499
          ],
          [
            -1.8154899,
            29.8586638
          ],
          [
            -1.8167835,
            29.858715
          ],
          [
            -1.8178135,
            29.8588291
          ],
          [
            -1.8180388,
            29.8588431
          ],
          [
            -1.818248,
            29.8588382
          ],
          [
            -1.8189991,
            29.8587873
          ],
          [
            -1.8192056,
            29.8587524
          ],
          [
            -1.8193853,
            29.8587057
          ],
          [
            -1.8209562,
            29.8579055
          ],
          [
            -1.8213907,
            29.8576262
          ],
          [
            -1.8214766,
            29.8575711
          ],
          [
            -1.821555,
            29.8574946
          ],
          [
            -1.821598,
            29.8574065
          ],
          [
            -1.8216643,
            29.8570774
          ],
          [
            -1.821688,
            29.8570136
          ],
          [
            -1.8217287,
            29.8569541
          ],
          [
            -1.8219517,
            29.8567665
          ],
          [
            -1.8220474,
            29.8567158
          ],
          [
            -1.8221742,
            29.8566835
          ],
          [
            -1.8222877,
            29.8566807
          ],
          [
            -1.8223919,
            29.8567102
          ],
          [
            -1.8227326,
            29.8568703
          ],
          [
            -1.8229741,
            29.8569657
          ],
          [
            -1.8241413,
            29.8573448
          ],
          [
            -1.8244257,
            29.8575089
          ],
          [
            -1.8246309,
            29.8576771
          ],
          [
            -1.8246794,
            29.8577335
          ],
          [
            -1.8248375,
            29.857917
          ],
          [
            -1.8249765,
            29.8581592
          ],
          [
            -1.825144,
            29.8586268
          ],
          [
            -1.8251896,
            29.858708
          ],
          [
            -1.8254712,
            29.8590522
          ],
          [
            -1.8256305,
            29.8591553
          ],
          [
            -1.8257888,
            29.859215
          ],
          [
            -1.8259675,
            29.8592449
          ],
          [
            -1.8265092,
            29.859213
          ],
          [
            -1.8266589,
            29.8592544
          ],
          [
            -1.8268056,
            29.8593597
          ],
          [
            -1.8268754,
            29.8594668
          ],
          [
            -1.8270502,
            29.8599385
          ],
          [
            -1.8272093,
            29.8601201
          ],
          [
            -1.8273675,
            29.8602549
          ],
          [
            -1.8275901,
            29.8603875
          ],
          [
            -1.8283726,
            29.8607573
          ],
          [
            -1.8285129,
            29.8608389
          ],
          [
            -1.8286488,
            29.8609481
          ],
          [
            -1.8287355,
            29.8610551
          ],
          [
            -1.8292628,
            29.8618404
          ],
          [
            -1.8294409,
            29.8621507
          ],
          [
            -1.8295214,
            29.8623439
          ],
          [
            -1.8295831,
            29.8625403
          ],
          [
            -1.8297976,
            29.863316
          ],
          [
            -1.8298245,
            29.8634674
          ],
          [
            -1.8298298,
            29.8635858
          ],
          [
            -1.8297601,
            29.8638557
          ],
          [
            -1.8297601,
            29.8639396
          ],
          [
            -1.8297861,
            29.8640185
          ],
          [
            -1.8298996,
            29.8641326
          ],
          [
            -1.8300202,
            29.8642186
          ],
          [
            -1.8301302,
            29.8642722
          ],
          [
            -1.8302858,
            29.8643116
          ],
          [
            -1.8303986,
            29.8643216
          ],
          [
            -1.830495,
            29.8643302
          ],
          [
            -1.8322859,
            29.8642869
          ],
          [
            -1.8340797,
            29.8643042
          ]
        ]
      },
      "properties": {
        "highway": "secondary"
      }
    },
    {
      "type": "Feature",
      "geometry": {
        "type": "LineString",
        "coordinates": [
          [
            -1.828157,
            29.8703637
          ],
          [
            -1.8281806,
            29.8702454
          ],
          [
            -1.8282059,
            29.8701852
          ],
          [
            -1.8282609,
            29.8700659
          ],
          [
            -1.8282922,
            29.8700056
          ]
        ]
      },
      "properties": {
        "highway": "secondary"
      }
    },
    {
      "type": "Feature",
      "geometry": {
        "type": "LineString",
        "coordinates": [
          [
            -1.8356124,
            29.8609162
          ],
          [
            -1.8359015,
            29.8605387
          ],
          [
            -1.8361601,
            29.8600706
          ],
          [
            -1.8362832,
            29.8598015
          ],
          [
            -1.8364127,
            29.8595679
          ],
          [
            -1.8364632,
            29.8594898
          ],
          [
            -1.836537,
            29.8594084
          ],
          [
            -1.8367265,
            29.8592415
          ],
          [
            -1.8370641,
            29.8589444
          ]
        ]
      },
      "properties": {
        "highway": "secondary",
        "maxspeed": "40"
      }
    },
    {
      "type": "Feature",
      "geometry": {
        "type": "LineString",
        "coordinates": [
          [
            -2.2859601,
            30.4473671
          ],
          [
            -2.285523,
            30.4471809
          ],
          [
            -2.2848865,
            30.4469098
          ],
          [
            -2.2845561,
            30.4467358
          ],
          [
            -2.2842065,
            30.4468471
          ],
          [
            -2.283805,
            30.4468808
          ],
          [
            -2.2833533,
            30.4470354
          ],
          [
            -2.2829957,
            30.4471578
          ],
          [
            -2.2825497,
            30.4472939
          ],
          [
            -2.282182,
            30.4474061
          ],
          [
            -2.2813468,
            30.447661
          ],
          [
            -2.2807601,
            30.44784
          ],
          [
            -2.2804302,
            30.4478829
          ],
          [
            -2.2798239,
            30.4478389
          ],
          [
            -2.2794057,
            30.4476968
          ],
          [
            -2.2780699,
            30.4469185
          ],
          [
            -2.2773609,
            30.446819
          ],
          [
            -2.2767937,
            30.4467405
          ],
          [
            -2.2762331,
            30.4465556
          ],
          [
            -2.274636,
            30.4458534
          ],
          [
            -2.2744574,
            30.4457068
          ],
          [
            -2.2735683,
            30.4442062
          ],
          [
            -2.2739674,
            30.4438436
          ],
          [
            -2.2740849,
            30.4436729
          ],
          [
            -2.2742409,
            30.4426552
          ],
          [
            -2.2741827,
            30.4423263
          ],
          [
            -2.2738491,
            30.4417695
          ],
          [
            -2.2738263,
            30.4410327
          ],
          [
            -2.273835,
            30.4404806
          ],
          [
            -2.2739522,
            30.4400221
          ],
          [
            -2.2739791,
            30.4395338
          ],
          [
            -2.2736006,
            30.4380327
          ],
          [
            -2.273426,
            30.436875
          ],
          [
            -2.2732446,
            30.4365355
          ],
          [
            -2.2726188,
            30.4357562
          ],
          [
            -2.2722721,
            30.4351168
          ],
          [
            -2.2722598,
            30.4348497
          ],
          [
            -2.2726216,
            30.4341605
          ],
          [
            -2.2729041,
            30.4339265
          ],
          [
            -2.2733054,
            30.4337396
          ],
          [
            -2.2735702,
            30.4335578
          ],
          [
            -2.2737934,
            30.4332927
          ],
          [
            -2.2743347,
            30.4318276
          ],
          [
            -2.2745101,
            30.43163
          ],
          [
            -2.2747009,
            30.4315045
          ],
          [
            -2.2749139,
            30.4314711
          ],
          [
            -2.2765507,
            30.4316817
          ],
          [
            -2.2771629,
            30.4317513
          ],
          [
            -2.2772864,
            30.431703
          ],
          [
            -2.2773962,
            30.4315757
          ],
          [
            -2.2786409,
            30.4254909
          ],
          [
            -2.2793306,
            30.4228866
          ],
          [
            -2.2801756,
            30.4206223
          ],
          [
            -2.2805852,
            30.419351
          ],
          [
            -2.2807248,
            30.418698
          ],
          [
            -2.2807001,
            30.4183475
          ],
          [
            -2.2803704,
            30.4170178
          ],
          [
            -2.2804528,
            30.4157779
          ],
          [
            -2.2802689,
            30.4149841
          ],
          [
            -2.2802428,
            30.4147481
          ],
          [
            -2.2804442,
            30.4140006
          ],
          [
            -2.2806662,
            30.4136213
          ],
          [
            -2.2809638,
            30.4131983
          ],
          [
            -2.2813219,
            30.4128152
          ],
          [
            -2.28158,
            30.4126853
          ],
          [
            -2.2818724,
            30.4127062
          ],
          [
            -2.2824027,
            30.4129156
          ],
          [
            -2.2829024,
            30.4132358
          ],
          [
            -2.283149,
            30.4133836
          ],
          [
            -2.28336,
            30.4133855
          ],
          [
            -2.2834504,
            30.4132906
          ],
          [
            -2.28364,
            30.4123952
          ],
          [
            -2.2839315,
            30.411706
          ],
          [
            -2.2843854,
            30.4109707
          ],
          [
            -2.2847252,
            30.4105377
          ],
          [
            -2.2850487,
            30.4100414
          ],
          [
            -2.2863576,
            30.4080058
          ],
          [
            -2.2869369,
            30.4070527
          ],
          [
            -2.2883821,
            30.4054162
          ],
          [
            -2.2884683,
            30.4052568
          ],
          [
            -2.2884819,
            30.405128
          ],
          [
            -2.2883961,
            30.4048782
          ],
          [
            -2.2853325,
            30.3991456
          ],
          [
            -2.2851989,
            30.3990392
          ],
          [
            -2.2849806,
            30.3990279
          ],
          [
            -2.284845,
            30.398996
          ],
          [
            -2.2847987,
            30.3989321
          ],
          [
            -2.2845943,
            30.3982968
          ],
          [
            -2.2837258,
            30.3958413
          ]
        ]
      },
      "properties": {
        "name": "طريق إقلي - مازر",
        "highway": "tertiary",
        "maxspeed": "40"
      }
    },
    {
      "type": "Feature",
      "geometry": {
        "type": "LineString",
        "coordinates": [
          [
            -2.2897594,
            30.4495229
          ],
          [
            -2.2897354,
            30.4495652
          ],
          [
            -2.2897281,
            30.4496119
          ],
          [
            -2.2897383,
            30.4496582
          ],
          [
            -2.2897546,
            30.4496868
          ],
          [
            -2.2897777,
            30.4497117
          ],
          [
            -2.2898151,
            30.4497363
          ],
          [
            -2.2898588,
            30.4497511
          ],
          [
            -2.2899056,
            30.4497551
          ],
          [
            -2.2899519,
            30.4497479
          ],
          [
            -2.2899967,
            30.4497287
          ],
          [
            -2.2900331,
            30.4496991
          ],
          [
            -2.2900609,
            30.4496545
          ],
          [
            -2.2900696,
            30.4496044
          ],
          [
            -2.2900581,
            30.4495547
          ],
          [
            -2.2900278,
            30.4495113
          ],
          [
            -2.2899915,
            30.4494842
          ],
          [
            -2.2899479,
            30.4494669
          ],
          [
            -2.2899004,
            30.4494607
          ],
          [
            -2.2898464,
            30.4494678
          ],
          [
            -2.2897977,
            30.4494893
          ],
          [
            -2.2897594,
            30.4495229
          ]
        ]
      },
      "properties": {
        "highway": "primary",
        "maxspeed": "30"
      }
    },
    {
      "type": "Feature",
      "geometry": {
        "type": "LineString",
        "coordinates": [
          [
            -2.2921615,
            30.4530928
          ],
          [
            -2.2922604,
            30.4530808
          ],
          [
            -2.2926603,
            30.4530584
          ],
          [
            -2.2929506,
            30.4530404
          ],
          [
            -2.2931803,
            30.4530261
          ],
          [
            -2.2937052,
            30.4529936
          ],
          [
            -2.2942206,
            30.4529616
          ],
          [
            -2.2946137,
            30.4529373
          ],
          [
            -2.294794,
            30.4529155
          ],
          [
            -2.2948819,
            30.4529049
          ],
          [
            -2.2952152,
            30.4528098
          ],
          [
            -2.2955463,
            30.4527153
          ],
          [
            -2.2959333,
            30.4525951
          ],
          [
            -2.2962008,
            30.4526367
          ],
          [
            -2.2963679,
            30.4527292
          ],
          [
            -2.2965683,
            30.452984
          ]
        ]
      },
      "properties": {
        "highway": "secondary",
        "maxspeed": "40"
      }
    },
    {
      "type": "Feature",
      "geometry": {
        "type": "LineString",
        "coordinates": [
          [
            -2.2899469,
            30.4534943
          ],
          [
            -2.2896603,
            30.4531153
          ],
          [
            -2.2895175,
            30.452928
          ],
          [
            -2.2894996,
            30.4529031
          ],
          [
            -2.2894592,
            30.4528408
          ],
          [
            -2.2892586,
            30.4525318
          ],
          [
            -2.2886892,
            30.451734
          ],
          [
            -2.2885244,
            30.4515362
          ],
          [
            -2.2873932,
            30.4502875
          ],
          [
            -2.2864366,
            30.4494611
          ],
          [
            -2.286616,
            30.4492745
          ],
          [
            -2.2874191,
            30.4482152
          ],
          [
            -2.2874615,
            30.4481702
          ]
        ]
      },
      "properties": {
        "highway": "tertiary",
        "maxspeed": "40"
      }
    },
    {
      "type": "Feature",
      "geometry": {
        "type": "LineString",
        "coordinates": [
          [
            -2.2914287,
            30.4530133
          ],
          [
            -2.2913775,
            30.4530405
          ],
          [
            -2.2913398,
            30.453081
          ],
          [
            -2.29132,
            30.45313
          ],
          [
            -2.2913176,
            30.4531565
          ],
          [
            -2.2913206,
            30.4531831
          ],
          [
            -2.2913292,
            30.4532094
          ],
          [
            -2.2913576,
            30.4532517
          ],
          [
            -2.2914001,
            30.4532842
          ],
          [
            -2.2914523,
            30.4533034
          ],
          [
            -2.2915089,
            30.4533074
          ],
          [
            -2.291564,
            30.4532958
          ],
          [
            -2.2916092,
            30.4532719
          ],
          [
            -2.2916441,
            30.4532375
          ],
          [
            -2.2916658,
            30.4531958
          ],
          [
            -2.2916721,
            30.4531504
          ],
          [
            -2.2916626,
            30.4531054
          ],
          [
            -2.2916381,
            30.4530649
          ],
          [
            -2.2916008,
            30.4530325
          ],
          [
            -2.2915471,
            30.453009
          ],
          [
            -2.2914875,
            30.4530024
          ],
          [
            -2.2914287,
            30.4530133
          ]
        ]
      },
      "properties": {
        "highway": "secondary",
        "maxspeed": "30"
      }
    },
    {
      "type": "Feature",
      "geometry": {
        "type": "LineString",
        "coordinates": [
          [
            -2.2900331,
            30.4496991
          ],
          [
            -2.2901343,
            30.449692
          ],
          [
            -2.2903366,
            30.4497692
          ]
        ]
      },
      "properties": {
        "highway": "primary",
        "maxspeed": "30",
        "ref": "RN 6B"
      }
    },
    {
      "type": "Feature",
      "geometry": {
        "type": "LineString",
        "coordinates": [
          [
            -2.2859601,
            30.4473671
          ],
          [
            -2.285572,
            30.4469538
          ],
          [
            -2.2851226,
            30.4464644
          ],
          [
            -2.2849903,
            30.446283
          ],
          [
            -2.2839708,
            30.4448846
          ]
        ]
      },
      "properties": {
        "highway": "primary",
        "maxspeed": "60",
        "ref": "RN 6B"
      }
    },
    {
      "type": "Feature",
      "geometry": {
        "type": "LineString",
        "coordinates": [
          [
            -2.2897777,
            30.4497117
          ],
          [
            -2.2901551,
            30.4504334
          ],
          [
            -2.2905962,
            30.4513997
          ],
          [
            -2.2907407,
            30.4517161
          ],
          [
            -2.2907786,
            30.4517992
          ],
          [
            -2.2908211,
            30.4518922
          ],
          [
            -2.2908447,
            30.4519526
          ],
          [
            -2.2909739,
            30.4522827
          ],
          [
            -2.2911432,
            30.4527196
          ],
          [
            -2.29132,
            30.45313
          ]
        ]
      },
      "properties": {
        "highway": "secondary",
        "maxspeed": "40"
      }
    },
    {
      "type": "Feature",
      "geometry": {
        "type": "LineString",
        "coordinates": [
          [
            -1.74978,
            29.7966083
          ],
          [
            -1.7500566,
            29.7967463
          ],
          [
            -1.7502949,
            29.7969097
          ],
          [
            -1.7504502,
            29.7970872
          ],
          [
            -1.7506456,
            29.7973507
          ],
          [
            -1.7507931,
            29.7975998
          ],
          [
            -1.7509197,
            29.7978983
          ],
          [
            -1.7512483,
            29.79935
          ],
          [
            -1.7519653,
            29.8020476
          ],
          [
            -1.7522228,
            29.8025829
          ],
          [
            -1.7525875,
            29.8030577
          ],
          [
            -1.7537087,
            29.8041563
          ],
          [
            -1.755597,
            29.8058972
          ],
          [
            -1.756517,
            29.806715
          ]
        ]
      },
      "properties": {
        "highway": "tertiary"
      }
    },
    {
      "type": "Feature",
      "geometry": {
        "type": "LineString",
        "coordinates": [
          [
            -2.2913292,
            30.4532094
          ],
          [
            -2.2914065,
            30.4534562
          ]
        ]
      },
      "properties": {
        "highway": "tertiary",
        "maxspeed": "30"
      }
    },
    {
      "type": "Feature",
      "geometry": {
        "type": "LineString",
        "coordinates": [
          [
            -1.7487901,
            29.7964221
          ],
          [
            -1.7491589,
            29.7963963
          ],
          [
            -1.74978,
            29.7966083
          ]
        ]
      },
      "properties": {
        "highway": "tertiary"
      }
    },
    {
      "type": "Feature",
      "geometry": {
        "type": "LineString",
        "coordinates": [
          [
            -2.2899004,
            30.4494607
          ],
          [
            -2.2895962,
            30.4493961
          ],
          [
            -2.2894098,
            30.4493362
          ],
          [
            -2.2889555,
            30.4490322
          ],
          [
            -2.2885675,
            30.4487962
          ],
          [
            -2.2883051,
            30.4486365
          ],
          [
            -2.2879879,
            30.4484627
          ],
          [
            -2.2878376,
            30.4483803
          ],
          [
            -2.2874615,
            30.4481702
          ],
          [
            -2.2859601,
            30.4473671
          ]
        ]
      },
      "properties": {
        "highway": "primary",
        "maxspeed": "50",
        "ref": "RN 6B"
      }
    },
    {
      "type": "Feature",
      "geometry": {
        "type": "LineString",
        "coordinates": [
          [
            -2.4159451,
            30.2369587
          ],
          [
            -2.4208593,
            30.2435534
          ],
          [
            -2.422202,
            30.2454415
          ],
          [
            -2.4225655,
            30.2460528
          ],
          [
            -2.4229669,
            30.2467533
          ],
          [
            -2.4338306,
            30.2665356
          ],
          [
            -2.4346231,
            30.2680932
          ],
          [
            -2.435671,
            30.2704871
          ],
          [
            -2.4371186,
            30.2738208
          ],
          [
            -2.440585,
            30.2818284
          ],
          [
            -2.4421051,
            30.2852673
          ],
          [
            -2.442918,
            30.2871456
          ],
          [
            -2.4472707,
            30.2960108
          ],
          [
            -2.448506,
            30.2985268
          ],
          [
            -2.44973,
            30.3011922
          ],
          [
            -2.4596672,
            30.3235587
          ],
          [
            -2.4700766,
            30.3467938
          ],
          [
            -2.4712197,
            30.3490615
          ],
          [
            -2.4733728,
            30.352609
          ],
          [
            -2.4872121,
            30.375128
          ],
          [
            -2.4880287,
            30.3766349
          ],
          [
            -2.4887516,
            30.3780295
          ],
          [
            -2.4896265,
            30.3801073
          ],
          [
            -2.4902223,
            30.38219
          ],
          [
            -2.4905793,
            30.3839456
          ],
          [
            -2.4907988,
            30.3857826
          ],
          [
            -2.492484,
            30.4078056
          ],
          [
            -2.492946,
            30.4105786
          ],
          [
            -2.4932468,
            30.4120022
          ],
          [
            -2.4937565,
            30.4135825
          ],
          [
            -2.494202,
            30.4147659
          ],
          [
            -2.4947355,
            30.416079
          ],
          [
            -2.499111,
            30.42556
          ],
          [
            -2.5032812,
            30.4344909
          ],
          [
            -2.5042345,
            30.4361819
          ],
          [
            -2.5053253,
            30.4377124
          ],
          [
            -2.50836,
            30.4416006
          ],
          [
            -2.5117275,
            30.4459577
          ],
          [
            -2.5127342,
            30.4471672
          ],
          [
            -2.5143453,
            30.4488672
          ],
          [
            -2.5158403,
            30.4502264
          ],
          [
            -2.5192564,
            30.4529331
          ],
          [
            -2.5368703,
            30.4668638
          ],
          [
            -2.5412537,
            30.4703459
          ],
          [
            -2.542766,
            30.4714505
          ],
          [
            -2.5475499,
            30.4746234
          ],
          [
            -2.5584638,
            30.4817691
          ],
          [
            -2.5723596,
            30.4907424
          ],
          [
            -2.5754784,
            30.4927542
          ],
          [
            -2.5802174,
            30.4958045
          ],
          [
            -2.5815006,
            30.4967016
          ],
          [
            -2.5834754,
            30.4981239
          ],
          [
            -2.5948844,
            30.5062994
          ],
          [
            -2.5969022,
            30.5077433
          ],
          [
            -2.5988934,
            30.5092156
          ],
          [
            -2.599779,
            30.5099663
          ],
          [
            -2.6006533,
            30.5107771
          ],
          [
            -2.6014368,
            30.5115744
          ],
          [
            -2.6063187,
            30.5165683
          ],
          [
            -2.6108883,
            30.5212124
          ],
          [
            -2.6119823,
            30.5223502
          ],
          [
            -2.6134232,
            30.5237032
          ],
          [
            -2.6170414,
            30.5268682
          ],
          [
            -2.6257518,
            30.5344542
          ],
          [
            -2.6304449,
            30.5385918
          ],
          [
            -2.6314059,
            30.5395624
          ],
          [
            -2.6467411,
            30.5552474
          ],
          [
            -2.6527166,
            30.5613757
          ],
          [
            -2.6540531,
            30.5627057
          ],
          [
            -2.6694841,
            30.5761577
          ],
          [
            -2.6737757,
            30.5799137
          ],
          [
            -2.6745708,
            30.580658
          ],
          [
            -2.6757913,
            30.5819116
          ],
          [
            -2.6770038,
            30.5833306
          ],
          [
            -2.6881045,
            30.5966222
          ],
          [
            -2.6890714,
            30.5978781
          ],
          [
            -2.6904359,
            30.5998196
          ],
          [
            -2.6955944,
            30.6071452
          ],
          [
            -2.699875,
            30.6132235
          ],
          [
            -2.7006047,
            30.6143717
          ],
          [
            -2.7013413,
            30.6156922
          ],
          [
            -2.7019924,
            30.6170362
          ],
          [
            -2.7025814,
            30.6184355
          ],
          [
            -2.7065797,
            30.628121
          ],
          [
            -2.7078534,
            30.6312172
          ],
          [
            -2.708928,
            30.6338329
          ],
          [
            -2.7096835,
            30.6355503
          ],
          [
            -2.7103732,
            30.636917
          ],
          [
            -2.7110699,
            30.6381083
          ],
          [
            -2.7117071,
            30.6390662
          ],
          [
            -2.7124162,
            30.640052
          ],
          [
            -2.713174,
            30.6410072
          ],
          [
            -2.7185591,
            30.6475019
          ],
          [
            -2.7200218,
            30.6491374
          ],
          [
            -2.7231634,
            30.6525684
          ],
          [
            -2.7247124,
            30.6543137
          ],
          [
            -2.7254865,
            30.6553833
          ],
          [
            -2.7263497,
            30.6567481
          ],
          [
            -2.726687,
            30.657401
          ],
          [
            -2.727327,
            30.6589179
          ],
          [
            -2.7277826,
            30.6603339
          ],
          [
            -2.7287605,
            30.6644779
          ],
          [
            -2.7293815,
            30.667074
          ],
          [
            -2.7296174,
            30.6687111
          ],
          [
            -2.7296902,
            30.6697234
          ],
          [
            -2.7299154,
            30.682467
          ],
          [
            -2.7299697,
            30.6840864
          ],
          [
            -2.7300242,
            30.6848459
          ],
          [
            -2.7314032,
            30.6975313
          ],
          [
            -2.731722,
            30.7007569
          ],
          [
            -2.7317055,
            30.7016186
          ],
          [
            -2.7315745,
            30.7025145
          ],
          [
            -2.7313163,
            30.7034933
          ],
          [
            -2.730911,
            30.7043685
          ],
          [
            -2.7304726,
            30.7051236
          ],
          [
            -2.7260162,
            30.7113628
          ],
          [
            -2.7254798,
            30.7120739
          ],
          [
            -2.7247945,
            30.7128083
          ],
          [
            -2.7216525,
            30.7156509
          ],
          [
            -2.7211492,
            30.7160702
          ],
          [
            -2.7205855,
            30.7164702
          ],
          [
            -2.7198265,
            30.7169314
          ],
          [
            -2.7188176,
            30.7174349
          ],
          [
            -2.7124878,
            30.720465
          ],
          [
            -2.7114181,
            30.72102
          ],
          [
            -2.7082212,
            30.7230119
          ],
          [
            -2.7078092,
            30.7233112
          ],
          [
            -2.7073662,
            30.7237339
          ],
          [
            -2.7070453,
            30.7241204
          ],
          [
            -2.7067717,
            30.7245264
          ],
          [
            -2.7048618,
            30.7278649
          ],
          [
            -2.7045416,
            30.7284921
          ],
          [
            -2.7043685,
            30.7290467
          ],
          [
            -2.7042817,
            30.7296318
          ],
          [
            -2.704266,
            30.7302249
          ],
          [
            -2.7043377,
            30.7307673
          ],
          [
            -2.7044824,
            30.7312651
          ],
          [
            -2.7046505,
            30.7316708
          ],
          [
            -2.7048477,
            30.7320252
          ],
          [
            -2.7068831,
            30.7351239
          ],
          [
            -2.7090722,
            30.7385349
          ],
          [
            -2.70949,
            30.7394927
          ],
          [
            -2.7117555,
            30.745499
          ],
          [
            -2.7146309,
            30.7530903
          ],
          [
            -2.7149216,
            30.7536703
          ],
          [
            -2.7153164,
            30.7543015
          ],
          [
            -2.7158864,
            30.7551118
          ],
          [
            -2.7165205,
            30.7559405
          ],
          [
            -2.7208463,
            30.7615914
          ],
          [
            -2.7225961,
            30.7639372
          ],
          [
            -2.7241858,
            30.7664234
          ],
          [
            -2.7274781,
            30.7716398
          ],
          [
            -2.7317063,
            30.7782294
          ],
          [
            -2.7357333,
            30.7842096
          ],
          [
            -2.7406577,
            30.7915674
          ],
          [
            -2.74113,
            30.7924167
          ],
          [
            -2.7426183,
            30.7955435
          ],
          [
            -2.7436241,
            30.7976654
          ],
          [
            -2.7438303,
            30.798222
          ],
          [
            -2.7439584,
            30.7987986
          ],
          [
            -2.743982,
            30.7994427
          ],
          [
            -2.7438658,
            30.8009188
          ],
          [
            -2.7435805,
            30.8044748
          ],
          [
            -2.7435083,
            30.8055038
          ],
          [
            -2.7434423,
            30.8142017
          ],
          [
            -2.7434178,
            30.8149325
          ],
          [
            -2.7432181,
            30.8161414
          ],
          [
            -2.7408559,
            30.8279024
          ],
          [
            -2.7392905,
            30.8357226
          ],
          [
            -2.7391635,
            30.8362624
          ],
          [
            -2.7389415,
            30.8368272
          ],
          [
            -2.7386042,
            30.8373867
          ],
          [
            -2.7381398,
            30.8379447
          ],
          [
            -2.737597,
            30.8384208
          ],
          [
            -2.7357569,
            30.8399009
          ],
          [
            -2.7323946,
            30.8426108
          ],
          [
            -2.7318227,
            30.8430321
          ],
          [
            -2.7306542,
            30.8437432
          ],
          [
            -2.7300408,
            30.8442074
          ],
          [
            -2.7295553,
            30.8446997
          ],
          [
            -2.729155,
            30.8452461
          ],
          [
            -2.7288105,
            30.845919
          ],
          [
            -2.7282306,
            30.847229
          ],
          [
            -2.7272239,
            30.8496355
          ],
          [
            -2.7257964,
            30.8533732
          ],
          [
            -2.7254375,
            30.8542193
          ],
          [
            -2.7249795,
            30.8550637
          ],
          [
            -2.7241349,
            30.8562493
          ],
          [
            -2.7218886,
            30.8593086
          ],
          [
            -2.7196928,
            30.8624153
          ],
          [
            -2.7192897,
            30.8631712
          ],
          [
            -2.718985,
            30.8637848
          ],
          [
            -2.7186103,
            30.864752
          ],
          [
            -2.7172789,
            30.868465
          ],
          [
            -2.7170764,
            30.8691112
          ],
          [
            -2.7169473,
            30.8697117
          ],
          [
            -2.7160903,
            30.8760387
          ],
          [
            -2.7160396,
            30.8767183
          ],
          [
            -2.7160706,
            30.8774525
          ],
          [
            -2.7162134,
            30.8784371
          ],
          [
            -2.7164479,
            30.8792846
          ],
          [
            -2.7166812,
            30.8799319
          ],
          [
            -2.7203545,
            30.8881943
          ],
          [
            -2.7225692,
            30.8924895
          ],
          [
            -2.723256,
            30.8940249
          ],
          [
            -2.7291335,
            30.9096192
          ],
          [
            -2.7350237,
            30.9251349
          ],
          [
            -2.7357878,
            30.9272262
          ],
          [
            -2.7370681,
            30.9305465
          ],
          [
            -2.7370961,
            30.930619
          ],
          [
            -2.7373683,
            30.931325
          ],
          [
            -2.7377573,
            30.9323753
          ],
          [
            -2.7382513,
            30.9337091
          ],
          [
            -2.7382896,
            30.9338126
          ],
          [
            -2.7389244,
            30.9354226
          ],
          [
            -2.7397853,
            30.9377103
          ],
          [
            -2.7409985,
            30.9409342
          ],
          [
            -2.7413478,
            30.9418642
          ],
          [
            -2.7415224,
            30.9425883
          ],
          [
            -2.7416389,
            30.9432499
          ],
          [
            -2.741773,
            30.9451589
          ],
          [
            -2.7418902,
            30.9467012
          ],
          [
            -2.7419016,
            30.9468375
          ],
          [
            -2.7420544,
            30.9476057
          ],
          [
            -2.7421925,
            30.9480478
          ],
          [
            -2.7423484,
            30.9484796
          ],
          [
            -2.7426481,
            30.9492301
          ],
          [
            -2.7430916,
            30.9500731
          ],
          [
            -2.7452373,
            30.9529515
          ],
          [
            -2.7456688,
            30.953445
          ],
          [
            -2.7463881,
            30.9541749
          ],
          [
            -2.7470883,
            30.9549093
          ],
          [
            -2.7488334,
            30.9565598
          ],
          [
            -2.7493494,
            30.9570067
          ],
          [
            -2.7499126,
            30.9574083
          ],
          [
            -2.7517162,
            30.9584801
          ],
          [
            -2.7615746,
            30.9643919
          ],
          [
            -2.7628974,
            30.9652684
          ],
          [
            -2.7667854,
            30.968009
          ],
          [
            -2.7668841,
            30.9680494
          ],
          [
            -2.7669861,
            30.9680833
          ],
          [
            -2.7670909,
            30.9681102
          ],
          [
            -2.7671978,
            30.9681302
          ],
          [
            -2.7673062,
            30.9681431
          ],
          [
            -2.7682507,
            30.968278
          ],
          [
            -2.7683058,
            30.9682874
          ],
          [
            -2.7683585,
            30.968304
          ],
          [
            -2.7684076,
            30.9683274
          ],
          [
            -2.7684519,
            30.968357
          ],
          [
            -2.7684903,
            30.9683921
          ],
          [
            -2.7685218,
            30.9684319
          ],
          [
            -2.7685539,
            30.9684846
          ],
          [
            -2.7686561,
            30.9686914
          ],
          [
            -2.7687532,
            30.9689
          ],
          [
            -2.7688377,
            30.9690925
          ],
          [
            -2.768918,
            30.9692864
          ],
          [
            -2.7689561,
            30.9693751
          ],
          [
            -2.7690029,
            30.9694608
          ],
          [
            -2.7690581,
            30.9695427
          ],
          [
            -2.7691212,
            30.9696203
          ],
          [
            -2.7691919,
            30.9696929
          ],
          [
            -2.7692695,
            30.9697601
          ],
          [
            -2.770527,
            30.9706285
          ]
        ]
      },
      "properties": {
        "name": "طريق الساورة ⴰⴱⵔⵉⴷ ⵏ ⵙⴰⵡⵔⴰ",
        "highway": "primary",
        "maxspeed": "80",
        "ref": "RN 6"
      }
    },
    {
      "type": "Feature",
      "geometry": {
        "type": "LineString",
        "coordinates": [
          [
            -2.4144891,
            30.2349818
          ],
          [
            -2.4146099,
            30.2351884
          ],
          [
            -2.4149595,
            30.23566
          ],
          [
            -2.4151058,
            30.2358566
          ]
        ]
      },
      "properties": {
        "name": "طريق الساورة",
        "highway": "primary",
        "maxspeed": "50",
        "ref": "RN 6"
      }
    },
    {
      "type": "Feature",
      "geometry": {
        "type": "LineString",
        "coordinates": [
          [
            -2.4159451,
            30.2369587
          ],
          [
            -2.4158913,
            30.2368098
          ],
          [
            -2.4151993,
            30.235865
          ]
        ]
      },
      "properties": {
        "name": "طريق الساورة",
        "highway": "primary",
        "maxspeed": "50",
        "ref": "RN 6"
      }
    },
    {
      "type": "Feature",
      "geometry": {
        "type": "LineString",
        "coordinates": [
          [
            -2.3494384,
            30.358872
          ],
          [
            -2.3489149,
            30.3588588
          ]
        ]
      },
      "properties": {
        "name": "طريق مازر",
        "highway": "secondary_link",
        "maxspeed": "30"
      }
    },
    {
      "type": "Feature",
      "geometry": {
        "type": "LineString",
        "coordinates": [
          [
            -2.4149595,
            30.23566
          ],
          [
            -2.4149437,
            30.2357789
          ],
          [
            -2.4149229,
            30.2358544
          ],
          [
            -2.4148926,
            30.235911
          ],
          [
            -2.414833,
            30.2359883
          ],
          [
            -2.4146214,
            30.2362172
          ]
        ]
      },
      "properties": {
        "highway": "primary_link",
        "maxspeed": "30"
      }
    },
    {
      "type": "Feature",
      "geometry": {
        "type": "LineString",
        "coordinates": [
          [
            -1.755719,
            29.8074891
          ],
          [
            -1.756517,
            29.806715
          ],
          [
            -1.7577865,
            29.8078925
          ],
          [
            -1.7579894,
            29.8080566
          ],
          [
            -1.7581532,
            29.8081775
          ],
          [
            -1.7583251,
            29.8082948
          ],
          [
            -1.7585347,
            29.8084166
          ],
          [
            -1.7587546,
            29.8085166
          ],
          [
            -1.7590742,
            29.8086484
          ],
          [
            -1.759368,
            29.8087491
          ],
          [
            -1.7596272,
            29.808818
          ],
          [
            -1.7598734,
            29.8088715
          ],
          [
            -1.7601175,
            29.8089037
          ],
          [
            -1.7604379,
            29.8089233
          ],
          [
            -1.760811,
            29.8089199
          ],
          [
            -1.7611005,
            29.8089046
          ],
          [
            -1.7614123,
            29.8088699
          ],
          [
            -1.7617514,
            29.808811
          ],
          [
            -1.7622048,
            29.8086985
          ],
          [
            -1.765163,
            29.8079259
          ],
          [
            -1.7681912,
            29.8071334
          ],
          [
            -1.7703993,
            29.8065631
          ],
          [
            -1.7714293,
            29.8063211
          ],
          [
            -1.7725021,
            29.8061162
          ],
          [
            -1.7732961,
            29.8060604
          ],
          [
            -1.7739827,
            29.8060045
          ],
          [
            -1.7814285,
            29.8063397
          ],
          [
            -1.7825443,
            29.8063397
          ],
          [
            -1.7831666,
            29.8063211
          ],
          [
            -1.7838747,
            29.8062838
          ],
          [
            -1.7852909,
            29.8061162
          ],
          [
            -1.7873938,
            29.8057625
          ],
          [
            -1.8016083,
            29.8032844
          ]
        ]
      },
      "properties": {
        "name": "طريق البيضاء",
        "highway": "secondary"
      }
    },
    {
      "type": "Feature",
      "geometry": {
        "type": "LineString",
        "coordinates": [
          [
            -1.7546882,
            29.8086012
          ],
          [
            -1.7548386,
            29.8084315
          ],
          [
            -1.755719,
            29.8074891
          ]
        ]
      },
      "properties": {
        "name": "طريق البيضاء",
        "highway": "secondary"
      }
    },
    {
      "type": "Feature",
      "geometry": {
        "type": "LineString",
        "coordinates": [
          [
            -2.2770245,
            30.3721636
          ],
          [
            -2.2767041,
            30.3741519
          ],
          [
            -2.2764576,
            30.3774267
          ],
          [
            -2.2766671,
            30.3793936
          ],
          [
            -2.2768766,
            30.3809352
          ],
          [
            -2.2768396,
            30.3817858
          ],
          [
            -2.2767903,
            30.3838696
          ],
          [
            -2.276852,
            30.3841673
          ],
          [
            -2.2770368,
            30.38455
          ],
          [
            -2.2775668,
            30.385156
          ],
          [
            -2.2779611,
            30.3854324
          ],
          [
            -2.2786883,
            30.385645
          ],
          [
            -2.2788854,
            30.3857407
          ],
          [
            -2.2790087,
            30.3858896
          ],
          [
            -2.2791936,
            30.3864636
          ],
          [
            -2.2797728,
            30.3882391
          ],
          [
            -2.2804506,
            30.3901845
          ],
          [
            -2.2809189,
            30.3911413
          ],
          [
            -2.2814489,
            30.3919705
          ],
          [
            -2.2829894,
            30.3944155
          ],
          [
            -2.2837258,
            30.3958413
          ]
        ]
      },
      "properties": {
        "name": "طريق إقلي - مازر",
        "highway": "tertiary",
        "maxspeed": "60"
      }
    },
    {
      "type": "Feature",
      "geometry": {
        "type": "LineString",
        "coordinates": [
          [
            -2.2863847,
            30.4543385
          ],
          [
            -2.2872584,
            30.4543827
          ],
          [
            -2.2880273,
            30.4544216
          ],
          [
            -2.2886162,
            30.4548097
          ],
          [
            -2.2887821,
            30.4549236
          ],
          [
            -2.2890779,
            30.4551267
          ],
          [
            -2.289407,
            30.4553596
          ],
          [
            -2.2895138,
            30.4554444
          ],
          [
            -2.2895711,
            30.4554899
          ],
          [
            -2.2897338,
            30.4557953
          ],
          [
            -2.2899037,
            30.4561142
          ],
          [
            -2.2900915,
            30.4565211
          ],
          [
            -2.2901165,
            30.4565944
          ],
          [
            -2.2901167,
            30.456668
          ],
          [
            -2.289996,
            30.4568597
          ],
          [
            -2.2896813,
            30.4572357
          ],
          [
            -2.2892234,
            30.4577739
          ],
          [
            -2.2888715,
            30.4583662
          ],
          [
            -2.2888523,
            30.4583985
          ],
          [
            -2.2887615,
            30.4586701
          ]
        ]
      },
      "properties": {
        "highway": "tertiary",
        "maxspeed": "40"
      }
    },
    {
      "type": "Feature",
      "geometry": {
        "type": "LineString",
        "coordinates": [
          [
            -2.3172355,
            30.5226703
          ],
          [
            -2.3177363,
            30.5216572
          ],
          [
            -2.3179576,
            30.5210708
          ],
          [
            -2.3179981,
            30.5204515
          ],
          [
            -2.317925,
            30.5197972
          ],
          [
            -2.3177258,
            30.51934
          ],
          [
            -2.317419,
            30.5189829
          ],
          [
            -2.3165057,
            30.5182782
          ]
        ]
      },
      "properties": {
        "highway": "primary",
        "maxspeed": "60",
        "ref": "RN 6B"
      }
    },
    {
      "type": "Feature",
      "geometry": {
        "type": "LineString",
        "coordinates": [
          [
            -2.3165057,
            30.5182782
          ],
          [
            -2.3133868,
            30.5159448
          ],
          [
            -2.3127995,
            30.5155134
          ],
          [
            -2.306119,
            30.5092767
          ],
          [
            -2.3047859,
            30.5080259
          ],
          [
            -2.3042229,
            30.5074452
          ],
          [
            -2.3038166,
            30.5068595
          ],
          [
            -2.3035189,
            30.5061931
          ],
          [
            -2.3033373,
            30.5056195
          ],
          [
            -2.3032958,
            30.5051766
          ],
          [
            -2.303319,
            30.5046738
          ],
          [
            -2.3033462,
            30.5038873
          ],
          [
            -2.303415,
            30.5032609
          ],
          [
            -2.3034316,
            30.5026037
          ],
          [
            -2.3033453,
            30.5021622
          ],
          [
            -2.3032176,
            30.5017994
          ],
          [
            -2.3028768,
            30.5011729
          ],
          [
            -2.3024174,
            30.5003958
          ],
          [
            -2.3019821,
            30.4996564
          ],
          [
            -2.3015937,
            30.49915
          ],
          [
            -2.3008193,
            30.4983443
          ],
          [
            -2.2995059,
            30.4971651
          ],
          [
            -2.2987289,
            30.4964526
          ],
          [
            -2.298523,
            30.4962305
          ],
          [
            -2.2983836,
            30.4960399
          ],
          [
            -2.2982275,
            30.4957767
          ],
          [
            -2.298111,
            30.4955402
          ]
        ]
      },
      "properties": {
        "highway": "primary",
        "maxspeed": "80",
        "ref": "RN 6B"
      }
    },
    {
      "type": "Feature",
      "geometry": {
        "type": "LineString",
        "coordinates": [
          [
            -2.2976032,
            30.4943499
          ],
          [
            -2.2966691,
            30.4920843
          ]
        ]
      },
      "properties": {
        "highway": "primary",
        "maxspeed": "60",
        "ref": "RN 6B"
      }
    },
    {
      "type": "Feature",
      "geometry": {
        "type": "LineString",
        "coordinates": [
          [
            -2.2915471,
            30.453009
          ],
          [
            -2.2913146,
            30.4528263
          ],
          [
            -2.2912145,
            30.4527016
          ],
          [
            -2.2911697,
            30.4526459
          ],
          [
            -2.2910113,
            30.4522272
          ],
          [
            -2.290923,
            30.4519939
          ],
          [
            -2.2908345,
            30.4517928
          ],
          [
            -2.2906545,
            30.4513833
          ],
          [
            -2.2899519,
            30.4497479
          ]
        ]
      },
      "properties": {
        "highway": "secondary",
        "maxspeed": "40"
      }
    },
    {
      "type": "Feature",
      "geometry": {
        "type": "LineString",
        "coordinates": [
          [
            -2.2916092,
            30.4532719
          ],
          [
            -2.2917759,
            30.4532101
          ],
          [
            -2.2921615,
            30.4530928
          ]
        ]
      },
      "properties": {
        "highway": "secondary",
        "maxspeed": "30"
      }
    },
    {
      "type": "Feature",
      "geometry": {
        "type": "LineString",
        "coordinates": [
          [
            -2.2895138,
            30.4554444
          ],
          [
            -2.2898037,
            30.455304
          ],
          [
            -2.2899506,
            30.4552156
          ],
          [
            -2.2904259,
            30.4548901
          ],
          [
            -2.290772,
            30.4546714
          ],
          [
            -2.2908094,
            30.4546482
          ],
          [
            -2.2912139,
            30.4544287
          ],
          [
            -2.2913253,
            30.4543986
          ],
          [
            -2.2913889,
            30.4543777
          ],
          [
            -2.291438,
            30.4543616
          ],
          [
            -2.2916517,
            30.4542737
          ],
          [
            -2.2916667,
            30.4542293
          ],
          [
            -2.2916955,
            30.4541442
          ],
          [
            -2.2915989,
            30.4539361
          ],
          [
            -2.2915123,
            30.4537512
          ],
          [
            -2.2915043,
            30.4537291
          ],
          [
            -2.2914065,
            30.4534562
          ]
        ]
      },
      "properties": {
        "highway": "tertiary",
        "maxspeed": "40"
      }
    },
    {
      "type": "Feature",
      "geometry": {
        "type": "LineString",
        "coordinates": [
          [
            -2.2921615,
            30.4530928
          ],
          [
            -2.2918457,
            30.4530945
          ],
          [
            -2.2916008,
            30.4530325
          ]
        ]
      },
      "properties": {
        "highway": "secondary",
        "maxspeed": "30"
      }
    },
    {
      "type": "Feature",
      "geometry": {
        "type": "LineString",
        "coordinates": [
          [
            -2.2914065,
            30.4534562
          ],
          [
            -2.2914425,
            30.4533535
          ],
          [
            -2.291564,
            30.4532958
          ]
        ]
      },
      "properties": {
        "highway": "tertiary",
        "maxspeed": "30"
      }
    },
    {
      "type": "Feature",
      "geometry": {
        "type": "LineString",
        "coordinates": [
          [
            -2.2880808,
            30.4537269
          ],
          [
            -2.2884937,
            30.4537086
          ],
          [
            -2.2885562,
            30.4537026
          ],
          [
            -2.2889203,
            30.4536675
          ],
          [
            -2.2892337,
            30.4536515
          ],
          [
            -2.289276,
            30.4536487
          ],
          [
            -2.2896538,
            30.453615
          ],
          [
            -2.2899469,
            30.4534943
          ],
          [
            -2.2903345,
            30.4532585
          ],
          [
            -2.2906145,
            30.4530872
          ],
          [
            -2.2908659,
            30.4529124
          ],
          [
            -2.2911432,
            30.4527196
          ]
        ]
      },
      "properties": {
        "highway": "tertiary",
        "maxspeed": "40"
      }
    },
    {
      "type": "Feature",
      "geometry": {
        "type": "LineString",
        "coordinates": [
          [
            -2.2965683,
            30.452984
          ],
          [
            -2.2965592,
            30.4527718
          ],
          [
            -2.2965449,
            30.4524396
          ],
          [
            -2.2964756,
            30.4520722
          ],
          [
            -2.2963768,
            30.4517705
          ],
          [
            -2.2962151,
            30.4514984
          ],
          [
            -2.2961125,
            30.451387
          ],
          [
            -2.295928,
            30.4512281
          ],
          [
            -2.29559,
            30.4510107
          ],
          [
            -2.2952843,
            30.4509044
          ],
          [
            -2.2951799,
            30.4508822
          ],
          [
            -2.2949653,
            30.4508591
          ],
          [
            -2.2947854,
            30.4508627
          ],
          [
            -2.2944796,
            30.4508997
          ],
          [
            -2.2930312,
            30.451057
          ],
          [
            -2.292763,
            30.4510662
          ],
          [
            -2.2924197,
            30.4510523
          ],
          [
            -2.2921139,
            30.4510061
          ],
          [
            -2.2918779,
            30.4509044
          ],
          [
            -2.291558,
            30.4506977
          ],
          [
            -2.290805,
            30.4500951
          ],
          [
            -2.2903366,
            30.4497692
          ]
        ]
      },
      "properties": {
        "highway": "primary",
        "maxspeed": "40",
        "ref": "RN 6B"
      }
    },
    {
      "type": "Feature",
      "geometry": {
        "type": "LineString",
        "coordinates": [
          [
            -2.2859601,
            30.4473671
          ],
          [
            -2.2863206,
            30.4476054
          ],
          [
            -2.2867226,
            30.4478318
          ],
          [
            -2.2874191,
            30.4482152
          ],
          [
            -2.2877357,
            30.4483896
          ],
          [
            -2.2897383,
            30.4496582
          ]
        ]
      },
      "properties": {
        "highway": "primary",
        "maxspeed": "50",
        "ref": "RN 6B"
      }
    },
    {
      "type": "Feature",
      "geometry": {
        "type": "LineString",
        "coordinates": [
          [
            -2.2844312,
            30.4412326
          ],
          [
            -2.2974783,
            30.436522
          ],
          [
            -2.3070792,
            30.4331538
          ]
        ]
      },
      "properties": {
        "highway": "primary",
        "maxspeed": "80",
        "ref": "RN 6B"
      }
    },
    {
      "type": "Feature",
      "geometry": {
        "type": "LineString",
        "coordinates": [
          [
            -2.3140492,
            30.4165397
          ],
          [
            -2.3139553,
            30.4166115
          ],
          [
            -2.3138641,
            30.4166531
          ],
          [
            -2.3137329,
            30.4167046
          ]
        ]
      },
      "properties": {
        "highway": "tertiary_link",
        "maxspeed": "30"
      }
    },
    {
      "type": "Feature",
      "geometry": {
        "type": "LineString",
        "coordinates": [
          [
            -2.3137329,
            30.4167046
          ],
          [
            -2.3138373,
            30.4167687
          ],
          [
            -2.313907,
            30.4168566
          ],
          [
            -2.3139559,
            30.416977
          ]
        ]
      },
      "properties": {
        "highway": "tertiary_link",
        "maxspeed": "30"
      }
    },
    {
      "type": "Feature",
      "geometry": {
        "type": "LineString",
        "coordinates": [
          [
            -2.3139559,
            30.416977
          ],
          [
            -2.314009,
            30.4167132
          ]
        ]
      },
      "properties": {
        "highway": "primary",
        "maxspeed": "80",
        "ref": "RN 6B"
      }
    },
    {
      "type": "Feature",
      "geometry": {
        "type": "LineString",
        "coordinates": [
          [
            -2.3140492,
            30.4165397
          ],
          [
            -2.3152015,
            30.4115688
          ],
          [
            -2.3160929,
            30.4076818
          ],
          [
            -2.3162027,
            30.4072237
          ],
          [
            -2.3164342,
            30.406634
          ],
          [
            -2.3166202,
            30.4063174
          ],
          [
            -2.3168216,
            30.4059956
          ],
          [
            -2.3171987,
            30.4055381
          ],
          [
            -2.3175828,
            30.4051551
          ],
          [
            -2.3180253,
            30.4048262
          ],
          [
            -2.3185474,
            30.4045138
          ],
          [
            -2.3198298,
            30.4038683
          ],
          [
            -2.3240086,
            30.4017895
          ],
          [
            -2.3247177,
            30.4013906
          ],
          [
            -2.3253894,
            30.400946
          ],
          [
            -2.3261187,
            30.4003806
          ],
          [
            -2.3270498,
            30.3994876
          ],
          [
            -2.3354603,
            30.3912448
          ]
        ]
      },
      "properties": {
        "highway": "primary",
        "maxspeed": "80",
        "ref": "RN 6B"
      }
    },
    {
      "type": "Feature",
      "geometry": {
        "type": "LineString",
        "coordinates": [
          [
            -2.314009,
            30.4167132
          ],
          [
            -2.3140492,
            30.4165397
          ]
        ]
      },
      "properties": {
        "highway": "primary",
        "maxspeed": "80",
        "ref": "RN 6B"
      }
    },
    {
      "type": "Feature",
      "geometry": {
        "type": "LineString",
        "coordinates": [
          [
            -2.3354603,
            30.3912448
          ],
          [
            -2.3362317,
            30.390504
          ],
          [
            -2.3368938,
            30.3899395
          ],
          [
            -2.3372543,
            30.3896998
          ],
          [
            -2.3376633,
            30.3895168
          ],
          [
            -2.3381507,
            30.3893781
          ],
          [
            -2.3387987,
            30.3892869
          ],
          [
            -2.3415599,
            30.3890256
          ],
          [
            -2.3419829,
            30.3890346
          ],
          [
            -2.3424236,
            30.3890917
          ],
          [
            -2.3429163,
            30.3892474
          ],
          [
            -2.3455157,
            30.3905167
          ],
          [
            -2.3458993,
            30.3906945
          ],
          [
            -2.3464066,
            30.3908634
          ],
          [
            -2.3469096,
            30.3909539
          ],
          [
            -2.3473493,
            30.3909746
          ],
          [
            -2.3479671,
            30.3909245
          ],
          [
            -2.3485016,
            30.3907702
          ],
          [
            -2.3490266,
            30.3905123
          ],
          [
            -2.3497395,
            30.3899761
          ],
          [
            -2.3502062,
            30.3895662
          ],
          [
            -2.3505971,
            30.3891563
          ],
          [
            -2.3509077,
            30.3887102
          ],
          [
            -2.3510584,
            30.3883133
          ],
          [
            -2.3511262,
            30.3879668
          ],
          [
            -2.3511791,
            30.3874156
          ],
          [
            -2.3512522,
            30.3859716
          ],
          [
            -2.3514058,
            30.3831426
          ],
          [
            -2.351465,
            30.3827311
          ],
          [
            -2.351615,
            30.3822137
          ],
          [
            -2.3537803,
            30.3752859
          ],
          [
            -2.3543807,
            30.3732958
          ],
          [
            -2.3544188,
            30.3728894
          ],
          [
            -2.3544264,
            30.3723141
          ],
          [
            -2.3543347,
            30.3717275
          ],
          [
            -2.3541159,
            30.3710578
          ],
          [
            -2.3537495,
            30.3702899
          ],
          [
            -2.3532588,
            30.3695807
          ],
          [
            -2.3521894,
            30.36796
          ],
          [
            -2.3510527,
            30.3662451
          ],
          [
            -2.3503384,
            30.3651328
          ],
          [
            -2.3499544,
            30.3643244
          ],
          [
            -2.3496768,
            30.363563
          ],
          [
            -2.3495224,
            30.3629365
          ],
          [
            -2.3494074,
            30.3622912
          ],
          [
            -2.3493493,
            30.361743
          ],
          [
            -2.349347,
            30.3608445
          ],
          [
            -2.349408,
            30.3593555
          ]
        ]
      },
      "properties": {
        "highway": "primary",
        "maxspeed": "60",
        "ref": "RN 6B"
      }
    },
    {
      "type": "Feature",
      "geometry": {
        "type": "LineString",
        "coordinates": [
          [
            -2.3489149,
            30.3588588
          ],
          [
            -2.3491778,
            30.3590948
          ],
          [
            -2.349408,
            30.3593555
          ]
        ]
      },
      "properties": {
        "name": "طريق مازر",
        "highway": "secondary_link",
        "maxspeed": "30"
      }
    },
    {
      "type": "Feature",
      "geometry": {
        "type": "LineString",
        "coordinates": [
          [
            -2.349408,
            30.3593555
          ],
          [
            -2.3494384,
            30.358872
          ]
        ]
      },
      "properties": {
        "highway": "primary",
        "maxspeed": "60",
        "ref": "RN 6B"
      }
    },
    {
      "type": "Feature",
      "geometry": {
        "type": "LineString",
        "coordinates": [
          [
            -2.3494384,
            30.358872
          ],
          [
            -2.3494835,
            30.3585764
          ],
          [
            -2.349552,
            30.3582695
          ],
          [
            -2.349755,
            30.3577021
          ],
          [
            -2.3499288,
            30.3573683
          ],
          [
            -2.3501326,
            30.357035
          ],
          [
            -2.3532578,
            30.3520552
          ]
        ]
      },
      "properties": {
        "highway": "primary",
        "maxspeed": "80",
        "ref": "RN 6B"
      }
    },
    {
      "type": "Feature",
      "geometry": {
        "type": "LineString",
        "coordinates": [
          [
            -2.4103645,
            30.2415294
          ],
          [
            -2.4104694,
            30.2406631
          ],
          [
            -2.4105813,
            30.2400824
          ],
          [
            -2.4107968,
            30.2395083
          ],
          [
            -2.4111092,
            30.2389221
          ],
          [
            -2.4115239,
            30.2383878
          ],
          [
            -2.4119735,
            30.2379528
          ],
          [
            -2.412531,
            30.237542
          ],
          [
            -2.4146214,
            30.2362172
          ]
        ]
      },
      "properties": {
        "highway": "primary",
        "maxspeed": "60",
        "ref": "RN 6B"
      }
    },
    {
      "type": "Feature",
      "geometry": {
        "type": "LineString",
        "coordinates": [
          [
            -2.4146214,
            30.2362172
          ],
          [
            -2.4148516,
            30.2361525
          ],
          [
            -2.4149425,
            30.2361282
          ],
          [
            -2.4150147,
            30.2361169
          ],
          [
            -2.4150728,
            30.2361135
          ],
          [
            -2.4151983,
            30.2361198
          ],
          [
            -2.4153337,
            30.236142
          ]
        ]
      },
      "properties": {
        "highway": "primary_link",
        "maxspeed": "30"
      }
    },
    {
      "type": "Feature",
      "geometry": {
        "type": "LineString",
        "coordinates": [
          [
            -2.4146214,
            30.2362172
          ],
          [
            -2.4149132,
            30.2360982
          ],
          [
            -2.4149946,
            30.2360613
          ],
          [
            -2.4150714,
            30.2360128
          ],
          [
            -2.4151716,
            30.2359444
          ]
        ]
      },
      "properties": {
        "highway": "primary",
        "maxspeed": "30"
      }
    },
    {
      "type": "Feature",
      "geometry": {
        "type": "LineString",
        "coordinates": [
          [
            -2.4151993,
            30.235865
          ],
          [
            -2.415178,
            30.2358605
          ],
          [
            -2.4151515,
            30.2358556
          ],
          [
            -2.4151058,
            30.2358566
          ]
        ]
      },
      "properties": {
        "highway": "primary",
        "maxspeed": "30"
      }
    },
    {
      "type": "Feature",
      "geometry": {
        "type": "LineString",
        "coordinates": [
          [
            -2.4151716,
            30.2359444
          ],
          [
            -2.4151854,
            30.2359286
          ],
          [
            -2.4151961,
            30.2358985
          ],
          [
            -2.4151993,
            30.235865
          ]
        ]
      },
      "properties": {
        "highway": "primary",
        "maxspeed": "30"
      }
    },
    {
      "type": "Feature",
      "geometry": {
        "type": "LineString",
        "coordinates": [
          [
            -2.4151716,
            30.2359444
          ],
          [
            -2.4153337,
            30.236142
          ],
          [
            -2.4158273,
            30.2368312
          ],
          [
            -2.4159451,
            30.2369587
          ]
        ]
      },
      "properties": {
        "name": "طريق الساورة",
        "highway": "primary",
        "maxspeed": "50",
        "ref": "RN 6"
      }
    },
    {
      "type": "Feature",
      "geometry": {
        "type": "LineString",
        "coordinates": [
          [
            -2.4151058,
            30.2358566
          ],
          [
            -2.4151716,
            30.2359444
          ]
        ]
      },
      "properties": {
        "name": "طريق الساورة",
        "highway": "primary",
        "maxspeed": "50",
        "ref": "RN 6"
      }
    },
    {
      "type": "Feature",
      "geometry": {
        "type": "LineString",
        "coordinates": [
          [
            -2.4151058,
            30.2358566
          ],
          [
            -2.4150436,
            30.2358915
          ],
          [
            -2.4149778,
            30.2359324
          ],
          [
            -2.4149108,
            30.2359807
          ],
          [
            -2.414856,
            30.2360228
          ],
          [
            -2.4146214,
            30.2362172
          ]
        ]
      },
      "properties": {
        "highway": "primary",
        "maxspeed": "30"
      }
    },
    {
      "type": "Feature",
      "geometry": {
        "type": "LineString",
        "coordinates": [
          [
            -2.2438362,
            30.0130031
          ],
          [
            -2.2440225,
            30.0132764
          ],
          [
            -2.244061,
            30.0133457
          ],
          [
            -2.2440937,
            30.0134314
          ],
          [
            -2.2441173,
            30.0135211
          ],
          [
            -2.244129,
            30.0136304
          ],
          [
            -2.2441332,
            30.0138777
          ]
        ]
      },
      "properties": {
        "name": "طريق بني عباس",
        "highway": "primary_link",
        "maxspeed": "30"
      }
    },
    {
      "type": "Feature",
      "geometry": {
        "type": "LineString",
        "coordinates": [
          [
            -2.2438362,
            30.0130031
          ],
          [
            -2.2442448,
            30.0132671
          ],
          [
            -2.2445201,
            30.0134368
          ],
          [
            -2.2445684,
            30.0134668
          ],
          [
            -2.2452844,
            30.0139387
          ]
        ]
      },
      "properties": {
        "name": "طريق الساورة",
        "highway": "primary",
        "maxspeed": "80",
        "ref": "RN 6"
      }
    },
    {
      "type": "Feature",
      "geometry": {
        "type": "LineString",
        "coordinates": [
          [
            -2.2442237,
            30.0139509
          ],
          [
            -2.2444306,
            30.0138581
          ],
          [
            -2.2445373,
            30.0138257
          ],
          [
            -2.2446397,
            30.013807
          ],
          [
            -2.244751,
            30.0137991
          ],
          [
            -2.2448582,
            30.0138042
          ],
          [
            -2.2449543,
            30.0138209
          ],
          [
            -2.2450452,
            30.013851
          ],
          [
            -2.2452844,
            30.0139387
          ]
        ]
      },
      "properties": {
        "name": "طريق بني عباس",
        "highway": "primary_link",
        "maxspeed": "30"
      }
    },
    {
      "type": "Feature",
      "geometry": {
        "type": "LineString",
        "coordinates": [
          [
            -1.8462262,
            29.8622537
          ],
          [
            -1.8463066,
            29.8622195
          ],
          [
            -1.8463864,
            29.862176
          ],
          [
            -1.8465949,
            29.8620169
          ],
          [
            -1.8467304,
            29.8619031
          ],
          [
            -1.8468539,
            29.8617896
          ],
          [
            -1.8468872,
            29.8617526
          ],
          [
            -1.8470877,
            29.8615297
          ],
          [
            -1.8473597,
            29.8612072
          ],
          [
            -1.8480385,
            29.8603858
          ],
          [
            -1.8485457,
            29.8597808
          ],
          [
            -1.8488099,
            29.8594887
          ],
          [
            -1.8494141,
            29.8587466
          ],
          [
            -1.84983,
            29.8582358
          ],
          [
            -1.850254,
            29.8574721
          ],
          [
            -1.8504018,
            29.8572438
          ],
          [
            -1.8504238,
            29.8571869
          ],
          [
            -1.8504305,
            29.8571403
          ],
          [
            -1.8504169,
            29.8570652
          ]
        ]
      },
      "properties": {
        "highway": "secondary",
        "maxspeed": "40"
      }
    },
    {
      "type": "Feature",
      "geometry": {
        "type": "LineString",
        "coordinates": [
          [
            -2.2876934,
            30.4585954
          ],
          [
            -2.2877526,
            30.4578344
          ],
          [
            -2.2877679,
            30.4576159
          ],
          [
            -2.2878664,
            30.4563289
          ],
          [
            -2.2879596,
            30.4553598
          ],
          [
            -2.2880273,
            30.4544216
          ],
          [
            -2.2880808,
            30.4537269
          ],
          [
            -2.2881016,
            30.4532287
          ],
          [
            -2.288112,
            30.4530983
          ],
          [
            -2.2881442,
            30.4526459
          ],
          [
            -2.288444,
            30.4517397
          ],
          [
            -2.2885244,
            30.4515362
          ]
        ]
      },
      "properties": {
        "highway": "tertiary",
        "maxspeed": "40"
      }
    },
    {
      "type": "Feature",
      "geometry": {
        "type": "LineString",
        "coordinates": [
          [
            -2.2887615,
            30.4586701
          ],
          [
            -2.2876934,
            30.4585954
          ]
        ]
      },
      "properties": {
        "highway": "tertiary",
        "maxspeed": "40"
      }
    },
    {
      "type": "Feature",
      "geometry": {
        "type": "LineString",
        "coordinates": [
          [
            -2.2994286,
            30.4881407
          ],
          [
            -2.3001461,
            30.487272
          ],
          [
            -2.3004812,
            30.4868341
          ],
          [
            -2.300727,
            30.4863952
          ],
          [
            -2.3008236,
            30.4861836
          ],
          [
            -2.3009179,
            30.4859578
          ],
          [
            -2.3010195,
            30.4854746
          ],
          [
            -2.3014056,
            30.4838578
          ],
          [
            -2.3016287,
            30.4829236
          ],
          [
            -2.3017212,
            30.4825459
          ],
          [
            -2.3017665,
            30.4821564
          ],
          [
            -2.3017441,
            30.4816353
          ],
          [
            -2.3016797,
            30.4804999
          ],
          [
            -2.301624,
            30.4799262
          ],
          [
            -2.3015177,
            30.4796218
          ],
          [
            -2.3012466,
            30.4790952
          ],
          [
            -2.3004786,
            30.4778485
          ],
          [
            -2.2994227,
            30.4761594
          ],
          [
            -2.29862,
            30.4748592
          ],
          [
            -2.2983621,
            30.4742786
          ],
          [
            -2.2981358,
            30.4737105
          ],
          [
            -2.2980572,
            30.4733249
          ],
          [
            -2.2980428,
            30.4729908
          ],
          [
            -2.2981169,
            30.4725469
          ],
          [
            -2.298265,
            30.4716589
          ],
          [
            -2.2983867,
            30.4712402
          ],
          [
            -2.2985624,
            30.4706324
          ],
          [
            -2.2990861,
            30.4690902
          ],
          [
            -2.2994298,
            30.4681731
          ]
        ]
      },
      "properties": {
        "highway": "primary",
        "maxspeed": "60",
        "ref": "RN 6B"
      }
    },
    {
      "type": "Feature",
      "geometry": {
        "type": "LineString",
        "coordinates": [
          [
            -2.298111,
            30.4955402
          ],
          [
            -2.2976032,
            30.4943499
          ]
        ]
      },
      "properties": {
        "highway": "primary",
        "maxspeed": "60",
        "ref": "RN 6B"
      }
    },
    {
      "type": "Feature",
      "geometry": {
        "type": "LineString",
        "coordinates": [
          [
            -2.4151993,
            30.235865
          ],
          [
            -2.4147139,
            30.2352186
          ],
          [
            -2.4144891,
            30.2349818
          ]
        ]
      },
      "properties": {
        "name": "طريق الساورة",
        "highway": "primary",
        "maxspeed": "50",
        "ref": "RN 6"
      }
    },
    {
      "type": "Feature",
      "geometry": {
        "type": "LineString",
        "coordinates": [
          [
            -2.2973199,
            30.0559776
          ],
          [
            -2.30394,
            30.0687615
          ],
          [
            -2.3089857,
            30.0785546
          ],
          [
            -2.3141432,
            30.0876999
          ],
          [
            -2.3206664,
            30.0993891
          ],
          [
            -2.3299535,
            30.117366
          ],
          [
            -2.3312586,
            30.1195967
          ],
          [
            -2.333981,
            30.1233945
          ],
          [
            -2.3381916,
            30.1289824
          ],
          [
            -2.3435699,
            30.1362513
          ],
          [
            -2.3487671,
            30.1438013
          ],
          [
            -2.3522759,
            30.1489069
          ],
          [
            -2.3552372,
            30.1529598
          ],
          [
            -2.3660736,
            30.167614
          ],
          [
            -2.3705444,
            30.173579
          ],
          [
            -2.3758003,
            30.1812453
          ],
          [
            -2.3795697,
            30.1866216
          ],
          [
            -2.3817282,
            30.1897764
          ],
          [
            -2.3830173,
            30.19154
          ],
          [
            -2.3847018,
            30.19383
          ],
          [
            -2.3887194,
            30.1992437
          ],
          [
            -2.396968,
            30.2103777
          ],
          [
            -2.3986682,
            30.21277
          ],
          [
            -2.4090208,
            30.2276605
          ],
          [
            -2.4135839,
            30.2337698
          ]
        ]
      },
      "properties": {
        "name": "طريق الساورة",
        "highway": "primary",
        "maxspeed": "100",
        "ref": "RN 6"
      }
    },
    {
      "type": "Feature",
      "geometry": {
        "type": "LineString",
        "coordinates": [
          [
            -2.1661879,
            30.1313245
          ],
          [
            -2.166262,
            30.1312988
          ],
          [
            -2.1663396,
            30.1312843
          ],
          [
            -2.166419,
            30.1312821
          ],
          [
            -2.1664976,
            30.1312922
          ]
        ]
      },
      "properties": {
        "highway": "secondary"
      }
    },
    {
      "type": "Feature",
      "geometry": {
        "type": "LineString",
        "coordinates": [
          [
            -2.1655658,
            30.1311109
          ],
          [
            -2.1656219,
            30.1311257
          ],
          [
            -2.1656756,
            30.131146
          ],
          [
            -2.1657263,
            30.1311716
          ],
          [
            -2.1657731,
            30.131202
          ],
          [
            -2.1658156,
            30.131237
          ],
          [
            -2.1658539,
            30.1312757
          ]
        ]
      },
      "properties": {
        "name": "Route Béni Abbès - Tamtert; طريق بني عباس - تامترت",
        "highway": "secondary"
      }
    },
    {
      "type": "Feature",
      "geometry": {
        "type": "LineString",
        "coordinates": [
          [
            -2.159427,
            30.129851
          ],
          [
            -2.1598515,
            30.1299521
          ],
          [
            -2.1600144,
            30.1299897
          ],
          [
            -2.160598,
            30.1301076
          ],
          [
            -2.1615267,
            30.1303067
          ],
          [
            -2.1621448,
            30.1304304
          ],
          [
            -2.1623223,
            30.1304677
          ],
          [
            -2.1640975,
            30.1308284
          ],
          [
            -2.1642573,
            30.1308559
          ],
          [
            -2.1649048,
            30.1309794
          ],
          [
            -2.1655658,
            30.1311109
          ]
        ]
      },
      "properties": {
        "name": "Route Béni Abbès - Tamtert; طريق بني عباس - تامترت",
        "highway": "secondary",
        "maxspeed": "40"
      }
    },
    {
      "type": "Feature",
      "geometry": {
        "type": "LineString",
        "coordinates": [
          [
            -2.1536404,
            30.1285623
          ],
          [
            -2.1536187,
            30.1284805
          ],
          [
            -2.1536001,
            30.1283982
          ],
          [
            -2.1535844,
            30.1283153
          ],
          [
            -2.1535718,
            30.1282321
          ],
          [
            -2.1535623,
            30.1281486
          ]
        ]
      },
      "properties": {
        "name": "Route Béni Abbès - Tamtert; طريق بني عباس - تامترت",
        "highway": "secondary",
        "maxspeed": "30"
      }
    },
    {
      "type": "Feature",
      "geometry": {
        "type": "LineString",
        "coordinates": [
          [
            -2.1535623,
            30.1281486
          ],
          [
            -2.1534844,
            30.1283206
          ],
          [
            -2.1534501,
            30.1284027
          ],
          [
            -2.1534144,
            30.128469
          ],
          [
            -2.1533799,
            30.1285208
          ],
          [
            -2.1533551,
            30.1285442
          ]
        ]
      },
      "properties": {
        "name": "Route Béni Abbès - Tamtert; طريق بني عباس - تامترت",
        "highway": "secondary",
        "maxspeed": "30"
      }
    },
    {
      "type": "Feature",
      "geometry": {
        "type": "LineString",
        "coordinates": [
          [
            -2.1589918,
            30.1296808
          ],
          [
            -2.1584623,
            30.1295863
          ],
          [
            -2.1581912,
            30.1295404
          ],
          [
            -2.1569921,
            30.1293126
          ],
          [
            -2.1567529,
            30.1292665
          ],
          [
            -2.156291,
            30.1291774
          ],
          [
            -2.1556195,
            30.129048
          ],
          [
            -2.1552218,
            30.1289714
          ],
          [
            -2.1544913,
            30.1288307
          ],
          [
            -2.1539842,
            30.1287331
          ],
          [
            -2.1539148,
            30.1287152
          ],
          [
            -2.1538474,
            30.1286925
          ],
          [
            -2.1537841,
            30.1286658
          ],
          [
            -2.1537236,
            30.1286348
          ],
          [
            -2.1536661,
            30.1285997
          ]
        ]
      },
      "properties": {
        "name": "Route Béni Abbès - Tamtert; طريق بني عباس - تامترت",
        "highway": "secondary",
        "maxspeed": "60"
      }
    },
    {
      "type": "Feature",
      "geometry": {
        "type": "LineString",
        "coordinates": [
          [
            -2.101686,
            30.068548
          ],
          [
            -2.1028445,
            30.0687826
          ],
          [
            -2.1057283,
            30.0688786
          ],
          [
            -2.1096733,
            30.0689615
          ],
          [
            -2.1116487,
            30.0693612
          ],
          [
            -2.1125559,
            30.0696038
          ],
          [
            -2.1134186,
            30.0699132
          ],
          [
            -2.1141088,
            30.0702864
          ],
          [
            -2.1146634,
            30.0705851
          ],
          [
            -2.1168448,
            30.0712037
          ],
          [
            -2.1175719,
            30.0712357
          ],
          [
            -2.1182233,
            30.0712191
          ],
          [
            -2.119211,
            30.071513
          ],
          [
            -2.1200614,
            30.0718223
          ],
          [
            -2.1204434,
            30.0720782
          ],
          [
            -2.1245351,
            30.0763229
          ],
          [
            -2.1252129,
            30.0769415
          ],
          [
            -2.1260509,
            30.0775174
          ],
          [
            -2.1283679,
            30.0787012
          ],
          [
            -2.1294771,
            30.0790958
          ],
          [
            -2.1303274,
            30.079341
          ],
          [
            -2.1308081,
            30.079469
          ],
          [
            -2.1311269,
            30.0796131
          ],
          [
            -2.131757,
            30.0800129
          ],
          [
            -2.1321761,
            30.0803435
          ],
          [
            -2.1325581,
            30.0807701
          ],
          [
            -2.1327553,
            30.0812606
          ],
          [
            -2.1332606,
            30.0848758
          ],
          [
            -2.1334711,
            30.0852706
          ],
          [
            -2.1337412,
            30.0855476
          ],
          [
            -2.1344191,
            30.0858355
          ],
          [
            -2.1434157,
            30.0884481
          ],
          [
            -2.1441675,
            30.088768
          ],
          [
            -2.144833,
            30.0890666
          ],
          [
            -2.1453137,
            30.0893865
          ],
          [
            -2.1454615,
            30.0895998
          ],
          [
            -2.1455108,
            30.089813
          ],
          [
            -2.1457204,
            30.090922
          ],
          [
            -2.1458522,
            30.0914216
          ],
          [
            -2.1459668,
            30.091903
          ],
          [
            -2.1458436,
            30.0922549
          ],
          [
            -2.1456957,
            30.0926388
          ],
          [
            -2.1456711,
            30.0929054
          ],
          [
            -2.1456341,
            30.0935878
          ],
          [
            -2.1454862,
            30.0944835
          ],
          [
            -2.1454985,
            30.0952406
          ],
          [
            -2.1455601,
            30.0955711
          ],
          [
            -2.1457573,
            30.0959656
          ],
          [
            -2.1462133,
            30.0964988
          ],
          [
            -2.1467186,
            30.0969253
          ],
          [
            -2.1471869,
            30.0974264
          ],
          [
            -2.1474581,
            30.0977889
          ],
          [
            -2.1477046,
            30.0982368
          ],
          [
            -2.1480999,
            30.0990157
          ],
          [
            -2.1484563,
            30.0997722
          ],
          [
            -2.1488261,
            30.1003799
          ],
          [
            -2.1492081,
            30.1008277
          ],
          [
            -2.1496641,
            30.1011582
          ],
          [
            -2.1510814,
            30.1019153
          ],
          [
            -2.1519317,
            30.102491
          ],
          [
            -2.1526342,
            30.1030774
          ],
          [
            -2.1541994,
            30.1043568
          ],
          [
            -2.1553332,
            30.105455
          ],
          [
            -2.1560604,
            30.1064785
          ],
          [
            -2.1566889,
            30.107566
          ],
          [
            -2.1570709,
            30.1085149
          ],
          [
            -2.1576035,
            30.109478
          ],
          [
            -2.1585122,
            30.1107003
          ],
          [
            -2.1589254,
            30.1112385
          ],
          [
            -2.1590445,
            30.1114787
          ],
          [
            -2.1591025,
            30.1115993
          ],
          [
            -2.1591573,
            30.1117239
          ],
          [
            -2.1592063,
            30.1118909
          ],
          [
            -2.159306,
            30.112287
          ],
          [
            -2.1593879,
            30.112758
          ],
          [
            -2.1595851,
            30.113984
          ],
          [
            -2.1596379,
            30.1144756
          ],
          [
            -2.159641,
            30.1146063
          ],
          [
            -2.1596479,
            30.1147367
          ],
          [
            -2.1596457,
            30.1148549
          ],
          [
            -2.1596249,
            30.1150265
          ],
          [
            -2.1595917,
            30.115206
          ],
          [
            -2.1595421,
            30.1153934
          ],
          [
            -2.1594866,
            30.1155851
          ],
          [
            -2.1594569,
            30.115673
          ],
          [
            -2.1594259,
            30.11575
          ],
          [
            -2.1593666,
            30.1158445
          ],
          [
            -2.1592845,
            30.1159612
          ],
          [
            -2.1592037,
            30.1160436
          ],
          [
            -2.1591029,
            30.1161236
          ],
          [
            -2.1589886,
            30.1162036
          ],
          [
            -2.1588621,
            30.1162801
          ],
          [
            -2.1586129,
            30.1164252
          ],
          [
            -2.1585373,
            30.1164733
          ],
          [
            -2.1584525,
            30.1165289
          ],
          [
            -2.158359,
            30.1166004
          ],
          [
            -2.1582616,
            30.1166854
          ],
          [
            -2.1581279,
            30.1168177
          ],
          [
            -2.1580013,
            30.1169412
          ],
          [
            -2.1577904,
            30.117133
          ],
          [
            -2.1575651,
            30.1173334
          ],
          [
            -2.157072,
            30.117775
          ]
        ]
      },
      "properties": {
        "name": "Route Béni Abbès - Tamtert; طريق بني عباس - تامترت",
        "highway": "secondary",
        "maxspeed": "60"
      }
    },
    {
      "type": "Feature",
      "geometry": {
        "type": "LineString",
        "coordinates": [
          [
            -1.8984782,
            29.9145149
          ],
          [
            -1.8989132,
            29.9146223
          ]
        ]
      },
      "properties": {
        "highway": "secondary_link",
        "maxspeed": "30"
      }
    },
    {
      "type": "Feature",
      "geometry": {
        "type": "LineString",
        "coordinates": [
          [
            -1.8989132,
            29.9146223
          ],
          [
            -1.8987961,
            29.9148584
          ],
          [
            -1.8986109,
            29.9151843
          ],
          [
            -1.8984875,
            29.9153863
          ],
          [
            -1.8984362,
            29.9154458
          ],
          [
            -1.8983903,
            29.9154846
          ],
          [
            -1.8983366,
            29.9155165
          ],
          [
            -1.8982783,
            29.9155384
          ],
          [
            -1.8982166,
            29.9155513
          ],
          [
            -1.8981434,
            29.9155549
          ],
          [
            -1.8980606,
            29.9155505
          ],
          [
            -1.8979776,
            29.9155396
          ],
          [
            -1.8978823,
            29.9155254
          ],
          [
            -1.8977484,
            29.9154984
          ],
          [
            -1.897636,
            29.9154694
          ],
          [
            -1.8975454,
            29.9154385
          ],
          [
            -1.8974663,
            29.9154035
          ],
          [
            -1.8973927,
            29.9153597
          ],
          [
            -1.8972966,
            29.9152964
          ],
          [
            -1.8972331,
            29.9152574
          ],
          [
            -1.8971714,
            29.9152259
          ],
          [
            -1.8970889,
            29.9151888
          ],
          [
            -1.896954,
            29.9151383
          ],
          [
            -1.8967112,
            29.9150582
          ]
        ]
      },
      "properties": {
        "name": "طريق تامترت",
        "highway": "secondary",
        "maxspeed": "50"
      }
    },
    {
      "type": "Feature",
      "geometry": {
        "type": "LineString",
        "coordinates": [
          [
            -1.8990242,
            29.9144263
          ],
          [
            -1.8989132,
            29.9146223
          ]
        ]
      },
      "properties": {
        "name": "طريق تامترت",
        "highway": "secondary",
        "maxspeed": "50"
      }
    },
    {
      "type": "Feature",
      "geometry": {
        "type": "LineString",
        "coordinates": [
          [
            -1.8967112,
            29.9150582
          ],
          [
            -1.8962216,
            29.9149198
          ],
          [
            -1.8958593,
            29.9148083
          ],
          [
            -1.8952826,
            29.9145449
          ],
          [
            -1.8947597,
            29.9143128
          ],
          [
            -1.8942924,
            29.9140819
          ],
          [
            -1.8940802,
            29.9139659
          ],
          [
            -1.8938607,
            29.9138372
          ],
          [
            -1.8936934,
            29.9137284
          ],
          [
            -1.8935286,
            29.9136133
          ],
          [
            -1.8933868,
            29.9135077
          ],
          [
            -1.8931558,
            29.9132917
          ],
          [
            -1.8928743,
            29.912998
          ],
          [
            -1.8927666,
            29.9128893
          ],
          [
            -1.8924749,
            29.9125602
          ],
          [
            -1.8923687,
            29.9124447
          ],
          [
            -1.8922438,
            29.9123292
          ],
          [
            -1.8920018,
            29.9121379
          ],
          [
            -1.8915203,
            29.9117829
          ],
          [
            -1.8911694,
            29.9115244
          ],
          [
            -1.8909316,
            29.9113491
          ],
          [
            -1.8907278,
            29.9112142
          ],
          [
            -1.8904327,
            29.9110095
          ],
          [
            -1.8901171,
            29.9107889
          ],
          [
            -1.8895975,
            29.9104258
          ],
          [
            -1.8893662,
            29.9102402
          ],
          [
            -1.8891832,
            29.910108
          ],
          [
            -1.888847,
            29.9098788
          ],
          [
            -1.8884656,
            29.9096328
          ],
          [
            -1.8884112,
            29.9096055
          ],
          [
            -1.8883315,
            29.9095656
          ],
          [
            -1.8879093,
            29.9093241
          ],
          [
            -1.8876432,
            29.9091733
          ],
          [
            -1.887417,
            29.9090507
          ],
          [
            -1.886631,
            29.9086445
          ],
          [
            -1.8860441,
            29.9083528
          ],
          [
            -1.8857992,
            29.9082311
          ],
          [
            -1.8854413,
            29.908076
          ],
          [
            -1.8852023,
            29.9079724
          ],
          [
            -1.8849145,
            29.9078476
          ],
          [
            -1.884844,
            29.9078171
          ],
          [
            -1.8845264,
            29.9076795
          ],
          [
            -1.8844599,
            29.9076506
          ],
          [
            -1.8843481,
            29.9076022
          ],
          [
            -1.8841665,
            29.9075178
          ],
          [
            -1.883796,
            29.9073457
          ],
          [
            -1.8834917,
            29.9072044
          ],
          [
            -1.882576,
            29.9067999
          ]
        ]
      },
      "properties": {
        "name": "طريق تامترت",
        "highway": "secondary",
        "maxspeed": "50"
      }
    },
    {
      "type": "Feature",
      "geometry": {
        "type": "LineString",
        "coordinates": [
          [
            -1.882576,
            29.9067999
          ],
          [
            -1.8793097,
            29.9053481
          ],
          [
            -1.8782475,
            29.9049296
          ],
          [
            -1.8767133,
            29.9044553
          ],
          [
            -1.8750289,
            29.9039531
          ],
          [
            -1.8733015,
            29.9034695
          ],
          [
            -1.8718961,
            29.9030881
          ],
          [
            -1.8713947,
            29.9028977
          ],
          [
            -1.8708965,
            29.9026529
          ],
          [
            -1.8689783,
            29.9015954
          ],
          [
            -1.8678981,
            29.9010005
          ],
          [
            -1.8672683,
            29.9005865
          ],
          [
            -1.8664274,
            29.900061
          ],
          [
            -1.8658881,
            29.8998118
          ],
          [
            -1.8648207,
            29.8993439
          ],
          [
            -1.8643947,
            29.8990842
          ],
          [
            -1.8639569,
            29.898792
          ],
          [
            -1.8635061,
            29.8986517
          ],
          [
            -1.8619612,
            29.8982053
          ],
          [
            -1.8601158,
            29.8976658
          ],
          [
            -1.8586996,
            29.8971077
          ],
          [
            -1.8578413,
            29.8966706
          ],
          [
            -1.8571654,
            29.8962427
          ],
          [
            -1.8563607,
            29.8955265
          ],
          [
            -1.8556419,
            29.8948941
          ],
          [
            -1.8550947,
            29.8941965
          ],
          [
            -1.8547728,
            29.8935454
          ],
          [
            -1.854451,
            29.8927082
          ],
          [
            -1.8543115,
            29.8919455
          ],
          [
            -1.8542257,
            29.8910805
          ],
          [
            -1.854054,
            29.8907642
          ],
          [
            -1.8538502,
            29.8904573
          ],
          [
            -1.8518868,
            29.8882899
          ],
          [
            -1.8496874,
            29.886104
          ],
          [
            -1.8464687,
            29.8832575
          ],
          [
            -1.8455031,
            29.8823831
          ],
          [
            -1.843277,
            29.8797115
          ],
          [
            -1.8410464,
            29.8771254
          ],
          [
            -1.8406369,
            29.8767238
          ],
          [
            -1.8395428,
            29.8756507
          ],
          [
            -1.8390005,
            29.8751591
          ],
          [
            -1.8382699,
            29.8745873
          ],
          [
            -1.8381495,
            29.874504
          ],
          [
            -1.837916,
            29.8743884
          ],
          [
            -1.8375931,
            29.8742878
          ],
          [
            -1.8370758,
            29.874319
          ],
          [
            -1.8365469,
            29.8743956
          ],
          [
            -1.8361879,
            29.8744318
          ],
          [
            -1.8359439,
            29.8744341
          ],
          [
            -1.8356997,
            29.8744104
          ],
          [
            -1.8354477,
            29.8743632
          ],
          [
            -1.8352047,
            29.8743042
          ],
          [
            -1.8340701,
            29.873818
          ],
          [
            -1.8331262,
            29.8733549
          ],
          [
            -1.8319609,
            29.8727363
          ],
          [
            -1.8309456,
            29.8721664
          ],
          [
            -1.8299412,
            29.8715867
          ],
          [
            -1.8283164,
            29.8706586
          ]
        ]
      },
      "properties": {
        "name": "طريق تامترت",
        "highway": "secondary",
        "maxspeed": "80"
      }
    },
    {
      "type": "Feature",
      "geometry": {
        "type": "LineString",
        "coordinates": [
          [
            -1.8276559,
            29.8702818
          ],
          [
            -1.826186,
            29.8694363
          ],
          [
            -1.8256372,
            29.8691587
          ],
          [
            -1.8254352,
            29.8690761
          ],
          [
            -1.8250702,
            29.868951
          ],
          [
            -1.8243458,
            29.8687133
          ],
          [
            -1.8242054,
            29.8686584
          ],
          [
            -1.8240702,
            29.8685895
          ],
          [
            -1.8239536,
            29.8685172
          ],
          [
            -1.8238612,
            29.8684436
          ],
          [
            -1.8237911,
            29.8683735
          ],
          [
            -1.8237436,
            29.8683034
          ],
          [
            -1.8236974,
            29.8682159
          ],
          [
            -1.8236618,
            29.868124
          ],
          [
            -1.8236206,
            29.8679987
          ],
          [
            -1.8235903,
            29.867872
          ],
          [
            -1.823543,
            29.8675563
          ],
          [
            -1.8235294,
            29.8673425
          ],
          [
            -1.8235207,
            29.8670626
          ],
          [
            -1.8235148,
            29.8667601
          ],
          [
            -1.8235294,
            29.8664237
          ],
          [
            -1.8235279,
            29.8663122
          ],
          [
            -1.8235137,
            29.8662007
          ],
          [
            -1.823495,
            29.8660958
          ],
          [
            -1.82347,
            29.8660132
          ],
          [
            -1.8234169,
            29.8659182
          ],
          [
            -1.8233589,
            29.8658397
          ],
          [
            -1.8232708,
            29.8657635
          ],
          [
            -1.8231618,
            29.8656803
          ],
          [
            -1.8230164,
            29.8655905
          ],
          [
            -1.8228949,
            29.8655353
          ],
          [
            -1.8227635,
            29.8654963
          ],
          [
            -1.8226196,
            29.865474
          ],
          [
            -1.8224756,
            29.8654683
          ],
          [
            -1.8223026,
            29.865466
          ],
          [
            -1.8221859,
            29.8654734
          ],
          [
            -1.8220667,
            29.8654753
          ],
          [
            -1.821892,
            29.8654986
          ],
          [
            -1.8217927,
            29.8655197
          ],
          [
            -1.8217194,
            29.8655311
          ],
          [
            -1.8216534,
            29.8655341
          ],
          [
            -1.8215686,
            29.8655244
          ],
          [
            -1.8214594,
            29.8655024
          ],
          [
            -1.8213652,
            29.8654695
          ],
          [
            -1.8212784,
            29.8654251
          ],
          [
            -1.8211902,
            29.8653687
          ],
          [
            -1.8211177,
            29.8653033
          ],
          [
            -1.8210272,
            29.865207
          ],
          [
            -1.8209636,
            29.8651311
          ],
          [
            -1.8209024,
            29.8650447
          ],
          [
            -1.8206873,
            29.8647371
          ],
          [
            -1.8204683,
            29.8644485
          ],
          [
            -1.8200729,
            29.8639274
          ],
          [
            -1.8199979,
            29.8637945
          ],
          [
            -1.8196044,
            29.8631767
          ],
          [
            -1.8195002,
            29.8630308
          ],
          [
            -1.8193938,
            29.862912
          ],
          [
            -1.8192959,
            29.8628392
          ],
          [
            -1.819188,
            29.8627795
          ],
          [
            -1.8190425,
            29.8627292
          ],
          [
            -1.818849,
            29.8626785
          ],
          [
            -1.8184052,
            29.8625622
          ],
          [
            -1.8182039,
            29.862524
          ],
          [
            -1.8180791,
            29.8625073
          ],
          [
            -1.8179516,
            29.8625045
          ],
          [
            -1.8176502,
            29.8625097
          ],
          [
            -1.8174862,
            29.8625082
          ],
          [
            -1.8173263,
            29.8625005
          ],
          [
            -1.8171719,
            29.8624882
          ],
          [
            -1.8166379,
            29.8624331
          ],
          [
            -1.8161647,
            29.8623575
          ],
          [
            -1.8160567,
            29.8623137
          ],
          [
            -1.8159488,
            29.862243
          ],
          [
            -1.8156213,
            29.8619511
          ],
          [
            -1.8149696,
            29.8613703
          ],
          [
            -1.8148582,
            29.8612891
          ],
          [
            -1.8147298,
            29.8612196
          ],
          [
            -1.8145943,
            29.8611693
          ],
          [
            -1.8142435,
            29.8611553
          ],
          [
            -1.8141169,
            29.8611353
          ],
          [
            -1.8139739,
            29.8610705
          ],
          [
            -1.8136145,
            29.8607932
          ],
          [
            -1.8135166,
            29.8606621
          ],
          [
            -1.813445,
            29.8605154
          ],
          [
            -1.8131371,
            29.8595212
          ],
          [
            -1.8129206,
            29.8587458
          ]
        ]
      },
      "properties": {
        "name": "طريق تامترت",
        "highway": "secondary",
        "maxspeed": "50"
      }
    },
    {
      "type": "Feature",
      "geometry": {
        "type": "LineString",
        "coordinates": [
          [
            -1.8129206,
            29.8587458
          ],
          [
            -1.8127667,
            29.8580986
          ],
          [
            -1.8127227,
            29.8579483
          ],
          [
            -1.8126638,
            29.8577819
          ],
          [
            -1.8125938,
            29.8576299
          ],
          [
            -1.8125191,
            29.8574923
          ],
          [
            -1.8124309,
            29.8573459
          ],
          [
            -1.8117992,
            29.856398
          ],
          [
            -1.8116136,
            29.856094
          ],
          [
            -1.8115025,
            29.8558912
          ],
          [
            -1.811442,
            29.8557677
          ],
          [
            -1.8113865,
            29.8556389
          ],
          [
            -1.8113478,
            29.8555089
          ],
          [
            -1.8113198,
            29.8553544
          ],
          [
            -1.8112694,
            29.8549733
          ],
          [
            -1.8112457,
            29.8548065
          ],
          [
            -1.8112193,
            29.8546737
          ],
          [
            -1.8111706,
            29.8544745
          ],
          [
            -1.8111224,
            29.854336
          ],
          [
            -1.8110532,
            29.8541864
          ],
          [
            -1.8109656,
            29.8540241
          ],
          [
            -1.8108713,
            29.8538846
          ],
          [
            -1.8105832,
            29.8534955
          ],
          [
            -1.8105108,
            29.8533873
          ],
          [
            -1.8104651,
            29.8532853
          ],
          [
            -1.8104391,
            29.8531929
          ],
          [
            -1.8104079,
            29.8530297
          ],
          [
            -1.8103626,
            29.8525925
          ],
          [
            -1.8103144,
            29.8522273
          ],
          [
            -1.8102854,
            29.852069
          ],
          [
            -1.8102477,
            29.8519003
          ],
          [
            -1.8102036,
            29.8517514
          ],
          [
            -1.8101595,
            29.8516244
          ],
          [
            -1.8098826,
            29.8508798
          ],
          [
            -1.8097938,
            29.8506577
          ],
          [
            -1.8097338,
            29.850521
          ],
          [
            -1.8096618,
            29.850377
          ],
          [
            -1.8095798,
            29.850238
          ],
          [
            -1.809549,
            29.8501871
          ],
          [
            -1.8092496,
            29.8496918
          ],
          [
            -1.8091027,
            29.8494552
          ],
          [
            -1.8089899,
            29.8492784
          ],
          [
            -1.8088884,
            29.8491358
          ],
          [
            -1.8087811,
            29.8490072
          ],
          [
            -1.8082538,
            29.8484438
          ],
          [
            -1.8077541,
            29.8479141
          ],
          [
            -1.807557,
            29.8477051
          ],
          [
            -1.8072318,
            29.847322
          ],
          [
            -1.8069201,
            29.8469418
          ],
          [
            -1.806539,
            29.8464757
          ],
          [
            -1.8061882,
            29.8459979
          ],
          [
            -1.8058635,
            29.8455334
          ],
          [
            -1.8052444,
            29.8446477
          ],
          [
            -1.8048474,
            29.8440731
          ],
          [
            -1.8044058,
            29.8434053
          ],
          [
            -1.804078,
            29.8428957
          ],
          [
            -1.8037936,
            29.8424837
          ],
          [
            -1.8035761,
            29.8422102
          ],
          [
            -1.8034313,
            29.8420556
          ],
          [
            -1.8032696,
            29.841901
          ],
          [
            -1.8030823,
            29.8417737
          ],
          [
            -1.8028754,
            29.8416512
          ],
          [
            -1.8021173,
            29.8412748
          ],
          [
            -1.8013369,
            29.8408983
          ],
          [
            -1.8000014,
            29.8402537
          ],
          [
            -1.7992737,
            29.8399255
          ],
          [
            -1.7984791,
            29.8396089
          ],
          [
            -1.7981567,
            29.8394918
          ],
          [
            -1.7978031,
            29.8393864
          ],
          [
            -1.796824,
            29.83915
          ],
          [
            -1.7965486,
            29.8390749
          ],
          [
            -1.7962464,
            29.8389843
          ],
          [
            -1.7956557,
            29.8388547
          ],
          [
            -1.7954726,
            29.8388032
          ],
          [
            -1.795325,
            29.8387527
          ],
          [
            -1.7951731,
            29.8386892
          ],
          [
            -1.7944165,
            29.8383343
          ],
          [
            -1.792259,
            29.8372587
          ],
          [
            -1.7919926,
            29.837148
          ],
          [
            -1.7917141,
            29.8370478
          ],
          [
            -1.791409,
            29.8369635
          ],
          [
            -1.7910774,
            29.8368916
          ],
          [
            -1.7905854,
            29.8367979
          ],
          [
            -1.7902316,
            29.8367431
          ],
          [
            -1.7898732,
            29.8367074
          ],
          [
            -1.789525,
            29.8367017
          ],
          [
            -1.7891964,
            29.8367194
          ],
          [
            -1.7888089,
            29.8367742
          ],
          [
            -1.7882525,
            29.8368799
          ],
          [
            -1.7875417,
            29.8370366
          ],
          [
            -1.786991,
            29.8371291
          ],
          [
            -1.786416,
            29.8372321
          ],
          [
            -1.7859402,
            29.8373201
          ],
          [
            -1.785436,
            29.8374399
          ],
          [
            -1.7847831,
            29.8376295
          ],
          [
            -1.7845884,
            29.8376687
          ],
          [
            -1.7844201,
            29.8376886
          ],
          [
            -1.7842415,
            29.8376995
          ],
          [
            -1.7840262,
            29.8376923
          ],
          [
            -1.7837797,
            29.837664
          ],
          [
            -1.7835679,
            29.8376272
          ],
          [
            -1.7830535,
            29.8374874
          ],
          [
            -1.7825262,
            29.8373186
          ],
          [
            -1.7820923,
            29.8371851
          ],
          [
            -1.7818401,
            29.8371146
          ],
          [
            -1.7815414,
            29.8370555
          ],
          [
            -1.7809519,
            29.8369814
          ],
          [
            -1.780829,
            29.8369538
          ],
          [
            -1.780702,
            29.836912
          ],
          [
            -1.7792204,
            29.8364546
          ],
          [
            -1.7790625,
            29.8363978
          ],
          [
            -1.7789008,
            29.8363142
          ],
          [
            -1.7786903,
            29.8361566
          ],
          [
            -1.7782726,
            29.8357869
          ],
          [
            -1.7779473,
            29.8354607
          ],
          [
            -1.7774806,
            29.8349715
          ],
          [
            -1.7770343,
            29.8344858
          ],
          [
            -1.7769141,
            29.8343585
          ],
          [
            -1.7767899,
            29.8342523
          ],
          [
            -1.7766582,
            29.8341629
          ],
          [
            -1.7764847,
            29.8340688
          ],
          [
            -1.7762887,
            29.8339818
          ],
          [
            -1.7760477,
            29.8338924
          ],
          [
            -1.7753259,
            29.8336345
          ],
          [
            -1.775092,
            29.8335478
          ],
          [
            -1.7748598,
            29.8334555
          ],
          [
            -1.7746418,
            29.8333579
          ],
          [
            -1.7744108,
            29.8332387
          ],
          [
            -1.7741916,
            29.8330875
          ],
          [
            -1.7740009,
            29.8329345
          ],
          [
            -1.7738408,
            29.8327712
          ],
          [
            -1.7736807,
            29.8325692
          ],
          [
            -1.7726024,
            29.8311159
          ],
          [
            -1.7720995,
            29.8303662
          ],
          [
            -1.7708786,
            29.8288193
          ],
          [
            -1.7689482,
            29.8262989
          ],
          [
            -1.7679826,
            29.8250142
          ],
          [
            -1.7668652,
            29.8237416
          ],
          [
            -1.7665187,
            29.8232794
          ],
          [
            -1.7661756,
            29.8227486
          ],
          [
            -1.7657078,
            29.8219558
          ],
          [
            -1.7651663,
            29.8210878
          ],
          [
            -1.764356,
            29.8199371
          ],
          [
            -1.7631936,
            29.818402
          ],
          [
            -1.7626775,
            29.8177548
          ],
          [
            -1.7624482,
            29.8174591
          ],
          [
            -1.762078,
            29.816972
          ],
          [
            -1.7618366,
            29.8166465
          ],
          [
            -1.761631,
            29.8163815
          ],
          [
            -1.7614189,
            29.8161461
          ],
          [
            -1.7612387,
            29.8159432
          ],
          [
            -1.7609325,
            29.8156309
          ]
        ]
      },
      "properties": {
        "name": "طريق تامترت",
        "highway": "secondary",
        "maxspeed": "80"
      }
    },
    {
      "type": "Feature",
      "geometry": {
        "type": "LineString",
        "coordinates": [
          [
            -1.8373176,
            29.8589266
          ],
          [
            -1.8376428,
            29.8591898
          ],
          [
            -1.8383665,
            29.8596693
          ],
          [
            -1.8399906,
            29.8607743
          ],
          [
            -1.8408534,
            29.8613512
          ],
          [
            -1.842232,
            29.8622412
          ],
          [
            -1.8425555,
            29.8624172
          ],
          [
            -1.8427194,
            29.8624903
          ],
          [
            -1.8428879,
            29.8625512
          ],
          [
            -1.8430715,
            29.8626009
          ],
          [
            -1.8433159,
            29.8626547
          ],
          [
            -1.8435617,
            29.8627012
          ],
          [
            -1.8438542,
            29.8627478
          ],
          [
            -1.8441512,
            29.8627845
          ],
          [
            -1.8443937,
            29.8627978
          ],
          [
            -1.8446315,
            29.8627868
          ],
          [
            -1.8448667,
            29.8627563
          ],
          [
            -1.84513,
            29.8627117
          ],
          [
            -1.8453753,
            29.8626558
          ],
          [
            -1.8456207,
            29.8625786
          ],
          [
            -1.8458438,
            29.8624881
          ],
          [
            -1.8460336,
            29.8623848
          ],
          [
            -1.8462262,
            29.8622537
          ]
        ]
      },
      "properties": {
        "highway": "secondary",
        "maxspeed": "40"
      }
    },
    {
      "type": "Feature",
      "geometry": {
        "type": "LineString",
        "coordinates": [
          [
            -1.8370308,
            29.8589038
          ],
          [
            -1.8370641,
            29.8589444
          ],
          [
            -1.8371113,
            29.8589729
          ],
          [
            -1.8371668,
            29.8589858
          ],
          [
            -1.837224,
            29.8589818
          ],
          [
            -1.8372764,
            29.8589612
          ],
          [
            -1.8373176,
            29.8589266
          ],
          [
            -1.837343,
            29.8588819
          ],
          [
            -1.8373495,
            29.8588324
          ],
          [
            -1.8373363,
            29.8587839
          ],
          [
            -1.837305,
            29.8587421
          ],
          [
            -1.8372669,
            29.8587155
          ],
          [
            -1.8372215,
            29.8586996
          ],
          [
            -1.8371728,
            29.8586958
          ],
          [
            -1.8371249,
            29.8587043
          ],
          [
            -1.8370818,
            29.8587244
          ],
          [
            -1.8370423,
            29.8587606
          ],
          [
            -1.8370192,
            29.8588062
          ],
          [
            -1.8370152,
            29.8588559
          ],
          [
            -1.8370308,
            29.8589038
          ]
        ]
      },
      "properties": {
        "highway": "secondary",
        "maxspeed": "30"
      }
    },
    {
      "type": "Feature",
      "geometry": {
        "type": "LineString",
        "coordinates": [
          [
            -1.8504169,
            29.8570652
          ],
          [
            -1.8503688,
            29.8571159
          ],
          [
            -1.8503353,
            29.8571648
          ],
          [
            -1.8503037,
            29.8572132
          ],
          [
            -1.8497345,
            29.8581895
          ],
          [
            -1.8493252,
            29.8586879
          ],
          [
            -1.8487116,
            29.8594353
          ],
          [
            -1.8482888,
            29.8599478
          ],
          [
            -1.8479558,
            29.8603391
          ],
          [
            -1.847262,
            29.8611632
          ],
          [
            -1.8471944,
            29.8612551
          ],
          [
            -1.8469209,
            29.861574
          ],
          [
            -1.846776,
            29.861717
          ],
          [
            -1.8466352,
            29.8618426
          ],
          [
            -1.8465118,
            29.8619485
          ],
          [
            -1.8463688,
            29.8620531
          ],
          [
            -1.8462754,
            29.8621321
          ],
          [
            -1.8462436,
            29.8621939
          ],
          [
            -1.8462262,
            29.8622537
          ]
        ]
      },
      "properties": {
        "highway": "secondary",
        "maxspeed": "40"
      }
    },
    {
      "type": "Feature",
      "geometry": {
        "type": "LineString",
        "coordinates": [
          [
            -2.2452844,
            30.0139387
          ],
          [
            -2.2455719,
            30.0141332
          ],
          [
            -2.2459637,
            30.0144319
          ],
          [
            -2.2632726,
            30.0258756
          ],
          [
            -2.2779632,
            30.0350811
          ],
          [
            -2.2810234,
            30.0370818
          ],
          [
            -2.2836444,
            30.0394245
          ],
          [
            -2.289913,
            30.0457433
          ],
          [
            -2.291115,
            30.0469549
          ],
          [
            -2.2932954,
            30.0492273
          ],
          [
            -2.2941959,
            30.0503432
          ],
          [
            -2.2951633,
            30.0518342
          ],
          [
            -2.2973199,
            30.0559776
          ]
        ]
      },
      "properties": {
        "name": "طريق الساورة",
        "highway": "primary",
        "maxspeed": "80",
        "ref": "RN 6"
      }
    },
    {
      "type": "Feature",
      "geometry": {
        "type": "LineString",
        "coordinates": [
          [
            -2.1725336,
            30.1294023
          ],
          [
            -2.1729341,
            30.1300241
          ],
          [
            -2.1729858,
            30.1300832
          ],
          [
            -2.1730409,
            30.1301353
          ],
          [
            -2.1730998,
            30.1301766
          ],
          [
            -2.1731754,
            30.1302225
          ],
          [
            -2.1739869,
            30.1306481
          ],
          [
            -2.1741641,
            30.1307339
          ],
          [
            -2.1743144,
            30.1308177
          ],
          [
            -2.1743672,
            30.1308514
          ],
          [
            -2.1744096,
            30.1308925
          ]
        ]
      },
      "properties": {
        "highway": "secondary",
        "maxspeed": "40"
      }
    },
    {
      "type": "Feature",
      "geometry": {
        "type": "LineString",
        "coordinates": [
          [
            -2.172569,
            30.128852
          ],
          [
            -2.1725573,
            30.1287827
          ],
          [
            -2.1725563,
            30.1287142
          ],
          [
            -2.1725598,
            30.1286335
          ],
          [
            -2.1725821,
            30.1284547
          ]
        ]
      },
      "properties": {
        "name": "Route de Béni Abbès; طريق بني عباس",
        "highway": "secondary",
        "maxspeed": "30"
      }
    },
    {
      "type": "Feature",
      "geometry": {
        "type": "LineString",
        "coordinates": [
          [
            -2.1725821,
            30.1284547
          ],
          [
            -2.1722734,
            30.1288208
          ]
        ]
      },
      "properties": {
        "name": "Route de Béni Abbès; طريق بني عباس",
        "highway": "secondary",
        "maxspeed": "30"
      }
    },
    {
      "type": "Feature",
      "geometry": {
        "type": "LineString",
        "coordinates": [
          [
            -2.1722998,
            30.1290313
          ],
          [
            -2.1725336,
            30.1294023
          ]
        ]
      },
      "properties": {
        "highway": "secondary",
        "maxspeed": "30"
      }
    },
    {
      "type": "Feature",
      "geometry": {
        "type": "LineString",
        "coordinates": [
          [
            -2.1725336,
            30.1294023
          ],
          [
            -2.1725316,
            30.1292188
          ],
          [
            -2.1725405,
            30.1291133
          ],
          [
            -2.1725546,
            30.1289992
          ]
        ]
      },
      "properties": {
        "highway": "secondary",
        "maxspeed": "30"
      }
    },
    {
      "type": "Feature",
      "geometry": {
        "type": "LineString",
        "coordinates": [
          [
            -2.1289141,
            29.9489156
          ],
          [
            -2.1362191,
            29.952922
          ],
          [
            -2.1402346,
            29.955737
          ],
          [
            -2.146373,
            29.9599937
          ],
          [
            -2.1547637,
            29.9665556
          ],
          [
            -2.164123,
            29.9738198
          ],
          [
            -2.1687433,
            29.9772091
          ],
          [
            -2.1703827,
            29.9781264
          ],
          [
            -2.172964,
            29.9793236
          ],
          [
            -2.1826731,
            29.9834175
          ],
          [
            -2.194467,
            29.9880138
          ],
          [
            -2.2092556,
            29.9936408
          ],
          [
            -2.2104145,
            29.9941275
          ],
          [
            -2.223579,
            30.0009535
          ],
          [
            -2.2287779,
            30.0036693
          ],
          [
            -2.2291153,
            30.0038432
          ],
          [
            -2.2310676,
            30.0050347
          ],
          [
            -2.2402792,
            30.0107494
          ],
          [
            -2.2426439,
            30.0122721
          ],
          [
            -2.2429872,
            30.0124699
          ]
        ]
      },
      "properties": {
        "name": "طريق الساورة",
        "highway": "primary",
        "maxspeed": "80",
        "ref": "RN 6"
      }
    },
    {
      "type": "Feature",
      "geometry": {
        "type": "LineString",
        "coordinates": [
          [
            -2.0821192,
            29.9206836
          ],
          [
            -2.0863801,
            29.9221516
          ],
          [
            -2.087226,
            29.922505
          ],
          [
            -2.0890486,
            29.9234776
          ],
          [
            -2.0897482,
            29.9238305
          ],
          [
            -2.0913457,
            29.9244434
          ],
          [
            -2.0923199,
            29.9249135
          ],
          [
            -2.0933864,
            29.9255689
          ],
          [
            -2.0944655,
            29.9265216
          ],
          [
            -2.0951555,
            29.9272685
          ],
          [
            -2.0960443,
            29.9284743
          ],
          [
            -2.0975243,
            29.9307674
          ],
          [
            -2.0981652,
            29.9314721
          ],
          [
            -2.0990941,
            29.9321759
          ],
          [
            -2.0999239,
            29.9326704
          ],
          [
            -2.1010913,
            29.9332078
          ],
          [
            -2.1022578,
            29.9335774
          ],
          [
            -2.1058043,
            29.9341332
          ],
          [
            -2.1131128,
            29.9350811
          ],
          [
            -2.1144608,
            29.9353771
          ],
          [
            -2.1153555,
            29.9357948
          ],
          [
            -2.1161707,
            29.9364698
          ],
          [
            -2.1167748,
            29.9374283
          ],
          [
            -2.1170454,
            29.9384321
          ],
          [
            -2.1172502,
            29.9401903
          ],
          [
            -2.1174709,
            29.9409824
          ],
          [
            -2.1178725,
            29.9418105
          ],
          [
            -2.118417,
            29.9425534
          ],
          [
            -2.1189647,
            29.9431719
          ],
          [
            -2.1198355,
            29.9437849
          ],
          [
            -2.1220997,
            29.9450884
          ],
          [
            -2.1289141,
            29.9489156
          ]
        ]
      },
      "properties": {
        "name": "طريق الساورة",
        "highway": "primary",
        "maxspeed": "50",
        "ref": "RN 6"
      }
    },
    {
      "type": "Feature",
      "geometry": {
        "type": "LineString",
        "coordinates": [
          [
            -1.8649239,
            29.8632741
          ],
          [
            -1.8680118,
            29.8647945
          ],
          [
            -1.8736326,
            29.8676498
          ],
          [
            -1.8775803,
            29.8695734
          ],
          [
            -1.8835798,
            29.8723772
          ],
          [
            -1.8866873,
            29.8736099
          ],
          [
            -1.8890514,
            29.8745484
          ],
          [
            -1.8951384,
            29.8759932
          ],
          [
            -1.9009815,
            29.8777503
          ],
          [
            -1.9114717,
            29.8809939
          ],
          [
            -1.9206566,
            29.8837846
          ],
          [
            -1.9371832,
            29.8887288
          ],
          [
            -1.950908,
            29.8927426
          ],
          [
            -1.9522969,
            29.8931039
          ],
          [
            -1.9543351,
            29.893496
          ],
          [
            -1.9757038,
            29.8976078
          ],
          [
            -1.9795306,
            29.8983781
          ],
          [
            -1.9973646,
            29.901968
          ],
          [
            -2.0006679,
            29.9026021
          ],
          [
            -2.011277,
            29.9043286
          ],
          [
            -2.0129028,
            29.9045737
          ],
          [
            -2.014538,
            29.9049543
          ],
          [
            -2.0352653,
            29.9100866
          ],
          [
            -2.0392778,
            29.9110072
          ],
          [
            -2.0492802,
            29.9131897
          ],
          [
            -2.0610107,
            29.9156761
          ],
          [
            -2.0627653,
            29.9161111
          ],
          [
            -2.0650443,
            29.9167542
          ],
          [
            -2.0698423,
            29.9181145
          ],
          [
            -2.071415,
            29.9185492
          ],
          [
            -2.0734021,
            29.9189226
          ],
          [
            -2.0800371,
            29.9201277
          ],
          [
            -2.0811576,
            29.9203879
          ],
          [
            -2.0821192,
            29.9206836
          ]
        ]
      },
      "properties": {
        "name": "طريق الساورة",
        "highway": "primary",
        "maxspeed": "100",
        "ref": "RN 6"
      }
    },
    {
      "type": "Feature",
      "geometry": {
        "type": "LineString",
        "coordinates": [
          [
            -1.8382195,
            29.849844
          ],
          [
            -1.8436918,
            29.8530253
          ],
          [
            -1.844234,
            29.8533405
          ],
          [
            -1.8484198,
            29.8557595
          ],
          [
            -1.8488354,
            29.8559614
          ],
          [
            -1.8494848,
            29.8562769
          ],
          [
            -1.8499995,
            29.8565269
          ],
          [
            -1.8504059,
            29.8566945
          ],
          [
            -1.8515912,
            29.8572462
          ],
          [
            -1.8534312,
            29.8580634
          ],
          [
            -1.8544493,
            29.8585262
          ],
          [
            -1.8578057,
            29.8600559
          ],
          [
            -1.8649239,
            29.8632741
          ]
        ]
      },
      "properties": {
        "name": "طريق الساورة",
        "highway": "primary",
        "maxspeed": "60",
        "ref": "RN 6"
      }
    },
    {
      "type": "Feature",
      "geometry": {
        "type": "LineString",
        "coordinates": [
          [
            -1.7507179,
            29.8115055
          ],
          [
            -1.7507096,
            29.8114488
          ],
          [
            -1.7507235,
            29.811365
          ],
          [
            -1.7507475,
            29.8112954
          ],
          [
            -1.7508,
            29.8112047
          ],
          [
            -1.7509701,
            29.8109389
          ],
          [
            -1.7510107,
            29.810891
          ],
          [
            -1.7510541,
            29.8108674
          ],
          [
            -1.7511039,
            29.8108606
          ],
          [
            -1.7511888,
            29.8108768
          ],
          [
            -1.7519477,
            29.8111643
          ],
          [
            -1.7520519,
            29.8111781
          ],
          [
            -1.7521155,
            29.8111742
          ],
          [
            -1.7521872,
            29.8111262
          ],
          [
            -1.7522264,
            29.8110782
          ],
          [
            -1.7524471,
            29.8107026
          ],
          [
            -1.7524963,
            29.810633
          ],
          [
            -1.7525544,
            29.8105595
          ],
          [
            -1.7526395,
            29.8104784
          ],
          [
            -1.7527382,
            29.810409
          ],
          [
            -1.7529124,
            29.8102904
          ],
          [
            -1.7530583,
            29.8101708
          ],
          [
            -1.7532276,
            29.8100092
          ],
          [
            -1.7534462,
            29.8098039
          ],
          [
            -1.7540281,
            29.8093219
          ],
          [
            -1.7544517,
            29.8089442
          ],
          [
            -1.7545287,
            29.8088579
          ],
          [
            -1.7546882,
            29.8086012
          ]
        ]
      },
      "properties": {
        "name": "طريق البيضاء",
        "highway": "secondary",
        "maxspeed": "40"
      }
    },
    {
      "type": "Feature",
      "geometry": {
        "type": "LineString",
        "coordinates": [
          [
            -1.7609325,
            29.8156309
          ],
          [
            -1.7605783,
            29.8152911
          ],
          [
            -1.7602282,
            29.8149794
          ],
          [
            -1.7600387,
            29.8148213
          ],
          [
            -1.7598695,
            29.8146913
          ],
          [
            -1.7597736,
            29.8146198
          ],
          [
            -1.7596606,
            29.8145514
          ],
          [
            -1.7595232,
            29.8144795
          ],
          [
            -1.7594154,
            29.8144309
          ],
          [
            -1.7589113,
            29.8141847
          ],
          [
            -1.7583055,
            29.8138793
          ],
          [
            -1.7574555,
            29.8134203
          ],
          [
            -1.757301,
            29.8133532
          ],
          [
            -1.7571343,
            29.8133002
          ],
          [
            -1.7569595,
            29.8132578
          ],
          [
            -1.7567643,
            29.8132295
          ],
          [
            -1.7563621,
            29.813179
          ],
          [
            -1.7558577,
            29.8131157
          ],
          [
            -1.7556545,
            29.813087
          ],
          [
            -1.7554349,
            29.8130407
          ],
          [
            -1.7553447,
            29.8130192
          ],
          [
            -1.754793,
            29.8128877
          ],
          [
            -1.7543346,
            29.8127735
          ],
          [
            -1.7541211,
            29.8127203
          ],
          [
            -1.7527984,
            29.8123479
          ],
          [
            -1.7517134,
            29.8120055
          ],
          [
            -1.7512848,
            29.8118419
          ],
          [
            -1.7510255,
            29.8117235
          ],
          [
            -1.7508554,
            29.8116321
          ],
          [
            -1.7507592,
            29.8115608
          ],
          [
            -1.7507179,
            29.8115055
          ]
        ]
      },
      "properties": {
        "name": "طريق تامترت",
        "highway": "secondary",
        "maxspeed": "40"
      }
    },
    {
      "type": "Feature",
      "geometry": {
        "type": "LineString",
        "coordinates": [
          [
            -1.7487901,
            29.7964221
          ],
          [
            -1.7481643,
            29.7966798
          ],
          [
            -1.7476484,
            29.7967989
          ]
        ]
      },
      "properties": {
        "highway": "tertiary"
      }
    },
    {
      "type": "Feature",
      "geometry": {
        "type": "LineString",
        "coordinates": [
          [
            -1.7672804,
            29.7424106
          ],
          [
            -1.7700651,
            29.749875
          ],
          [
            -1.7706304,
            29.7513294
          ],
          [
            -1.7718511,
            29.7537197
          ],
          [
            -1.7759127,
            29.7614266
          ],
          [
            -1.7836886,
            29.7760766
          ],
          [
            -1.791217,
            29.7898961
          ],
          [
            -1.7924364,
            29.7920126
          ],
          [
            -1.7932847,
            29.7931475
          ],
          [
            -1.8016083,
            29.8032844
          ],
          [
            -1.8069984,
            29.8098629
          ],
          [
            -1.8127227,
            29.8172063
          ],
          [
            -1.8236104,
            29.8315121
          ],
          [
            -1.8343552,
            29.8458912
          ],
          [
            -1.8360598,
            29.8481493
          ],
          [
            -1.8370468,
            29.8490426
          ],
          [
            -1.8382195,
            29.849844
          ]
        ]
      },
      "properties": {
        "name": "طريق الساورة",
        "highway": "primary",
        "maxspeed": "100",
        "ref": "RN 6"
      }
    },
    {
      "type": "Feature",
      "geometry": {
        "type": "LineString",
        "coordinates": [
          [
            -1.7590003,
            29.7301714
          ],
          [
            -1.7637638,
            29.7362675
          ],
          [
            -1.7656735,
            29.7386524
          ],
          [
            -1.7661242,
            29.7393232
          ],
          [
            -1.7664246,
            29.7399939
          ],
          [
            -1.7672804,
            29.7424106
          ]
        ]
      },
      "properties": {
        "name": "طريق الساورة",
        "highway": "primary",
        "maxspeed": "80",
        "ref": "RN 6"
      }
    },
    {
      "type": "Feature",
      "geometry": {
        "type": "LineString",
        "coordinates": [
          [
            -1.739285,
            29.7218256
          ],
          [
            -1.7428007,
            29.7251512
          ]
        ]
      },
      "properties": {
        "highway": "primary",
        "maxspeed": "50",
        "ref": "RN 6"
      }
    },
    {
      "type": "Feature",
      "geometry": {
        "type": "LineString",
        "coordinates": [
          [
            -1.7428007,
            29.7251512
          ],
          [
            -1.7430148,
            29.7253838
          ],
          [
            -1.7431816,
            29.725589
          ],
          [
            -1.7433205,
            29.7257868
          ],
          [
            -1.7434525,
            29.7259989
          ],
          [
            -1.7436907,
            29.7264413
          ],
          [
            -1.7439419,
            29.7269831
          ],
          [
            -1.7447507,
            29.7287882
          ],
          [
            -1.7450028,
            29.7293286
          ],
          [
            -1.7451578,
            29.7295414
          ],
          [
            -1.7453336,
            29.7297222
          ],
          [
            -1.7454743,
            29.7298396
          ],
          [
            -1.7456414,
            29.7299569
          ],
          [
            -1.7459264,
            29.7300994
          ],
          [
            -1.7462683,
            29.7302216
          ],
          [
            -1.7466263,
            29.7302735
          ],
          [
            -1.7470542,
            29.7302681
          ],
          [
            -1.7474354,
            29.7302072
          ],
          [
            -1.7561993,
            29.7283344
          ],
          [
            -1.7566519,
            29.7283288
          ],
          [
            -1.7573037,
            29.7284935
          ],
          [
            -1.7579336,
            29.7289082
          ],
          [
            -1.7590003,
            29.7301714
          ]
        ]
      },
      "properties": {
        "name": "طريق الساورة",
        "highway": "primary",
        "maxspeed": "50",
        "ref": "RN 6"
      }
    },
    {
      "type": "Feature",
      "geometry": {
        "type": "LineString",
        "coordinates": [
          [
            -1.5992741,
            29.5828391
          ],
          [
            -1.5994446,
            29.582964
          ],
          [
            -1.6026076,
            29.5852388
          ],
          [
            -1.6063779,
            29.5879494
          ],
          [
            -1.6071878,
            29.5885697
          ],
          [
            -1.6081103,
            29.5894231
          ],
          [
            -1.6101225,
            29.5918868
          ],
          [
            -1.6120867,
            29.5943082
          ],
          [
            -1.6158639,
            29.598972
          ],
          [
            -1.6180979,
            29.6016965
          ],
          [
            -1.621283,
            29.6056421
          ],
          [
            -1.6250245,
            29.6102775
          ],
          [
            -1.6263602,
            29.611764
          ],
          [
            -1.6301429,
            29.6159508
          ],
          [
            -1.6357587,
            29.62215
          ],
          [
            -1.6370575,
            29.6235087
          ],
          [
            -1.6470599,
            29.6336102
          ],
          [
            -1.6523979,
            29.6390806
          ],
          [
            -1.6602501,
            29.6472084
          ],
          [
            -1.6641343,
            29.6512682
          ],
          [
            -1.6673574,
            29.6550704
          ],
          [
            -1.6728664,
            29.6616681
          ],
          [
            -1.677699,
            29.6674152
          ],
          [
            -1.6782724,
            29.668028
          ],
          [
            -1.6795114,
            29.6690519
          ],
          [
            -1.688523,
            29.6757546
          ],
          [
            -1.6893006,
            29.6763688
          ],
          [
            -1.6899979,
            29.6769731
          ],
          [
            -1.6921635,
            29.6791632
          ],
          [
            -1.697733,
            29.684659
          ],
          [
            -1.7040143,
            29.6908733
          ],
          [
            -1.7269641,
            29.713147
          ],
          [
            -1.7280266,
            29.7140493
          ],
          [
            -1.7300886,
            29.7154556
          ],
          [
            -1.732259,
            29.7168629
          ],
          [
            -1.7370636,
            29.720078
          ],
          [
            -1.7381189,
            29.7207925
          ],
          [
            -1.7383584,
            29.7209791
          ],
          [
            -1.7385504,
            29.72114
          ],
          [
            -1.7387581,
            29.7213238
          ],
          [
            -1.7389485,
            29.7215078
          ],
          [
            -1.739285,
            29.7218256
          ]
        ]
      },
      "properties": {
        "name": "طريق الساورة",
        "highway": "primary",
        "maxspeed": "100",
        "ref": "RN 6"
      }
    },
    {
      "type": "Feature",
      "geometry": {
        "type": "LineString",
        "coordinates": [
          [
            -1.5556269,
            29.5555342
          ],
          [
            -1.5618,
            29.557745
          ],
          [
            -1.5628094,
            29.5581877
          ],
          [
            -1.5641287,
            29.5588706
          ],
          [
            -1.5717591,
            29.56306
          ],
          [
            -1.5729263,
            29.5637839
          ],
          [
            -1.5749727,
            29.565257
          ],
          [
            -1.5822204,
            29.5706438
          ],
          [
            -1.5962876,
            29.5807504
          ],
          [
            -1.5990691,
            29.582699
          ],
          [
            -1.5992741,
            29.5828391
          ]
        ]
      },
      "properties": {
        "name": "طريق الساورة",
        "highway": "primary",
        "maxspeed": "80",
        "ref": "RN 6"
      }
    },
    {
      "type": "Feature",
      "geometry": {
        "type": "LineString",
        "coordinates": [
          [
            -2.3532578,
            30.3520552
          ],
          [
            -2.3536819,
            30.3515672
          ],
          [
            -2.3542651,
            30.3509191
          ],
          [
            -2.3560323,
            30.3489594
          ],
          [
            -2.3580116,
            30.3467481
          ],
          [
            -2.3584534,
            30.34626
          ],
          [
            -2.3589394,
            30.3456729
          ],
          [
            -2.3629245,
            30.3408458
          ],
          [
            -2.3673338,
            30.3355456
          ],
          [
            -2.3752775,
            30.3260046
          ],
          [
            -2.3760021,
            30.3252037
          ],
          [
            -2.3853331,
            30.3150667
          ],
          [
            -2.3887262,
            30.3113518
          ],
          [
            -2.3915537,
            30.3082624
          ],
          [
            -2.3922695,
            30.307469
          ],
          [
            -2.3927289,
            30.3070723
          ],
          [
            -2.3932768,
            30.3066222
          ],
          [
            -2.3943636,
            30.3057221
          ],
          [
            -2.3949822,
            30.305188
          ],
          [
            -2.3955477,
            30.3046159
          ],
          [
            -2.3961397,
            30.303914
          ],
          [
            -2.3965285,
            30.3033343
          ],
          [
            -2.3968038,
            30.302735
          ],
          [
            -2.3971094,
            30.3020909
          ],
          [
            -2.3973466,
            30.3014106
          ],
          [
            -2.3976763,
            30.3003046
          ],
          [
            -2.401783,
            30.2865099
          ],
          [
            -2.4051438,
            30.2752866
          ],
          [
            -2.4060716,
            30.2721883
          ],
          [
            -2.4068403,
            30.2696166
          ],
          [
            -2.4070612,
            30.2687695
          ],
          [
            -2.4071657,
            30.2681455
          ],
          [
            -2.4095512,
            30.248371
          ],
          [
            -2.4100411,
            30.2442064
          ],
          [
            -2.4103645,
            30.2415294
          ]
        ]
      },
      "properties": {
        "highway": "primary",
        "maxspeed": "100",
        "ref": "RN 6B"
      }
    },
    {
      "type": "Feature",
      "geometry": {
        "type": "LineString",
        "coordinates": [
          [
            -2.2918949,
            30.3291717
          ],
          [
            -2.2903187,
            30.3290837
          ]
        ]
      },
      "properties": {
        "name": "طريق مازر",
        "highway": "secondary"
      }
    },
    {
      "type": "Feature",
      "geometry": {
        "type": "LineString",
        "coordinates": [
          [
            -2.2903187,
            30.3290837
          ],
          [
            -2.2896965,
            30.3290674
          ],
          [
            -2.286813,
            30.3288274
          ]
        ]
      },
      "properties": {
        "name": "طريق مازر",
        "highway": "secondary"
      }
    },
    {
      "type": "Feature",
      "geometry": {
        "type": "LineString",
        "coordinates": [
          [
            -2.286813,
            30.3288274
          ],
          [
            -2.2864238,
            30.3287877
          ],
          [
            -2.2862821,
            30.3288089
          ],
          [
            -2.2861958,
            30.3288781
          ],
          [
            -2.2861711,
            30.3289525
          ],
          [
            -2.2862144,
            30.3290226
          ],
          [
            -2.2863129,
            30.3290376
          ],
          [
            -2.2864854,
            30.3290004
          ],
          [
            -2.2866148,
            30.3289313
          ],
          [
            -2.286813,
            30.3288274
          ]
        ]
      },
      "properties": {
        "highway": "secondary",
        "maxspeed": "30"
      }
    },
    {
      "type": "Feature",
      "geometry": {
        "type": "LineString",
        "coordinates": [
          [
            -2.2821253,
            30.3332339
          ],
          [
            -2.2841746,
            30.3330692
          ],
          [
            -2.2848603,
            30.3329862
          ],
          [
            -2.2849736,
            30.3329738
          ],
          [
            -2.2864032,
            30.3326759
          ],
          [
            -2.2868099,
            30.3325802
          ],
          [
            -2.2869044,
            30.332516
          ],
          [
            -2.2869969,
            30.332415
          ],
          [
            -2.2870338,
            30.3323139
          ],
          [
            -2.286937,
            30.3314765
          ],
          [
            -2.2868346,
            30.3305591
          ],
          [
            -2.2867677,
            30.3300637
          ],
          [
            -2.2866148,
            30.3289313
          ]
        ]
      },
      "properties": {
        "name": "طريق إقلي - مازر",
        "highway": "tertiary",
        "maxspeed": "40"
      }
    },
    {
      "type": "Feature",
      "geometry": {
        "type": "LineString",
        "coordinates": [
          [
            -2.2770245,
            30.3721636
          ],
          [
            -2.2773203,
            30.3704836
          ],
          [
            -2.2774682,
            30.3696435
          ],
          [
            -2.2774189,
            30.3692608
          ],
          [
            -2.2773203,
            30.3688567
          ],
          [
            -2.2771108,
            30.3680379
          ],
          [
            -2.2770245,
            30.3662303
          ],
          [
            -2.2769012,
            30.3640504
          ],
          [
            -2.2767092,
            30.3631131
          ],
          [
            -2.2762357,
            30.3618704
          ],
          [
            -2.2757181,
            30.3609878
          ],
          [
            -2.2748678,
            30.3598287
          ],
          [
            -2.2743008,
            30.358744
          ],
          [
            -2.2741653,
            30.3584144
          ],
          [
            -2.2740544,
            30.3579358
          ],
          [
            -2.2737216,
            30.357553
          ],
          [
            -2.2727973,
            30.356128
          ],
          [
            -2.2721071,
            30.3550007
          ],
          [
            -2.2715525,
            30.3539797
          ],
          [
            -2.2707761,
            30.3529163
          ],
          [
            -2.2703817,
            30.3520442
          ],
          [
            -2.2698888,
            30.350417
          ],
          [
            -2.2693465,
            30.3490132
          ],
          [
            -2.2692726,
            30.3485133
          ],
          [
            -2.2696916,
            30.3471094
          ],
          [
            -2.2701106,
            30.3463649
          ],
          [
            -2.2703941,
            30.3460884
          ],
          [
            -2.2716142,
            30.3449078
          ],
          [
            -2.2725138,
            30.3442803
          ],
          [
            -2.2732656,
            30.3434826
          ],
          [
            -2.2736279,
            30.3431444
          ],
          [
            -2.2738695,
            30.3429189
          ],
          [
            -2.274042,
            30.3423871
          ],
          [
            -2.2742392,
            30.3419085
          ],
          [
            -2.2749294,
            30.3402812
          ],
          [
            -2.2756577,
            30.3382079
          ],
          [
            -2.2765808,
            30.3361436
          ],
          [
            -2.2777146,
            30.3339205
          ],
          [
            -2.2778995,
            30.3337077
          ],
          [
            -2.278146,
            30.3335163
          ],
          [
            -2.2786513,
            30.3334099
          ],
          [
            -2.2791936,
            30.3333673
          ],
          [
            -2.2803796,
            30.3333514
          ],
          [
            -2.2815228,
            30.3332823
          ],
          [
            -2.2816459,
            30.3332724
          ],
          [
            -2.2821253,
            30.3332339
          ]
        ]
      },
      "properties": {
        "name": "طريق إقلي - مازر",
        "highway": "tertiary",
        "maxspeed": "60"
      }
    },
    {
      "type": "Feature",
      "geometry": {
        "type": "LineString",
        "coordinates": [
          [
            -2.2847252,
            30.4105377
          ],
          [
            -2.2869303,
            30.4108862
          ],
          [
            -2.2874712,
            30.4109727
          ],
          [
            -2.289068,
            30.4112281
          ],
          [
            -2.2900448,
            30.4113868
          ]
        ]
      },
      "properties": {
        "highway": "tertiary"
      }
    },
    {
      "type": "Feature",
      "geometry": {
        "type": "LineString",
        "coordinates": [
          [
            -2.2900448,
            30.4113868
          ],
          [
            -2.2905119,
            30.4114723
          ],
          [
            -2.2908942,
            30.4115699
          ],
          [
            -2.2913484,
            30.4117828
          ],
          [
            -2.2920546,
            30.4122991
          ],
          [
            -2.2946295,
            30.4142513
          ],
          [
            -2.2952867,
            30.4146295
          ],
          [
            -2.2959678,
            30.4149157
          ],
          [
            -2.3050025,
            30.4168071
          ],
          [
            -2.3058621,
            30.4169529
          ],
          [
            -2.3063659,
            30.4169658
          ],
          [
            -2.30701,
            30.4169252
          ],
          [
            -2.308334,
            30.4166251
          ],
          [
            -2.3087895,
            30.4165268
          ],
          [
            -2.3093135,
            30.4165071
          ],
          [
            -2.3106497,
            30.4166746
          ],
          [
            -2.3115901,
            30.416736
          ],
          [
            -2.3137329,
            30.4167046
          ]
        ]
      },
      "properties": {
        "highway": "tertiary",
        "maxspeed": "40"
      }
    },
    {
      "type": "Feature",
      "geometry": {
        "type": "LineString",
        "coordinates": [
          [
            -2.3070792,
            30.4331538
          ],
          [
            -2.3079003,
            30.4328242
          ],
          [
            -2.3086789,
            30.4324702
          ],
          [
            -2.3104769,
            30.4314327
          ],
          [
            -2.3110148,
            30.4310421
          ],
          [
            -2.3114395,
            30.4306392
          ],
          [
            -2.3117793,
            30.4302364
          ],
          [
            -2.3120477,
            30.4297569
          ],
          [
            -2.3122465,
            30.4293942
          ],
          [
            -2.312388,
            30.4289547
          ],
          [
            -2.3124787,
            30.4285825
          ],
          [
            -2.3124755,
            30.4281795
          ],
          [
            -2.3123752,
            30.4268389
          ],
          [
            -2.3123204,
            30.4259709
          ],
          [
            -2.3123313,
            30.4255674
          ],
          [
            -2.3123438,
            30.4252005
          ],
          [
            -2.3123831,
            30.4247961
          ],
          [
            -2.3139559,
            30.416977
          ]
        ]
      },
      "properties": {
        "highway": "primary",
        "maxspeed": "70",
        "ref": "RN 6B"
      }
    },
    {
      "type": "Feature",
      "geometry": {
        "type": "LineString",
        "coordinates": [
          [
            -2.2903366,
            30.4497692
          ],
          [
            -2.2901578,
            30.4495787
          ],
          [
            -2.2900278,
            30.4495113
          ]
        ]
      },
      "properties": {
        "highway": "primary",
        "maxspeed": "30",
        "ref": "RN 6B"
      }
    },
    {
      "type": "Feature",
      "geometry": {
        "type": "LineString",
        "coordinates": [
          [
            -2.2875246,
            30.4609604
          ],
          [
            -2.2875005,
            30.4613442
          ],
          [
            -2.2873449,
            30.4636099
          ],
          [
            -2.2874415,
            30.4645347
          ],
          [
            -2.2873664,
            30.465404
          ],
          [
            -2.2874737,
            30.4663102
          ],
          [
            -2.2876454,
            30.467198
          ],
          [
            -2.2878385,
            30.4676234
          ],
          [
            -2.2885466,
            30.4685111
          ],
          [
            -2.2890186,
            30.4689642
          ],
          [
            -2.289598,
            30.4698519
          ],
          [
            -2.2903061,
            30.4707027
          ],
          [
            -2.2916365,
            30.4725798
          ],
          [
            -2.2925162,
            30.4743182
          ],
          [
            -2.2933901,
            30.4751694
          ],
          [
            -2.294187,
            30.4758842
          ],
          [
            -2.2947561,
            30.4762346
          ],
          [
            -2.2950163,
            30.476627
          ],
          [
            -2.2953741,
            30.4768092
          ],
          [
            -2.2956668,
            30.477594
          ],
          [
            -2.2963823,
            30.4779444
          ],
          [
            -2.2965937,
            30.4782948
          ],
          [
            -2.2966588,
            30.4788413
          ],
          [
            -2.2971954,
            30.4797103
          ],
          [
            -2.2970165,
            30.4822329
          ],
          [
            -2.2970653,
            30.4827416
          ],
          [
            -2.298386,
            30.4881045
          ]
        ]
      },
      "properties": {
        "highway": "secondary"
      }
    },
    {
      "type": "Feature",
      "geometry": {
        "type": "LineString",
        "coordinates": [
          [
            -2.2994298,
            30.4681731
          ],
          [
            -2.2997347,
            30.4673203
          ],
          [
            -2.2999293,
            30.4667922
          ],
          [
            -2.3000516,
            30.4663868
          ],
          [
            -2.3001016,
            30.4661042
          ],
          [
            -2.3001968,
            30.4643482
          ],
          [
            -2.3001807,
            30.463974
          ],
          [
            -2.3000583,
            30.4629341
          ],
          [
            -2.2999149,
            30.4617485
          ],
          [
            -2.2998689,
            30.4614021
          ],
          [
            -2.2997931,
            30.4610833
          ],
          [
            -2.2996731,
            30.4608195
          ],
          [
            -2.2979237,
            30.4574682
          ],
          [
            -2.2975455,
            30.456719
          ],
          [
            -2.2974265,
            30.4564454
          ],
          [
            -2.2972123,
            30.4557033
          ],
          [
            -2.2967409,
            30.4539709
          ],
          [
            -2.2966607,
            30.4536655
          ]
        ]
      },
      "properties": {
        "highway": "primary",
        "maxspeed": "80",
        "ref": "RN 6B"
      }
    },
    {
      "type": "Feature",
      "geometry": {
        "type": "LineString",
        "coordinates": [
          [
            -2.1028865,
            30.8804891
          ],
          [
            -2.106322,
            30.8684621
          ],
          [
            -2.1064146,
            30.8681152
          ],
          [
            -2.1064819,
            30.8678036
          ],
          [
            -2.1064978,
            30.8675394
          ],
          [
            -2.1065118,
            30.8659336
          ],
          [
            -2.106545,
            30.8578803
          ],
          [
            -2.1059607,
            30.8498744
          ],
          [
            -2.1059062,
            30.8491995
          ],
          [
            -2.1058702,
            30.8486502
          ],
          [
            -2.1058776,
            30.8481798
          ],
          [
            -2.1059512,
            30.847696
          ],
          [
            -2.1060778,
            30.8472639
          ],
          [
            -2.1066576,
            30.845836
          ],
          [
            -2.1092856,
            30.8391265
          ],
          [
            -2.1094153,
            30.8387098
          ],
          [
            -2.1103674,
            30.8347698
          ],
          [
            -2.1107687,
            30.8330473
          ],
          [
            -2.110897,
            30.8325962
          ],
          [
            -2.111001,
            30.8322032
          ],
          [
            -2.1111798,
            30.8316817
          ],
          [
            -2.1114287,
            30.8309174
          ],
          [
            -2.1118335,
            30.829724
          ],
          [
            -2.1127487,
            30.8269215
          ],
          [
            -2.113612,
            30.8242938
          ],
          [
            -2.1138394,
            30.8236562
          ],
          [
            -2.1140467,
            30.8231797
          ],
          [
            -2.1143538,
            30.8225642
          ],
          [
            -2.1300718,
            30.7914073
          ],
          [
            -2.1338217,
            30.7837025
          ],
          [
            -2.134349,
            30.7826333
          ],
          [
            -2.1348514,
            30.7817013
          ],
          [
            -2.135631,
            30.7804723
          ],
          [
            -2.1373429,
            30.7776926
          ],
          [
            -2.1378334,
            30.7770592
          ],
          [
            -2.1419612,
            30.7720172
          ],
          [
            -2.148833,
            30.7636164
          ],
          [
            -2.1507896,
            30.7612555
          ],
          [
            -2.1511845,
            30.7607616
          ],
          [
            -2.151572,
            30.760157
          ],
          [
            -2.1519537,
            30.7595294
          ],
          [
            -2.1522672,
            30.7586976
          ],
          [
            -2.1526337,
            30.7577508
          ],
          [
            -2.1536372,
            30.7548182
          ],
          [
            -2.1537657,
            30.7543841
          ],
          [
            -2.1542118,
            30.7522456
          ],
          [
            -2.1554407,
            30.7463614
          ],
          [
            -2.1559114,
            30.7440608
          ],
          [
            -2.1569919,
            30.7376691
          ],
          [
            -2.1582259,
            30.7304512
          ],
          [
            -2.1595649,
            30.7224342
          ],
          [
            -2.1599801,
            30.7172071
          ],
          [
            -2.1600064,
            30.7165086
          ],
          [
            -2.1600023,
            30.7159696
          ],
          [
            -2.1599398,
            30.7153531
          ],
          [
            -2.1593913,
            30.7123731
          ],
          [
            -2.1580388,
            30.7048384
          ],
          [
            -2.1577169,
            30.7032169
          ],
          [
            -2.1576952,
            30.7026943
          ],
          [
            -2.15773,
            30.7022017
          ],
          [
            -2.1578891,
            30.7015942
          ],
          [
            -2.1581614,
            30.7010467
          ],
          [
            -2.1584751,
            30.7006089
          ],
          [
            -2.1610684,
            30.6977858
          ],
          [
            -2.1635367,
            30.6951149
          ],
          [
            -2.1645409,
            30.6939898
          ],
          [
            -2.1648388,
            30.6936159
          ],
          [
            -2.1650617,
            30.6932126
          ],
          [
            -2.1651912,
            30.6927805
          ],
          [
            -2.1652733,
            30.6920961
          ],
          [
            -2.1657652,
            30.688418
          ],
          [
            -2.1665472,
            30.6825169
          ],
          [
            -2.1666221,
            30.6821023
          ],
          [
            -2.1667548,
            30.6817494
          ],
          [
            -2.166908,
            30.6814434
          ],
          [
            -2.1670993,
            30.6811679
          ],
          [
            -2.1682702,
            30.6799503
          ],
          [
            -2.172539,
            30.6753531
          ],
          [
            -2.1731254,
            30.6748276
          ],
          [
            -2.1760201,
            30.672185
          ],
          [
            -2.1852954,
            30.6637365
          ],
          [
            -2.1861023,
            30.6629084
          ],
          [
            -2.1870508,
            30.6619099
          ],
          [
            -2.2003919,
            30.6480994
          ],
          [
            -2.2014301,
            30.6470603
          ],
          [
            -2.2018967,
            30.6467603
          ],
          [
            -2.202456,
            30.6464733
          ],
          [
            -2.2034551,
            30.646125
          ],
          [
            -2.2062713,
            30.6454474
          ],
          [
            -2.2080039,
            30.6450128
          ],
          [
            -2.2085849,
            30.6448044
          ],
          [
            -2.2092533,
            30.6444823
          ],
          [
            -2.2098364,
            30.644162
          ],
          [
            -2.2102294,
            30.6438643
          ],
          [
            -2.2104935,
            30.6435706
          ],
          [
            -2.2107365,
            30.6432142
          ],
          [
            -2.2111592,
            30.642313
          ],
          [
            -2.2115328,
            30.6415561
          ],
          [
            -2.2124546,
            30.6398147
          ],
          [
            -2.2127959,
            30.6391698
          ],
          [
            -2.2129435,
            30.6387371
          ],
          [
            -2.2130865,
            30.6381935
          ],
          [
            -2.2135017,
            30.6362529
          ],
          [
            -2.2136412,
            30.6356301
          ],
          [
            -2.2137554,
            30.6352777
          ],
          [
            -2.2139405,
            30.6348596
          ],
          [
            -2.2153196,
            30.6321684
          ],
          [
            -2.2155784,
            30.6317017
          ],
          [
            -2.2157865,
            30.6313939
          ],
          [
            -2.2161182,
            30.6309554
          ],
          [
            -2.2167808,
            30.6300625
          ],
          [
            -2.2177579,
            30.6287634
          ],
          [
            -2.2181434,
            30.6282915
          ],
          [
            -2.2184974,
            30.6279474
          ],
          [
            -2.218925,
            30.6276011
          ],
          [
            -2.2200359,
            30.6268528
          ],
          [
            -2.2213275,
            30.6260195
          ],
          [
            -2.2218682,
            30.625733
          ],
          [
            -2.2223215,
            30.6255602
          ],
          [
            -2.2254739,
            30.6247197
          ],
          [
            -2.2288253,
            30.6238001
          ],
          [
            -2.229929,
            30.6234617
          ],
          [
            -2.2304272,
            30.6232871
          ],
          [
            -2.2309085,
            30.6230191
          ],
          [
            -2.2316022,
            30.6225684
          ],
          [
            -2.2321119,
            30.6221298
          ],
          [
            -2.2324941,
            30.6217034
          ],
          [
            -2.2328339,
            30.6211918
          ],
          [
            -2.2329828,
            30.6206975
          ],
          [
            -2.2330828,
            30.6203549
          ],
          [
            -2.2333358,
            30.6185181
          ],
          [
            -2.2336598,
            30.615757
          ],
          [
            -2.2338419,
            30.6143495
          ],
          [
            -2.2339469,
            30.6138811
          ],
          [
            -2.2340592,
            30.6134982
          ],
          [
            -2.2342789,
            30.6130487
          ],
          [
            -2.2344843,
            30.6126945
          ],
          [
            -2.2366246,
            30.6098925
          ],
          [
            -2.2385138,
            30.6074729
          ],
          [
            -2.2387932,
            30.6071322
          ],
          [
            -2.239218,
            30.6067553
          ],
          [
            -2.2396278,
            30.6064579
          ],
          [
            -2.2401653,
            30.6061406
          ],
          [
            -2.2407748,
            30.6057895
          ],
          [
            -2.2412036,
            30.6055073
          ],
          [
            -2.2415787,
            30.6052584
          ],
          [
            -2.2419675,
            30.6048984
          ],
          [
            -2.2448343,
            30.6019154
          ],
          [
            -2.2495174,
            30.5970878
          ],
          [
            -2.2500474,
            30.5965969
          ],
          [
            -2.2506875,
            30.5961025
          ],
          [
            -2.2516346,
            30.5954877
          ],
          [
            -2.2533868,
            30.5943733
          ],
          [
            -2.2547803,
            30.5934599
          ],
          [
            -2.2560107,
            30.592599
          ],
          [
            -2.2630964,
            30.5876098
          ],
          [
            -2.2659571,
            30.5856877
          ],
          [
            -2.2665579,
            30.5853367
          ],
          [
            -2.2669729,
            30.5851612
          ],
          [
            -2.26744,
            30.5849784
          ],
          [
            -2.2835378,
            30.5786841
          ],
          [
            -2.2843304,
            30.5783616
          ],
          [
            -2.2848153,
            30.5781091
          ],
          [
            -2.2852086,
            30.5778594
          ],
          [
            -2.2856704,
            30.577497
          ],
          [
            -2.2866783,
            30.5765955
          ],
          [
            -2.2904447,
            30.5732351
          ],
          [
            -2.2912251,
            30.5725277
          ],
          [
            -2.291461,
            30.5722313
          ],
          [
            -2.2916251,
            30.5720013
          ],
          [
            -2.291843,
            30.5715771
          ],
          [
            -2.2925004,
            30.5701008
          ],
          [
            -2.2949172,
            30.5645645
          ],
          [
            -2.2953729,
            30.5635512
          ],
          [
            -2.2957124,
            30.563052
          ],
          [
            -2.2961212,
            30.5625654
          ],
          [
            -2.2965515,
            30.5621817
          ],
          [
            -2.3008479,
            30.5589811
          ],
          [
            -2.3013284,
            30.5585662
          ],
          [
            -2.3016558,
            30.5581857
          ],
          [
            -2.3018649,
            30.5578535
          ],
          [
            -2.3020511,
            30.5573887
          ],
          [
            -2.3021509,
            30.556912
          ],
          [
            -2.3024479,
            30.553833
          ],
          [
            -2.3028068,
            30.5505953
          ],
          [
            -2.3029059,
            30.5498296
          ],
          [
            -2.3030253,
            30.5494114
          ],
          [
            -2.3033393,
            30.5487206
          ],
          [
            -2.3076383,
            30.5406206
          ],
          [
            -2.3115115,
            30.5333261
          ],
          [
            -2.3121621,
            30.5321732
          ],
          [
            -2.3140623,
            30.5292264
          ],
          [
            -2.3144606,
            30.5285033
          ],
          [
            -2.316175,
            30.5248373
          ],
          [
            -2.3172355,
            30.5226703
          ]
        ]
      },
      "properties": {
        "highway": "primary",
        "maxspeed": "80",
        "ref": "RN 6B"
      }
    },
    {
      "type": "Feature",
      "geometry": {
        "type": "LineString",
        "coordinates": [
          [
            -2.1795285,
            30.1213165
          ],
          [
            -2.1795617,
            30.1212478
          ],
          [
            -2.1795765,
            30.1211156
          ],
          [
            -2.1795999,
            30.1208963
          ],
          [
            -2.1796113,
            30.1205593
          ],
          [
            -2.1795986,
            30.1201522
          ],
          [
            -2.1795664,
            30.1197433
          ],
          [
            -2.179559,
            30.1193535
          ],
          [
            -2.1795456,
            30.1188808
          ],
          [
            -2.1795335,
            30.1181297
          ],
          [
            -2.1795047,
            30.117172
          ],
          [
            -2.17949,
            30.1162678
          ],
          [
            -2.1794859,
            30.1161123
          ],
          [
            -2.1794631,
            30.1154314
          ],
          [
            -2.1794672,
            30.1152597
          ],
          [
            -2.1794826,
            30.1151425
          ],
          [
            -2.1795255,
            30.1150015
          ],
          [
            -2.1795664,
            30.1148861
          ],
          [
            -2.1796207,
            30.114791
          ],
          [
            -2.1797039,
            30.1146912
          ],
          [
            -2.1797562,
            30.1146332
          ],
          [
            -2.1798112,
            30.1145706
          ],
          [
            -2.1799533,
            30.1144824
          ],
          [
            -2.1800492,
            30.1144319
          ],
          [
            -2.1801696,
            30.1143902
          ],
          [
            -2.1803154,
            30.1143507
          ],
          [
            -2.1804522,
            30.1143397
          ],
          [
            -2.1805897,
            30.1143478
          ],
          [
            -2.1807519,
            30.1143728
          ],
          [
            -2.1814151,
            30.1145184
          ],
          [
            -2.1816552,
            30.1145648
          ],
          [
            -2.1818094,
            30.1145984
          ],
          [
            -2.1820186,
            30.1146483
          ]
        ]
      },
      "properties": {
        "name": "Route de Béni Abbès; طريق بني عباس",
        "highway": "secondary",
        "maxspeed": "60"
      }
    },
    {
      "type": "Feature",
      "geometry": {
        "type": "LineString",
        "coordinates": [
          [
            -2.1868667,
            30.1136344
          ],
          [
            -2.1868593,
            30.1137527
          ],
          [
            -2.186862,
            30.1138252
          ],
          [
            -2.1868747,
            30.113965
          ],
          [
            -2.1869049,
            30.1142324
          ],
          [
            -2.1869056,
            30.1143008
          ],
          [
            -2.1869043,
            30.1143908
          ],
          [
            -2.1868989,
            30.1144667
          ],
          [
            -2.1868942,
            30.1145166
          ],
          [
            -2.1868781,
            30.1145677
          ],
          [
            -2.1868459,
            30.1146361
          ],
          [
            -2.1867996,
            30.1147011
          ],
          [
            -2.1867339,
            30.1147771
          ],
          [
            -2.1866836,
            30.114824
          ],
          [
            -2.1866206,
            30.1148623
          ],
          [
            -2.1865569,
            30.1149029
          ],
          [
            -2.1864603,
            30.1149493
          ],
          [
            -2.186278,
            30.1150085
          ],
          [
            -2.1861472,
            30.1150445
          ],
          [
            -2.185997,
            30.1150764
          ],
          [
            -2.185828,
            30.1150891
          ],
          [
            -2.1856523,
            30.1151001
          ],
          [
            -2.185419,
            30.1150816
          ],
          [
            -2.1852648,
            30.1150566
          ],
          [
            -2.185134,
            30.1150155
          ],
          [
            -2.1850374,
            30.1149882
          ],
          [
            -2.1848027,
            30.1149412
          ],
          [
            -2.18456,
            30.1149076
          ],
          [
            -2.1842355,
            30.1148797
          ],
          [
            -2.1840034,
            30.1148565
          ],
          [
            -2.1837748,
            30.1148356
          ],
          [
            -2.1835562,
            30.1147991
          ],
          [
            -2.1831927,
            30.1147486
          ],
          [
            -2.1828702,
            30.1147017
          ],
          [
            -2.1825812,
            30.1146547
          ],
          [
            -2.1823137,
            30.1146042
          ],
          [
            -2.1820421,
            30.1145561
          ],
          [
            -2.1818288,
            30.1145189
          ],
          [
            -2.1816277,
            30.114483
          ],
          [
            -2.1813568,
            30.1144279
          ],
          [
            -2.181055,
            30.1143629
          ],
          [
            -2.1807607,
            30.1142979
          ],
          [
            -2.1805514,
            30.1142643
          ],
          [
            -2.1803731,
            30.1142643
          ],
          [
            -2.1802269,
            30.1142782
          ],
          [
            -2.180137,
            30.1143026
          ],
          [
            -2.1800298,
            30.1143362
          ],
          [
            -2.1799091,
            30.1143908
          ],
          [
            -2.179783,
            30.1144708
          ],
          [
            -2.1796878,
            30.1145613
          ],
          [
            -2.1795778,
            30.1146669
          ],
          [
            -2.1795054,
            30.1147852
          ],
          [
            -2.1794423,
            30.1149116
          ],
          [
            -2.1794021,
            30.1150416
          ],
          [
            -2.179374,
            30.1152121
          ],
          [
            -2.1793659,
            30.1154592
          ],
          [
            -2.1793733,
            30.1158151
          ],
          [
            -2.1793759,
            30.1162215
          ],
          [
            -2.1794,
            30.1166996
          ],
          [
            -2.1794053,
            30.117083
          ],
          [
            -2.179416,
            30.117464
          ],
          [
            -2.1794267,
            30.1178936
          ],
          [
            -2.1794373,
            30.1183485
          ],
          [
            -2.1794534,
            30.1188127
          ],
          [
            -2.179464,
            30.1192538
          ],
          [
            -2.1794854,
            30.1197342
          ],
          [
            -2.1795415,
            30.1205933
          ],
          [
            -2.1795389,
            30.1207328
          ],
          [
            -2.1795309,
            30.1209601
          ],
          [
            -2.1795198,
            30.1211269
          ],
          [
            -2.1795158,
            30.1212475
          ],
          [
            -2.1795285,
            30.1213165
          ]
        ]
      },
      "properties": {
        "name": "Route de Béni Abbès; طريق بني عباس",
        "highway": "secondary",
        "maxspeed": "60"
      }
    },
    {
      "type": "Feature",
      "geometry": {
        "type": "LineString",
        "coordinates": [
          [
            -2.1795285,
            30.1213165
          ],
          [
            -2.1795242,
            30.1213487
          ],
          [
            -2.1795174,
            30.1213974
          ],
          [
            -2.179506,
            30.1214479
          ],
          [
            -2.1794857,
            30.1214981
          ],
          [
            -2.1794271,
            30.1216138
          ],
          [
            -2.1793086,
            30.1217791
          ],
          [
            -2.1792727,
            30.1218207
          ],
          [
            -2.1787276,
            30.1224521
          ],
          [
            -2.1783841,
            30.1228396
          ]
        ]
      },
      "properties": {
        "name": "Route de Béni Abbès; طريق بني عباس",
        "highway": "secondary",
        "maxspeed": "60"
      }
    },
    {
      "type": "Feature",
      "geometry": {
        "type": "LineString",
        "coordinates": [
          [
            -2.1661879,
            30.1313245
          ],
          [
            -2.1662204,
            30.1312833
          ],
          [
            -2.1662381,
            30.1312358
          ],
          [
            -2.1662396,
            30.1311859
          ],
          [
            -2.1662246,
            30.1311377
          ],
          [
            -2.1662047,
            30.1311067
          ],
          [
            -2.1661519,
            30.1310618
          ],
          [
            -2.1661001,
            30.1310402
          ],
          [
            -2.1660433,
            30.1310321
          ],
          [
            -2.1659861,
            30.1310382
          ],
          [
            -2.1659333,
            30.131058
          ],
          [
            -2.1659161,
            30.1310683
          ],
          [
            -2.1658786,
            30.1311009
          ],
          [
            -2.1658522,
            30.1311409
          ],
          [
            -2.1658389,
            30.1311854
          ],
          [
            -2.1658395,
            30.1312314
          ],
          [
            -2.1658539,
            30.1312757
          ],
          [
            -2.1658838,
            30.1313179
          ],
          [
            -2.1659262,
            30.1313511
          ],
          [
            -2.1659777,
            30.1313728
          ],
          [
            -2.1660342,
            30.131381
          ],
          [
            -2.1660911,
            30.1313752
          ],
          [
            -2.1661438,
            30.1313558
          ],
          [
            -2.1661879,
            30.1313245
          ]
        ]
      },
      "properties": {
        "highway": "secondary",
        "maxspeed": "30"
      }
    },
    {
      "type": "Feature",
      "geometry": {
        "type": "LineString",
        "coordinates": [
          [
            -2.1535918,
            30.1288352
          ],
          [
            -2.1536321,
            30.128807
          ],
          [
            -2.1536631,
            30.1287715
          ],
          [
            -2.1536829,
            30.1287302
          ],
          [
            -2.1536901,
            30.1286859
          ],
          [
            -2.1536844,
            30.1286415
          ],
          [
            -2.1536661,
            30.1285997
          ],
          [
            -2.1536404,
            30.1285623
          ],
          [
            -2.1535971,
            30.1285342
          ],
          [
            -2.1535507,
            30.1285145
          ],
          [
            -2.1535001,
            30.1285055
          ],
          [
            -2.1534485,
            30.1285076
          ],
          [
            -2.1533991,
            30.1285208
          ],
          [
            -2.1533551,
            30.1285442
          ],
          [
            -2.1533325,
            30.1285643
          ],
          [
            -2.1533191,
            30.1285763
          ],
          [
            -2.1532936,
            30.1286151
          ],
          [
            -2.15328,
            30.1286582
          ],
          [
            -2.1532792,
            30.1287029
          ],
          [
            -2.1532913,
            30.1287463
          ],
          [
            -2.1533155,
            30.1287858
          ],
          [
            -2.1533503,
            30.1288189
          ],
          [
            -2.1533935,
            30.1288434
          ],
          [
            -2.1534424,
            30.1288578
          ],
          [
            -2.1534939,
            30.1288613
          ],
          [
            -2.1535448,
            30.1288536
          ],
          [
            -2.1535918,
            30.1288352
          ]
        ]
      },
      "properties": {
        "highway": "secondary",
        "maxspeed": "40"
      }
    },
    {
      "type": "Feature",
      "geometry": {
        "type": "LineString",
        "coordinates": [
          [
            -2.1664976,
            30.1312922
          ],
          [
            -2.1669451,
            30.1313772
          ],
          [
            -2.1678635,
            30.1315511
          ],
          [
            -2.1688096,
            30.1317314
          ],
          [
            -2.1689688,
            30.131762
          ],
          [
            -2.1690831,
            30.1317839
          ],
          [
            -2.1704699,
            30.1320536
          ],
          [
            -2.1712611,
            30.1322074
          ],
          [
            -2.1720204,
            30.1323549
          ],
          [
            -2.1721146,
            30.1323727
          ],
          [
            -2.1723057,
            30.132403
          ],
          [
            -2.172394,
            30.132409
          ],
          [
            -2.1724806,
            30.1324113
          ],
          [
            -2.1725638,
            30.1324099
          ],
          [
            -2.1726498,
            30.1324039
          ],
          [
            -2.1727398,
            30.1323865
          ],
          [
            -2.1728076,
            30.1323679
          ],
          [
            -2.1728731,
            30.1323441
          ],
          [
            -2.1729189,
            30.1323256
          ],
          [
            -2.1731955,
            30.1321901
          ],
          [
            -2.1732388,
            30.132167
          ],
          [
            -2.1732905,
            30.1321367
          ],
          [
            -2.1733304,
            30.132108
          ],
          [
            -2.1733712,
            30.1320747
          ],
          [
            -2.1737673,
            30.1317157
          ],
          [
            -2.1739003,
            30.1315951
          ],
          [
            -2.1744174,
            30.1311264
          ],
          [
            -2.1744423,
            30.1310955
          ],
          [
            -2.1744614,
            30.1310623
          ],
          [
            -2.1744713,
            30.131027
          ]
        ]
      },
      "properties": {
        "highway": "secondary",
        "maxspeed": "40"
      }
    },
    {
      "type": "Feature",
      "geometry": {
        "type": "LineString",
        "coordinates": [
          [
            -2.1744096,
            30.1308925
          ],
          [
            -2.1744518,
            30.1309476
          ],
          [
            -2.1744657,
            30.13098
          ],
          [
            -2.1744713,
            30.131027
          ]
        ]
      },
      "properties": {
        "highway": "secondary",
        "maxspeed": "40"
      }
    },
    {
      "type": "Feature",
      "geometry": {
        "type": "LineString",
        "coordinates": [
          [
            -1.6056653,
            29.5758823
          ],
          [
            -1.6056379,
            29.575942
          ],
          [
            -1.6056048,
            29.5759991
          ],
          [
            -1.6055657,
            29.5760534
          ],
          [
            -1.6055211,
            29.5761043
          ],
          [
            -1.605482,
            29.5761452
          ],
          [
            -1.6051166,
            29.5765382
          ],
          [
            -1.6045427,
            29.5771446
          ],
          [
            -1.604359,
            29.5773387
          ],
          [
            -1.6041277,
            29.577583
          ],
          [
            -1.6036204,
            29.5780934
          ],
          [
            -1.6031139,
            29.5786542
          ],
          [
            -1.6021453,
            29.5796875
          ],
          [
            -1.6011007,
            29.5807996
          ],
          [
            -1.600586,
            29.5813356
          ],
          [
            -1.6000632,
            29.5819025
          ],
          [
            -1.6000289,
            29.5819422
          ],
          [
            -1.6000061,
            29.5819714
          ],
          [
            -1.5999746,
            29.5820221
          ],
          [
            -1.5999555,
            29.5820698
          ]
        ]
      },
      "properties": {
        "highway": "secondary"
      }
    },
    {
      "type": "Feature",
      "geometry": {
        "type": "LineString",
        "coordinates": [
          [
            -1.5994441,
            29.5826041
          ],
          [
            -1.5992741,
            29.5828391
          ]
        ]
      },
      "properties": {
        "highway": "secondary"
      }
    },
    {
      "type": "Feature",
      "geometry": {
        "type": "LineString",
        "coordinates": [
          [
            -1.6086185,
            29.5729644
          ],
          [
            -1.6084463,
            29.5730821
          ],
          [
            -1.6082977,
            29.5731889
          ],
          [
            -1.6081756,
            29.5732824
          ],
          [
            -1.608077,
            29.5733697
          ],
          [
            -1.607977,
            29.5734583
          ],
          [
            -1.607762,
            29.5736833
          ],
          [
            -1.6075953,
            29.5738606
          ],
          [
            -1.6073999,
            29.5740683
          ],
          [
            -1.6067397,
            29.5747691
          ],
          [
            -1.6064845,
            29.5750454
          ],
          [
            -1.6062847,
            29.5752604
          ],
          [
            -1.6062499,
            29.5752979
          ],
          [
            -1.6060792,
            29.5754756
          ],
          [
            -1.6060196,
            29.575535
          ],
          [
            -1.6059523,
            29.575599
          ],
          [
            -1.605899,
            29.5756398
          ],
          [
            -1.6058242,
            29.575681
          ]
        ]
      },
      "properties": {
        "highway": "secondary"
      }
    },
    {
      "type": "Feature",
      "geometry": {
        "type": "LineString",
        "coordinates": [
          [
            -1.6045427,
            29.5771446
          ],
          [
            -1.6046162,
            29.5771951
          ]
        ]
      },
      "properties": {
        "highway": "secondary"
      }
    },
    {
      "type": "Feature",
      "geometry": {
        "type": "LineString",
        "coordinates": [
          [
            -1.6041277,
            29.577583
          ],
          [
            -1.6042009,
            29.5776379
          ]
        ]
      },
      "properties": {
        "highway": "secondary"
      }
    },
    {
      "type": "Feature",
      "geometry": {
        "type": "LineString",
        "coordinates": [
          [
            -1.6036204,
            29.5780934
          ],
          [
            -1.6037016,
            29.5781538
          ]
        ]
      },
      "properties": {
        "highway": "secondary"
      }
    },
    {
      "type": "Feature",
      "geometry": {
        "type": "LineString",
        "coordinates": [
          [
            -1.5999555,
            29.5820698
          ],
          [
            -1.6000034,
            29.5820406
          ],
          [
            -1.6000488,
            29.5820086
          ],
          [
            -1.6000916,
            29.5819739
          ],
          [
            -1.6001316,
            29.5819368
          ],
          [
            -1.600666,
            29.5813947
          ],
          [
            -1.601992,
            29.5799889
          ],
          [
            -1.6030866,
            29.5788141
          ],
          [
            -1.6037016,
            29.5781538
          ],
          [
            -1.6042009,
            29.5776379
          ],
          [
            -1.604431,
            29.5773925
          ],
          [
            -1.6046162,
            29.5771951
          ],
          [
            -1.6054986,
            29.5762337
          ],
          [
            -1.6055884,
            29.5761389
          ],
          [
            -1.6056516,
            29.5760791
          ],
          [
            -1.6057214,
            29.5760252
          ],
          [
            -1.6057972,
            29.5759777
          ]
        ]
      },
      "properties": {
        "highway": "secondary",
        "maxspeed": "50"
      }
    },
    {
      "type": "Feature",
      "geometry": {
        "type": "LineString",
        "coordinates": [
          [
            -1.5999555,
            29.5820698
          ],
          [
            -1.5994441,
            29.5826041
          ]
        ]
      },
      "properties": {
        "highway": "secondary"
      }
    },
    {
      "type": "Feature",
      "geometry": {
        "type": "LineString",
        "coordinates": [
          [
            -1.5994441,
            29.5826041
          ],
          [
            -1.5994372,
            29.5826947
          ],
          [
            -1.5994346,
            29.5827845
          ],
          [
            -1.5994371,
            29.5828744
          ],
          [
            -1.5994446,
            29.582964
          ]
        ]
      },
      "properties": {
        "highway": "primary_link"
      }
    },
    {
      "type": "Feature",
      "geometry": {
        "type": "LineString",
        "coordinates": [
          [
            -2.2758391,
            29.6586895
          ],
          [
            -2.2758639,
            29.6587225
          ],
          [
            -2.2758867,
            29.6587659
          ],
          [
            -2.2758981,
            29.6588097
          ],
          [
            -2.275899,
            29.6588671
          ],
          [
            -2.2758809,
            29.6594232
          ],
          [
            -2.2758585,
            29.6598779
          ],
          [
            -2.2758433,
            29.6600007
          ],
          [
            -2.2758188,
            29.6601232
          ],
          [
            -2.2757346,
            29.6604402
          ],
          [
            -2.2754963,
            29.6610068
          ],
          [
            -2.2754489,
            29.6611094
          ],
          [
            -2.2753805,
            29.6612284
          ],
          [
            -2.2753288,
            29.6612889
          ],
          [
            -2.2752796,
            29.6613328
          ],
          [
            -2.2752087,
            29.6613797
          ],
          [
            -2.2751252,
            29.6614194
          ],
          [
            -2.275037,
            29.6614538
          ],
          [
            -2.2747643,
            29.6615551
          ],
          [
            -2.2747109,
            29.6615791
          ],
          [
            -2.2746652,
            29.6616093
          ],
          [
            -2.2746274,
            29.6616474
          ],
          [
            -2.2745986,
            29.6616954
          ],
          [
            -2.2745794,
            29.6617586
          ],
          [
            -2.2745445,
            29.661912
          ],
          [
            -2.2745391,
            29.6619951
          ],
          [
            -2.2745409,
            29.6620894
          ],
          [
            -2.2745349,
            29.6622324
          ],
          [
            -2.2745169,
            29.6623242
          ],
          [
            -2.2744941,
            29.6623921
          ],
          [
            -2.274362,
            29.6626634
          ],
          [
            -2.274183,
            29.6629911
          ],
          [
            -2.2740436,
            29.663217
          ],
          [
            -2.2738828,
            29.6634534
          ],
          [
            -2.27249,
            29.6653351
          ],
          [
            -2.2709438,
            29.6674077
          ],
          [
            -2.270168,
            29.6684649
          ],
          [
            -2.2700658,
            29.6686285
          ],
          [
            -2.2699518,
            29.6688145
          ],
          [
            -2.2695771,
            29.6694928
          ],
          [
            -2.2689515,
            29.6707509
          ],
          [
            -2.268151,
            29.6723607
          ],
          [
            -2.2675737,
            29.6734322
          ],
          [
            -2.2674657,
            29.6736065
          ],
          [
            -2.2673816,
            29.6737369
          ],
          [
            -2.2672375,
            29.6739383
          ],
          [
            -2.2664676,
            29.674891
          ],
          [
            -2.266189,
            29.6752208
          ],
          [
            -2.2647441,
            29.6768309
          ],
          [
            -2.2644727,
            29.6771293
          ],
          [
            -2.2642061,
            29.6774507
          ],
          [
            -2.2639406,
            29.6778139
          ],
          [
            -2.263644,
            29.6782438
          ],
          [
            -2.2634326,
            29.6785944
          ],
          [
            -2.263184,
            29.6790368
          ],
          [
            -2.2629594,
            29.679522
          ],
          [
            -2.2626639,
            29.6802775
          ],
          [
            -2.2625234,
            29.6807022
          ],
          [
            -2.2624165,
            29.6810987
          ],
          [
            -2.2623129,
            29.6815234
          ],
          [
            -2.2622412,
            29.682019
          ],
          [
            -2.2621872,
            29.682606
          ],
          [
            -2.2621619,
            29.6832732
          ],
          [
            -2.262188,
            29.6837711
          ],
          [
            -2.2622748,
            29.6844899
          ],
          [
            -2.2623795,
            29.6852217
          ],
          [
            -2.2627144,
            29.687714
          ],
          [
            -2.2628758,
            29.68942
          ],
          [
            -2.2630716,
            29.6926015
          ],
          [
            -2.2632116,
            29.6946752
          ],
          [
            -2.2634902,
            29.6973961
          ],
          [
            -2.2637704,
            29.6996543
          ],
          [
            -2.2642104,
            29.7022577
          ],
          [
            -2.2653119,
            29.707272
          ],
          [
            -2.2654359,
            29.7080913
          ],
          [
            -2.2655298,
            29.7089169
          ],
          [
            -2.26558,
            29.7096643
          ],
          [
            -2.2655596,
            29.71044
          ],
          [
            -2.2654551,
            29.7113584
          ],
          [
            -2.265359,
            29.7119885
          ],
          [
            -2.2652221,
            29.7126561
          ],
          [
            -2.2650221,
            29.713389
          ],
          [
            -2.2634566,
            29.7179383
          ],
          [
            -2.2631895,
            29.7188126
          ],
          [
            -2.2626083,
            29.7210924
          ],
          [
            -2.2617325,
            29.7250208
          ],
          [
            -2.2607301,
            29.729265
          ],
          [
            -2.2604684,
            29.730592
          ],
          [
            -2.2603099,
            29.7315765
          ],
          [
            -2.2601036,
            29.7330726
          ],
          [
            -2.2597353,
            29.7366824
          ],
          [
            -2.2593587,
            29.7393106
          ],
          [
            -2.2591715,
            29.740314
          ],
          [
            -2.2582914,
            29.7440416
          ],
          [
            -2.2579991,
            29.7454423
          ],
          [
            -2.2577186,
            29.7472652
          ],
          [
            -2.2573938,
            29.7503683
          ],
          [
            -2.2572401,
            29.753313
          ],
          [
            -2.2572599,
            29.755729
          ],
          [
            -2.2571918,
            29.7576922
          ],
          [
            -2.2570921,
            29.7598476
          ],
          [
            -2.2567631,
            29.762765
          ],
          [
            -2.2563075,
            29.7652706
          ],
          [
            -2.2560871,
            29.7664668
          ],
          [
            -2.2556451,
            29.7682767
          ],
          [
            -2.2547348,
            29.771368
          ],
          [
            -2.2527227,
            29.7766681
          ],
          [
            -2.2521573,
            29.7784014
          ],
          [
            -2.251629,
            29.7804372
          ],
          [
            -2.2507757,
            29.7851076
          ],
          [
            -2.2495534,
            29.7912962
          ],
          [
            -2.2491403,
            29.7943953
          ],
          [
            -2.2488052,
            29.797115
          ],
          [
            -2.2485662,
            29.8009757
          ],
          [
            -2.2480901,
            29.8047815
          ],
          [
            -2.2473014,
            29.809244
          ],
          [
            -2.2465116,
            29.8127104
          ],
          [
            -2.2459591,
            29.8152848
          ],
          [
            -2.2453935,
            29.8189897
          ],
          [
            -2.2450766,
            29.8216819
          ],
          [
            -2.2448863,
            29.8243741
          ],
          [
            -2.2446727,
            29.8277164
          ],
          [
            -2.2445541,
            29.8321291
          ],
          [
            -2.2442507,
            29.8360445
          ],
          [
            -2.244192,
            29.8365213
          ],
          [
            -2.2440721,
            29.8369891
          ],
          [
            -2.2439687,
            29.8373173
          ],
          [
            -2.2436828,
            29.8379736
          ],
          [
            -2.2436035,
            29.8382153
          ],
          [
            -2.2435579,
            29.8384174
          ],
          [
            -2.2435243,
            29.8386321
          ],
          [
            -2.243481,
            29.8389592
          ],
          [
            -2.243469,
            29.8396489
          ],
          [
            -2.2434887,
            29.840646
          ],
          [
            -2.243481,
            29.8409907
          ],
          [
            -2.2433043,
            29.8436357
          ],
          [
            -2.2431207,
            29.8450661
          ],
          [
            -2.2429958,
            29.845689
          ],
          [
            -2.2427316,
            29.8467183
          ],
          [
            -2.2425781,
            29.8474077
          ],
          [
            -2.2425178,
            29.84796
          ],
          [
            -2.2424578,
            29.8488121
          ],
          [
            -2.2422872,
            29.8514768
          ],
          [
            -2.2422512,
            29.8517414
          ],
          [
            -2.2421959,
            29.851983
          ],
          [
            -2.2421373,
            29.8522275
          ],
          [
            -2.2416328,
            29.8536409
          ],
          [
            -2.241336,
            29.8544309
          ],
          [
            -2.24125,
            29.8547292
          ],
          [
            -2.2411919,
            29.8550268
          ],
          [
            -2.2411183,
            29.8556923
          ],
          [
            -2.2404685,
            29.8612387
          ],
          [
            -2.2402551,
            29.8625138
          ],
          [
            -2.2391573,
            29.8679943
          ],
          [
            -2.2386303,
            29.8715013
          ],
          [
            -2.238037,
            29.8757287
          ],
          [
            -2.2368159,
            29.8821226
          ],
          [
            -2.2356833,
            29.8871434
          ],
          [
            -2.2348988,
            29.8916568
          ],
          [
            -2.2343174,
            29.89664
          ],
          [
            -2.2339345,
            29.9034054
          ],
          [
            -2.2333664,
            29.9070703
          ],
          [
            -2.2325921,
            29.9103697
          ],
          [
            -2.2319443,
            29.9128465
          ],
          [
            -2.2311141,
            29.9152574
          ],
          [
            -2.2301258,
            29.9175585
          ],
          [
            -2.2282268,
            29.9215804
          ],
          [
            -2.2261509,
            29.9257923
          ],
          [
            -2.225105,
            29.928379
          ],
          [
            -2.2241185,
            29.9315477
          ],
          [
            -2.2231788,
            29.9353112
          ],
          [
            -2.2228464,
            29.9368575
          ],
          [
            -2.2223986,
            29.9400801
          ],
          [
            -2.2219825,
            29.9427545
          ],
          [
            -2.2217664,
            29.9437746
          ],
          [
            -2.2208488,
            29.9473255
          ],
          [
            -2.2199972,
            29.9509747
          ],
          [
            -2.2196887,
            29.9526686
          ],
          [
            -2.2188042,
            29.9587338
          ],
          [
            -2.2183939,
            29.9649447
          ],
          [
            -2.2182642,
            29.965931
          ],
          [
            -2.2175003,
            29.9700138
          ],
          [
            -2.2173236,
            29.970817
          ],
          [
            -2.2165512,
            29.9734379
          ],
          [
            -2.2144054,
            29.9799062
          ],
          [
            -2.2141566,
            29.9808962
          ],
          [
            -2.2129677,
            29.9860954
          ],
          [
            -2.21256,
            29.9877495
          ],
          [
            -2.212211,
            29.9886859
          ],
          [
            -2.2117882,
            29.9896595
          ],
          [
            -2.2115576,
            29.9900839
          ],
          [
            -2.2102426,
            29.9920983
          ],
          [
            -2.2092556,
            29.9936408
          ]
        ]
      },
      "properties": {
        "name": "طريق الوقارتة",
        "highway": "secondary"
      }
    },
    {
      "type": "Feature",
      "geometry": {
        "type": "LineString",
        "coordinates": [
          [
            -2.2440132,
            30.0141512
          ],
          [
            -2.2321924,
            30.0328228
          ],
          [
            -2.2198,
            30.0518968
          ],
          [
            -2.2058558,
            30.0731539
          ],
          [
            -2.1974542,
            30.086302
          ],
          [
            -2.1966328,
            30.0883453
          ],
          [
            -2.1960757,
            30.0897312
          ],
          [
            -2.1929704,
            30.099384
          ],
          [
            -2.192084,
            30.1014711
          ],
          [
            -2.1906227,
            30.1043635
          ],
          [
            -2.1888993,
            30.1074624
          ],
          [
            -2.1881611,
            30.1087898
          ],
          [
            -2.1874984,
            30.110161
          ],
          [
            -2.1873039,
            30.1105937
          ],
          [
            -2.1871819,
            30.1109394
          ],
          [
            -2.1871068,
            30.111226
          ],
          [
            -2.1870478,
            30.1115334
          ],
          [
            -2.1869901,
            30.1118188
          ],
          [
            -2.1869324,
            30.1120717
          ],
          [
            -2.1868975,
            30.1122573
          ],
          [
            -2.1868466,
            30.1125891
          ],
          [
            -2.1868265,
            30.1128072
          ],
          [
            -2.1868164,
            30.1129453
          ],
          [
            -2.1868137,
            30.1131065
          ],
          [
            -2.1868164,
            30.1131767
          ],
          [
            -2.1868278,
            30.1132672
          ],
          [
            -2.1868426,
            30.1134012
          ],
          [
            -2.1868553,
            30.1134963
          ],
          [
            -2.1868667,
            30.1136344
          ]
        ]
      },
      "properties": {
        "name": "Route de Béni Abbès; طريق بني عباس",
        "highway": "secondary",
        "maxspeed": "60"
      }
    },
    {
      "type": "Feature",
      "geometry": {
        "type": "LineString",
        "coordinates": [
          [
            -2.1744713,
            30.131027
          ],
          [
            -2.1744483,
            30.1310366
          ],
          [
            -2.1744197,
            30.131049
          ],
          [
            -2.1743911,
            30.1310634
          ],
          [
            -2.174373,
            30.131079
          ],
          [
            -2.1738508,
            30.1315568
          ],
          [
            -2.173722,
            30.1316748
          ],
          [
            -2.173345,
            30.1320202
          ],
          [
            -2.1732938,
            30.1320621
          ],
          [
            -2.1732511,
            30.1320892
          ],
          [
            -2.1731968,
            30.1321206
          ],
          [
            -2.1730697,
            30.1321865
          ],
          [
            -2.1729144,
            30.132267
          ],
          [
            -2.1728554,
            30.1322887
          ],
          [
            -2.1727825,
            30.1323131
          ],
          [
            -2.1727421,
            30.1323227
          ],
          [
            -2.1726935,
            30.1323321
          ],
          [
            -2.1726122,
            30.1323443
          ],
          [
            -2.1725298,
            30.1323496
          ],
          [
            -2.1724727,
            30.1323514
          ],
          [
            -2.172407,
            30.1323497
          ],
          [
            -2.1723258,
            30.1323438
          ],
          [
            -2.17213,
            30.1323138
          ],
          [
            -2.1720343,
            30.1322958
          ],
          [
            -2.171274,
            30.1321501
          ],
          [
            -2.1704837,
            30.1319985
          ],
          [
            -2.1698457,
            30.1318761
          ],
          [
            -2.1695333,
            30.1318162
          ],
          [
            -2.16945,
            30.1318002
          ],
          [
            -2.1690952,
            30.131732
          ],
          [
            -2.1689801,
            30.1317099
          ],
          [
            -2.1688219,
            30.1316795
          ],
          [
            -2.1685635,
            30.1316299
          ],
          [
            -2.1680915,
            30.1315425
          ],
          [
            -2.1678698,
            30.1315019
          ],
          [
            -2.1673976,
            30.1314104
          ],
          [
            -2.1668938,
            30.1313134
          ],
          [
            -2.1668567,
            30.1313063
          ],
          [
            -2.1665066,
            30.1312388
          ]
        ]
      },
      "properties": {
        "highway": "secondary"
      }
    },
    {
      "type": "Feature",
      "geometry": {
        "type": "LineString",
        "coordinates": [
          [
            -2.2445201,
            30.0134368
          ],
          [
            -2.2444296,
            30.0134928
          ],
          [
            -2.2443773,
            30.0135299
          ],
          [
            -2.244325,
            30.0135717
          ],
          [
            -2.2442794,
            30.0136205
          ],
          [
            -2.2442458,
            30.0136681
          ],
          [
            -2.2441332,
            30.0138777
          ],
          [
            -2.2440132,
            30.0141512
          ]
        ]
      },
      "properties": {
        "name": "طريق بني عباس",
        "highway": "secondary"
      }
    },
    {
      "type": "Feature",
      "geometry": {
        "type": "LineString",
        "coordinates": [
          [
            -2.2440132,
            30.0141512
          ],
          [
            -2.2442237,
            30.0139509
          ],
          [
            -2.2444269,
            30.0137737
          ],
          [
            -2.2444678,
            30.0137238
          ],
          [
            -2.2445033,
            30.0136692
          ],
          [
            -2.2445261,
            30.013617
          ],
          [
            -2.2445443,
            30.0135624
          ],
          [
            -2.2445684,
            30.0134668
          ]
        ]
      },
      "properties": {
        "name": "طريق بني عباس",
        "highway": "secondary"
      }
    },
    {
      "type": "Feature",
      "geometry": {
        "type": "LineString",
        "coordinates": [
          [
            -2.2443212,
            30.013172
          ],
          [
            -2.2442448,
            30.0132671
          ]
        ]
      },
      "properties": {
        "highway": "primary_link"
      }
    },
    {
      "type": "Feature",
      "geometry": {
        "type": "LineString",
        "coordinates": [
          [
            -2.2430783,
            30.0122783
          ],
          [
            -2.2429872,
            30.0124699
          ]
        ]
      },
      "properties": {
        "highway": "primary_link"
      }
    },
    {
      "type": "Feature",
      "geometry": {
        "type": "LineString",
        "coordinates": [
          [
            -2.4135839,
            30.2337698
          ],
          [
            -2.4144891,
            30.2349818
          ]
        ]
      },
      "properties": {
        "name": "طريق الساورة",
        "highway": "primary",
        "maxspeed": "100",
        "ref": "RN 6"
      }
    },
    {
      "type": "Feature",
      "geometry": {
        "type": "LineString",
        "coordinates": [
          [
            -2.2966607,
            30.4536655
          ],
          [
            -2.2966155,
            30.4533619
          ],
          [
            -2.2965683,
            30.452984
          ]
        ]
      },
      "properties": {
        "highway": "primary",
        "maxspeed": "80",
        "ref": "RN 6B"
      }
    },
    {
      "type": "Feature",
      "geometry": {
        "type": "LineString",
        "coordinates": [
          [
            -2.1594425,
            30.1297841
          ],
          [
            -2.1589918,
            30.1296808
          ]
        ]
      },
      "properties": {
        "name": "Route Béni Abbès - Tamtert; طريق بني عباس - تامترت",
        "highway": "secondary",
        "maxspeed": "60"
      }
    },
    {
      "type": "Feature",
      "geometry": {
        "type": "LineString",
        "coordinates": [
          [
            -2.1536321,
            30.128807
          ],
          [
            -2.1537161,
            30.1287961
          ],
          [
            -2.153801,
            30.1287943
          ],
          [
            -2.1538855,
            30.1288014
          ],
          [
            -2.1539684,
            30.1288175
          ],
          [
            -2.1544736,
            30.1289107
          ],
          [
            -2.155115,
            30.1290289
          ],
          [
            -2.1554704,
            30.1290973
          ],
          [
            -2.155649,
            30.1291317
          ],
          [
            -2.1560143,
            30.1292022
          ],
          [
            -2.1560779,
            30.1292144
          ],
          [
            -2.156434,
            30.129283
          ],
          [
            -2.1566133,
            30.1293176
          ],
          [
            -2.1569724,
            30.1293867
          ],
          [
            -2.1577719,
            30.1295361
          ],
          [
            -2.158174,
            30.1296135
          ],
          [
            -2.1582609,
            30.1296293
          ],
          [
            -2.1587909,
            30.129726
          ],
          [
            -2.159427,
            30.129851
          ]
        ]
      },
      "properties": {
        "name": "Route Béni Abbès - Tamtert; طريق بني عباس - تامترت",
        "highway": "secondary",
        "maxspeed": "60"
      }
    },
    {
      "type": "Feature",
      "geometry": {
        "type": "LineString",
        "coordinates": [
          [
            -2.1535689,
            30.128078
          ],
          [
            -2.1535623,
            30.1281486
          ]
        ]
      },
      "properties": {
        "name": "Route Béni Abbès - Tamtert; طريق بني عباس - تامترت",
        "highway": "secondary",
        "maxspeed": "60"
      }
    },
    {
      "type": "Feature",
      "geometry": {
        "type": "LineString",
        "coordinates": [
          [
            -2.2429872,
            30.0124699
          ],
          [
            -2.2438362,
            30.0130031
          ]
        ]
      },
      "properties": {
        "name": "طريق الساورة",
        "highway": "primary",
        "maxspeed": "80",
        "ref": "RN 6"
      }
    },
    {
      "type": "Feature",
      "geometry": {
        "type": "LineString",
        "coordinates": [
          [
            -1.89947,
            29.9140372
          ],
          [
            -1.899327,
            29.9141743
          ],
          [
            -1.8991833,
            29.9142831
          ],
          [
            -1.8990861,
            29.9143679
          ],
          [
            -1.8990242,
            29.9144263
          ]
        ]
      },
      "properties": {
        "name": "طريق تامترت",
        "highway": "secondary",
        "maxspeed": "50"
      }
    },
    {
      "type": "Feature",
      "geometry": {
        "type": "LineString",
        "coordinates": [
          [
            -2.1513161,
            30.1355751
          ],
          [
            -2.1513156,
            30.1356133
          ],
          [
            -2.1513246,
            30.1356507
          ],
          [
            -2.1513428,
            30.1356854
          ],
          [
            -2.1513694,
            30.135716
          ],
          [
            -2.1514029,
            30.1357408
          ],
          [
            -2.151442,
            30.1357587
          ],
          [
            -2.1514845,
            30.1357688
          ],
          [
            -2.1515286,
            30.1357708
          ],
          [
            -2.1515722,
            30.1357644
          ],
          [
            -2.151613,
            30.13575
          ],
          [
            -2.1516493,
            30.1357282
          ],
          [
            -2.1516793,
            30.1357001
          ],
          [
            -2.1516859,
            30.1356902
          ],
          [
            -2.1517014,
            30.1356671
          ],
          [
            -2.1517148,
            30.1356307
          ],
          [
            -2.1517187,
            30.1355927
          ],
          [
            -2.1517149,
            30.1355677
          ],
          [
            -2.1517129,
            30.1355548
          ],
          [
            -2.1516978,
            30.1355189
          ],
          [
            -2.151674,
            30.1354867
          ],
          [
            -2.1516378,
            30.1354565
          ],
          [
            -2.1515943,
            30.135435
          ],
          [
            -2.1515457,
            30.1354234
          ],
          [
            -2.1514955,
            30.1354226
          ],
          [
            -2.1514803,
            30.1354258
          ],
          [
            -2.1514683,
            30.1354281
          ],
          [
            -2.1514466,
            30.1354324
          ],
          [
            -2.1514071,
            30.1354495
          ],
          [
            -2.1513728,
            30.1354736
          ],
          [
            -2.1513454,
            30.1355035
          ],
          [
            -2.1513262,
            30.1355379
          ],
          [
            -2.1513161,
            30.1355751
          ]
        ]
      },
      "properties": {
        "highway": "tertiary"
      }
    },
    {
      "type": "Feature",
      "geometry": {
        "type": "LineString",
        "coordinates": [
          [
            -2.1516378,
            30.1354565
          ],
          [
            -2.1516353,
            30.1354301
          ],
          [
            -2.1516359,
            30.1354035
          ],
          [
            -2.1516401,
            30.1353754
          ],
          [
            -2.151652,
            30.135334
          ],
          [
            -2.152124,
            30.1337125
          ],
          [
            -2.1532171,
            30.1299019
          ],
          [
            -2.1532417,
            30.1298263
          ],
          [
            -2.1533847,
            30.1293107
          ],
          [
            -2.1534463,
            30.1290619
          ],
          [
            -2.1534692,
            30.1289929
          ],
          [
            -2.1535026,
            30.1289215
          ],
          [
            -2.1535448,
            30.1288536
          ]
        ]
      },
      "properties": {
        "highway": "tertiary"
      }
    },
    {
      "type": "Feature",
      "geometry": {
        "type": "LineString",
        "coordinates": [
          [
            -2.1533503,
            30.1288189
          ],
          [
            -2.153353,
            30.1289176
          ],
          [
            -2.1533458,
            30.1290161
          ],
          [
            -2.1533333,
            30.1290925
          ],
          [
            -2.1533149,
            30.129168
          ],
          [
            -2.1531361,
            30.1298211
          ],
          [
            -2.1531148,
            30.1298989
          ],
          [
            -2.1528228,
            30.1308963
          ],
          [
            -2.1523668,
            30.1325097
          ],
          [
            -2.1520248,
            30.133687
          ],
          [
            -2.1515565,
            30.1353059
          ],
          [
            -2.1515425,
            30.1353445
          ],
          [
            -2.1515269,
            30.1353743
          ],
          [
            -2.151506,
            30.1354017
          ],
          [
            -2.1514803,
            30.1354258
          ]
        ]
      },
      "properties": {
        "highway": "tertiary"
      }
    },
    {
      "type": "Feature",
      "geometry": {
        "type": "LineString",
        "coordinates": [
          [
            -2.1544736,
            30.1289107
          ],
          [
            -2.1544913,
            30.1288307
          ]
        ]
      },
      "properties": {
        "highway": "secondary_link"
      }
    },
    {
      "type": "Feature",
      "geometry": {
        "type": "LineString",
        "coordinates": [
          [
            -2.1623223,
            30.1304677
          ],
          [
            -2.1623411,
            30.1304076
          ]
        ]
      },
      "properties": {
        "highway": "secondary_link"
      }
    },
    {
      "type": "Feature",
      "geometry": {
        "type": "LineString",
        "coordinates": [
          [
            -2.1600144,
            30.1299897
          ],
          [
            -2.1600318,
            30.12993
          ]
        ]
      },
      "properties": {
        "highway": "secondary_link"
      }
    },
    {
      "type": "Feature",
      "geometry": {
        "type": "LineString",
        "coordinates": [
          [
            -2.1750667,
            30.1357509
          ],
          [
            -2.1750639,
            30.1357834
          ],
          [
            -2.1750678,
            30.1358156
          ],
          [
            -2.1750784,
            30.1358434
          ],
          [
            -2.1750938,
            30.1358691
          ],
          [
            -2.175114,
            30.1358921
          ],
          [
            -2.1751385,
            30.1359117
          ],
          [
            -2.1751665,
            30.1359275
          ],
          [
            -2.1751972,
            30.1359388
          ],
          [
            -2.1752297,
            30.1359453
          ],
          [
            -2.1752674,
            30.1359469
          ],
          [
            -2.1753048,
            30.1359421
          ],
          [
            -2.1753403,
            30.1359311
          ],
          [
            -2.1753728,
            30.1359143
          ],
          [
            -2.1754008,
            30.1358925
          ],
          [
            -2.1754234,
            30.1358663
          ],
          [
            -2.1754397,
            30.1358368
          ],
          [
            -2.1754491,
            30.1358052
          ],
          [
            -2.1754512,
            30.1357726
          ],
          [
            -2.175446,
            30.1357402
          ],
          [
            -2.1754336,
            30.1357094
          ],
          [
            -2.1754145,
            30.1356812
          ],
          [
            -2.1753895,
            30.1356567
          ],
          [
            -2.1753594,
            30.1356369
          ],
          [
            -2.1753255,
            30.1356226
          ],
          [
            -2.175289,
            30.1356142
          ],
          [
            -2.1752513,
            30.135612
          ],
          [
            -2.1752139,
            30.1356163
          ],
          [
            -2.1751781,
            30.1356267
          ],
          [
            -2.1751453,
            30.1356429
          ],
          [
            -2.1751168,
            30.1356644
          ],
          [
            -2.1750937,
            30.1356902
          ],
          [
            -2.1750767,
            30.1357194
          ],
          [
            -2.1750667,
            30.1357509
          ]
        ]
      },
      "properties": {
        "highway": "tertiary"
      }
    },
    {
      "type": "Feature",
      "geometry": {
        "type": "LineString",
        "coordinates": [
          [
            -2.1509059,
            30.1387335
          ],
          [
            -2.1509412,
            30.1387255
          ],
          [
            -2.1509774,
            30.1387218
          ],
          [
            -2.1510152,
            30.1387224
          ],
          [
            -2.1510525,
            30.1387276
          ],
          [
            -2.1578003,
            30.140048
          ],
          [
            -2.1579136,
            30.1400689
          ],
          [
            -2.1627751,
            30.1410164
          ],
          [
            -2.1630505,
            30.1410571
          ],
          [
            -2.1633271,
            30.1410916
          ],
          [
            -2.1636046,
            30.14112
          ],
          [
            -2.1638829,
            30.1411423
          ],
          [
            -2.1642188,
            30.1411609
          ],
          [
            -2.1645553,
            30.1411705
          ],
          [
            -2.164892,
            30.1411711
          ],
          [
            -2.1652285,
            30.1411627
          ],
          [
            -2.1655646,
            30.1411454
          ],
          [
            -2.1658999,
            30.1411191
          ],
          [
            -2.166207,
            30.1410894
          ],
          [
            -2.1665127,
            30.1410505
          ],
          [
            -2.1666958,
            30.1410215
          ],
          [
            -2.1667806,
            30.1410073
          ],
          [
            -2.1671185,
            30.1409451
          ],
          [
            -2.1674179,
            30.1408789
          ],
          [
            -2.1677144,
            30.1408036
          ],
          [
            -2.1679801,
            30.1407279
          ],
          [
            -2.1682428,
            30.1406449
          ],
          [
            -2.1685025,
            30.1405548
          ],
          [
            -2.1687587,
            30.1404577
          ],
          [
            -2.1690112,
            30.1403536
          ],
          [
            -2.169317,
            30.1402197
          ],
          [
            -2.1696177,
            30.1400774
          ],
          [
            -2.1699131,
            30.1399269
          ],
          [
            -2.1702027,
            30.1397684
          ],
          [
            -2.1704865,
            30.1396021
          ],
          [
            -2.1706486,
            30.1395072
          ],
          [
            -2.1710122,
            30.1392621
          ],
          [
            -2.1712659,
            30.139082
          ],
          [
            -2.1715132,
            30.1388952
          ],
          [
            -2.1717538,
            30.1387021
          ],
          [
            -2.1722057,
            30.1383681
          ],
          [
            -2.1728133,
            30.1379737
          ],
          [
            -2.1729884,
            30.137851
          ],
          [
            -2.1731588,
            30.1377234
          ],
          [
            -2.1733242,
            30.137591
          ],
          [
            -2.1734867,
            30.1374521
          ],
          [
            -2.1736438,
            30.1372983
          ],
          [
            -2.1737887,
            30.1371563
          ],
          [
            -2.1739411,
            30.1370088
          ],
          [
            -2.1741879,
            30.1367652
          ],
          [
            -2.1747887,
            30.1362444
          ],
          [
            -2.1749966,
            30.136074
          ],
          [
            -2.1750345,
            30.136044
          ],
          [
            -2.1750781,
            30.1360123
          ],
          [
            -2.1751256,
            30.135985
          ],
          [
            -2.1751763,
            30.1359626
          ],
          [
            -2.1752297,
            30.1359453
          ]
        ]
      },
      "properties": {
        "highway": "tertiary"
      }
    },
    {
      "type": "Feature",
      "geometry": {
        "type": "LineString",
        "coordinates": [
          [
            -2.1750678,
            30.1358156
          ],
          [
            -2.1750413,
            30.1358578
          ],
          [
            -2.175011,
            30.1358981
          ],
          [
            -2.174977,
            30.1359361
          ],
          [
            -2.1749396,
            30.1359717
          ],
          [
            -2.1748991,
            30.1360046
          ],
          [
            -2.1741115,
            30.1367002
          ],
          [
            -2.1739302,
            30.1368773
          ],
          [
            -2.1737585,
            30.1370474
          ],
          [
            -2.1735806,
            30.1372231
          ],
          [
            -2.1733913,
            30.1373985
          ],
          [
            -2.1731797,
            30.1375737
          ],
          [
            -2.1729615,
            30.1377427
          ],
          [
            -2.1727368,
            30.1379053
          ],
          [
            -2.1721347,
            30.1382903
          ],
          [
            -2.1716774,
            30.1386371
          ],
          [
            -2.1714518,
            30.1388258
          ],
          [
            -2.171219,
            30.139008
          ],
          [
            -2.1709794,
            30.1391833
          ],
          [
            -2.170705,
            30.1393644
          ],
          [
            -2.1705816,
            30.1394485
          ],
          [
            -2.1704981,
            30.1395019
          ],
          [
            -2.1702576,
            30.1396459
          ],
          [
            -2.1700121,
            30.1397834
          ],
          [
            -2.1697618,
            30.1399142
          ],
          [
            -2.1695069,
            30.1400382
          ],
          [
            -2.1692477,
            30.1401554
          ],
          [
            -2.1689844,
            30.1402655
          ],
          [
            -2.1686751,
            30.1403854
          ],
          [
            -2.1683616,
            30.1404969
          ],
          [
            -2.1680442,
            30.1405999
          ],
          [
            -2.1677233,
            30.1406943
          ],
          [
            -2.1673991,
            30.14078
          ],
          [
            -2.167236,
            30.1408199
          ],
          [
            -2.167072,
            30.140857
          ],
          [
            -2.1668026,
            30.1409101
          ],
          [
            -2.166718,
            30.1409263
          ],
          [
            -2.1664965,
            30.1409643
          ],
          [
            -2.166206,
            30.1410052
          ],
          [
            -2.165914,
            30.1410377
          ],
          [
            -2.165621,
            30.1410616
          ],
          [
            -2.1653271,
            30.141077
          ],
          [
            -2.1650328,
            30.1410838
          ],
          [
            -2.1647385,
            30.141082
          ],
          [
            -2.1644117,
            30.1410728
          ],
          [
            -2.1640854,
            30.1410562
          ],
          [
            -2.1637596,
            30.1410321
          ],
          [
            -2.1634348,
            30.1410005
          ],
          [
            -2.163111,
            30.1409614
          ],
          [
            -2.1627885,
            30.140915
          ],
          [
            -2.1579354,
            30.1399802
          ],
          [
            -2.1578237,
            30.1399575
          ],
          [
            -2.1510717,
            30.1386403
          ],
          [
            -2.1510337,
            30.1386308
          ],
          [
            -2.1510082,
            30.1386221
          ],
          [
            -2.1509796,
            30.13861
          ],
          [
            -2.1509519,
            30.1385867
          ]
        ]
      },
      "properties": {
        "highway": "tertiary"
      }
    },
    {
      "type": "Feature",
      "geometry": {
        "type": "LineString",
        "coordinates": [
          [
            -2.1505545,
            30.1385931
          ],
          [
            -2.1505527,
            30.1386275
          ],
          [
            -2.1505588,
            30.1386615
          ],
          [
            -2.1505724,
            30.1386938
          ],
          [
            -2.150593,
            30.1387231
          ],
          [
            -2.1506199,
            30.1387484
          ],
          [
            -2.150652,
            30.1387687
          ],
          [
            -2.1506881,
            30.1387831
          ],
          [
            -2.1507268,
            30.1387911
          ],
          [
            -2.1507665,
            30.1387924
          ],
          [
            -2.1508057,
            30.138787
          ],
          [
            -2.150843,
            30.138775
          ],
          [
            -2.1508768,
            30.1387569
          ],
          [
            -2.1509059,
            30.1387335
          ],
          [
            -2.150929,
            30.1387056
          ],
          [
            -2.1509455,
            30.1386743
          ],
          [
            -2.1509545,
            30.1386408
          ],
          [
            -2.1509557,
            30.1386064
          ],
          [
            -2.1509519,
            30.1385867
          ],
          [
            -2.1509492,
            30.1385725
          ],
          [
            -2.150935,
            30.1385404
          ],
          [
            -2.1509139,
            30.1385113
          ],
          [
            -2.1508866,
            30.1384863
          ],
          [
            -2.1508542,
            30.1384665
          ],
          [
            -2.1508264,
            30.1384551
          ],
          [
            -2.150797,
            30.1384475
          ],
          [
            -2.1507666,
            30.1384439
          ],
          [
            -2.1507359,
            30.1384443
          ],
          [
            -2.1507056,
            30.1384488
          ],
          [
            -2.1506682,
            30.1384603
          ],
          [
            -2.1506341,
            30.1384779
          ],
          [
            -2.1506046,
            30.138501
          ],
          [
            -2.150581,
            30.1385287
          ],
          [
            -2.1505641,
            30.1385598
          ],
          [
            -2.1505545,
            30.1385931
          ]
        ]
      },
      "properties": {
        "highway": "tertiary"
      }
    },
    {
      "type": "Feature",
      "geometry": {
        "type": "LineString",
        "coordinates": [
          [
            -2.1508542,
            30.1384665
          ],
          [
            -2.1508513,
            30.1384391
          ],
          [
            -2.1508531,
            30.1384103
          ],
          [
            -2.1508579,
            30.1383844
          ],
          [
            -2.1514998,
            30.135893
          ],
          [
            -2.1515106,
            30.1358592
          ],
          [
            -2.1515251,
            30.1358265
          ],
          [
            -2.1515415,
            30.1357976
          ],
          [
            -2.1515722,
            30.1357644
          ]
        ]
      },
      "properties": {
        "highway": "tertiary"
      }
    },
    {
      "type": "Feature",
      "geometry": {
        "type": "LineString",
        "coordinates": [
          [
            -2.1514029,
            30.1357408
          ],
          [
            -2.151407,
            30.1357727
          ],
          [
            -2.1514079,
            30.1358048
          ],
          [
            -2.1514051,
            30.1358398
          ],
          [
            -2.1513985,
            30.1358744
          ],
          [
            -2.1507523,
            30.1383626
          ],
          [
            -2.1507441,
            30.1383878
          ],
          [
            -2.1507317,
            30.1384145
          ],
          [
            -2.1507172,
            30.1384353
          ],
          [
            -2.1507056,
            30.1384488
          ]
        ]
      },
      "properties": {
        "highway": "tertiary"
      }
    },
    {
      "type": "Feature",
      "geometry": {
        "type": "LineString",
        "coordinates": [
          [
            -2.1760576,
            30.132411
          ],
          [
            -2.1760544,
            30.1326041
          ],
          [
            -2.1758831,
            30.1332238
          ],
          [
            -2.1757863,
            30.1335995
          ],
          [
            -2.1757042,
            30.1339493
          ],
          [
            -2.1756224,
            30.1342896
          ],
          [
            -2.1755413,
            30.1346592
          ],
          [
            -2.1754579,
            30.1350695
          ],
          [
            -2.1754335,
            30.135169
          ],
          [
            -2.1754056,
            30.1352678
          ],
          [
            -2.1753819,
            30.1353517
          ],
          [
            -2.1753506,
            30.1354337
          ],
          [
            -2.1753056,
            30.1355248
          ],
          [
            -2.1752513,
            30.135612
          ]
        ]
      },
      "properties": {
        "highway": "tertiary",
        "maxspeed": "30"
      }
    },
    {
      "type": "Feature",
      "geometry": {
        "type": "LineString",
        "coordinates": [
          [
            -2.1761593,
            30.1324149
          ],
          [
            -2.1760576,
            30.132411
          ],
          [
            -2.1760111,
            30.1323697
          ],
          [
            -2.1756609,
            30.1320823
          ],
          [
            -2.1752196,
            30.1317295
          ],
          [
            -2.1744423,
            30.1310955
          ]
        ]
      },
      "properties": {
        "highway": "tertiary",
        "maxspeed": "30"
      }
    },
    {
      "type": "Feature",
      "geometry": {
        "type": "LineString",
        "coordinates": [
          [
            -2.1754512,
            30.1357726
          ],
          [
            -2.1754566,
            30.1356828
          ],
          [
            -2.175466,
            30.1355932
          ],
          [
            -2.1754772,
            30.1355164
          ],
          [
            -2.1754915,
            30.1354401
          ],
          [
            -2.1759166,
            30.1335803
          ],
          [
            -2.1761493,
            30.1325694
          ],
          [
            -2.1761593,
            30.1324149
          ]
        ]
      },
      "properties": {
        "highway": "tertiary"
      }
    },
    {
      "type": "Feature",
      "geometry": {
        "type": "LineString",
        "coordinates": [
          [
            -1.8283164,
            29.8706586
          ],
          [
            -1.8281853,
            29.8704633
          ],
          [
            -1.8281588,
            29.8704302
          ]
        ]
      },
      "properties": {
        "name": "طريق تامترت",
        "highway": "secondary",
        "maxspeed": "80"
      }
    },
    {
      "type": "Feature",
      "geometry": {
        "type": "LineString",
        "coordinates": [
          [
            -1.8280107,
            29.8705169
          ],
          [
            -1.8280611,
            29.8705393
          ],
          [
            -1.8282016,
            29.8706014
          ],
          [
            -1.8283164,
            29.8706586
          ]
        ]
      },
      "properties": {
        "name": "طريق تامترت",
        "highway": "secondary",
        "maxspeed": "80"
      }
    },
    {
      "type": "Feature",
      "geometry": {
        "type": "LineString",
        "coordinates": [
          [
            -1.8276559,
            29.8702818
          ],
          [
            -1.8278977,
            29.8704351
          ]
        ]
      },
      "properties": {
        "name": "طريق تامترت",
        "highway": "secondary",
        "maxspeed": "50"
      }
    },
    {
      "type": "Feature",
      "geometry": {
        "type": "LineString",
        "coordinates": [
          [
            -1.8279361,
            29.8703118
          ],
          [
            -1.8278664,
            29.8703119
          ],
          [
            -1.8278005,
            29.8703018
          ],
          [
            -1.8276559,
            29.8702818
          ]
        ]
      },
      "properties": {
        "name": "طريق تامترت",
        "highway": "secondary",
        "maxspeed": "50"
      }
    },
    {
      "type": "Feature",
      "geometry": {
        "type": "LineString",
        "coordinates": [
          [
            -1.8279114,
            29.8703378
          ],
          [
            -1.827896,
            29.8703686
          ],
          [
            -1.8278913,
            29.8704019
          ],
          [
            -1.8278977,
            29.8704351
          ],
          [
            -1.8279145,
            29.8704653
          ],
          [
            -1.8279405,
            29.8704902
          ],
          [
            -1.8279735,
            29.8705077
          ],
          [
            -1.8280107,
            29.8705169
          ],
          [
            -1.8280496,
            29.8705158
          ],
          [
            -1.8280865,
            29.8705056
          ],
          [
            -1.8281186,
            29.8704869
          ],
          [
            -1.8281434,
            29.870461
          ],
          [
            -1.8281588,
            29.8704302
          ],
          [
            -1.8281634,
            29.8703969
          ],
          [
            -1.828157,
            29.8703637
          ],
          [
            -1.8281402,
            29.8703335
          ],
          [
            -1.8281142,
            29.8703086
          ],
          [
            -1.8280812,
            29.8702911
          ],
          [
            -1.8280438,
            29.8702823
          ],
          [
            -1.8280051,
            29.870283
          ],
          [
            -1.8279682,
            29.8702932
          ],
          [
            -1.8279361,
            29.8703118
          ],
          [
            -1.8279114,
            29.8703378
          ]
        ]
      },
      "properties": {
        "highway": "secondary"
      }
    },
    {
      "type": "Feature",
      "geometry": {
        "type": "LineString",
        "coordinates": [
          [
            -1.8282922,
            29.8700056
          ],
          [
            -1.8282344,
            29.8700649
          ],
          [
            -1.8281793,
            29.8701235
          ],
          [
            -1.8280438,
            29.8702823
          ]
        ]
      },
      "properties": {
        "highway": "secondary"
      }
    },
    {
      "type": "Feature",
      "geometry": {
        "type": "LineString",
        "coordinates": [
          [
            -2.1535689,
            30.128078
          ],
          [
            -2.1535921,
            30.128054
          ],
          [
            -2.1536073,
            30.1280152
          ],
          [
            -2.1536151,
            30.1279856
          ],
          [
            -2.1536191,
            30.1279574
          ],
          [
            -2.1536308,
            30.1279119
          ],
          [
            -2.1537374,
            30.1273939
          ],
          [
            -2.1538159,
            30.1270107
          ],
          [
            -2.1538921,
            30.1266645
          ],
          [
            -2.1539959,
            30.1262852
          ],
          [
            -2.1542185,
            30.1254801
          ],
          [
            -2.1543901,
            30.124902
          ],
          [
            -2.1544327,
            30.1247672
          ],
          [
            -2.1544714,
            30.1245911
          ],
          [
            -2.1544831,
            30.1244703
          ],
          [
            -2.1544888,
            30.124352
          ],
          [
            -2.1544888,
            30.1241541
          ],
          [
            -2.1544719,
            30.123898
          ],
          [
            -2.154454,
            30.1236536
          ],
          [
            -2.1544338,
            30.1233946
          ],
          [
            -2.1544338,
            30.1231172
          ],
          [
            -2.1544854,
            30.1228281
          ],
          [
            -2.1545415,
            30.1225798
          ],
          [
            -2.1546177,
            30.1223256
          ],
          [
            -2.1546996,
            30.1220822
          ],
          [
            -2.1548005,
            30.1218658
          ],
          [
            -2.1549317,
            30.1216175
          ],
          [
            -2.155105,
            30.1212892
          ],
          [
            -2.1552166,
            30.1210646
          ],
          [
            -2.1553601,
            30.1208027
          ],
          [
            -2.1555396,
            30.1204574
          ],
          [
            -2.155793,
            30.1199762
          ],
          [
            -2.1560835,
            30.1194175
          ],
          [
            -2.1563627,
            30.1189198
          ],
          [
            -2.1565882,
            30.1185008
          ],
          [
            -2.1566969,
            30.118313
          ],
          [
            -2.1567625,
            30.118202
          ],
          [
            -2.1568279,
            30.1181035
          ],
          [
            -2.156928,
            30.1179803
          ],
          [
            -2.1569913,
            30.1179114
          ],
          [
            -2.1570177,
            30.117882
          ],
          [
            -2.157043,
            30.1178493
          ],
          [
            -2.1570613,
            30.1178133
          ],
          [
            -2.157072,
            30.117775
          ]
        ]
      },
      "properties": {
        "name": "Route Béni Abbès - Tamtert; طريق بني عباس - تامترت",
        "highway": "secondary",
        "maxspeed": "60"
      }
    },
    {
      "type": "Feature",
      "geometry": {
        "type": "LineString",
        "coordinates": [
          [
            -2.157072,
            30.117775
          ],
          [
            -2.1570345,
            30.1177921
          ],
          [
            -2.1570014,
            30.117813
          ],
          [
            -2.1569667,
            30.1178401
          ],
          [
            -2.1569358,
            30.1178702
          ],
          [
            -2.1568629,
            30.1179585
          ],
          [
            -2.1567715,
            30.1180754
          ],
          [
            -2.1567003,
            30.1181782
          ],
          [
            -2.1566341,
            30.1182815
          ],
          [
            -2.1565197,
            30.1184707
          ],
          [
            -2.1562887,
            30.1188956
          ],
          [
            -2.1560218,
            30.1193942
          ],
          [
            -2.1557269,
            30.1199578
          ],
          [
            -2.1554723,
            30.1204418
          ],
          [
            -2.1550349,
            30.1212644
          ],
          [
            -2.1548577,
            30.1215962
          ],
          [
            -2.1547276,
            30.1218503
          ],
          [
            -2.1546312,
            30.1220676
          ],
          [
            -2.154546,
            30.1223159
          ],
          [
            -2.1544697,
            30.1225701
          ],
          [
            -2.1544091,
            30.1228204
          ],
          [
            -2.154362,
            30.1231191
          ],
          [
            -2.1543531,
            30.1234004
          ],
          [
            -2.15438,
            30.123674
          ],
          [
            -2.1544091,
            30.1239048
          ],
          [
            -2.1544181,
            30.1241512
          ],
          [
            -2.154417,
            30.1243539
          ],
          [
            -2.1544125,
            30.1244703
          ],
          [
            -2.1543979,
            30.1245819
          ],
          [
            -2.154362,
            30.1247458
          ],
          [
            -2.1543194,
            30.1248826
          ],
          [
            -2.1541557,
            30.1254607
          ],
          [
            -2.1539353,
            30.1262721
          ],
          [
            -2.1538372,
            30.1266499
          ],
          [
            -2.1537452,
            30.1269933
          ],
          [
            -2.1536667,
            30.1273774
          ],
          [
            -2.1535658,
            30.1279022
          ],
          [
            -2.1535591,
            30.1279536
          ],
          [
            -2.1535571,
            30.1279796
          ],
          [
            -2.1535579,
            30.1280093
          ],
          [
            -2.1535621,
            30.1280447
          ],
          [
            -2.1535689,
            30.128078
          ]
        ]
      },
      "properties": {
        "name": "Route Béni Abbès - Tamtert; طريق بني عباس - تامترت",
        "highway": "secondary",
        "maxspeed": "60"
      }
    },
    {
      "type": "Feature",
      "geometry": {
        "type": "LineString",
        "coordinates": [
          [
            -1.6059246,
            29.5757077
          ],
          [
            -1.605899,
            29.5756398
          ],
          [
            -1.6058694,
            29.5755921
          ],
          [
            -1.6058258,
            29.5755431
          ],
          [
            -1.6057829,
            29.5755017
          ],
          [
            -1.6057342,
            29.5754636
          ],
          [
            -1.6049291,
            29.5748945
          ],
          [
            -1.6043622,
            29.5744962
          ],
          [
            -1.6043214,
            29.574471
          ],
          [
            -1.6042855,
            29.5744497
          ],
          [
            -1.6042406,
            29.5744269
          ],
          [
            -1.6041905,
            29.5744085
          ]
        ]
      },
      "properties": {
        "highway": "tertiary"
      }
    },
    {
      "type": "Feature",
      "geometry": {
        "type": "LineString",
        "coordinates": [
          [
            -1.6041905,
            29.5744085
          ],
          [
            -1.6038404,
            29.5741661
          ],
          [
            -1.60317,
            29.5737018
          ],
          [
            -1.6025959,
            29.5732821
          ],
          [
            -1.6025759,
            29.5732675
          ],
          [
            -1.6021089,
            29.5729165
          ],
          [
            -1.6006481,
            29.5717208
          ],
          [
            -1.5997253,
            29.5710027
          ],
          [
            -1.5977527,
            29.5693487
          ],
          [
            -1.5970503,
            29.5687411
          ],
          [
            -1.5964638,
            29.5681887
          ],
          [
            -1.5949059,
            29.5664405
          ],
          [
            -1.5947483,
            29.566282
          ],
          [
            -1.5944722,
            29.5660634
          ],
          [
            -1.5925613,
            29.5647027
          ],
          [
            -1.5922788,
            29.5644345
          ],
          [
            -1.5919277,
            29.5640479
          ],
          [
            -1.5918852,
            29.5639272
          ],
          [
            -1.591888,
            29.563804
          ],
          [
            -1.5919447,
            29.5636982
          ],
          [
            -1.5931338,
            29.5624594
          ]
        ]
      },
      "properties": {
        "highway": "tertiary"
      }
    },
    {
      "type": "Feature",
      "geometry": {
        "type": "LineString",
        "coordinates": [
          [
            -1.6085979,
            29.5788715
          ],
          [
            -1.6077243,
            29.5797919
          ],
          [
            -1.6051862,
            29.5824752
          ],
          [
            -1.6042888,
            29.5834714
          ],
          [
            -1.6029141,
            29.5849977
          ],
          [
            -1.6026076,
            29.5852388
          ]
        ]
      },
      "properties": {
        "highway": "tertiary"
      }
    },
    {
      "type": "Feature",
      "geometry": {
        "type": "LineString",
        "coordinates": [
          [
            -2.2966691,
            30.4920843
          ],
          [
            -2.2966194,
            30.4918378
          ],
          [
            -2.2966069,
            30.4916308
          ],
          [
            -2.2966079,
            30.491519
          ],
          [
            -2.296624,
            30.4913905
          ],
          [
            -2.2966428,
            30.4912579
          ],
          [
            -2.2966755,
            30.4911334
          ],
          [
            -2.2967463,
            30.4909596
          ],
          [
            -2.2968493,
            30.4908302
          ],
          [
            -2.297076,
            30.4905807
          ],
          [
            -2.2973557,
            30.4903106
          ],
          [
            -2.2980604,
            30.4896804
          ],
          [
            -2.2982803,
            30.4894909
          ],
          [
            -2.2984275,
            30.4893614
          ],
          [
            -2.2985968,
            30.4892066
          ],
          [
            -2.2987842,
            30.4890381
          ]
        ]
      },
      "properties": {
        "highway": "primary",
        "maxspeed": "60",
        "ref": "RN 6B"
      }
    },
    {
      "type": "Feature",
      "geometry": {
        "type": "LineString",
        "coordinates": [
          [
            -2.2984101,
            30.4889187
          ],
          [
            -2.2984373,
            30.4889834
          ],
          [
            -2.2984884,
            30.4890363
          ],
          [
            -2.2985574,
            30.489071
          ],
          [
            -2.2986359,
            30.4890834
          ],
          [
            -2.2987147,
            30.489072
          ],
          [
            -2.2987842,
            30.4890381
          ],
          [
            -2.2988344,
            30.4889886
          ],
          [
            -2.298863,
            30.4889276
          ],
          [
            -2.2988672,
            30.488863
          ],
          [
            -2.298847,
            30.4888006
          ],
          [
            -2.2988048,
            30.4887471
          ],
          [
            -2.2987448,
            30.4887081
          ],
          [
            -2.2986734,
            30.4886878
          ],
          [
            -2.2986446,
            30.4886855
          ],
          [
            -2.2985864,
            30.4886904
          ],
          [
            -2.2985315,
            30.4887077
          ],
          [
            -2.2984834,
            30.4887363
          ],
          [
            -2.2984452,
            30.4887744
          ],
          [
            -2.2984193,
            30.4888196
          ],
          [
            -2.2984074,
            30.4888686
          ],
          [
            -2.2984101,
            30.4889187
          ]
        ]
      },
      "properties": {
        "highway": "primary",
        "maxspeed": "60",
        "ref": "RN 6B"
      }
    },
    {
      "type": "Feature",
      "geometry": {
        "type": "LineString",
        "coordinates": [
          [
            -2.2984101,
            30.4889187
          ],
          [
            -2.2983448,
            30.4891297
          ],
          [
            -2.2982846,
            30.4892604
          ],
          [
            -2.2982176,
            30.4893646
          ],
          [
            -2.2981199,
            30.4894812
          ],
          [
            -2.2972436,
            30.490251
          ],
          [
            -2.2969794,
            30.490524
          ],
          [
            -2.2967311,
            30.4907963
          ],
          [
            -2.2966263,
            30.4909402
          ],
          [
            -2.2965584,
            30.4910903
          ],
          [
            -2.2965117,
            30.4912367
          ],
          [
            -2.2964904,
            30.4913879
          ],
          [
            -2.2964886,
            30.4914994
          ],
          [
            -2.2964919,
            30.4916112
          ],
          [
            -2.2965357,
            30.4918137
          ],
          [
            -2.2966691,
            30.4920843
          ]
        ]
      },
      "properties": {
        "highway": "primary",
        "maxspeed": "60",
        "ref": "RN 6B"
      }
    },
    {
      "type": "Feature",
      "geometry": {
        "type": "LineString",
        "coordinates": [
          [
            -2.2994286,
            30.4881407
          ],
          [
            -2.2992651,
            30.4882834
          ],
          [
            -2.2991306,
            30.488399
          ],
          [
            -2.298986,
            30.4885047
          ],
          [
            -2.2988334,
            30.4886018
          ],
          [
            -2.2986734,
            30.4886878
          ]
        ]
      },
      "properties": {
        "highway": "primary",
        "maxspeed": "60",
        "ref": "RN 6B"
      }
    },
    {
      "type": "Feature",
      "geometry": {
        "type": "LineString",
        "coordinates": [
          [
            -2.2986446,
            30.4886855
          ],
          [
            -2.2985759,
            30.4885435
          ],
          [
            -2.2985108,
            30.4883967
          ],
          [
            -2.2984466,
            30.4882517
          ],
          [
            -2.298386,
            30.4881045
          ]
        ]
      },
      "properties": {
        "highway": "secondary"
      }
    },
    {
      "type": "Feature",
      "geometry": {
        "type": "LineString",
        "coordinates": [
          [
            -2.2991306,
            30.488399
          ],
          [
            -2.2990323,
            30.4884373
          ],
          [
            -2.2989278,
            30.4884606
          ],
          [
            -2.2988203,
            30.4884682
          ],
          [
            -2.2987129,
            30.4884598
          ],
          [
            -2.2986087,
            30.4884358
          ],
          [
            -2.2985108,
            30.4883967
          ]
        ]
      },
      "properties": {
        "highway": "primary_link"
      }
    },
    {
      "type": "Feature",
      "geometry": {
        "type": "LineString",
        "coordinates": [
          [
            -2.298386,
            30.4881045
          ],
          [
            -2.2983995,
            30.488343
          ],
          [
            -2.2984113,
            30.4885816
          ],
          [
            -2.2984193,
            30.4888196
          ]
        ]
      },
      "properties": {
        "highway": "secondary"
      }
    },
    {
      "type": "Feature",
      "geometry": {
        "type": "LineString",
        "coordinates": [
          [
            -2.298863,
            30.4889276
          ],
          [
            -2.2990197,
            30.4887394
          ],
          [
            -2.2991665,
            30.4885452
          ],
          [
            -2.2993029,
            30.4883455
          ],
          [
            -2.2994286,
            30.4881407
          ]
        ]
      },
      "properties": {
        "highway": "primary",
        "maxspeed": "60",
        "ref": "RN 6B"
      }
    },
    {
      "type": "Feature",
      "geometry": {
        "type": "LineString",
        "coordinates": [
          [
            -1.5994441,
            29.5826041
          ],
          [
            -1.5993784,
            29.5826443
          ],
          [
            -1.5993061,
            29.5826745
          ],
          [
            -1.599229,
            29.582694
          ],
          [
            -1.5991493,
            29.5827023
          ],
          [
            -1.5990691,
            29.582699
          ]
        ]
      },
      "properties": {
        "highway": "primary_link"
      }
    },
    {
      "type": "Feature",
      "geometry": {
        "type": "LineString",
        "coordinates": [
          [
            -1.6041905,
            29.5744085
          ],
          [
            -1.6042238,
            29.5744473
          ],
          [
            -1.6042574,
            29.5744823
          ],
          [
            -1.6042855,
            29.5745092
          ],
          [
            -1.6043204,
            29.5745392
          ],
          [
            -1.6056762,
            29.5755114
          ],
          [
            -1.6057103,
            29.5755406
          ],
          [
            -1.605735,
            29.5755764
          ],
          [
            -1.6057488,
            29.5756163
          ],
          [
            -1.6057507,
            29.575658
          ],
          [
            -1.6057418,
            29.5757004
          ]
        ]
      },
      "properties": {
        "highway": "tertiary"
      }
    }
  ]
}