{
  "type": "FeatureCollection",
  "features": [
    {
      "type": "Feature",
      "geometry": {
        "type": "LineString",
        "coordinates": [
          [
            5.7906144,
            19.4824627
          ],
          [
            5.7898746,
            19.4839736
          ],
          [
            5.7894298,
            19.4848854
          ],
          [
            5.7890501,
            19.4856619
          ],
          [
            5.7882745,
            19.4872383
          ],
          [
            5.7874241,
            19.4889875
          ],
          [
            5.7872591,
            19.4893361
          ],
          [
            5.7868378,
            19.4901808
          ],
          [
            5.7863831,
            19.491075
          ],
          [
            5.7862207,
            19.4913716
          ],
          [
            5.7860237,
            19.4916718
          ],
          [
            5.7855402,
            19.4923563
          ],
          [
            5.7840951,
            19.4941355
          ],
          [
            5.7835491,
            19.4948741
          ],
          [
            5.7829173,
            19.4957543
          ],
          [
            5.7825334,
            19.4963061
          ],
          [
            5.7815129,
            19.4975829
          ],
          [
            5.7805872,
            19.4986952
          ],
          [
            5.77973,
            19.4996305
          ],
          [
            5.7788085,
            19.5006165
          ],
          [
            5.7783373,
            19.501157
          ],
          [
            5.7778768,
            19.5017127
          ],
          [
            5.7775058,
            19.5022045
          ],
          [
            5.7770919,
            19.5027771
          ],
          [
            5.7765558,
            19.5035614
          ],
          [
            5.7760684,
            19.5043909
          ],
          [
            5.7754701,
            19.5054805
          ],
          [
            5.7752793,
            19.5058704
          ],
          [
            5.7750885,
            19.5062906
          ],
          [
            5.7749117,
            19.5067313
          ],
          [
            5.7747456,
            19.5072024
          ],
          [
            5.774575,
            19.5078089
          ],
          [
            5.7743245,
            19.5086009
          ],
          [
            5.7737457,
            19.5111172
          ],
          [
            5.7735599,
            19.5119667
          ],
          [
            5.7734253,
            19.5125824
          ],
          [
            5.7733562,
            19.5130471
          ],
          [
            5.7733516,
            19.5136078
          ],
          [
            5.7733916,
            19.5140281
          ],
          [
            5.7734853,
            19.5144433
          ],
          [
            5.7735781,
            19.514777
          ],
          [
            5.7737138,
            19.515141
          ],
          [
            5.7756283,
            19.5197453
          ],
          [
            5.7758884,
            19.5203734
          ],
          [
            5.7760948,
            19.5209307
          ],
          [
            5.7764075,
            19.5219134
          ],
          [
            5.7766283,
            19.5227536
          ],
          [
            5.7767686,
            19.5234371
          ],
          [
            5.7768952,
            19.5241721
          ],
          [
            5.7770851,
            19.5257468
          ],
          [
            5.7773516,
            19.5279564
          ],
          [
            5.7776064,
            19.5302868
          ],
          [
            5.778041,
            19.5338786
          ],
          [
            5.7781018,
            19.5344103
          ],
          [
            5.7781622,
            19.5348729
          ],
          [
            5.7782707,
            19.5357256
          ],
          [
            5.7783593,
            19.5363099
          ],
          [
            5.7784465,
            19.5369128
          ],
          [
            5.7786524,
            19.5380623
          ],
          [
            5.7787313,
            19.5385596
          ],
          [
            5.7787804,
            19.538796
          ],
          [
            5.7788396,
            19.5390517
          ],
          [
            5.7789239,
            19.5393761
          ],
          [
            5.7790391,
            19.5397696
          ],
          [
            5.7790706,
            19.5398932
          ],
          [
            5.7791358,
            19.5401786
          ],
          [
            5.7791908,
            19.5404314
          ],
          [
            5.7792243,
            19.5406577
          ],
          [
            5.7792481,
            19.540874
          ],
          [
            5.7792552,
            19.5411291
          ],
          [
            5.7792507,
            19.5413903
          ],
          [
            5.779231,
            19.5415891
          ],
          [
            5.779194,
            19.5418437
          ],
          [
            5.7790891,
            19.5423159
          ],
          [
            5.7787104,
            19.5439832
          ],
          [
            5.7784987,
            19.5448658
          ],
          [
            5.7783755,
            19.5453338
          ],
          [
            5.778299,
            19.5455765
          ],
          [
            5.7782115,
            19.5458271
          ],
          [
            5.7780235,
            19.5462532
          ],
          [
            5.7778462,
            19.5466186
          ],
          [
            5.777729,
            19.5468214
          ],
          [
            5.7776,
            19.5470234
          ],
          [
            5.7774447,
            19.5472498
          ],
          [
            5.777284,
            19.5474636
          ],
          [
            5.7771309,
            19.5476429
          ],
          [
            5.7769672,
            19.5478117
          ],
          [
            5.7757166,
            19.5490915
          ],
          [
            5.7751054,
            19.5497169
          ],
          [
            5.7734339,
            19.5514448
          ],
          [
            5.7720747,
            19.5528818
          ]
        ]
      },
      "properties": {
        "name": "Trans-Sahara",
        "highway": "primary",
        "maxspeed": "80",
        "ref": "RN 1"
      }
    },
    {
      "type": "Feature",
      "geometry": {
        "type": "LineString",
        "coordinates": [
          [
            5.7726133,
            19.5697076
          ],
          [
            5.7725165,
            19.5697262
          ],
          [
            5.7724481,
            19.5697334
          ],
          [
            5.7721381,
            19.5697998
          ],
          [
            5.7718497,
            19.5698712
          ],
          [
            5.7708376,
            19.5701363
          ],
          [
            5.7703261,
            19.5702914
          ],
          [
            5.769952,
            19.570408
          ],
          [
            5.7691502,
            19.5706433
          ],
          [
            5.768943,
            19.5707049
          ],
          [
            5.7688405,
            19.5707315
          ]
        ]
      },
      "properties": {
        "highway": "tertiary"
      }
    },
    {
      "type": "Feature",
      "geometry": {
        "type": "LineString",
        "coordinates": [
          [
            5.7716248,
            19.5632203
          ],
          [
            5.7714802,
            19.5632506
          ],
          [
            5.7711788,
            19.5633138
          ],
          [
            5.7711088,
            19.5633262
          ],
          [
            5.7709889,
            19.5633474
          ],
          [
            5.7708744,
            19.5633676
          ],
          [
            5.7705812,
            19.5634234
          ],
          [
            5.7702185,
            19.5634931
          ],
          [
            5.7698799,
            19.5635653
          ],
          [
            5.7694747,
            19.5636518
          ],
          [
            5.7681509,
            19.5639535
          ],
          [
            5.7680037,
            19.56399
          ],
          [
            5.7673487,
            19.5641523
          ],
          [
            5.7661604,
            19.564451
          ],
          [
            5.7656528,
            19.5645645
          ],
          [
            5.764213,
            19.5648866
          ],
          [
            5.7632867,
            19.5650786
          ],
          [
            5.7626751,
            19.5652076
          ],
          [
            5.7615864,
            19.5654275
          ],
          [
            5.7596591,
            19.5658241
          ],
          [
            5.757519,
            19.5662747
          ],
          [
            5.7560788,
            19.5665722
          ],
          [
            5.7556886,
            19.5666423
          ],
          [
            5.7554242,
            19.5666864
          ],
          [
            5.7552049,
            19.566712
          ],
          [
            5.7550067,
            19.5667278
          ],
          [
            5.7547485,
            19.5667352
          ],
          [
            5.7545233,
            19.5667192
          ],
          [
            5.7538976,
            19.5666216
          ],
          [
            5.7533121,
            19.5665069
          ],
          [
            5.7524438,
            19.5663512
          ],
          [
            5.7522803,
            19.5663246
          ],
          [
            5.7521527,
            19.5662759
          ],
          [
            5.7520602,
            19.5661998
          ],
          [
            5.7519823,
            19.5661064
          ],
          [
            5.7519445,
            19.5660177
          ],
          [
            5.7519271,
            19.5659237
          ]
        ]
      },
      "properties": {
        "highway": "tertiary"
      }
    },
    {
      "type": "Feature",
      "geometry": {
        "type": "LineString",
        "coordinates": [
          [
            5.7744852,
            19.5911906
          ],
          [
            5.7744395,
            19.5910907
          ],
          [
            5.7743615,
            19.590925
          ],
          [
            5.7742796,
            19.59074
          ],
          [
            5.7741289,
            19.5903806
          ],
          [
            5.7739921,
            19.5900255
          ],
          [
            5.7737561,
            19.5895024
          ],
          [
            5.7736088,
            19.5891261
          ],
          [
            5.773427,
            19.5887098
          ],
          [
            5.7732521,
            19.5882983
          ],
          [
            5.7731067,
            19.5879442
          ],
          [
            5.7729736,
            19.5875586
          ],
          [
            5.7728347,
            19.58721
          ],
          [
            5.7726893,
            19.5867804
          ],
          [
            5.7725737,
            19.5864311
          ],
          [
            5.7724461,
            19.586053
          ],
          [
            5.772294,
            19.5854867
          ],
          [
            5.7721289,
            19.5849556
          ],
          [
            5.7719407,
            19.5843505
          ],
          [
            5.7718672,
            19.5841139
          ],
          [
            5.7715538,
            19.5831061
          ],
          [
            5.7713856,
            19.582565
          ],
          [
            5.771326,
            19.5823882
          ],
          [
            5.7711605,
            19.5818972
          ]
        ]
      },
      "properties": {
        "highway": "tertiary"
      }
    },
    {
      "type": "Feature",
      "geometry": {
        "type": "LineString",
        "coordinates": [
          [
            5.7914015,
            19.4819046
          ],
          [
            5.7914243,
            19.4820334
          ],
          [
            5.791402,
            19.4821623
          ],
          [
            5.7913372,
            19.4822777
          ],
          [
            5.7912366,
            19.4823674
          ],
          [
            5.7911107,
            19.4824221
          ],
          [
            5.790973,
            19.4824358
          ],
          [
            5.7908378,
            19.4824072
          ],
          [
            5.7907206,
            19.4823402
          ],
          [
            5.790632,
            19.4822417
          ],
          [
            5.7905797,
            19.4821157
          ],
          [
            5.7905747,
            19.4819805
          ],
          [
            5.7906175,
            19.4818514
          ],
          [
            5.7907033,
            19.4817429
          ],
          [
            5.7908224,
            19.4816674
          ],
          [
            5.7909613,
            19.4816334
          ],
          [
            5.7911043,
            19.4816447
          ],
          [
            5.7912352,
            19.4817001
          ],
          [
            5.7913362,
            19.4817895
          ],
          [
            5.7914015,
            19.4819046
          ]
        ]
      },
      "properties": {
        "name": "الطريق العابر للصحراء",
        "highway": "primary",
        "ref": "RN 1"
      }
    },
    {
      "type": "Feature",
      "geometry": {
        "type": "LineString",
        "coordinates": [
          [
            5.7756355,
            19.8942692
          ],
          [
            5.7734296,
            19.9011205
          ],
          [
            5.7729587,
            19.902587
          ],
          [
            5.7727146,
            19.9033587
          ],
          [
            5.77261,
            19.9036992
          ],
          [
            5.7725099,
            19.9039997
          ],
          [
            5.7723954,
            19.9042439
          ],
          [
            5.7722568,
            19.9045233
          ],
          [
            5.7721165,
            19.904761
          ],
          [
            5.7719153,
            19.9050661
          ],
          [
            5.7715639,
            19.9056412
          ],
          [
            5.771226,
            19.9061884
          ],
          [
            5.7709795,
            19.9066866
          ],
          [
            5.7705345,
            19.9079295
          ],
          [
            5.7703435,
            19.9084531
          ],
          [
            5.7701665,
            19.9089499
          ],
          [
            5.7700342,
            19.909449
          ],
          [
            5.7699707,
            19.9097973
          ],
          [
            5.7699224,
            19.9101301
          ],
          [
            5.7698876,
            19.9104454
          ],
          [
            5.7698608,
            19.9107877
          ],
          [
            5.7698554,
            19.9114869
          ],
          [
            5.7698742,
            19.9122006
          ],
          [
            5.7699374,
            19.9131631
          ],
          [
            5.7700591,
            19.9136261
          ],
          [
            5.7703441,
            19.9142832
          ],
          [
            5.7739496,
            19.9208195
          ],
          [
            5.7745662,
            19.9225363
          ],
          [
            5.7766085,
            19.9309774
          ],
          [
            5.7778859,
            19.9380123
          ],
          [
            5.7787515,
            19.9458124
          ],
          [
            5.7790817,
            19.9471969
          ],
          [
            5.7794909,
            19.9482103
          ],
          [
            5.7821624,
            19.9540361
          ],
          [
            5.7838982,
            19.9570413
          ],
          [
            5.7849752,
            19.9587797
          ],
          [
            5.7855268,
            19.9595592
          ],
          [
            5.7867641,
            19.9609957
          ],
          [
            5.7894769,
            19.963639
          ],
          [
            5.7900257,
            19.9641686
          ],
          [
            5.7911855,
            19.965168
          ],
          [
            5.7926523,
            19.9663133
          ],
          [
            5.794394,
            19.9676042
          ],
          [
            5.7961518,
            19.9687885
          ],
          [
            5.7996107,
            19.970823
          ],
          [
            5.8017255,
            19.9720893
          ],
          [
            5.8033299,
            19.9733503
          ],
          [
            5.8076208,
            19.9771117
          ],
          [
            5.8114077,
            19.9804078
          ],
          [
            5.8177699,
            19.9872011
          ],
          [
            5.8282614,
            19.9985452
          ],
          [
            5.8286305,
            19.9990594
          ],
          [
            5.8287635,
            19.9997429
          ],
          [
            5.8286766,
            20.0002999
          ],
          [
            5.8284905,
            20.000745
          ],
          [
            5.8282056,
            20.0012219
          ],
          [
            5.8256522,
            20.0055832
          ],
          [
            5.8226095,
            20.0124969
          ],
          [
            5.8223058,
            20.013509
          ],
          [
            5.8221546,
            20.0145948
          ],
          [
            5.8222833,
            20.0158216
          ],
          [
            5.8226052,
            20.0167762
          ],
          [
            5.8234206,
            20.0180625
          ],
          [
            5.8246222,
            20.0197047
          ],
          [
            5.828034,
            20.0244535
          ],
          [
            5.8307376,
            20.0281681
          ],
          [
            5.8313631,
            20.0296801
          ],
          [
            5.831573,
            20.0304363
          ],
          [
            5.8316857,
            20.0310008
          ],
          [
            5.8317515,
            20.0314108
          ],
          [
            5.8318251,
            20.0323465
          ],
          [
            5.8319324,
            20.0338635
          ],
          [
            5.8320101,
            20.0349911
          ],
          [
            5.8319995,
            20.0354182
          ],
          [
            5.8319887,
            20.0357987
          ],
          [
            5.8319538,
            20.0361482
          ],
          [
            5.8318976,
            20.036469
          ],
          [
            5.8318064,
            20.0368646
          ],
          [
            5.8317327,
            20.0371597
          ],
          [
            5.8316267,
            20.037477
          ],
          [
            5.8315247,
            20.0377516
          ],
          [
            5.8314282,
            20.0379809
          ],
          [
            5.8312565,
            20.0383513
          ],
          [
            5.8309227,
            20.0390995
          ],
          [
            5.8294073,
            20.042096
          ],
          [
            5.8283946,
            20.0440133
          ],
          [
            5.8280379,
            20.044739
          ],
          [
            5.8277884,
            20.0453034
          ],
          [
            5.8276463,
            20.0456612
          ],
          [
            5.8275083,
            20.0460213
          ],
          [
            5.8261886,
            20.0498839
          ],
          [
            5.8206118,
            20.0660875
          ],
          [
            5.8121982,
            20.0905489
          ],
          [
            5.8094291,
            20.098286
          ],
          [
            5.8076692,
            20.1026016
          ],
          [
            5.8068055,
            20.1048131
          ],
          [
            5.8065909,
            20.1053622
          ],
          [
            5.8063871,
            20.1059969
          ],
          [
            5.8060592,
            20.1071845
          ],
          [
            5.8021807,
            20.122142
          ],
          [
            5.8016878,
            20.1240654
          ],
          [
            5.8012426,
            20.1258485
          ],
          [
            5.8004943,
            20.1292206
          ],
          [
            5.7991176,
            20.1358813
          ],
          [
            5.7970362,
            20.1462068
          ],
          [
            5.7952896,
            20.155163
          ],
          [
            5.7942725,
            20.1623168
          ],
          [
            5.792411,
            20.1782791
          ],
          [
            5.791601,
            20.1865155
          ],
          [
            5.7906461,
            20.1974469
          ],
          [
            5.7904122,
            20.2051757
          ],
          [
            5.789908,
            20.2207511
          ],
          [
            5.7898442,
            20.2231103
          ],
          [
            5.7895019,
            20.2357651
          ],
          [
            5.7893354,
            20.2431056
          ],
          [
            5.7893349,
            20.2431287
          ],
          [
            5.7892335,
            20.246204
          ],
          [
            5.7891512,
            20.2467702
          ],
          [
            5.7890445,
            20.2475038
          ],
          [
            5.7886968,
            20.2500353
          ],
          [
            5.7885734,
            20.2517366
          ],
          [
            5.7885569,
            20.2525965
          ],
          [
            5.7884682,
            20.2581979
          ],
          [
            5.7881966,
            20.2611463
          ],
          [
            5.7877392,
            20.2642639
          ],
          [
            5.7871506,
            20.2670615
          ],
          [
            5.7862973,
            20.2701953
          ],
          [
            5.7850664,
            20.2737109
          ],
          [
            5.782463,
            20.2800733
          ],
          [
            5.7765568,
            20.2975913
          ],
          [
            5.7756094,
            20.300445
          ],
          [
            5.7751977,
            20.3020692
          ],
          [
            5.7749061,
            20.3034201
          ],
          [
            5.7746587,
            20.3058786
          ],
          [
            5.7745909,
            20.3076863
          ],
          [
            5.7746572,
            20.3089526
          ],
          [
            5.7749343,
            20.3126788
          ],
          [
            5.7748595,
            20.3154516
          ],
          [
            5.7745334,
            20.3179443
          ],
          [
            5.7741094,
            20.3199138
          ],
          [
            5.7736296,
            20.321517
          ],
          [
            5.7729959,
            20.323202
          ],
          [
            5.770555,
            20.3287564
          ],
          [
            5.7698789,
            20.3299173
          ],
          [
            5.7688845,
            20.3311073
          ],
          [
            5.7683215,
            20.3316373
          ],
          [
            5.7554429,
            20.3422094
          ],
          [
            5.7550413,
            20.3425391
          ],
          [
            5.7523647,
            20.3451331
          ],
          [
            5.7498411,
            20.3478255
          ],
          [
            5.7488285,
            20.3490928
          ],
          [
            5.7481139,
            20.3501356
          ],
          [
            5.7473344,
            20.3515389
          ],
          [
            5.7461162,
            20.3539753
          ],
          [
            5.7457015,
            20.3545501
          ],
          [
            5.7452131,
            20.3550162
          ],
          [
            5.744585,
            20.3554763
          ],
          [
            5.7440638,
            20.3557328
          ],
          [
            5.7431244,
            20.3560723
          ],
          [
            5.7422238,
            20.3563176
          ],
          [
            5.7394103,
            20.357084
          ],
          [
            5.7390889,
            20.357226
          ],
          [
            5.7389195,
            20.3573009
          ],
          [
            5.7385633,
            20.3576002
          ],
          [
            5.7383428,
            20.3578647
          ],
          [
            5.7381974,
            20.3581654
          ],
          [
            5.7379436,
            20.3590487
          ],
          [
            5.7374846,
            20.3609921
          ],
          [
            5.7373641,
            20.3614652
          ],
          [
            5.737172,
            20.3618499
          ],
          [
            5.7369547,
            20.3621224
          ],
          [
            5.7366184,
            20.3623993
          ],
          [
            5.735583,
            20.3629549
          ],
          [
            5.734515,
            20.3635563
          ],
          [
            5.7338504,
            20.3640081
          ],
          [
            5.7305677,
            20.3666201
          ],
          [
            5.7272521,
            20.3693351
          ],
          [
            5.7268532,
            20.3698111
          ],
          [
            5.7264397,
            20.3704735
          ],
          [
            5.7261685,
            20.3712648
          ],
          [
            5.7260555,
            20.3718074
          ],
          [
            5.7259883,
            20.372368
          ],
          [
            5.7260263,
            20.3772841
          ],
          [
            5.7261186,
            20.3836879
          ],
          [
            5.7260556,
            20.3900593
          ],
          [
            5.7259253,
            20.3905838
          ],
          [
            5.7256766,
            20.3910931
          ],
          [
            5.724883,
            20.3923998
          ],
          [
            5.7247441,
            20.3928434
          ],
          [
            5.7247096,
            20.3932556
          ],
          [
            5.724781,
            20.3936225
          ],
          [
            5.725027,
            20.3942146
          ],
          [
            5.7258448,
            20.3960567
          ],
          [
            5.7261164,
            20.3963849
          ],
          [
            5.7266022,
            20.3967517
          ],
          [
            5.7308644,
            20.399227
          ],
          [
            5.7313766,
            20.3996404
          ],
          [
            5.7316957,
            20.4001143
          ],
          [
            5.7319479,
            20.4006657
          ],
          [
            5.7320885,
            20.4013842
          ],
          [
            5.7324026,
            20.4076522
          ],
          [
            5.7325112,
            20.4080973
          ],
          [
            5.7328006,
            20.4085964
          ],
          [
            5.7331318,
            20.4089012
          ],
          [
            5.7333776,
            20.4090591
          ],
          [
            5.7337093,
            20.4092041
          ],
          [
            5.7340971,
            20.4092844
          ],
          [
            5.7356518,
            20.4094699
          ],
          [
            5.736054,
            20.4095618
          ],
          [
            5.7364442,
            20.409718
          ],
          [
            5.7368613,
            20.4100093
          ],
          [
            5.737106,
            20.4103222
          ],
          [
            5.7373375,
            20.4108073
          ],
          [
            5.7377319,
            20.4120827
          ],
          [
            5.7380889,
            20.413237
          ],
          [
            5.7398636,
            20.4193722
          ],
          [
            5.7401967,
            20.4208613
          ],
          [
            5.7408641,
            20.4245213
          ],
          [
            5.7411009,
            20.4256361
          ],
          [
            5.74137,
            20.4263321
          ],
          [
            5.7416434,
            20.4268403
          ],
          [
            5.7421577,
            20.4274734
          ],
          [
            5.7431862,
            20.4285107
          ],
          [
            5.7439937,
            20.4293763
          ],
          [
            5.7450959,
            20.4307382
          ],
          [
            5.7459905,
            20.4320458
          ],
          [
            5.7468893,
            20.4335259
          ],
          [
            5.7495714,
            20.4379895
          ],
          [
            5.7520938,
            20.442204
          ],
          [
            5.7528666,
            20.4432707
          ],
          [
            5.7540443,
            20.4446533
          ],
          [
            5.7555029,
            20.4462683
          ],
          [
            5.756318,
            20.447362
          ],
          [
            5.7569177,
            20.4483251
          ],
          [
            5.7576185,
            20.4498157
          ],
          [
            5.7582649,
            20.4512955
          ],
          [
            5.7609447,
            20.4576034
          ],
          [
            5.7611927,
            20.4585627
          ],
          [
            5.761324,
            20.459369
          ],
          [
            5.7613774,
            20.4601755
          ],
          [
            5.7613507,
            20.4610978
          ],
          [
            5.7611885,
            20.46213
          ],
          [
            5.7598454,
            20.4679571
          ],
          [
            5.7559572,
            20.4764303
          ],
          [
            5.7556307,
            20.4774482
          ],
          [
            5.7540357,
            20.4854461
          ],
          [
            5.7539874,
            20.4857356
          ],
          [
            5.7539767,
            20.4859567
          ],
          [
            5.7539834,
            20.4862012
          ],
          [
            5.7540143,
            20.4864894
          ],
          [
            5.7540679,
            20.4867356
          ],
          [
            5.7541394,
            20.4869585
          ],
          [
            5.7542556,
            20.4872381
          ],
          [
            5.754371,
            20.4874668
          ],
          [
            5.754512,
            20.4876968
          ],
          [
            5.758123,
            20.4933383
          ],
          [
            5.758708,
            20.4942452
          ],
          [
            5.759464,
            20.4952767
          ],
          [
            5.7616973,
            20.4980881
          ],
          [
            5.7623472,
            20.499258
          ],
          [
            5.7628917,
            20.5006051
          ],
          [
            5.7653375,
            20.5067867
          ],
          [
            5.7674287,
            20.5146565
          ],
          [
            5.76793,
            20.5163401
          ],
          [
            5.7684492,
            20.5174303
          ],
          [
            5.7693655,
            20.5191325
          ],
          [
            5.7697136,
            20.5198072
          ],
          [
            5.7698864,
            20.5203548
          ],
          [
            5.7699153,
            20.5208404
          ],
          [
            5.7698424,
            20.5214119
          ],
          [
            5.7696417,
            20.5222745
          ],
          [
            5.7689202,
            20.5247533
          ],
          [
            5.7686493,
            20.5256636
          ],
          [
            5.7685753,
            20.5262785
          ],
          [
            5.7685533,
            20.5267382
          ],
          [
            5.7685517,
            20.5275039
          ],
          [
            5.7686548,
            20.5302362
          ],
          [
            5.7686724,
            20.531661
          ],
          [
            5.7686155,
            20.5329425
          ],
          [
            5.7677171,
            20.5405366
          ],
          [
            5.7671945,
            20.5447114
          ],
          [
            5.7668273,
            20.547116
          ],
          [
            5.764684,
            20.5559811
          ],
          [
            5.7643546,
            20.5573418
          ],
          [
            5.7642838,
            20.5584232
          ],
          [
            5.7643224,
            20.5592711
          ],
          [
            5.7645434,
            20.5600662
          ],
          [
            5.7648138,
            20.5608105
          ],
          [
            5.7651981,
            20.5617167
          ],
          [
            5.7659989,
            20.5636636
          ],
          [
            5.7683651,
            20.5688155
          ],
          [
            5.7687207,
            20.5697863
          ],
          [
            5.768998,
            20.5706904
          ],
          [
            5.769197,
            20.5716004
          ],
          [
            5.7692925,
            20.5724658
          ],
          [
            5.7693606,
            20.5734004
          ],
          [
            5.7693456,
            20.5746741
          ],
          [
            5.7689149,
            20.5795924
          ],
          [
            5.7680646,
            20.5895387
          ],
          [
            5.767887,
            20.591569
          ],
          [
            5.7676301,
            20.5935736
          ],
          [
            5.7673785,
            20.5949219
          ],
          [
            5.7671121,
            20.5959638
          ],
          [
            5.7669184,
            20.5966687
          ],
          [
            5.7667091,
            20.5973466
          ],
          [
            5.7662478,
            20.598607
          ],
          [
            5.7657382,
            20.5999904
          ],
          [
            5.7652368,
            20.601399
          ],
          [
            5.7620066,
            20.6102772
          ],
          [
            5.7617292,
            20.6111619
          ],
          [
            5.7615479,
            20.6120144
          ],
          [
            5.7614514,
            20.6128921
          ],
          [
            5.7614637,
            20.6141273
          ],
          [
            5.7620046,
            20.6236796
          ],
          [
            5.7624831,
            20.6332042
          ],
          [
            5.7625008,
            20.6336277
          ],
          [
            5.7624937,
            20.6338869
          ],
          [
            5.7624713,
            20.6341573
          ],
          [
            5.7624364,
            20.6344209
          ],
          [
            5.7623942,
            20.6346586
          ],
          [
            5.7623211,
            20.6348978
          ],
          [
            5.7618409,
            20.6361378
          ],
          [
            5.7604569,
            20.6396795
          ],
          [
            5.7584958,
            20.6446452
          ],
          [
            5.7581127,
            20.6468423
          ],
          [
            5.7581533,
            20.647535
          ],
          [
            5.7582622,
            20.6484832
          ],
          [
            5.7583663,
            20.6491373
          ],
          [
            5.7585161,
            20.6497019
          ],
          [
            5.758782,
            20.6503943
          ],
          [
            5.759525,
            20.6520904
          ],
          [
            5.7611927,
            20.6556586
          ],
          [
            5.7653496,
            20.6643677
          ],
          [
            5.7656836,
            20.6653418
          ],
          [
            5.7666816,
            20.6713706
          ],
          [
            5.7681786,
            20.6764249
          ],
          [
            5.7686342,
            20.6791854
          ],
          [
            5.7687629,
            20.6820673
          ],
          [
            5.7688966,
            20.6860757
          ],
          [
            5.7683827,
            20.6902193
          ],
          [
            5.7683573,
            20.6909506
          ],
          [
            5.7683892,
            20.6915316
          ],
          [
            5.7685222,
            20.6920836
          ],
          [
            5.7688253,
            20.6926825
          ],
          [
            5.7691048,
            20.6931129
          ],
          [
            5.7697162,
            20.6938315
          ],
          [
            5.7711746,
            20.6958178
          ],
          [
            5.7722954,
            20.6972476
          ],
          [
            5.7727027,
            20.6979375
          ],
          [
            5.7730799,
            20.698699
          ],
          [
            5.7733593,
            20.6995914
          ],
          [
            5.7735611,
            20.7008104
          ],
          [
            5.7734989,
            20.7064516
          ],
          [
            5.7733418,
            20.7205883
          ],
          [
            5.7734065,
            20.728168
          ],
          [
            5.7735024,
            20.729187
          ],
          [
            5.7736243,
            20.7299566
          ],
          [
            5.7739687,
            20.7313393
          ],
          [
            5.7742737,
            20.7322921
          ],
          [
            5.7758076,
            20.7364614
          ],
          [
            5.7800515,
            20.7482246
          ],
          [
            5.7804258,
            20.7496134
          ],
          [
            5.7805669,
            20.7505444
          ],
          [
            5.7806477,
            20.7515109
          ],
          [
            5.7806447,
            20.7528289
          ],
          [
            5.7801143,
            20.7597852
          ],
          [
            5.7811367,
            20.7713579
          ],
          [
            5.7828755,
            20.7917336
          ],
          [
            5.7815137,
            20.8066705
          ],
          [
            5.7812428,
            20.8095257
          ],
          [
            5.7812155,
            20.8101571
          ],
          [
            5.7812112,
            20.8109844
          ],
          [
            5.7812643,
            20.8118921
          ],
          [
            5.7814022,
            20.8135097
          ],
          [
            5.7819567,
            20.8180695
          ],
          [
            5.7801905,
            20.8449994
          ],
          [
            5.7737455,
            20.8630924
          ],
          [
            5.7733003,
            20.8645145
          ],
          [
            5.7730991,
            20.8654383
          ],
          [
            5.7730068,
            20.8661802
          ],
          [
            5.773009,
            20.8676328
          ],
          [
            5.7736268,
            20.8763973
          ],
          [
            5.7742873,
            20.8866866
          ],
          [
            5.7743909,
            20.8891752
          ],
          [
            5.7744622,
            20.8902593
          ],
          [
            5.7744799,
            20.8913508
          ],
          [
            5.7744268,
            20.8923682
          ],
          [
            5.774231,
            20.8934287
          ],
          [
            5.7738539,
            20.8951407
          ],
          [
            5.7723845,
            20.9003179
          ],
          [
            5.7701123,
            20.9089868
          ],
          [
            5.764931,
            20.9216343
          ],
          [
            5.7602776,
            20.9328342
          ],
          [
            5.7582816,
            20.9376057
          ],
          [
            5.757668,
            20.9388032
          ],
          [
            5.7562666,
            20.9405965
          ],
          [
            5.7548459,
            20.9420154
          ],
          [
            5.7407104,
            20.9571978
          ],
          [
            5.7378871,
            20.960451
          ],
          [
            5.7356979,
            20.9631285
          ],
          [
            5.7321054,
            20.9677666
          ],
          [
            5.7308352,
            20.9693322
          ],
          [
            5.7293185,
            20.9719219
          ],
          [
            5.7284979,
            20.9738334
          ],
          [
            5.7253432,
            20.9829209
          ],
          [
            5.7230272,
            20.9897421
          ],
          [
            5.7205564,
            20.997097
          ],
          [
            5.7191603,
            21.0023465
          ],
          [
            5.7188407,
            21.0037339
          ],
          [
            5.7182141,
            21.0066362
          ],
          [
            5.7178204,
            21.0082263
          ],
          [
            5.7169733,
            21.0109008
          ],
          [
            5.7164003,
            21.0125753
          ],
          [
            5.7154536,
            21.0153195
          ],
          [
            5.714864,
            21.0175752
          ],
          [
            5.7143409,
            21.0204666
          ],
          [
            5.7142227,
            21.0216019
          ],
          [
            5.7141084,
            21.0226991
          ],
          [
            5.7140585,
            21.0263345
          ],
          [
            5.7143492,
            21.029652
          ],
          [
            5.714698,
            21.033698
          ],
          [
            5.7145485,
            21.0357598
          ],
          [
            5.7139589,
            21.0380695
          ],
          [
            5.7130371,
            21.0401079
          ],
          [
            5.7117001,
            21.042185
          ],
          [
            5.7096407,
            21.04551
          ],
          [
            5.708586,
            21.0473933
          ],
          [
            5.7072989,
            21.0500361
          ],
          [
            5.7056463,
            21.0531128
          ],
          [
            5.7029724,
            21.057104
          ],
          [
            5.7013032,
            21.0595606
          ],
          [
            5.6997919,
            21.0624124
          ],
          [
            5.6986459,
            21.0654192
          ],
          [
            5.6976494,
            21.0691388
          ],
          [
            5.6972721,
            21.0702606
          ],
          [
            5.6971139,
            21.0706911
          ],
          [
            5.696898,
            21.0712156
          ],
          [
            5.6967303,
            21.0715696
          ],
          [
            5.69656,
            21.07191
          ],
          [
            5.6964299,
            21.0721628
          ],
          [
            5.6961939,
            21.0725846
          ],
          [
            5.6960142,
            21.0728937
          ],
          [
            5.6958184,
            21.0732103
          ],
          [
            5.6955931,
            21.0735481
          ],
          [
            5.695317,
            21.0739316
          ],
          [
            5.6937215,
            21.0757873
          ],
          [
            5.6918364,
            21.0774068
          ],
          [
            5.6890462,
            21.0799018
          ],
          [
            5.6864802,
            21.0825596
          ],
          [
            5.6837647,
            21.0851397
          ],
          [
            5.6812822,
            21.0870192
          ],
          [
            5.6803125,
            21.0876709
          ],
          [
            5.6794891,
            21.0882365
          ],
          [
            5.6787488,
            21.0888096
          ],
          [
            5.6780334,
            21.0894092
          ],
          [
            5.677515,
            21.0898782
          ],
          [
            5.677,
            21.0903812
          ],
          [
            5.6765118,
            21.0909017
          ],
          [
            5.6760833,
            21.0913924
          ],
          [
            5.6756562,
            21.0919227
          ],
          [
            5.6752002,
            21.0925333
          ],
          [
            5.6749632,
            21.0928653
          ],
          [
            5.6745002,
            21.0935819
          ],
          [
            5.6740871,
            21.0942601
          ],
          [
            5.6733595,
            21.0956227
          ],
          [
            5.6721637,
            21.0978231
          ],
          [
            5.6701291,
            21.1009376
          ],
          [
            5.6684184,
            21.1036491
          ],
          [
            5.666359,
            21.1074375
          ],
          [
            5.6652545,
            21.1097694
          ],
          [
            5.6638262,
            21.1135498
          ],
          [
            5.6629543,
            21.116021
          ],
          [
            5.6614346,
            21.1204288
          ],
          [
            5.659591,
            21.1245886
          ],
          [
            5.6581295,
            21.1271835
          ],
          [
            5.6555884,
            21.1310952
          ],
          [
            5.6531719,
            21.1347899
          ],
          [
            5.6519761,
            21.1371059
          ],
          [
            5.6506142,
            21.1407152
          ],
          [
            5.6498751,
            21.1433796
          ],
          [
            5.6483554,
            21.1474613
          ],
          [
            5.6472094,
            21.1499009
          ],
          [
            5.6451749,
            21.154571
          ],
          [
            5.643705,
            21.1589854
          ],
          [
            5.642393,
            21.1644373
          ],
          [
            5.6409979,
            21.1691224
          ],
          [
            5.6400678,
            21.1716004
          ],
          [
            5.6384568,
            21.1750928
          ],
          [
            5.6371862,
            21.1778805
          ],
          [
            5.6350769,
            21.1826503
          ],
          [
            5.6334659,
            21.1870096
          ],
          [
            5.6317303,
            21.1926824
          ],
          [
            5.6302854,
            21.1987448
          ],
          [
            5.6292225,
            21.2041256
          ],
          [
            5.6282924,
            21.2087785
          ],
          [
            5.6268474,
            21.2141047
          ],
          [
            5.6255769,
            21.2185173
          ],
          [
            5.6248627,
            21.2211957
          ],
          [
            5.6239659,
            21.2261113
          ],
          [
            5.6231431,
            21.230806
          ],
          [
            5.6215812,
            21.2372755
          ],
          [
            5.6196786,
            21.2449925
          ],
          [
            5.6190967,
            21.2473457
          ],
          [
            5.618533,
            21.2506184
          ],
          [
            5.6180221,
            21.2543562
          ],
          [
            5.6178107,
            21.2559214
          ],
          [
            5.6173116,
            21.2586521
          ],
          [
            5.6168654,
            21.2605456
          ],
          [
            5.6161431,
            21.2629589
          ],
          [
            5.6154972,
            21.2647756
          ],
          [
            5.6143815,
            21.2675445
          ],
          [
            5.6131601,
            21.270007
          ],
          [
            5.6112224,
            21.2738264
          ],
          [
            5.6101184,
            21.2767647
          ],
          [
            5.6093786,
            21.2797139
          ],
          [
            5.6089969,
            21.2829039
          ],
          [
            5.6089734,
            21.2846766
          ],
          [
            5.6090556,
            21.286619
          ],
          [
            5.6093257,
            21.2887802
          ],
          [
            5.6098836,
            21.2924404
          ],
          [
            5.6102535,
            21.2959364
          ],
          [
            5.6103005,
            21.2989509
          ],
          [
            5.6101889,
            21.3009314
          ],
          [
            5.6098894,
            21.3036121
          ],
          [
            5.609267,
            21.3067905
          ],
          [
            5.6086974,
            21.3091155
          ],
          [
            5.6077755,
            21.3128355
          ],
          [
            5.6069769,
            21.3159918
          ],
          [
            5.6060022,
            21.3198593
          ],
          [
            5.6050333,
            21.3237102
          ],
          [
            5.6043756,
            21.3268554
          ],
          [
            5.6039294,
            21.3308812
          ],
          [
            5.6038346,
            21.3349134
          ],
          [
            5.6038512,
            21.3379533
          ],
          [
            5.6037848,
            21.3427799
          ],
          [
            5.6034609,
            21.3462373
          ],
          [
            5.6029211,
            21.3498802
          ],
          [
            5.6022402,
            21.3543892
          ],
          [
            5.602016,
            21.3565084
          ],
          [
            5.6018665,
            21.3584341
          ],
          [
            5.6018333,
            21.3615122
          ],
          [
            5.6018499,
            21.3648454
          ],
          [
            5.6017253,
            21.3675289
          ],
          [
            5.6016091,
            21.3686425
          ],
          [
            5.6012188,
            21.3715812
          ],
          [
            5.6006624,
            21.3744888
          ],
          [
            5.6000146,
            21.377698
          ],
          [
            5.5997489,
            21.3794766
          ],
          [
            5.59945,
            21.3822681
          ],
          [
            5.5993669,
            21.3846961
          ],
          [
            5.5992507,
            21.3892273
          ],
          [
            5.5991261,
            21.3929851
          ],
          [
            5.5990065,
            21.3950124
          ],
          [
            5.598757,
            21.3973686
          ],
          [
            5.5984693,
            21.3989705
          ],
          [
            5.5978997,
            21.4022343
          ],
          [
            5.5976531,
            21.4036284
          ],
          [
            5.5970365,
            21.4071765
          ],
          [
            5.5963201,
            21.4113968
          ],
          [
            5.5959636,
            21.4143851
          ],
          [
            5.5958474,
            21.4172764
          ],
          [
            5.5959387,
            21.4209176
          ],
          [
            5.5961879,
            21.4238397
          ],
          [
            5.5963124,
            21.4255713
          ],
          [
            5.5963041,
            21.4283542
          ],
          [
            5.5961271,
            21.4307004
          ],
          [
            5.5958281,
            21.4330117
          ],
          [
            5.5953299,
            21.4355548
          ],
          [
            5.5945244,
            21.4385385
          ],
          [
            5.5934531,
            21.4419859
          ],
          [
            5.5918172,
            21.4474737
          ],
          [
            5.5907626,
            21.4510059
          ],
          [
            5.5901564,
            21.453657
          ],
          [
            5.5895003,
            21.4577687
          ],
          [
            5.5891349,
            21.460265
          ],
          [
            5.5885702,
            21.4639128
          ],
          [
            5.5877315,
            21.4673364
          ],
          [
            5.586926,
            21.4699176
          ],
          [
            5.5854063,
            21.4736734
          ],
          [
            5.5844264,
            21.4763549
          ],
          [
            5.5836458,
            21.4787891
          ],
          [
            5.5826161,
            21.4831551
          ],
          [
            5.5820763,
            21.4868719
          ],
          [
            5.5816445,
            21.4902408
          ],
          [
            5.5811878,
            21.4939883
          ],
          [
            5.580922,
            21.4964377
          ],
          [
            5.5803906,
            21.5002932
          ],
          [
            5.5800252,
            21.5023484
          ],
          [
            5.5792197,
            21.5057325
          ],
          [
            5.5780322,
            21.5093096
          ],
          [
            5.5767865,
            21.5123227
          ],
          [
            5.5763547,
            21.5133425
          ],
          [
            5.5756987,
            21.5152353
          ],
          [
            5.575134,
            21.5174371
          ],
          [
            5.5748184,
            21.5193761
          ],
          [
            5.574669,
            21.5205504
          ],
          [
            5.5745859,
            21.5227675
          ],
          [
            5.574669,
            21.5246139
          ],
          [
            5.5749055,
            21.5260934
          ],
          [
            5.5752108,
            21.5275573
          ],
          [
            5.5758274,
            21.5294746
          ],
          [
            5.5764381,
            21.530933
          ],
          [
            5.5772601,
            21.5324133
          ],
          [
            5.5783641,
            21.5342376
          ],
          [
            5.5795326,
            21.5361821
          ],
          [
            5.581441,
            21.5397761
          ],
          [
            5.5824806,
            21.5422978
          ],
          [
            5.5831698,
            21.5444373
          ],
          [
            5.5838231,
            21.5469918
          ],
          [
            5.5841221,
            21.5486988
          ],
          [
            5.5843961,
            21.551209
          ],
          [
            5.5844792,
            21.5533098
          ],
          [
            5.5845373,
            21.5566773
          ],
          [
            5.5845788,
            21.5584923
          ],
          [
            5.5846203,
            21.5612726
          ],
          [
            5.5847698,
            21.5633501
          ],
          [
            5.585102,
            21.5670185
          ],
          [
            5.5854508,
            21.5695825
          ],
          [
            5.5859822,
            21.5727797
          ],
          [
            5.5864426,
            21.5750789
          ],
          [
            5.5871891,
            21.5784417
          ],
          [
            5.5879614,
            21.582048
          ],
          [
            5.5886673,
            21.5860248
          ],
          [
            5.589041,
            21.5887042
          ],
          [
            5.5893731,
            21.5922021
          ],
          [
            5.589614,
            21.5948969
          ],
          [
            5.5900043,
            21.5991127
          ],
          [
            5.5902949,
            21.6021702
          ],
          [
            5.5904942,
            21.6046718
          ],
          [
            5.5908679,
            21.6089954
          ],
          [
            5.5909842,
            21.6105472
          ],
          [
            5.5913246,
            21.6148784
          ],
          [
            5.5914243,
            21.6172639
          ],
          [
            5.5913911,
            21.6200817
          ],
          [
            5.5911502,
            21.6229613
          ],
          [
            5.5907516,
            21.62564
          ],
          [
            5.5900956,
            21.6289363
          ],
          [
            5.5892237,
            21.6333595
          ],
          [
            5.588277,
            21.6378984
          ],
          [
            5.5882513,
            21.63803
          ],
          [
            5.5876791,
            21.6409629
          ],
          [
            5.5871476,
            21.6441507
          ],
          [
            5.5867739,
            21.6478171
          ],
          [
            5.5867573,
            21.6508504
          ],
          [
            5.5869732,
            21.6544008
          ],
          [
            5.587405,
            21.6571099
          ],
          [
            5.5879033,
            21.659734
          ],
          [
            5.5886091,
            21.6623272
          ],
          [
            5.5892486,
            21.6647351
          ],
          [
            5.5899793,
            21.6678067
          ],
          [
            5.5908181,
            21.6709785
          ],
          [
            5.5915821,
            21.6738802
          ],
          [
            5.5923627,
            21.6775767
          ],
          [
            5.5929712,
            21.6811696
          ],
          [
            5.5933235,
            21.6838433
          ],
          [
            5.5936876,
            21.6877501
          ],
          [
            5.5938638,
            21.6926389
          ],
          [
            5.593899,
            21.6956397
          ],
          [
            5.5939786,
            21.6988996
          ],
          [
            5.5940367,
            21.7025955
          ],
          [
            5.5941281,
            21.7064918
          ],
          [
            5.5942776,
            21.7097862
          ],
          [
            5.5944935,
            21.7123631
          ],
          [
            5.5949419,
            21.7157037
          ],
          [
            5.5953156,
            21.7185273
          ],
          [
            5.5956644,
            21.7211888
          ],
          [
            5.5961377,
            21.7244135
          ],
          [
            5.5966027,
            21.7279312
          ],
          [
            5.59691,
            21.7300912
          ],
          [
            5.5973999,
            21.7341256
          ],
          [
            5.5976408,
            21.7373809
          ],
          [
            5.5977321,
            21.7397875
          ],
          [
            5.5977653,
            21.7435286
          ],
          [
            5.5975577,
            21.7483108
          ],
          [
            5.5973999,
            21.7507559
          ],
          [
            5.5974415,
            21.75344
          ],
          [
            5.5977238,
            21.7565636
          ],
          [
            5.5981556,
            21.7593788
          ],
          [
            5.5987618,
            21.762055
          ],
          [
            5.5996006,
            21.7649085
          ],
          [
            5.6008379,
            21.7680782
          ],
          [
            5.6024738,
            21.7718186
          ],
          [
            5.6034288,
            21.7741707
          ],
          [
            5.6045997,
            21.7776332
          ],
          [
            5.6056627,
            21.7808026
          ],
          [
            5.6065927,
            21.7832317
          ],
          [
            5.6079048,
            21.7860386
          ],
          [
            5.609765,
            21.789308
          ],
          [
            5.6115919,
            21.7923692
          ],
          [
            5.6118991,
            21.7930247
          ],
          [
            5.612497,
            21.7951528
          ],
          [
            5.6126382,
            21.7971499
          ],
          [
            5.6124306,
            21.7989772
          ],
          [
            5.611185,
            21.8026705
          ],
          [
            5.6100971,
            21.8059935
          ],
          [
            5.6093331,
            21.8091084
          ],
          [
            5.6083781,
            21.8137265
          ],
          [
            5.6079629,
            21.8155537
          ],
          [
            5.6078633,
            21.81772
          ],
          [
            5.608129,
            21.8196243
          ],
          [
            5.6085941,
            21.8210659
          ],
          [
            5.6095158,
            21.8229469
          ],
          [
            5.6108777,
            21.8247894
          ],
          [
            5.6138008,
            21.8283663
          ],
          [
            5.6176706,
            21.8331612
          ],
          [
            5.6191238,
            21.8351037
          ],
          [
            5.6214988,
            21.8385725
          ],
          [
            5.6228524,
            21.8402143
          ],
          [
            5.6256094,
            21.8430663
          ],
          [
            5.6275194,
            21.8449856
          ],
          [
            5.6299526,
            21.8475678
          ],
          [
            5.631547,
            21.8495255
          ],
          [
            5.634113,
            21.8529708
          ],
          [
            5.6362306,
            21.8562773
          ],
          [
            5.6374845,
            21.8581117
          ],
          [
            5.6391952,
            21.8601849
          ],
          [
            5.6413543,
            21.8622812
          ],
          [
            5.6422262,
            21.863391
          ],
          [
            5.6433541,
            21.8651312
          ],
          [
            5.6435394,
            21.8655538
          ],
          [
            5.6437084,
            21.865977
          ],
          [
            5.6439469,
            21.8668519
          ],
          [
            5.644041,
            21.8673411
          ],
          [
            5.644092,
            21.8678314
          ],
          [
            5.6441177,
            21.8687858
          ],
          [
            5.6440812,
            21.8694046
          ],
          [
            5.6439927,
            21.8700593
          ],
          [
            5.643699,
            21.8712723
          ],
          [
            5.6433275,
            21.8726505
          ],
          [
            5.6429689,
            21.8740287
          ],
          [
            5.6416615,
            21.8787501
          ],
          [
            5.6410138,
            21.8813779
          ],
          [
            5.6406982,
            21.8836897
          ],
          [
            5.6406816,
            21.8858704
          ],
          [
            5.6410885,
            21.8885828
          ],
          [
            5.6414871,
            21.8900314
          ],
          [
            5.6424338,
            21.8923662
          ],
          [
            5.6439203,
            21.8949012
          ],
          [
            5.6460711,
            21.8978523
          ],
          [
            5.6476489,
            21.9003025
          ],
          [
            5.649426,
            21.9033691
          ],
          [
            5.6506633,
            21.905511
          ],
          [
            5.6522743,
            21.9078147
          ],
          [
            5.6542175,
            21.9104188
          ],
          [
            5.6551061,
            21.9119905
          ],
          [
            5.6557289,
            21.9138934
          ],
          [
            5.6560029,
            21.9157809
          ],
          [
            5.6558867,
            21.9182539
          ],
          [
            5.6556126,
            21.9213971
          ],
          [
            5.6553469,
            21.9243554
          ],
          [
            5.6549067,
            21.9299403
          ],
          [
            5.6545413,
            21.9343851
          ],
          [
            5.6545413,
            21.937135
          ],
          [
            5.6548569,
            21.9400005
          ],
          [
            5.6556707,
            21.9437055
          ],
          [
            5.6560278,
            21.946101
          ],
          [
            5.6562271,
            21.9498906
          ],
          [
            5.6562852,
            21.9520934
          ],
          [
            5.6564411,
            21.9544068
          ],
          [
            5.6565433,
            21.9557138
          ],
          [
            5.656637,
            21.9568579
          ],
          [
            5.6567098,
            21.9576662
          ],
          [
            5.656747,
            21.9581233
          ],
          [
            5.6567614,
            21.9585138
          ],
          [
            5.6567629,
            21.9588725
          ],
          [
            5.6567487,
            21.9592799
          ],
          [
            5.6567283,
            21.9596344
          ],
          [
            5.6567036,
            21.9600048
          ],
          [
            5.6566628,
            21.9603641
          ],
          [
            5.6565811,
            21.9609236
          ],
          [
            5.6564607,
            21.9616294
          ],
          [
            5.656314,
            21.962381
          ],
          [
            5.6561708,
            21.9630895
          ],
          [
            5.6560382,
            21.9636806
          ],
          [
            5.6559142,
            21.9641802
          ],
          [
            5.6557433,
            21.964766
          ],
          [
            5.6555987,
            21.9652144
          ],
          [
            5.6554185,
            21.9656842
          ],
          [
            5.6552426,
            21.9660785
          ],
          [
            5.6550452,
            21.9665014
          ],
          [
            5.654856,
            21.9668862
          ],
          [
            5.6546918,
            21.9671868
          ],
          [
            5.6545007,
            21.9675098
          ],
          [
            5.6540327,
            21.9682433
          ],
          [
            5.6536592,
            21.9688153
          ],
          [
            5.6532899,
            21.9693555
          ],
          [
            5.6530229,
            21.9697046
          ],
          [
            5.652716,
            21.9701167
          ],
          [
            5.6525252,
            21.970358
          ],
          [
            5.6521215,
            21.9708341
          ],
          [
            5.651728,
            21.9712881
          ],
          [
            5.6513428,
            21.9717151
          ],
          [
            5.650721,
            21.9723898
          ],
          [
            5.6500006,
            21.9731718
          ],
          [
            5.6497427,
            21.973464
          ],
          [
            5.6492575,
            21.9740656
          ],
          [
            5.6487937,
            21.9746514
          ],
          [
            5.6484405,
            21.9751233
          ],
          [
            5.6481239,
            21.9755488
          ],
          [
            5.6479017,
            21.9758665
          ],
          [
            5.6476461,
            21.9762465
          ],
          [
            5.6473747,
            21.9766827
          ],
          [
            5.6470506,
            21.9772012
          ],
          [
            5.6468036,
            21.9776164
          ],
          [
            5.6465239,
            21.9780732
          ],
          [
            5.6462303,
            21.9785417
          ],
          [
            5.6458058,
            21.9792561
          ],
          [
            5.6454284,
            21.9798344
          ],
          [
            5.6450678,
            21.9804109
          ],
          [
            5.6447154,
            21.9809554
          ],
          [
            5.6442515,
            21.9816707
          ],
          [
            5.643718,
            21.9824656
          ],
          [
            5.643238,
            21.9831789
          ],
          [
            5.6427408,
            21.9839001
          ],
          [
            5.6421578,
            21.9847545
          ],
          [
            5.6419335,
            21.9850913
          ],
          [
            5.6417117,
            21.9854779
          ],
          [
            5.6415114,
            21.9858884
          ],
          [
            5.6413251,
            21.98632
          ],
          [
            5.6411238,
            21.9868016
          ],
          [
            5.6409749,
            21.9871862
          ],
          [
            5.6408516,
            21.9875628
          ],
          [
            5.6407509,
            21.9879265
          ],
          [
            5.6406521,
            21.9883043
          ],
          [
            5.6405662,
            21.9886546
          ],
          [
            5.6404862,
            21.9890486
          ],
          [
            5.640419,
            21.9894266
          ],
          [
            5.6403705,
            21.9897774
          ],
          [
            5.6403248,
            21.9902326
          ],
          [
            5.6402934,
            21.9907138
          ],
          [
            5.6402736,
            21.9911548
          ],
          [
            5.6402752,
            21.9916197
          ],
          [
            5.6402864,
            21.9920402
          ],
          [
            5.6403105,
            21.9924567
          ],
          [
            5.6403502,
            21.9928844
          ],
          [
            5.6403838,
            21.9931656
          ],
          [
            5.6404216,
            21.9934507
          ],
          [
            5.64047,
            21.9937401
          ],
          [
            5.6405569,
            21.9942005
          ],
          [
            5.6407137,
            21.9949304
          ],
          [
            5.6408851,
            21.9957656
          ],
          [
            5.6409879,
            21.9963424
          ],
          [
            5.6410822,
            21.9970034
          ],
          [
            5.6411534,
            21.9976875
          ],
          [
            5.641216,
            21.998316
          ],
          [
            5.6412615,
            21.9989578
          ],
          [
            5.6412855,
            21.9995439
          ],
          [
            5.6412899,
            21.9999801
          ],
          [
            5.6412738,
            22.0004999
          ],
          [
            5.6412456,
            22.0011132
          ],
          [
            5.6412113,
            22.0016369
          ],
          [
            5.6411829,
            22.0019893
          ]
        ]
      },
      "properties": {
        "name": "Trans-Sahara",
        "highway": "primary",
        "maxspeed": "80",
        "ref": "RN 1"
      }
    },
    {
      "type": "Feature",
      "geometry": {
        "type": "LineString",
        "coordinates": [
          [
            5.7710081,
            19.5589265
          ],
          [
            5.7710399,
            19.5590207
          ],
          [
            5.7711395,
            19.5594322
          ],
          [
            5.7712798,
            19.5600529
          ],
          [
            5.7714225,
            19.5607363
          ],
          [
            5.7715725,
            19.5614908
          ],
          [
            5.7715926,
            19.5615921
          ],
          [
            5.7716099,
            19.5616788
          ],
          [
            5.77167,
            19.5619816
          ],
          [
            5.7716946,
            19.5621054
          ],
          [
            5.7717622,
            19.5624452
          ],
          [
            5.7718394,
            19.5628337
          ],
          [
            5.7718773,
            19.5630472
          ],
          [
            5.7718898,
            19.5631238
          ],
          [
            5.7718915,
            19.563133
          ],
          [
            5.7719076,
            19.5632207
          ],
          [
            5.7719207,
            19.5632918
          ],
          [
            5.7719245,
            19.5633113
          ],
          [
            5.7719687,
            19.5636403
          ],
          [
            5.7720649,
            19.564249
          ],
          [
            5.7720765,
            19.5643435
          ],
          [
            5.7720952,
            19.5644576
          ],
          [
            5.7721285,
            19.564735
          ],
          [
            5.772147,
            19.5648689
          ],
          [
            5.7721536,
            19.5649507
          ],
          [
            5.7721591,
            19.5650187
          ],
          [
            5.7722307,
            19.5659135
          ],
          [
            5.7722645,
            19.5663366
          ],
          [
            5.7723081,
            19.5668807
          ],
          [
            5.7723729,
            19.5675119
          ],
          [
            5.7723845,
            19.5676284
          ],
          [
            5.7724808,
            19.568602
          ],
          [
            5.7725527,
            19.5691574
          ],
          [
            5.7725983,
            19.5695729
          ],
          [
            5.7726049,
            19.5696462
          ],
          [
            5.7726133,
            19.5697076
          ],
          [
            5.77274,
            19.5705893
          ],
          [
            5.7727928,
            19.5709439
          ],
          [
            5.7728085,
            19.5710494
          ],
          [
            5.7729136,
            19.5718331
          ],
          [
            5.7730583,
            19.5728261
          ],
          [
            5.7730731,
            19.572977
          ],
          [
            5.7731229,
            19.5732654
          ],
          [
            5.7732207,
            19.5738456
          ],
          [
            5.77331,
            19.5742773
          ],
          [
            5.7733227,
            19.574356
          ],
          [
            5.7735815,
            19.5757344
          ],
          [
            5.7736009,
            19.575836
          ],
          [
            5.7737928,
            19.5768613
          ],
          [
            5.7739952,
            19.5779526
          ]
        ]
      },
      "properties": {
        "name": "Trans-Sahara",
        "highway": "primary",
        "maxspeed": "50",
        "ref": "RN 1"
      }
    },
    {
      "type": "Feature",
      "geometry": {
        "type": "LineString",
        "coordinates": [
          [
            5.7680037,
            19.56399
          ],
          [
            5.7681318,
            19.5647022
          ],
          [
            5.7681836,
            19.5649677
          ],
          [
            5.7682352,
            19.5652323
          ],
          [
            5.7683299,
            19.5655631
          ],
          [
            5.7683985,
            19.5657726
          ],
          [
            5.76856,
            19.5662179
          ],
          [
            5.7685861,
            19.5662889
          ],
          [
            5.7686715,
            19.5665058
          ],
          [
            5.7687492,
            19.5666918
          ],
          [
            5.7688414,
            19.5669195
          ],
          [
            5.7689243,
            19.5671473
          ],
          [
            5.7689911,
            19.5673676
          ],
          [
            5.7690309,
            19.5675841
          ],
          [
            5.7690545,
            19.5678057
          ],
          [
            5.7691096,
            19.5683386
          ],
          [
            5.7691155,
            19.5685684
          ],
          [
            5.7691099,
            19.5686703
          ],
          [
            5.7691059,
            19.5687418
          ],
          [
            5.7690707,
            19.5689438
          ],
          [
            5.7690156,
            19.5694232
          ],
          [
            5.7689933,
            19.5696172
          ],
          [
            5.7689507,
            19.5699874
          ],
          [
            5.768946,
            19.5700285
          ],
          [
            5.768925,
            19.5706224
          ]
        ]
      },
      "properties": {
        "highway": "tertiary"
      }
    },
    {
      "type": "Feature",
      "geometry": {
        "type": "LineString",
        "coordinates": [
          [
            5.7705177,
            19.572925
          ],
          [
            5.7705554,
            19.5730451
          ]
        ]
      },
      "properties": {
        "highway": "tertiary"
      }
    },
    {
      "type": "Feature",
      "geometry": {
        "type": "LineString",
        "coordinates": [
          [
            5.7712151,
            19.5531497
          ],
          [
            5.7690312,
            19.5516174
          ],
          [
            5.7682079,
            19.5510486
          ],
          [
            5.7677409,
            19.5507208
          ],
          [
            5.767141,
            19.5502362
          ],
          [
            5.7667226,
            19.5497964
          ],
          [
            5.7663446,
            19.5492831
          ],
          [
            5.765821,
            19.5482639
          ],
          [
            5.7651764,
            19.5470614
          ],
          [
            5.7645097,
            19.5457445
          ],
          [
            5.7632271,
            19.543324
          ],
          [
            5.7623387,
            19.5415505
          ],
          [
            5.7614482,
            19.5398633
          ],
          [
            5.7604309,
            19.5378875
          ],
          [
            5.7601178,
            19.5374602
          ],
          [
            5.7598377,
            19.5371391
          ],
          [
            5.7592844,
            19.5366321
          ],
          [
            5.7586357,
            19.5361706
          ],
          [
            5.7579911,
            19.5358751
          ],
          [
            5.7575189,
            19.5356761
          ],
          [
            5.7549334,
            19.5346745
          ],
          [
            5.7545078,
            19.5345038
          ],
          [
            5.7539391,
            19.5342409
          ],
          [
            5.7531988,
            19.5338263
          ],
          [
            5.7525819,
            19.5334472
          ],
          [
            5.7521152,
            19.5331185
          ],
          [
            5.7485318,
            19.5300548
          ],
          [
            5.7443046,
            19.5264146
          ],
          [
            5.7400989,
            19.5227642
          ],
          [
            5.7357001,
            19.5189822
          ],
          [
            5.7324385,
            19.5161103
          ],
          [
            5.7300997,
            19.514189
          ],
          [
            5.72872,
            19.5133544
          ],
          [
            5.7272243,
            19.5124496
          ],
          [
            5.7265699,
            19.5120703
          ],
          [
            5.7260173,
            19.5118378
          ],
          [
            5.725556,
            19.5116962
          ],
          [
            5.7249123,
            19.5115748
          ],
          [
            5.7242096,
            19.5114889
          ],
          [
            5.721758,
            19.5112158
          ],
          [
            5.7208353,
            19.5110945
          ],
          [
            5.7201218,
            19.5109731
          ],
          [
            5.7169032,
            19.5102804
          ],
          [
            5.7159591,
            19.5100023
          ],
          [
            5.7136416,
            19.5088697
          ],
          [
            5.7082236,
            19.5059672
          ],
          [
            5.7065284,
            19.505057
          ],
          [
            5.7054341,
            19.5043694
          ],
          [
            5.7037228,
            19.5032418
          ],
          [
            5.7010621,
            19.5014922
          ],
          [
            5.6990451,
            19.5001875
          ],
          [
            5.6984281,
            19.4998083
          ],
          [
            5.6963253,
            19.4989183
          ],
          [
            5.6928921,
            19.4972192
          ],
          [
            5.6904459,
            19.4957628
          ],
          [
            5.6863475,
            19.4936592
          ],
          [
            5.6787514,
            19.4902204
          ],
          [
            5.6745243,
            19.4877728
          ],
          [
            5.6702542,
            19.4851835
          ],
          [
            5.6691277,
            19.4844654
          ],
          [
            5.6661129,
            19.4828673
          ],
          [
            5.6635487,
            19.4815221
          ],
          [
            5.6620681,
            19.4809759
          ],
          [
            5.6605661,
            19.48046
          ],
          [
            5.6588924,
            19.4797116
          ],
          [
            5.6560922,
            19.4784877
          ],
          [
            5.6539678,
            19.4776785
          ],
          [
            5.6492472,
            19.4759286
          ],
          [
            5.6471228,
            19.4752509
          ],
          [
            5.6426704,
            19.4739663
          ],
          [
            5.6405461,
            19.4735212
          ],
          [
            5.6370377,
            19.4730155
          ],
          [
            5.6307828,
            19.4720647
          ],
          [
            5.6292593,
            19.4718826
          ],
          [
            5.626384,
            19.4716095
          ],
          [
            5.619421,
            19.4710026
          ],
          [
            5.6168031,
            19.4705575
          ],
          [
            5.6096792,
            19.469283
          ],
          [
            5.6075978,
            19.4688581
          ],
          [
            5.6058597,
            19.4683523
          ],
          [
            5.6023407,
            19.4674015
          ],
          [
            5.5956459,
            19.465783
          ],
          [
            5.5853462,
            19.4628495
          ],
          [
            5.5814624,
            19.461676
          ],
          [
            5.5768919,
            19.460098
          ],
          [
            5.5757439,
            19.4596731
          ],
          [
            5.5703687,
            19.4573869
          ],
          [
            5.5683517,
            19.456527
          ],
          [
            5.5662703,
            19.4557784
          ],
          [
            5.5639315,
            19.4550601
          ],
          [
            5.5613029,
            19.4544329
          ],
          [
            5.5580735,
            19.4538866
          ],
          [
            5.5542004,
            19.4532898
          ],
          [
            5.5467009,
            19.4521973
          ],
          [
            5.5369597,
            19.4507859
          ],
          [
            5.5330645,
            19.4502389
          ],
          [
            5.5286282,
            19.4495949
          ],
          [
            5.5285829,
            19.4495876
          ],
          [
            5.5236983,
            19.4488689
          ],
          [
            5.5227113,
            19.4487373
          ],
          [
            5.5213272,
            19.4486159
          ],
          [
            5.5200612,
            19.4485552
          ],
          [
            5.5190205,
            19.4485654
          ],
          [
            5.5180228,
            19.4485957
          ],
          [
            5.5137312,
            19.4488284
          ],
          [
            5.5103409,
            19.4490105
          ],
          [
            5.5096489,
            19.4489953
          ],
          [
            5.509032,
            19.4489397
          ],
          [
            5.5085063,
            19.4488587
          ],
          [
            5.5079645,
            19.4487424
          ],
          [
            5.5071759,
            19.4485047
          ],
          [
            5.5062693,
            19.4481455
          ],
          [
            5.5054003,
            19.4476801
          ],
          [
            5.4990381,
            19.444286
          ],
          [
            5.4983354,
            19.443947
          ],
          [
            5.4976863,
            19.4437245
          ],
          [
            5.4973108,
            19.4436132
          ],
          [
            5.4963773,
            19.4434007
          ],
          [
            5.4954225,
            19.4432894
          ],
          [
            5.4944998,
            19.4432945
          ],
          [
            5.4935396,
            19.4434108
          ],
          [
            5.4925954,
            19.4436031
          ],
          [
            5.4923165,
            19.4436587
          ],
          [
            5.4849619,
            19.4454545
          ],
          [
            5.484302,
            19.4456214
          ],
          [
            5.4834169,
            19.4459401
          ],
          [
            5.4827142,
            19.4462436
          ],
          [
            5.4817915,
            19.4466887
          ],
          [
            5.4811585,
            19.4470377
          ],
          [
            5.4805469,
            19.4474373
          ],
          [
            5.4796243,
            19.4481
          ],
          [
            5.4760837,
            19.4509529
          ],
          [
            5.4747802,
            19.452005
          ],
          [
            5.4734659,
            19.4532291
          ],
          [
            5.4712236,
            19.4553029
          ],
          [
            5.4693299,
            19.4570985
          ],
          [
            5.468815,
            19.4575436
          ],
          [
            5.4683429,
            19.4579129
          ],
          [
            5.4679137,
            19.4582012
          ],
          [
            5.4673827,
            19.4585097
          ],
          [
            5.4668087,
            19.4588132
          ],
          [
            5.4662025,
            19.4590509
          ],
          [
            5.4655534,
            19.4592634
          ],
          [
            5.4648399,
            19.4594101
          ],
          [
            5.4641157,
            19.4595466
          ],
          [
            5.4623401,
            19.4598299
          ],
          [
            5.4621091,
            19.4598676
          ],
          [
            5.4581237,
            19.4605177
          ],
          [
            5.4505545,
            19.4617418
          ],
          [
            5.4489183,
            19.4620402
          ],
          [
            5.4477006,
            19.4623285
          ],
          [
            5.4467028,
            19.4626218
          ],
          [
            5.4452223,
            19.463158
          ],
          [
            5.443849,
            19.4636739
          ],
          [
            5.440743,
            19.4648928
          ],
          [
            5.43908,
            19.4654998
          ],
          [
            5.4374009,
            19.4661775
          ],
          [
            5.4364031,
            19.4665315
          ],
          [
            5.4324979,
            19.4680438
          ],
          [
            5.430792,
            19.4687013
          ],
          [
            5.4289681,
            19.4693892
          ],
          [
            5.4277825,
            19.4697988
          ],
          [
            5.4260445,
            19.47034
          ],
          [
            5.4162812,
            19.4735152
          ],
          [
            5.4136634,
            19.4743649
          ],
          [
            5.4128115,
            19.4746036
          ],
          [
            5.4120454,
            19.4747371
          ],
          [
            5.4113889,
            19.4747856
          ],
          [
            5.403471,
            19.4753116
          ],
          [
            5.396184,
            19.4757405
          ],
          [
            5.3893196,
            19.4761714
          ],
          [
            5.388779,
            19.4761774
          ],
          [
            5.3878626,
            19.4761067
          ],
          [
            5.3870645,
            19.4759752
          ],
          [
            5.3862062,
            19.4757364
          ],
          [
            5.3830133,
            19.4746318
          ],
          [
            5.3785157,
            19.4731065
          ],
          [
            5.375694,
            19.472095
          ],
          [
            5.3737736,
            19.4715083
          ],
          [
            5.3728616,
            19.471306
          ],
          [
            5.3716707,
            19.4712251
          ],
          [
            5.3695679,
            19.4713566
          ],
          [
            5.3662205,
            19.4716095
          ],
          [
            5.3596544,
            19.4720444
          ],
          [
            5.355556,
            19.4723378
          ],
          [
            5.3536999,
            19.472449
          ],
          [
            5.3528148,
            19.4724389
          ],
          [
            5.351699,
            19.4723529
          ],
          [
            5.3497249,
            19.4722518
          ],
          [
            5.3446555,
            19.4719332
          ],
          [
            5.3438187,
            19.4719028
          ],
          [
            5.3431106,
            19.471923
          ],
          [
            5.3424024,
            19.4719736
          ],
          [
            5.3392374,
            19.472449
          ],
          [
            5.335772,
            19.472975
          ],
          [
            5.3350639,
            19.4730256
          ],
          [
            5.3344309,
            19.4730155
          ],
          [
            5.3334546,
            19.4729548
          ],
          [
            5.3294313,
            19.4724895
          ],
          [
            5.3245497,
            19.4719433
          ],
          [
            5.3238523,
            19.4718067
          ],
          [
            5.3231978,
            19.4715993
          ],
          [
            5.3226346,
            19.4714223
          ],
          [
            5.3219104,
            19.4710986
          ],
          [
            5.3213203,
            19.4707699
          ],
          [
            5.318386,
            19.4691616
          ],
          [
            5.312587,
            19.4660258
          ],
          [
            5.3118575,
            19.4656414
          ],
          [
            5.3111708,
            19.4653733
          ],
          [
            5.310291,
            19.4651204
          ],
          [
            5.3094327,
            19.4649383
          ],
          [
            5.308097,
            19.4647664
          ],
          [
            5.3053665,
            19.4644275
          ],
          [
            5.2960539,
            19.4632187
          ],
          [
            5.2954477,
            19.4631681
          ],
          [
            5.2945358,
            19.4631377
          ],
          [
            5.2925026,
            19.4631175
          ],
          [
            5.2860385,
            19.4631428
          ],
          [
            5.2851534,
            19.4630973
          ],
          [
            5.2840161,
            19.4629152
          ],
          [
            5.2828896,
            19.462632
          ],
          [
            5.2819025,
            19.4623133
          ],
          [
            5.280835,
            19.4618176
          ],
          [
            5.2794456,
            19.4610589
          ],
          [
            5.2761358,
            19.4591774
          ],
          [
            5.2753043,
            19.4588031
          ],
          [
            5.2745962,
            19.4585755
          ],
          [
            5.2736252,
            19.4583327
          ],
          [
            5.2727616,
            19.4582062
          ],
          [
            5.2718389,
            19.4581557
          ],
          [
            5.2705193,
            19.4582669
          ],
          [
            5.2685881,
            19.4583984
          ],
          [
            5.26788,
            19.4584237
          ],
          [
            5.2672738,
            19.4583681
          ],
          [
            5.2663672,
            19.4582467
          ],
          [
            5.265584,
            19.4580494
          ],
          [
            5.2647257,
            19.4577713
          ],
          [
            5.2586853,
            19.4557076
          ],
          [
            5.2575159,
            19.4553434
          ],
          [
            5.2564055,
            19.4550804
          ],
          [
            5.254823,
            19.4548426
          ],
          [
            5.2537018,
            19.4547465
          ],
          [
            5.2523714,
            19.4547111
          ],
          [
            5.2510625,
            19.4547465
          ],
          [
            5.2501452,
            19.4548173
          ],
          [
            5.2489436,
            19.4550146
          ],
          [
            5.247404,
            19.4553636
          ],
          [
            5.2462453,
            19.4556772
          ],
          [
            5.2359831,
            19.4587121
          ],
          [
            5.2096867,
            19.4665113
          ],
          [
            5.2049017,
            19.4679275
          ],
          [
            5.2037966,
            19.4681905
          ],
          [
            5.2028417,
            19.4683625
          ],
          [
            5.2014148,
            19.4685445
          ],
          [
            5.199784,
            19.4686861
          ],
          [
            5.1937008,
            19.4692728
          ],
          [
            5.1924455,
            19.4693639
          ],
          [
            5.1910186,
            19.4693841
          ],
          [
            5.189538,
            19.4692728
          ],
          [
            5.1882291,
            19.4691211
          ],
          [
            5.1849675,
            19.468585
          ],
          [
            5.183723,
            19.4683928
          ],
          [
            5.1822746,
            19.468322
          ],
          [
            5.1803326,
            19.4683523
          ],
          [
            5.1783264,
            19.4685445
          ],
          [
            5.1751077,
            19.4688885
          ],
          [
            5.1703548,
            19.4694043
          ],
          [
            5.1693678,
            19.4694145
          ],
          [
            5.1681232,
            19.4693436
          ],
          [
            5.1674366,
            19.4692121
          ],
          [
            5.1661491,
            19.468848
          ],
          [
            5.1645934,
            19.4681197
          ],
          [
            5.1638102,
            19.4675836
          ],
          [
            5.1629519,
            19.4668957
          ],
          [
            5.1618791,
            19.4657425
          ],
          [
            5.1612461,
            19.4647917
          ],
          [
            5.1607203,
            19.4638104
          ],
          [
            5.160377,
            19.4629607
          ],
          [
            5.1549911,
            19.4464307
          ],
          [
            5.152545,
            19.4389644
          ],
          [
            5.1512897,
            19.4352007
          ],
          [
            5.1510215,
            19.4342497
          ],
          [
            5.1505816,
            19.4330457
          ],
          [
            5.1503563,
            19.4321958
          ],
          [
            5.1494443,
            19.4295146
          ],
          [
            5.1486933,
            19.4275416
          ],
          [
            5.1481783,
            19.4265804
          ],
          [
            5.1473522,
            19.4252347
          ],
          [
            5.146172,
            19.4236461
          ],
          [
            5.1452815,
            19.4226545
          ],
          [
            5.1444876,
            19.4218653
          ],
          [
            5.1437044,
            19.4211874
          ],
          [
            5.1416016,
            19.4195583
          ],
          [
            5.1391125,
            19.417656
          ],
          [
            5.1384944,
            19.4171623
          ],
          [
            5.1371813,
            19.4161585
          ],
          [
            5.1359496,
            19.4152356
          ],
          [
            5.1347887,
            19.4144686
          ],
          [
            5.1339562,
            19.413993
          ],
          [
            5.1330078,
            19.4134871
          ],
          [
            5.1320636,
            19.4130014
          ],
          [
            5.1311195,
            19.4126068
          ],
          [
            5.1298557,
            19.4121069
          ],
          [
            5.1290917,
            19.4118782
          ],
          [
            5.128139,
            19.4116252
          ],
          [
            5.1269996,
            19.4113419
          ],
          [
            5.1251864,
            19.4109979
          ],
          [
            5.1243764,
            19.4109189
          ],
          [
            5.1235181,
            19.4107955
          ],
          [
            5.1222253,
            19.4105627
          ],
          [
            5.1211878,
            19.4104494
          ],
          [
            5.1205516,
            19.4103806
          ],
          [
            5.1192802,
            19.4102086
          ],
          [
            5.1159382,
            19.4097128
          ],
          [
            5.1105523,
            19.4089133
          ],
          [
            5.109179,
            19.4086705
          ],
          [
            5.107677,
            19.4082657
          ],
          [
            5.1054239,
            19.4076586
          ],
          [
            5.1024842,
            19.4067681
          ],
          [
            5.0940835,
            19.4043091
          ],
          [
            5.0902963,
            19.4032364
          ],
          [
            5.0853717,
            19.4017691
          ],
          [
            5.0803506,
            19.400322
          ],
          [
            5.0766706,
            19.3992594
          ],
          [
            5.0712097,
            19.3976504
          ],
          [
            5.0642359,
            19.3956365
          ],
          [
            5.0568223,
            19.3934506
          ],
          [
            5.0524771,
            19.3922058
          ],
          [
            5.0511253,
            19.3918617
          ],
          [
            5.0490546,
            19.3914873
          ],
          [
            5.0470805,
            19.3913152
          ],
          [
            5.0449026,
            19.3912849
          ],
          [
            5.0432825,
            19.3914164
          ],
          [
            5.0403213,
            19.3918212
          ],
          [
            5.0321138,
            19.3928839
          ],
          [
            5.0117826,
            19.3955454
          ],
          [
            4.9973845,
            19.3974277
          ],
          [
            4.9865913,
            19.3988647
          ],
          [
            4.9828791,
            19.3992088
          ],
          [
            4.9745965,
            19.3997958
          ],
          [
            4.9711418,
            19.4002613
          ],
          [
            4.9680304,
            19.4008482
          ],
          [
            4.9643397,
            19.4018399
          ],
          [
            4.9564862,
            19.4042888
          ],
          [
            4.9512076,
            19.4058169
          ],
          [
            4.949255,
            19.4061913
          ],
          [
            4.9477208,
            19.4063633
          ],
          [
            4.9454999,
            19.4065454
          ],
          [
            4.9323785,
            19.4074359
          ],
          [
            4.9265528,
            19.4078609
          ],
          [
            4.9163818,
            19.4085997
          ],
          [
            4.9150085,
            19.4087413
          ],
          [
            4.913249,
            19.4092068
          ],
          [
            4.9120903,
            19.4097532
          ],
          [
            4.9108672,
            19.4104413
          ],
          [
            4.9093652,
            19.4116556
          ],
          [
            4.9082494,
            19.4128699
          ],
          [
            4.9071979,
            19.4144687
          ],
          [
            4.9064684,
            19.4155615
          ],
          [
            4.9056101,
            19.4165126
          ],
          [
            4.9042153,
            19.4175245
          ],
          [
            4.9027133,
            19.4182126
          ],
          [
            4.9010181,
            19.4187185
          ],
          [
            4.8993444,
            19.4190423
          ],
          [
            4.8947096,
            19.419022
          ],
          [
            4.8863411,
            19.4189613
          ],
          [
            4.8827362,
            19.4189613
          ],
          [
            4.8816348,
            19.4188887
          ],
          [
            4.880729,
            19.4187925
          ],
          [
            4.8799124,
            19.4186481
          ],
          [
            4.8763144,
            19.4177336
          ],
          [
            4.8751023,
            19.4174568
          ],
          [
            4.8739796,
            19.4172643
          ],
          [
            4.8729333,
            19.41718
          ],
          [
            4.8716319,
            19.41718
          ],
          [
            4.8702923,
            19.4172643
          ],
          [
            4.8668264,
            19.4174737
          ],
          [
            4.8619727,
            19.4177715
          ],
          [
            4.8565956,
            19.4181118
          ],
          [
            4.8558378,
            19.4181459
          ],
          [
            4.8548995,
            19.4181629
          ],
          [
            4.8519043,
            19.4181544
          ],
          [
            4.8442808,
            19.4180267
          ],
          [
            4.8396526,
            19.4179246
          ],
          [
            4.8387414,
            19.4178991
          ],
          [
            4.8375505,
            19.4178055
          ],
          [
            4.8363055,
            19.4176523
          ],
          [
            4.8289076,
            19.4165547
          ],
          [
            4.8263725,
            19.4161548
          ],
          [
            4.8199038,
            19.4151848
          ],
          [
            4.8098535,
            19.4137383
          ],
          [
            4.809258,
            19.4136702
          ],
          [
            4.8084731,
            19.4136192
          ],
          [
            4.8079138,
            19.4136107
          ],
          [
            4.8033848,
            19.4137638
          ],
          [
            4.7928293,
            19.4140021
          ],
          [
            4.7857652,
            19.4141808
          ],
          [
            4.7851427,
            19.4141808
          ],
          [
            4.7846374,
            19.4141638
          ],
          [
            4.7839788,
            19.4141212
          ],
          [
            4.7814347,
            19.4139
          ],
          [
            4.7708972,
            19.4129895
          ],
          [
            4.7624618,
            19.4122492
          ],
          [
            4.760098,
            19.4120535
          ],
          [
            4.7595477,
            19.412028
          ],
          [
            4.7588981,
            19.4120195
          ],
          [
            4.758032,
            19.4120365
          ],
          [
            4.7570396,
            19.4121131
          ],
          [
            4.7562547,
            19.4121982
          ],
          [
            4.7553706,
            19.4123258
          ],
          [
            4.7548203,
            19.412445
          ],
          [
            4.7463488,
            19.414402
          ],
          [
            4.735694,
            19.4169206
          ],
          [
            4.7254993,
            19.4192775
          ],
          [
            4.7235415,
            19.419788
          ],
          [
            4.7225582,
            19.4200943
          ],
          [
            4.721259,
            19.4205878
          ],
          [
            4.7200862,
            19.4211664
          ],
          [
            4.719166,
            19.4217194
          ],
          [
            4.7174969,
            19.422783
          ],
          [
            4.7165045,
            19.4235317
          ],
          [
            4.7152415,
            19.4247314
          ],
          [
            4.7135814,
            19.4265692
          ],
          [
            4.7112718,
            19.4290451
          ],
          [
            4.7107035,
            19.4295896
          ],
          [
            4.710108,
            19.4301001
          ],
          [
            4.7093592,
            19.4306531
          ],
          [
            4.7086465,
            19.431138
          ],
          [
            4.7078435,
            19.4315975
          ],
          [
            4.7069955,
            19.4319973
          ],
          [
            4.7059941,
            19.4324227
          ],
          [
            4.705137,
            19.4327205
          ],
          [
            4.7004456,
            19.4342179
          ],
          [
            4.6932733,
            19.4365405
          ],
          [
            4.6924342,
            19.4368638
          ],
          [
            4.6916223,
            19.4372552
          ],
          [
            4.6903953,
            19.4379443
          ],
          [
            4.68943,
            19.4385483
          ],
          [
            4.6882932,
            19.4393906
          ],
          [
            4.6871023,
            19.4404285
          ],
          [
            4.6863535,
            19.4411516
          ],
          [
            4.6858754,
            19.4417216
          ],
          [
            4.6855867,
            19.4422491
          ],
          [
            4.6853701,
            19.4429892
          ],
          [
            4.6852529,
            19.443874
          ],
          [
            4.6850273,
            19.4465878
          ],
          [
            4.684919,
            19.4471493
          ],
          [
            4.6846935,
            19.4478554
          ],
          [
            4.6829072,
            19.4527469
          ],
          [
            4.6817434,
            19.456022
          ],
          [
            4.6812923,
            19.4570343
          ],
          [
            4.6807961,
            19.4579955
          ],
          [
            4.6803811,
            19.458693
          ],
          [
            4.6790458,
            19.4608282
          ],
          [
            4.677449,
            19.4631334
          ],
          [
            4.6771332,
            19.4636948
          ],
          [
            4.6765017,
            19.4651153
          ],
          [
            4.6758611,
            19.4662211
          ],
          [
            4.6745439,
            19.4684667
          ],
          [
            4.6728117,
            19.4713077
          ],
          [
            4.6696451,
            19.4766153
          ],
          [
            4.6664423,
            19.4819482
          ],
          [
            4.6623284,
            19.4888544
          ],
          [
            4.6608488,
            19.4913463
          ],
          [
            4.6601721,
            19.4927071
          ],
          [
            4.659685,
            19.4941274
          ],
          [
            4.6593151,
            19.4955987
          ],
          [
            4.6585482,
            19.499987
          ],
          [
            4.658052,
            19.5025468
          ],
          [
            4.6578355,
            19.5032101
          ],
          [
            4.6575107,
            19.5040095
          ],
          [
            4.6569333,
            19.505132
          ],
          [
            4.6551289,
            19.5086357
          ],
          [
            4.6532073,
            19.5124539
          ],
          [
            4.6504737,
            19.5178962
          ],
          [
            4.6494542,
            19.5198009
          ],
          [
            4.6488136,
            19.5207278
          ],
          [
            4.6481911,
            19.5214761
          ],
          [
            4.6473972,
            19.5223604
          ],
          [
            4.6450606,
            19.5247498
          ],
          [
            4.6437704,
            19.5260848
          ],
          [
            4.6427419,
            19.5271221
          ],
          [
            4.641957,
            19.5278023
          ],
          [
            4.6412714,
            19.5282275
          ],
          [
            4.6404233,
            19.5285676
          ],
          [
            4.6397557,
            19.5287972
          ],
          [
            4.6392866,
            19.5288737
          ],
          [
            4.6370221,
            19.5290353
          ],
          [
            4.6312853,
            19.5293439
          ],
          [
            4.6299871,
            19.5293642
          ],
          [
            4.6292682,
            19.5293338
          ],
          [
            4.6285172,
            19.5292631
          ],
          [
            4.6278735,
            19.5291417
          ],
          [
            4.6216722,
            19.5278474
          ],
          [
            4.6209319,
            19.5277059
          ],
          [
            4.6203419,
            19.5276452
          ],
          [
            4.619505,
            19.5275946
          ],
          [
            4.6114691,
            19.5274531
          ],
          [
            4.5961161,
            19.52718
          ],
          [
            4.5908376,
            19.5270385
          ],
          [
            4.589593,
            19.527089
          ],
          [
            4.5881339,
            19.5272104
          ],
          [
            4.5871361,
            19.5273722
          ],
          [
            4.5844432,
            19.5278879
          ],
          [
            4.5802053,
            19.5286665
          ],
          [
            4.5746799,
            19.5296979
          ],
          [
            4.573768,
            19.5299203
          ],
          [
            4.5728346,
            19.5302338
          ],
          [
            4.5689722,
            19.5316797
          ],
          [
            4.5682534,
            19.5319022
          ],
          [
            4.567556,
            19.5320741
          ],
          [
            4.5669552,
            19.5321448
          ],
          [
            4.5660754,
            19.5321651
          ],
          [
            4.5651476,
            19.5320906
          ],
          [
            4.5643356,
            19.5319801
          ],
          [
            4.5633523,
            19.5318185
          ],
          [
            4.5627298,
            19.531759
          ],
          [
            4.5621072,
            19.5317505
          ],
          [
            4.5615298,
            19.5318015
          ],
          [
            4.556207,
            19.5325838
          ],
          [
            4.5486286,
            19.5337826
          ],
          [
            4.5377122,
            19.5354236
          ],
          [
            4.5348342,
            19.5358232
          ],
          [
            4.5342388,
            19.5359253
          ],
          [
            4.5336885,
            19.5360528
          ],
          [
            4.5332013,
            19.5362229
          ],
          [
            4.5324525,
            19.5365715
          ],
          [
            4.5235208,
            19.5412477
          ],
          [
            4.5173048,
            19.5444615
          ],
          [
            4.5118195,
            19.5473352
          ],
          [
            4.5106557,
            19.5480493
          ],
          [
            4.5097355,
            19.5487125
          ],
          [
            4.508716,
            19.5496137
          ],
          [
            4.506668,
            19.5515691
          ],
          [
            4.5033209,
            19.5548507
          ],
          [
            4.5027526,
            19.5553267
          ],
          [
            4.5023859,
            19.5555636
          ],
          [
            4.5019496,
            19.5558453
          ],
          [
            4.5010745,
            19.5562194
          ],
          [
            4.4980544,
            19.5573868
          ],
          [
            4.4975603,
            19.5575905
          ],
          [
            4.497152,
            19.5577841
          ],
          [
            4.4967018,
            19.558015
          ],
          [
            4.4963858,
            19.5582156
          ],
          [
            4.4960203,
            19.5584819
          ],
          [
            4.4924677,
            19.5613457
          ],
          [
            4.4883894,
            19.5646312
          ],
          [
            4.4876674,
            19.5652205
          ],
          [
            4.486769,
            19.5659536
          ],
          [
            4.4821578,
            19.5699351
          ],
          [
            4.4802361,
            19.5716607
          ],
          [
            4.4796046,
            19.5722812
          ],
          [
            4.4792166,
            19.5727233
          ],
          [
            4.476068,
            19.5772795
          ],
          [
            4.4721958,
            19.5828666
          ],
          [
            4.4702019,
            19.5857226
          ],
          [
            4.4686321,
            19.58806
          ],
          [
            4.4658805,
            19.5920208
          ],
          [
            4.4629574,
            19.5962365
          ],
          [
            4.460738,
            19.5994322
          ],
          [
            4.4583365,
            19.6030969
          ],
          [
            4.4571227,
            19.6051009
          ],
          [
            4.4537456,
            19.610661
          ],
          [
            4.4496034,
            19.6175785
          ],
          [
            4.4446722,
            19.6256677
          ],
          [
            4.439832,
            19.6336135
          ],
          [
            4.4373902,
            19.6380299
          ],
          [
            4.4350536,
            19.6422952
          ],
          [
            4.4323741,
            19.6472233
          ],
          [
            4.4311057,
            19.64922
          ],
          [
            4.4306732,
            19.6498058
          ],
          [
            4.4300815,
            19.6505489
          ],
          [
            4.429247,
            19.6514491
          ],
          [
            4.4284504,
            19.6522779
          ],
          [
            4.4271698,
            19.6536251
          ],
          [
            4.4255337,
            19.6553428
          ],
          [
            4.4245359,
            19.6562622
          ],
          [
            4.4234416,
            19.6571564
          ],
          [
            4.4230553,
            19.6575807
          ],
          [
            4.4225242,
            19.658192
          ],
          [
            4.4222399,
            19.6586163
          ],
          [
            4.4219556,
            19.6591114
          ],
          [
            4.4213816,
            19.6602632
          ],
          [
            4.4211402,
            19.6607128
          ],
          [
            4.4208559,
            19.6611523
          ],
          [
            4.4204965,
            19.6616827
          ],
          [
            4.4194558,
            19.6630416
          ],
          [
            4.4183078,
            19.6645167
          ],
          [
            4.4179001,
            19.6650016
          ],
          [
            4.4172617,
            19.6657038
          ],
          [
            4.4165054,
            19.6664716
          ],
          [
            4.4154808,
            19.6674415
          ],
          [
            4.4146761,
            19.6681487
          ],
          [
            4.4121602,
            19.6705481
          ],
          [
            4.4115057,
            19.6712553
          ],
          [
            4.4108405,
            19.6721191
          ],
          [
            4.4103041,
            19.6728465
          ],
          [
            4.4098052,
            19.6735789
          ],
          [
            4.4090381,
            19.6749175
          ],
          [
            4.4074502,
            19.6777714
          ],
          [
            4.4059321,
            19.6804586
          ],
          [
            4.4048163,
            19.6824638
          ],
          [
            4.4035396,
            19.6847115
          ],
          [
            4.4026866,
            19.6863379
          ],
          [
            4.4023272,
            19.6870955
          ],
          [
            4.40178,
            19.6883431
          ],
          [
            4.4008144,
            19.6906462
          ],
          [
            4.4007908,
            19.6907011
          ],
          [
            4.3998596,
            19.6928635
          ],
          [
            4.399527,
            19.6934595
          ],
          [
            4.3991729,
            19.6939595
          ],
          [
            4.3988296,
            19.6943938
          ],
          [
            4.3984326,
            19.694813
          ],
          [
            4.3979928,
            19.6952423
          ],
          [
            4.397569,
            19.6956262
          ],
          [
            4.3970969,
            19.6959999
          ],
          [
            4.3966141,
            19.6963383
          ],
          [
            4.3960723,
            19.6966767
          ],
          [
            4.3941304,
            19.6978232
          ],
          [
            4.3936422,
            19.6981414
          ],
          [
            4.3931594,
            19.698505
          ],
          [
            4.3926552,
            19.6989545
          ],
          [
            4.3922636,
            19.6993585
          ],
          [
            4.3918076,
            19.6998888
          ],
          [
            4.3913999,
            19.7004393
          ],
          [
            4.3907186,
            19.7015151
          ],
          [
            4.3889215,
            19.7045806
          ],
          [
            4.3874249,
            19.7070906
          ],
          [
            4.3862661,
            19.7090602
          ],
          [
            4.3847856,
            19.7114792
          ],
          [
            4.3841955,
            19.7123579
          ],
          [
            4.383718,
            19.7130245
          ],
          [
            4.382967,
            19.713989
          ],
          [
            4.382334,
            19.7147819
          ],
          [
            4.3814113,
            19.7159636
          ],
          [
            4.3800434,
            19.7176553
          ],
          [
            4.3783107,
            19.7198217
          ],
          [
            4.3766692,
            19.721882
          ],
          [
            4.375017,
            19.7239322
          ],
          [
            4.3734398,
            19.7258763
          ],
          [
            4.3709507,
            19.7289262
          ],
          [
            4.368762,
            19.731653
          ],
          [
            4.3659243,
            19.735137
          ],
          [
            4.3639341,
            19.7377122
          ],
          [
            4.3614021,
            19.7413426
          ],
          [
            4.3602219,
            19.743029
          ],
          [
            4.3593636,
            19.7442761
          ],
          [
            4.3579366,
            19.7463108
          ],
          [
            4.3556299,
            19.7496431
          ],
          [
            4.3534466,
            19.7528239
          ],
          [
            4.3530443,
            19.7534903
          ],
          [
            4.3527278,
            19.7541113
          ],
          [
            4.3525239,
            19.7546818
          ],
          [
            4.3523416,
            19.7553432
          ],
          [
            4.3521967,
            19.7561762
          ],
          [
            4.352127,
            19.7570496
          ],
          [
            4.35195,
            19.7597506
          ],
          [
            4.35173,
            19.7629463
          ],
          [
            4.3515744,
            19.7651878
          ],
          [
            4.3514833,
            19.7659047
          ],
          [
            4.351317,
            19.7665913
          ],
          [
            4.3509414,
            19.7677877
          ],
          [
            4.3505552,
            19.7687974
          ],
          [
            4.3494233,
            19.7717556
          ],
          [
            4.3481668,
            19.7751626
          ],
          [
            4.3472548,
            19.7773231
          ],
          [
            4.3470027,
            19.7777724
          ],
          [
            4.346595,
            19.7784135
          ],
          [
            4.3456777,
            19.7796351
          ],
          [
            4.344181,
            19.7815482
          ],
          [
            4.3420782,
            19.7842741
          ],
          [
            4.3409248,
            19.7855612
          ],
          [
            4.3403133,
            19.7862477
          ],
          [
            4.3397983,
            19.7867323
          ],
          [
            4.3394014,
            19.7870757
          ],
          [
            4.3388161,
            19.7875053
          ],
          [
            4.3384413,
            19.7877493
          ],
          [
            4.3379121,
            19.7880476
          ],
          [
            4.3374531,
            19.7882728
          ],
          [
            4.3371442,
            19.7884129
          ],
          [
            4.3366219,
            19.7886047
          ],
          [
            4.336054,
            19.7888071
          ],
          [
            4.3352761,
            19.7890827
          ],
          [
            4.3318714,
            19.7901489
          ],
          [
            4.3232987,
            19.792848
          ],
          [
            4.3218886,
            19.7931962
          ],
          [
            4.3204904,
            19.793482
          ],
          [
            4.3186073,
            19.7938014
          ],
          [
            4.3123385,
            19.794759
          ],
          [
            4.3051351,
            19.7958835
          ],
          [
            4.3037339,
            19.7961077
          ],
          [
            4.3031825,
            19.7962147
          ],
          [
            4.3022422,
            19.7964078
          ],
          [
            4.3016028,
            19.7965653
          ],
          [
            4.3005857,
            19.7968601
          ],
          [
            4.2997446,
            19.7971225
          ],
          [
            4.2980151,
            19.7977363
          ],
          [
            4.297101,
            19.7980755
          ],
          [
            4.2958307,
            19.7985318
          ],
          [
            4.2945904,
            19.798988
          ],
          [
            4.2940068,
            19.7992263
          ],
          [
            4.2934274,
            19.799416
          ],
          [
            4.2928438,
            19.7996422
          ],
          [
            4.2918395,
            19.8000379
          ],
          [
            4.2912216,
            19.8003205
          ],
          [
            4.2906465,
            19.8006274
          ],
          [
            4.2899255,
            19.8010554
          ],
          [
            4.2892217,
            19.8015076
          ],
          [
            4.2885351,
            19.8020487
          ],
          [
            4.2877969,
            19.8026947
          ],
          [
            4.2870416,
            19.8034458
          ],
          [
            4.2858743,
            19.8046651
          ],
          [
            4.2842693,
            19.8063287
          ],
          [
            4.2835655,
            19.8070312
          ],
          [
            4.282896,
            19.8078226
          ],
          [
            4.282278,
            19.8086624
          ],
          [
            4.2819261,
            19.8092438
          ],
          [
            4.2814884,
            19.8100594
          ],
          [
            4.2808189,
            19.811416
          ],
          [
            4.2788534,
            19.8154777
          ],
          [
            4.2781667,
            19.8168828
          ],
          [
            4.2777032,
            19.8177871
          ],
          [
            4.2773685,
            19.8183362
          ],
          [
            4.2769393,
            19.8189418
          ],
          [
            4.2764072,
            19.8196282
          ],
          [
            4.2759351,
            19.8201772
          ],
          [
            4.2751026,
            19.8210816
          ],
          [
            4.2723817,
            19.8239803
          ],
          [
            4.2690858,
            19.827525
          ],
          [
            4.2685537,
            19.8281305
          ],
          [
            4.2679786,
            19.8288814
          ],
          [
            4.2671718,
            19.8300764
          ],
          [
            4.2647685,
            19.8336451
          ],
          [
            4.261713,
            19.8382634
          ],
          [
            4.2606744,
            19.839757
          ],
          [
            4.2601337,
            19.8404271
          ],
          [
            4.2595844,
            19.8410165
          ],
          [
            4.2588634,
            19.8416785
          ],
          [
            4.2581167,
            19.842284
          ],
          [
            4.2573356,
            19.8428411
          ],
          [
            4.2545633,
            19.8446011
          ],
          [
            4.2507696,
            19.8470392
          ],
          [
            4.2498168,
            19.8475882
          ],
          [
            4.2486581,
            19.8481614
          ],
          [
            4.2478084,
            19.8485166
          ],
          [
            4.247096,
            19.8487508
          ],
          [
            4.2462549,
            19.8489849
          ],
          [
            4.2399463,
            19.8506964
          ],
          [
            4.231389,
            19.8530133
          ],
          [
            4.2246427,
            19.8547974
          ],
          [
            4.2229175,
            19.8551769
          ],
          [
            4.2214927,
            19.8554352
          ],
          [
            4.2175445,
            19.8560326
          ],
          [
            4.2117853,
            19.8569044
          ],
          [
            4.2060089,
            19.8578005
          ],
          [
            4.2022838,
            19.858293
          ],
          [
            4.20158,
            19.8584383
          ],
          [
            4.2009448,
            19.8586482
          ],
          [
            4.2003784,
            19.8588742
          ],
          [
            4.1998119,
            19.8591567
          ],
          [
            4.1991767,
            19.8595442
          ],
          [
            4.1976489,
            19.8606421
          ],
          [
            4.1963701,
            19.8615866
          ],
          [
            4.1957693,
            19.861966
          ],
          [
            4.1951856,
            19.8622808
          ],
          [
            4.1945419,
            19.8625714
          ],
          [
            4.1938724,
            19.8627732
          ],
          [
            4.192954,
            19.8630073
          ],
          [
            4.1924734,
            19.86308
          ],
          [
            4.1917867,
            19.86308
          ],
          [
            4.1907138,
            19.8630235
          ],
          [
            4.1878557,
            19.8627006
          ],
          [
            4.1786117,
            19.861635
          ],
          [
            4.1779594,
            19.8615866
          ],
          [
            4.1771182,
            19.8615704
          ],
          [
            4.1717367,
            19.8615462
          ],
          [
            4.1637802,
            19.8615462
          ],
          [
            4.1580381,
            19.8615381
          ]
        ]
      },
      "properties": {
        "highway": "tertiary"
      }
    },
    {
      "type": "Feature",
      "geometry": {
        "type": "LineString",
        "coordinates": [
          [
            5.7688405,
            19.5707315
          ],
          [
            5.7686806,
            19.5707745
          ],
          [
            5.7682685,
            19.5708637
          ],
          [
            5.7676589,
            19.5709731
          ],
          [
            5.7674468,
            19.5710175
          ],
          [
            5.7672651,
            19.5710625
          ],
          [
            5.7668527,
            19.5711743
          ],
          [
            5.7663536,
            19.5713077
          ]
        ]
      },
      "properties": {
        "highway": "tertiary"
      }
    },
    {
      "type": "Feature",
      "geometry": {
        "type": "LineString",
        "coordinates": [
          [
            5.7694793,
            19.583075
          ],
          [
            5.7693784,
            19.5826953
          ],
          [
            5.7692408,
            19.5821751
          ],
          [
            5.7692224,
            19.582108
          ],
          [
            5.7691019,
            19.5816542
          ],
          [
            5.7689153,
            19.5809519
          ],
          [
            5.7688225,
            19.5806024
          ],
          [
            5.7687467,
            19.580317
          ],
          [
            5.7686534,
            19.5799657
          ],
          [
            5.7685481,
            19.5795694
          ],
          [
            5.7684749,
            19.5792937
          ],
          [
            5.7683785,
            19.5789311
          ],
          [
            5.768279,
            19.5785564
          ],
          [
            5.7682078,
            19.5782884
          ],
          [
            5.7681039,
            19.577897
          ],
          [
            5.7679774,
            19.5774208
          ],
          [
            5.7678344,
            19.5768826
          ],
          [
            5.767718,
            19.5764443
          ],
          [
            5.7676959,
            19.5763612
          ],
          [
            5.7676156,
            19.5760587
          ],
          [
            5.7675003,
            19.5756248
          ],
          [
            5.7674698,
            19.57551
          ],
          [
            5.7673666,
            19.5751215
          ],
          [
            5.7672689,
            19.5747538
          ],
          [
            5.7672296,
            19.5746057
          ],
          [
            5.767197,
            19.5744829
          ],
          [
            5.7670664,
            19.5739914
          ],
          [
            5.7670233,
            19.5738288
          ],
          [
            5.7668677,
            19.573243
          ],
          [
            5.7667932,
            19.5729628
          ],
          [
            5.7666905,
            19.5725761
          ],
          [
            5.7666668,
            19.5724868
          ],
          [
            5.7665532,
            19.5720592
          ],
          [
            5.7664412,
            19.5716377
          ],
          [
            5.7663536,
            19.5713077
          ],
          [
            5.7662609,
            19.5709588
          ],
          [
            5.7662153,
            19.5707822
          ],
          [
            5.7662069,
            19.5706664
          ]
        ]
      },
      "properties": {
        "highway": "tertiary"
      }
    },
    {
      "type": "Feature",
      "geometry": {
        "type": "LineString",
        "coordinates": [
          [
            5.7746072,
            19.5819159
          ],
          [
            5.7745598,
            19.5816376
          ],
          [
            5.7745016,
            19.5812964
          ],
          [
            5.7744597,
            19.5810399
          ],
          [
            5.7744075,
            19.5807453
          ],
          [
            5.7742503,
            19.5798578
          ],
          [
            5.7741216,
            19.5791403
          ],
          [
            5.773998,
            19.5784511
          ],
          [
            5.7739421,
            19.5781919
          ],
          [
            5.7739046,
            19.5779643
          ]
        ]
      },
      "properties": {
        "name": "Trans-Sahara",
        "highway": "primary",
        "maxspeed": "50",
        "ref": "RN 1"
      }
    },
    {
      "type": "Feature",
      "geometry": {
        "type": "LineString",
        "coordinates": [
          [
            5.7709216,
            19.5589404
          ],
          [
            5.7709016,
            19.5588667
          ],
          [
            5.770799,
            19.5584676
          ],
          [
            5.7707074,
            19.5580963
          ],
          [
            5.7704546,
            19.5570786
          ],
          [
            5.7704193,
            19.5569453
          ],
          [
            5.7703224,
            19.5565263
          ],
          [
            5.7702631,
            19.5562922
          ],
          [
            5.7702255,
            19.5560621
          ],
          [
            5.7702108,
            19.5558574
          ],
          [
            5.7702161,
            19.5556994
          ],
          [
            5.7702363,
            19.5555339
          ],
          [
            5.7702564,
            19.5553734
          ],
          [
            5.7702979,
            19.5552116
          ],
          [
            5.7703368,
            19.5550916
          ],
          [
            5.7703851,
            19.5550019
          ],
          [
            5.7704743,
            19.554823
          ]
        ]
      },
      "properties": {
        "name": "Trans-Sahara",
        "highway": "primary",
        "maxspeed": "50",
        "ref": "RN 1"
      }
    },
    {
      "type": "Feature",
      "geometry": {
        "type": "LineString",
        "coordinates": [
          [
            5.7739046,
            19.5779643
          ],
          [
            5.7736883,
            19.576882
          ],
          [
            5.7734887,
            19.5757504
          ],
          [
            5.7732413,
            19.5743659
          ],
          [
            5.7731553,
            19.5738517
          ],
          [
            5.7729615,
            19.5728394
          ],
          [
            5.7727823,
            19.5716308
          ],
          [
            5.7727054,
            19.5710593
          ],
          [
            5.7726895,
            19.5709543
          ],
          [
            5.7726327,
            19.5705805
          ],
          [
            5.7725165,
            19.5697262
          ],
          [
            5.7725084,
            19.5696677
          ],
          [
            5.7724655,
            19.5692406
          ],
          [
            5.7723757,
            19.5686113
          ],
          [
            5.7723514,
            19.5683693
          ],
          [
            5.7722762,
            19.5675219
          ],
          [
            5.7722077,
            19.5667501
          ],
          [
            5.7721984,
            19.5666387
          ],
          [
            5.772184,
            19.5664681
          ],
          [
            5.7721715,
            19.5663189
          ],
          [
            5.7721618,
            19.5662025
          ],
          [
            5.7721386,
            19.5659266
          ],
          [
            5.7721343,
            19.5658758
          ],
          [
            5.7721297,
            19.565821
          ],
          [
            5.7721191,
            19.565694
          ],
          [
            5.7721091,
            19.5655749
          ],
          [
            5.7720631,
            19.5650268
          ],
          [
            5.7720342,
            19.5647286
          ],
          [
            5.7719919,
            19.5643526
          ],
          [
            5.7719306,
            19.5639438
          ],
          [
            5.7718225,
            19.5633186
          ],
          [
            5.7718065,
            19.5632356
          ],
          [
            5.7717896,
            19.5631476
          ],
          [
            5.7717866,
            19.5631314
          ],
          [
            5.771771,
            19.5630496
          ],
          [
            5.7717243,
            19.5627903
          ],
          [
            5.7716791,
            19.5625574
          ],
          [
            5.7716492,
            19.5624152
          ],
          [
            5.7714934,
            19.561664
          ],
          [
            5.7714832,
            19.5616074
          ],
          [
            5.7713294,
            19.5607585
          ],
          [
            5.7712085,
            19.5602111
          ],
          [
            5.7709952,
            19.559274
          ],
          [
            5.7709417,
            19.559039
          ],
          [
            5.7709216,
            19.5589404
          ]
        ]
      },
      "properties": {
        "name": "Trans-Sahara",
        "highway": "primary",
        "maxspeed": "50",
        "ref": "RN 1"
      }
    },
    {
      "type": "Feature",
      "geometry": {
        "type": "LineString",
        "coordinates": [
          [
            5.7694624,
            19.5732242
          ],
          [
            5.7693755,
            19.5728842
          ],
          [
            5.7691937,
            19.572173
          ],
          [
            5.7690182,
            19.5714604
          ],
          [
            5.7688405,
            19.5707315
          ],
          [
            5.7688208,
            19.5706507
          ]
        ]
      },
      "properties": {
        "highway": "tertiary"
      }
    },
    {
      "type": "Feature",
      "geometry": {
        "type": "LineString",
        "coordinates": [
          [
            5.768925,
            19.5706224
          ],
          [
            5.768943,
            19.5707049
          ],
          [
            5.7690138,
            19.571024
          ],
          [
            5.7691255,
            19.5714702
          ],
          [
            5.7691819,
            19.5716855
          ],
          [
            5.7693243,
            19.5722375
          ],
          [
            5.769562,
            19.5731967
          ]
        ]
      },
      "properties": {
        "highway": "tertiary"
      }
    },
    {
      "type": "Feature",
      "geometry": {
        "type": "LineString",
        "coordinates": [
          [
            5.769352,
            19.5732646
          ],
          [
            5.7694624,
            19.5732242
          ],
          [
            5.769562,
            19.5731967
          ],
          [
            5.7700112,
            19.5730759
          ],
          [
            5.7705177,
            19.572925
          ],
          [
            5.7711069,
            19.572815
          ]
        ]
      },
      "properties": {
        "highway": "tertiary"
      }
    },
    {
      "type": "Feature",
      "geometry": {
        "type": "LineString",
        "coordinates": [
          [
            5.769262,
            19.5733637
          ],
          [
            5.7683814,
            19.5736157
          ],
          [
            5.7682802,
            19.5736482
          ],
          [
            5.7679566,
            19.573741
          ],
          [
            5.7675714,
            19.573838
          ],
          [
            5.7670664,
            19.5739914
          ]
        ]
      },
      "properties": {
        "highway": "tertiary"
      }
    },
    {
      "type": "Feature",
      "geometry": {
        "type": "LineString",
        "coordinates": [
          [
            5.7711069,
            19.572815
          ],
          [
            5.7714454,
            19.5724004
          ],
          [
            5.7720112,
            19.5716595
          ],
          [
            5.7723414,
            19.5710406
          ],
          [
            5.7724519,
            19.5710446
          ]
        ]
      },
      "properties": {
        "highway": "tertiary"
      }
    },
    {
      "type": "Feature",
      "geometry": {
        "type": "LineString",
        "coordinates": [
          [
            5.7662069,
            19.5706664
          ],
          [
            5.7672567,
            19.5706529
          ],
          [
            5.7682836,
            19.5706552
          ],
          [
            5.7688001,
            19.5706563
          ]
        ]
      },
      "properties": {
        "highway": "tertiary"
      }
    },
    {
      "type": "Feature",
      "geometry": {
        "type": "LineString",
        "coordinates": [
          [
            5.7705554,
            19.5730451
          ],
          [
            5.7707467,
            19.5730373
          ],
          [
            5.7708236,
            19.5730613
          ],
          [
            5.7710289,
            19.573139
          ],
          [
            5.7711602,
            19.5731904
          ],
          [
            5.7714136,
            19.5733373
          ],
          [
            5.771792,
            19.5735603
          ],
          [
            5.7731139,
            19.5743815
          ],
          [
            5.7732413,
            19.5743659
          ],
          [
            5.7733227,
            19.574356
          ]
        ]
      },
      "properties": {
        "highway": "tertiary"
      }
    },
    {
      "type": "Feature",
      "geometry": {
        "type": "LineString",
        "coordinates": [
          [
            5.7711069,
            19.572815
          ],
          [
            5.7710923,
            19.5729136
          ],
          [
            5.7710761,
            19.5730014
          ],
          [
            5.7710939,
            19.5730815
          ],
          [
            5.77112,
            19.5731415
          ],
          [
            5.7711602,
            19.5731904
          ]
        ]
      },
      "properties": {
        "highway": "tertiary"
      }
    },
    {
      "type": "Feature",
      "geometry": {
        "type": "LineString",
        "coordinates": [
          [
            5.8117693,
            19.4440824
          ],
          [
            5.8117606,
            19.4443518
          ],
          [
            5.8117302,
            19.44529
          ],
          [
            5.8117016,
            19.4455193
          ],
          [
            5.8116125,
            19.4462337
          ],
          [
            5.8114637,
            19.4470262
          ],
          [
            5.8112801,
            19.4477938
          ],
          [
            5.8109999,
            19.4486827
          ],
          [
            5.8107642,
            19.4493208
          ],
          [
            5.8103527,
            19.4502203
          ],
          [
            5.8092851,
            19.4521313
          ],
          [
            5.8082041,
            19.4540255
          ],
          [
            5.8066016,
            19.4567874
          ],
          [
            5.8058774,
            19.4581152
          ],
          [
            5.8050297,
            19.4596674
          ],
          [
            5.8038827,
            19.4618444
          ],
          [
            5.8036405,
            19.4623032
          ]
        ]
      },
      "properties": {
        "highway": "primary",
        "ref": "Trans-Sahara"
      }
    },
    {
      "type": "Feature",
      "geometry": {
        "type": "LineString",
        "coordinates": [
          [
            6.5028102,
            19.2937504
          ],
          [
            6.5021521,
            19.2939575
          ],
          [
            6.5007278,
            19.29436
          ],
          [
            6.4993331,
            19.2946714
          ],
          [
            6.4981395,
            19.2948764
          ],
          [
            6.4969406,
            19.2949954
          ],
          [
            6.4958382,
            19.2950739
          ],
          [
            6.4946419,
            19.2951017
          ],
          [
            6.4931345,
            19.2950536
          ],
          [
            6.4916754,
            19.2948309
          ],
          [
            6.4902396,
            19.2946565
          ],
          [
            6.4888821,
            19.2943683
          ],
          [
            6.4862218,
            19.2939041
          ],
          [
            6.4832487,
            19.2934014
          ],
          [
            6.4815787,
            19.293089
          ],
          [
            6.4802028,
            19.2929347
          ],
          [
            6.4795015,
            19.2929138
          ],
          [
            6.4781323,
            19.2930033
          ],
          [
            6.4762473,
            19.2932056
          ],
          [
            6.4743054,
            19.2940562
          ],
          [
            6.4720792,
            19.2952967
          ],
          [
            6.4699495,
            19.2964156
          ],
          [
            6.4683992,
            19.2969928
          ],
          [
            6.46806,
            19.2970787
          ],
          [
            6.4665592,
            19.2974586
          ],
          [
            6.464231,
            19.2977472
          ],
          [
            6.4623803,
            19.2977624
          ],
          [
            6.4608514,
            19.2975953
          ],
          [
            6.460101,
            19.2974709
          ],
          [
            6.4584696,
            19.2972004
          ],
          [
            6.4568925,
            19.2971194
          ],
          [
            6.4552349,
            19.2971346
          ],
          [
            6.4537543,
            19.2973421
          ],
          [
            6.4519089,
            19.2977269
          ],
          [
            6.4470327,
            19.299018
          ],
          [
            6.4367115,
            19.3017469
          ],
          [
            6.4344478,
            19.3024405
          ],
          [
            6.4335486,
            19.3027879
          ],
          [
            6.4334124,
            19.3028405
          ],
          [
            6.4318675,
            19.3035999
          ],
          [
            6.4297432,
            19.3049719
          ],
          [
            6.4282933,
            19.305987
          ],
          [
            6.4266264,
            19.307154
          ],
          [
            6.4246148,
            19.308526
          ],
          [
            6.4238208,
            19.3091234
          ],
          [
            6.4229143,
            19.3099334
          ],
          [
            6.4227521,
            19.3101075
          ],
          [
            6.4222115,
            19.3106877
          ],
          [
            6.4210099,
            19.3121508
          ],
          [
            6.4197834,
            19.3139357
          ],
          [
            6.4190304,
            19.3150314
          ],
          [
            6.4172924,
            19.3177651
          ],
          [
            6.4161605,
            19.3194863
          ],
          [
            6.4148033,
            19.3214505
          ],
          [
            6.4139664,
            19.3224832
          ],
          [
            6.4128184,
            19.3235868
          ],
          [
            6.411531,
            19.3246296
          ],
          [
            6.410222,
            19.3254243
          ],
          [
            6.4089239,
            19.3260318
          ],
          [
            6.4075506,
            19.3265026
          ],
          [
            6.4054906,
            19.3271404
          ],
          [
            6.4030445,
            19.3278238
          ],
          [
            6.3961947,
            19.3298779
          ],
          [
            6.3944185,
            19.3304105
          ],
          [
            6.3867286,
            19.3328402
          ],
          [
            6.3804495,
            19.3350472
          ],
          [
            6.3656652,
            19.3401798
          ],
          [
            6.3548291,
            19.3434395
          ],
          [
            6.3479841,
            19.345535
          ],
          [
            6.3449156,
            19.3466688
          ],
          [
            6.3425338,
            19.3477722
          ],
          [
            6.3399482,
            19.3491793
          ],
          [
            6.3377595,
            19.3506167
          ],
          [
            6.3328886,
            19.3539673
          ],
          [
            6.3294768,
            19.3562449
          ],
          [
            6.3275778,
            19.3572672
          ],
          [
            6.3242626,
            19.3588666
          ],
          [
            6.3175356,
            19.3620955
          ],
          [
            6.315068,
            19.3631482
          ],
          [
            6.3123751,
            19.364211
          ],
          [
            6.3088882,
            19.3656483
          ],
          [
            6.3061094,
            19.3669338
          ],
          [
            6.3036096,
            19.3684116
          ],
          [
            6.2988889,
            19.3712254
          ],
          [
            6.2967753,
            19.3726019
          ],
          [
            6.2954128,
            19.3737355
          ],
          [
            6.2939429,
            19.3749905
          ],
          [
            6.2926769,
            19.3763973
          ],
          [
            6.2908959,
            19.378462
          ],
          [
            6.2878597,
            19.3819942
          ],
          [
            6.2866259,
            19.3834314
          ],
          [
            6.2853706,
            19.3845649
          ],
          [
            6.2837934,
            19.3856174
          ],
          [
            6.2820876,
            19.3865587
          ],
          [
            6.2799954,
            19.3873481
          ],
          [
            6.2726676,
            19.3898073
          ],
          [
            6.2647283,
            19.3924386
          ],
          [
            6.2622714,
            19.393319
          ],
          [
            6.2610739,
            19.3937667
          ],
          [
            6.2587523,
            19.3946346
          ],
          [
            6.2564027,
            19.3957984
          ],
          [
            6.2544823,
            19.3971039
          ],
          [
            6.2500083,
            19.4015869
          ],
          [
            6.2434958,
            19.4086345
          ],
          [
            6.2401056,
            19.4123032
          ],
          [
            6.2373805,
            19.4153996
          ],
          [
            6.2356102,
            19.4169983
          ],
          [
            6.2336254,
            19.4182631
          ],
          [
            6.2316406,
            19.4191637
          ],
          [
            6.2281537,
            19.4204184
          ],
          [
            6.2222099,
            19.4218552
          ],
          [
            6.216824,
            19.4232313
          ],
          [
            6.211245,
            19.4247693
          ],
          [
            6.2067389,
            19.4261453
          ],
          [
            6.2041426,
            19.4270863
          ],
          [
            6.2024474,
            19.4280677
          ],
          [
            6.2009132,
            19.4292212
          ],
          [
            6.1994541,
            19.4306984
          ],
          [
            6.1982417,
            19.4322666
          ],
          [
            6.1948192,
            19.438671
          ],
          [
            6.1916649,
            19.4444276
          ],
          [
            6.1890685,
            19.4490206
          ],
          [
            6.187309,
            19.4519038
          ],
          [
            6.1855924,
            19.4542306
          ],
          [
            6.1833608,
            19.4572452
          ],
          [
            6.181612,
            19.4595719
          ],
          [
            6.1799061,
            19.4619694
          ],
          [
            6.1783612,
            19.46377
          ],
          [
            6.1769342,
            19.4653076
          ],
          [
            6.1745417,
            19.4675128
          ],
          [
            6.1717307,
            19.4695055
          ],
          [
            6.1690593,
            19.4710632
          ],
          [
            6.1661947,
            19.4723782
          ],
          [
            6.1637807,
            19.4732582
          ],
          [
            6.1610126,
            19.4740776
          ],
          [
            6.1580837,
            19.474644
          ],
          [
            6.1558413,
            19.4748868
          ],
          [
            6.1536527,
            19.4750183
          ],
          [
            6.1514747,
            19.4750486
          ],
          [
            6.1493611,
            19.4752003
          ],
          [
            6.1466253,
            19.4756454
          ],
          [
            6.14434,
            19.4762219
          ],
          [
            6.1429346,
            19.4767075
          ]
        ]
      },
      "properties": {
        "name": "N11",
        "highway": "primary",
        "ref": "الطريق العابر للصحراء"
      }
    },
    {
      "type": "Feature",
      "geometry": {
        "type": "LineString",
        "coordinates": [
          [
            6.0603869,
            19.7162526
          ],
          [
            6.0618113,
            19.7184578
          ],
          [
            6.0631784,
            19.7205823
          ],
          [
            6.0645101,
            19.7226619
          ],
          [
            6.0658162,
            19.7247555
          ],
          [
            6.0669186,
            19.7264595
          ],
          [
            6.068186,
            19.7284393
          ],
          [
            6.068489,
            19.7289224
          ],
          [
            6.070116,
            19.7314777
          ],
          [
            6.071832,
            19.7341902
          ],
          [
            6.0725304,
            19.7352998
          ],
          [
            6.074388,
            19.7381476
          ],
          [
            6.075933,
            19.7405813
          ],
          [
            6.0835021,
            19.7517749
          ],
          [
            6.0871017,
            19.7573134
          ],
          [
            6.0894352,
            19.7610241
          ],
          [
            6.0917151,
            19.7647448
          ],
          [
            6.0937375,
            19.7680767
          ],
          [
            6.0957384,
            19.7715095
          ],
          [
            6.0988122,
            19.7767292
          ],
          [
            6.1021998,
            19.782441
          ],
          [
            6.1047533,
            19.7866861
          ],
          [
            6.105625,
            19.7880742
          ],
          [
            6.1069983,
            19.7902043
          ],
          [
            6.1079532,
            19.7916555
          ],
          [
            6.1101258,
            19.7947547
          ],
          [
            6.1121643,
            19.7975055
          ],
          [
            6.1141062,
            19.8000241
          ],
          [
            6.1162573,
            19.8026891
          ],
          [
            6.1194169,
            19.8066712
          ],
          [
            6.1226249,
            19.8106988
          ],
          [
            6.1255002,
            19.8143022
          ],
          [
            6.1275601,
            19.8166238
          ],
          [
            6.1292767,
            19.8182488
          ],
          [
            6.130591,
            19.8193743
          ],
          [
            6.1314279,
            19.8200555
          ],
          [
            6.1322647,
            19.8206989
          ],
          [
            6.132938,
            19.8211835
          ],
          [
            6.1341235,
            19.8219833
          ],
          [
            6.1352392,
            19.8226974
          ],
          [
            6.1392009,
            19.8251424
          ],
          [
            6.1462819,
            19.8295833
          ],
          [
            6.1503106,
            19.8321014
          ],
          [
            6.1533469,
            19.8339786
          ],
          [
            6.1557609,
            19.8354823
          ],
          [
            6.1603743,
            19.8383713
          ],
          [
            6.1633676,
            19.8402307
          ],
          [
            6.1663529,
            19.8421028
          ],
          [
            6.167509,
            19.8428697
          ],
          [
            6.1685577,
            19.8435963
          ],
          [
            6.1698478,
            19.8445349
          ],
          [
            6.1710254,
            19.8454331
          ],
          [
            6.1722323,
            19.8464069
          ],
          [
            6.1729994,
            19.8470653
          ],
          [
            6.1737693,
            19.8477263
          ],
          [
            6.1750218,
            19.8488591
          ],
          [
            6.1759955,
            19.8497825
          ],
          [
            6.176902,
            19.8506882
          ],
          [
            6.1778972,
            19.8517377
          ],
          [
            6.1787555,
            19.8526887
          ],
          [
            6.1797345,
            19.8538139
          ],
          [
            6.1805981,
            19.8548357
          ],
          [
            6.1816362,
            19.8561828
          ],
          [
            6.1826286,
            19.8574896
          ],
          [
            6.1834198,
            19.8586273
          ],
          [
            6.1840367,
            19.8595355
          ],
          [
            6.1848494,
            19.8608145
          ],
          [
            6.1854341,
            19.8617555
          ],
          [
            6.1861315,
            19.8629714
          ],
          [
            6.186794,
            19.8642075
          ],
          [
            6.1875799,
            19.8657084
          ],
          [
            6.1883417,
            19.8672826
          ],
          [
            6.1922121,
            19.8752158
          ],
          [
            6.194213,
            19.879287
          ],
          [
            6.1952698,
            19.8814461
          ],
          [
            6.1957151,
            19.882339
          ],
          [
            6.196171,
            19.8831563
          ],
          [
            6.1970615,
            19.8846898
          ],
          [
            6.1976194,
            19.8856079
          ],
          [
            6.1981987,
            19.8864756
          ],
          [
            6.1988854,
            19.8874895
          ],
          [
            6.1995077,
            19.8883471
          ],
          [
            6.200484,
            19.8895981
          ],
          [
            6.201058,
            19.8902892
          ],
          [
            6.2016267,
            19.8909551
          ],
          [
            6.2024313,
            19.8918731
          ],
          [
            6.2033861,
            19.8928669
          ],
          [
            6.2044752,
            19.8939565
          ],
          [
            6.2056339,
            19.8950612
          ],
          [
            6.2075543,
            19.8966753
          ],
          [
            6.2095606,
            19.8983096
          ],
          [
            6.2139809,
            19.9018354
          ],
          [
            6.2152362,
            19.9029098
          ],
          [
            6.2163225,
            19.9038934
          ],
          [
            6.2178406,
            19.9053839
          ],
          [
            6.2187338,
            19.9063271
          ],
          [
            6.2195572,
            19.9072325
          ],
          [
            6.2210029,
            19.908965
          ],
          [
            6.2224781,
            19.9109699
          ],
          [
            6.2237978,
            19.912942
          ],
          [
            6.2248117,
            19.9146266
          ],
          [
            6.2257343,
            19.9163616
          ],
          [
            6.2263513,
            19.9177335
          ],
          [
            6.226877,
            19.9188632
          ],
          [
            6.2273115,
            19.9198769
          ],
          [
            6.2279981,
            19.9217279
          ],
          [
            6.2286794,
            19.9237856
          ],
          [
            6.229071,
            19.9251775
          ],
          [
            6.2294411,
            19.9267309
          ],
          [
            6.2298542,
            19.9288944
          ],
          [
            6.2300688,
            19.9304628
          ],
          [
            6.2302458,
            19.9320716
          ],
          [
            6.2306267,
            19.9364792
          ],
          [
            6.2310827,
            19.9422784
          ],
          [
            6.2312865,
            19.9445123
          ],
          [
            6.2313884,
            19.9458991
          ],
          [
            6.2315011,
            19.9471698
          ],
          [
            6.2316191,
            19.948022
          ],
          [
            6.2317318,
            19.9487178
          ],
          [
            6.2319142,
            19.9498575
          ],
          [
            6.2321234,
            19.9509315
          ],
          [
            6.2324667,
            19.9524392
          ],
          [
            6.2328583,
            19.9539873
          ],
          [
            6.2332231,
            19.9551722
          ],
          [
            6.2335395,
            19.9561403
          ],
          [
            6.2339258,
            19.9572496
          ],
          [
            6.2343335,
            19.9582984
          ],
          [
            6.2347948,
            19.9593674
          ],
          [
            6.235165,
            19.9602246
          ],
          [
            6.2359213,
            19.9617876
          ],
          [
            6.2364256,
            19.9627507
          ],
          [
            6.2369567,
            19.9637338
          ],
          [
            6.2373859,
            19.9644801
          ],
          [
            6.2378579,
            19.9652314
          ],
          [
            6.2383676,
            19.9659977
          ],
          [
            6.2389094,
            19.9668549
          ],
          [
            6.2394297,
            19.9676313
          ],
          [
            6.2397999,
            19.9681254
          ],
          [
            6.240127,
            19.9685388
          ],
          [
            6.2410015,
            19.9696128
          ],
          [
            6.2418759,
            19.9706514
          ],
          [
            6.242997,
            19.9719321
          ],
          [
            6.2448209,
            19.9738025
          ],
          [
            6.2464946,
            19.9754058
          ],
          [
            6.2568962,
            19.9852771
          ],
          [
            6.2620354,
            19.9901672
          ],
          [
            6.2661016,
            19.9940388
          ],
          [
            6.271112,
            19.9987975
          ],
          [
            6.2747866,
            20.0022959
          ],
          [
            6.2825757,
            20.0096805
          ],
          [
            6.2871838,
            20.0140356
          ],
          [
            6.2895261,
            20.0162652
          ]
        ]
      },
      "properties": {
        "highway": "tertiary"
      }
    },
    {
      "type": "Feature",
      "geometry": {
        "type": "LineString",
        "coordinates": [
          [
            5.7705648,
            19.3373592
          ],
          [
            5.7706124,
            19.3374769
          ],
          [
            5.770703,
            19.3376009
          ],
          [
            5.7709068,
            19.3377502
          ],
          [
            5.7713038,
            19.3380387
          ],
          [
            5.7714701,
            19.3382058
          ],
          [
            5.7717624,
            19.3388587
          ],
          [
            5.7727575,
            19.341339
          ],
          [
            5.7730901,
            19.3420932
          ],
          [
            5.7735515,
            19.3434294
          ],
          [
            5.7745063,
            19.3467751
          ],
          [
            5.7753646,
            19.3498373
          ],
          [
            5.7767486,
            19.3539775
          ],
          [
            5.7784223,
            19.3587552
          ],
          [
            5.7814693,
            19.3670046
          ],
          [
            5.7818928,
            19.3681431
          ],
          [
            5.7825926,
            19.3700245
          ],
          [
            5.7847524,
            19.3758306
          ],
          [
            5.7867694,
            19.3805874
          ],
          [
            5.7892773,
            19.3864246
          ],
          [
            5.7901074,
            19.3883398
          ],
          [
            5.7905889,
            19.3894733
          ],
          [
            5.7914042,
            19.3915834
          ],
          [
            5.7923377,
            19.3940122
          ],
          [
            5.7930404,
            19.3958541
          ],
          [
            5.7936841,
            19.3979236
          ],
          [
            5.7944865,
            19.4001472
          ],
          [
            5.7946336,
            19.4005547
          ],
          [
            5.7955509,
            19.4029784
          ],
          [
            5.7965809,
            19.4056094
          ],
          [
            5.7977649,
            19.4084541
          ],
          [
            5.7987723,
            19.4105931
          ],
          [
            5.8015296,
            19.41629
          ],
          [
            5.8023798,
            19.4180861
          ],
          [
            5.8033454,
            19.4203071
          ],
          [
            5.804531,
            19.4231857
          ],
          [
            5.8071059,
            19.4301495
          ],
          [
            5.8095574,
            19.4363288
          ],
          [
            5.8111399,
            19.4400317
          ],
          [
            5.8115101,
            19.4412458
          ],
          [
            5.8115718,
            19.4416353
          ],
          [
            5.8116952,
            19.4422373
          ],
          [
            5.8117327,
            19.4427558
          ],
          [
            5.8117817,
            19.4435601
          ],
          [
            5.8117776,
            19.4437826
          ],
          [
            5.8117693,
            19.4440824
          ]
        ]
      },
      "properties": {
        "name": "N11",
        "highway": "primary",
        "ref": "الطريق العابر للصحراء"
      }
    },
    {
      "type": "Feature",
      "geometry": {
        "type": "LineString",
        "coordinates": [
          [
            5.7898746,
            19.4839736
          ],
          [
            5.7899518,
            19.4839951
          ],
          [
            5.7900028,
            19.4840052
          ],
          [
            5.7900685,
            19.4840052
          ],
          [
            5.791158,
            19.4839138
          ],
          [
            5.7914465,
            19.4838896
          ],
          [
            5.7933181,
            19.4836734
          ],
          [
            5.7940666,
            19.4835982
          ],
          [
            5.7945746,
            19.4835728
          ],
          [
            5.7950088,
            19.4835658
          ],
          [
            5.7954597,
            19.483588
          ],
          [
            5.7958143,
            19.4836238
          ],
          [
            5.7962242,
            19.4836815
          ],
          [
            5.7965407,
            19.4837371
          ],
          [
            5.7967791,
            19.4837869
          ],
          [
            5.7972273,
            19.4839116
          ],
          [
            5.7976833,
            19.4840532
          ],
          [
            5.7981285,
            19.4842176
          ],
          [
            5.7985631,
            19.4843997
          ],
          [
            5.7990968,
            19.4846424
          ],
          [
            5.800961,
            19.4855097
          ],
          [
            5.8027956,
            19.486377
          ],
          [
            5.8034881,
            19.4867143
          ],
          [
            5.8038142,
            19.4868689
          ],
          [
            5.805628,
            19.4877146
          ],
          [
            5.8074063,
            19.4885389
          ],
          [
            5.8138221,
            19.4915554
          ],
          [
            5.8202031,
            19.4945568
          ],
          [
            5.8225796,
            19.4957097
          ],
          [
            5.8237892,
            19.4962988
          ],
          [
            5.8249466,
            19.4968993
          ],
          [
            5.8266887,
            19.4978652
          ],
          [
            5.8291268,
            19.4992621
          ],
          [
            5.8368301,
            19.5034592
          ],
          [
            5.8415615,
            19.506301
          ],
          [
            5.8424735,
            19.5068521
          ],
          [
            5.844858,
            19.5082679
          ],
          [
            5.8500051,
            19.5113574
          ],
          [
            5.8544805,
            19.5140362
          ],
          [
            5.8551818,
            19.5144746
          ],
          [
            5.8557145,
            19.5148297
          ],
          [
            5.8562547,
            19.5152457
          ],
          [
            5.8569494,
            19.5158146
          ],
          [
            5.8574858,
            19.5162696
          ],
          [
            5.8577996,
            19.5165148
          ],
          [
            5.8580223,
            19.5166767
          ],
          [
            5.8583468,
            19.5169016
          ],
          [
            5.8587062,
            19.5171114
          ],
          [
            5.85913,
            19.517339
          ],
          [
            5.8593795,
            19.5174628
          ],
          [
            5.8595029,
            19.5175164
          ],
          [
            5.8596477,
            19.5175792
          ],
          [
            5.8601251,
            19.5177662
          ],
          [
            5.8604819,
            19.517885
          ],
          [
            5.8610156,
            19.5180367
          ],
          [
            5.8614019,
            19.5181201
          ],
          [
            5.8617693,
            19.5181833
          ],
          [
            5.8621395,
            19.5182314
          ],
          [
            5.8624881,
            19.5182617
          ],
          [
            5.8628422,
            19.5182769
          ],
          [
            5.8632418,
            19.5182819
          ],
          [
            5.8637622,
            19.5182718
          ],
          [
            5.8645319,
            19.518244
          ],
          [
            5.8669165,
            19.5181505
          ],
          [
            5.86822,
            19.5181075
          ],
          [
            5.869014,
            19.5180949
          ],
          [
            5.8692821,
            19.5180898
          ],
          [
            5.8696416,
            19.5181075
          ],
          [
            5.8699876,
            19.5181328
          ],
          [
            5.8703067,
            19.5181707
          ],
          [
            5.8706957,
            19.518244
          ],
          [
            5.8711383,
            19.5183426
          ],
          [
            5.8715192,
            19.5184437
          ],
          [
            5.8719134,
            19.5185651
          ],
          [
            5.8722782,
            19.5186915
          ],
          [
            5.872651,
            19.5188381
          ],
          [
            5.8730641,
            19.5190303
          ],
          [
            5.8734289,
            19.5192249
          ],
          [
            5.8738553,
            19.5194701
          ],
          [
            5.8745581,
            19.5198999
          ],
          [
            5.8761433,
            19.5208732
          ],
          [
            5.8771491,
            19.5214723
          ],
          [
            5.8778169,
            19.5218768
          ],
          [
            5.8787826,
            19.5224684
          ],
          [
            5.8801746,
            19.5232976
          ],
          [
            5.881159,
            19.5239043
          ],
          [
            5.8823069,
            19.524607
          ],
          [
            5.8838975,
            19.5255803
          ],
          [
            5.8843321,
            19.525823
          ],
          [
            5.8846995,
            19.5260151
          ],
          [
            5.8850616,
            19.5261946
          ],
          [
            5.8856624,
            19.5264803
          ],
          [
            5.8863196,
            19.5268014
          ],
          [
            5.886797,
            19.5270441
          ],
          [
            5.8872718,
            19.5273347
          ],
          [
            5.8876124,
            19.5275471
          ],
          [
            5.8879209,
            19.5277544
          ],
          [
            5.8887094,
            19.5283181
          ],
          [
            5.8895007,
            19.5288944
          ],
          [
            5.8901578,
            19.5293596
          ],
          [
            5.8905655,
            19.5296275
          ],
          [
            5.8909974,
            19.5299107
          ],
          [
            5.891389,
            19.5301432
          ],
          [
            5.8918503,
            19.5304087
          ],
          [
            5.8935267,
            19.5313313
          ],
          [
            5.8944252,
            19.5318192
          ],
          [
            5.8952701,
            19.5322313
          ],
          [
            5.8959192,
            19.5325371
          ],
          [
            5.8966917,
            19.532891
          ],
          [
            5.8978691,
            19.5334016
          ],
          [
            5.9000605,
            19.5343673
          ],
          [
            5.9008706,
            19.5347364
          ],
          [
            5.9019381,
            19.5352343
          ],
          [
            5.9035769,
            19.536028
          ],
          [
            5.9053123,
            19.5368774
          ],
          [
            5.9072355,
            19.5378101
          ],
          [
            5.9095878,
            19.5389451
          ],
          [
            5.9112132,
            19.539802
          ],
          [
            5.9126401,
            19.5405755
          ],
          [
            5.9141234,
            19.5414097
          ],
          [
            5.915443,
            19.5421402
          ],
          [
            5.9163174,
            19.5426432
          ],
          [
            5.9169316,
            19.5430122
          ],
          [
            5.9173822,
            19.5433155
          ],
          [
            5.9180206,
            19.5437907
          ],
          [
            5.9197533,
            19.5451304
          ],
          [
            5.9224033,
            19.5472334
          ],
          [
            5.9236264,
            19.5481737
          ],
          [
            5.9248549,
            19.5491342
          ],
          [
            5.9254369,
            19.5496018
          ],
          [
            5.9263623,
            19.5504005
          ],
          [
            5.9274271,
            19.5513509
          ],
          [
            5.9283337,
            19.5521723
          ],
          [
            5.9293261,
            19.5530493
          ],
          [
            5.9303829,
            19.5539896
          ],
          [
            5.9308952,
            19.5544117
          ],
          [
            5.9313405,
            19.5547453
          ],
          [
            5.931724,
            19.5550259
          ],
          [
            5.9321693,
            19.555314
          ],
          [
            5.9326011,
            19.5555769
          ],
          [
            5.9332421,
            19.555913
          ],
          [
            5.9337705,
            19.5561708
          ],
          [
            5.9345403,
            19.5565575
          ],
          [
            5.9354738,
            19.5570176
          ],
          [
            5.9366566,
            19.5575913
          ],
          [
            5.937869,
            19.5581725
          ],
          [
            5.9387809,
            19.5586503
          ],
          [
            5.9399825,
            19.5593301
          ],
          [
            5.9412217,
            19.5600631
          ],
          [
            5.9436893,
            19.5614987
          ],
          [
            5.945583,
            19.5626208
          ],
          [
            5.9465566,
            19.5632375
          ],
          [
            5.947254,
            19.5636823
          ],
          [
            5.9480775,
            19.5642813
          ],
          [
            5.9489438,
            19.5649359
          ],
          [
            5.9501642,
            19.5658963
          ],
          [
            5.9512934,
            19.5668213
          ],
          [
            5.9523288,
            19.5676553
          ],
          [
            5.9540963,
            19.5690984
          ],
          [
            5.9551772,
            19.5700133
          ],
          [
            5.9560034,
            19.570688
          ],
          [
            5.9567088,
            19.5712693
          ],
          [
            5.9573633,
            19.5718001
          ],
          [
            5.9581322,
            19.5724547
          ],
          [
            5.9587821,
            19.573008
          ],
          [
            5.9601394,
            19.5742514
          ],
          [
            5.9616441,
            19.5757096
          ],
          [
            5.9627679,
            19.5768822
          ],
          [
            5.963299,
            19.5774281
          ],
          [
            5.9637952,
            19.5779436
          ],
          [
            5.9644791,
            19.5786512
          ],
          [
            5.9653669,
            19.5795711
          ],
          [
            5.9663835,
            19.5806173
          ],
          [
            5.9671855,
            19.5814488
          ],
          [
            5.9686983,
            19.5829877
          ],
          [
            5.9691274,
            19.5834375
          ],
          [
            5.9694493,
            19.5838166
          ],
          [
            5.9698543,
            19.5843144
          ],
          [
            5.9704604,
            19.5851129
          ],
          [
            5.9711565,
            19.5861528
          ],
          [
            5.9719008,
            19.5872837
          ],
          [
            5.9731883,
            19.5892825
          ],
          [
            5.9746635,
            19.5915062
          ],
          [
            5.9764927,
            19.5943161
          ],
          [
            5.9780163,
            19.5966358
          ],
          [
            5.9786761,
            19.5976415
          ],
          [
            5.9796417,
            19.5991222
          ],
          [
            5.980441,
            19.6003502
          ],
          [
            5.9812457,
            19.6015833
          ],
          [
            5.982179,
            19.6030235
          ],
          [
            5.9830158,
            19.6042667
          ],
          [
            5.9838796,
            19.6055654
          ],
          [
            5.9844857,
            19.6064851
          ],
          [
            5.9849256,
            19.6072482
          ],
          [
            5.9852314,
            19.6078748
          ],
          [
            5.9854943,
            19.6085318
          ],
          [
            5.985843,
            19.6094667
          ],
          [
            5.9866154,
            19.6117204
          ],
          [
            5.9874952,
            19.6143177
          ],
          [
            5.9881282,
            19.6161115
          ],
          [
            5.9886753,
            19.6176881
          ],
          [
            5.9889704,
            19.6186532
          ],
          [
            5.9891421,
            19.619204
          ],
          [
            5.9892654,
            19.6196992
          ],
          [
            5.9896195,
            19.62121
          ],
          [
            5.989952,
            19.6228371
          ],
          [
            5.9904027,
            19.625131
          ],
          [
            5.9908801,
            19.6276069
          ],
          [
            5.9910142,
            19.6282537
          ],
          [
            5.9911376,
            19.6287311
          ],
          [
            5.9912637,
            19.6291581
          ],
          [
            5.9914059,
            19.629585
          ],
          [
            5.9915909,
            19.6300398
          ],
          [
            5.9917894,
            19.6304945
          ],
          [
            5.9920468,
            19.6310352
          ],
          [
            5.9924036,
            19.6317147
          ],
          [
            5.9931439,
            19.6329627
          ],
          [
            5.9947962,
            19.6356203
          ],
          [
            5.9967893,
            19.6389247
          ]
        ]
      },
      "properties": {
        "highway": "tertiary"
      }
    },
    {
      "type": "Feature",
      "geometry": {
        "type": "LineString",
        "coordinates": [
          [
            5.7714477,
            19.5534679
          ],
          [
            5.7714391,
            19.5534155
          ],
          [
            5.7714465,
            19.5533746
          ],
          [
            5.7714645,
            19.5533372
          ],
          [
            5.7714922,
            19.5533055
          ],
          [
            5.7715278,
            19.5532817
          ],
          [
            5.7715695,
            19.5532646
          ],
          [
            5.7716003,
            19.5532617
          ]
        ]
      },
      "properties": {
        "highway": "primary",
        "maxspeed": "80"
      }
    },
    {
      "type": "Feature",
      "geometry": {
        "type": "LineString",
        "coordinates": [
          [
            5.7712354,
            19.5538207
          ],
          [
            5.7713394,
            19.553681
          ],
          [
            5.7714333,
            19.5535412
          ],
          [
            5.7714477,
            19.5534679
          ]
        ]
      },
      "properties": {
        "name": "Trans-Sahara",
        "highway": "primary",
        "maxspeed": "80",
        "ref": "RN 1"
      }
    },
    {
      "type": "Feature",
      "geometry": {
        "type": "LineString",
        "coordinates": [
          [
            5.7714391,
            19.5534155
          ],
          [
            5.7713667,
            19.5533252
          ],
          [
            5.771292,
            19.5532366
          ],
          [
            5.7712151,
            19.5531497
          ]
        ]
      },
      "properties": {
        "highway": "tertiary"
      }
    },
    {
      "type": "Feature",
      "geometry": {
        "type": "LineString",
        "coordinates": [
          [
            5.7712151,
            19.5531497
          ],
          [
            5.7713011,
            19.5531852
          ],
          [
            5.771389,
            19.5532163
          ],
          [
            5.7714785,
            19.5532428
          ],
          [
            5.7715695,
            19.5532646
          ]
        ]
      },
      "properties": {
        "highway": "tertiary"
      }
    },
    {
      "type": "Feature",
      "geometry": {
        "type": "LineString",
        "coordinates": [
          [
            5.7720747,
            19.5528818
          ],
          [
            5.7719742,
            19.5530067
          ],
          [
            5.7718903,
            19.553142
          ],
          [
            5.7718242,
            19.5532858
          ],
          [
            5.7717768,
            19.553436
          ]
        ]
      },
      "properties": {
        "name": "Trans-Sahara",
        "highway": "primary",
        "maxspeed": "80",
        "ref": "RN 1"
      }
    },
    {
      "type": "Feature",
      "geometry": {
        "type": "LineString",
        "coordinates": [
          [
            5.7716003,
            19.5532617
          ],
          [
            5.7717253,
            19.5531742
          ],
          [
            5.7718459,
            19.5530813
          ],
          [
            5.7719619,
            19.5529833
          ],
          [
            5.7720747,
            19.5528818
          ]
        ]
      },
      "properties": {
        "name": "Trans-Sahara",
        "highway": "primary",
        "ref": "RN 1"
      }
    },
    {
      "type": "Feature",
      "geometry": {
        "type": "LineString",
        "coordinates": [
          [
            5.7716237,
            19.5535807
          ],
          [
            5.7715459,
            19.553612
          ],
          [
            5.7714842,
            19.5536694
          ],
          [
            5.7713995,
            19.5537573
          ],
          [
            5.7713029,
            19.5538706
          ]
        ]
      },
      "properties": {
        "name": "Trans-Sahara",
        "highway": "primary",
        "ref": "RN 1"
      }
    },
    {
      "type": "Feature",
      "geometry": {
        "type": "LineString",
        "coordinates": [
          [
            5.7704743,
            19.554823
          ],
          [
            5.7706944,
            19.5545076
          ],
          [
            5.7709312,
            19.5541858
          ],
          [
            5.7712354,
            19.5538207
          ]
        ]
      },
      "properties": {
        "name": "Trans-Sahara",
        "highway": "primary",
        "maxspeed": "80",
        "ref": "RN 1"
      }
    },
    {
      "type": "Feature",
      "geometry": {
        "type": "LineString",
        "coordinates": [
          [
            5.7908378,
            19.4824072
          ],
          [
            5.7906946,
            19.4824292
          ],
          [
            5.7906144,
            19.4824627
          ]
        ]
      },
      "properties": {
        "name": "الطريق العابر للصحراء",
        "highway": "primary",
        "ref": "RN 1"
      }
    },
    {
      "type": "Feature",
      "geometry": {
        "type": "LineString",
        "coordinates": [
          [
            5.7906144,
            19.4824627
          ],
          [
            5.7906397,
            19.4823841
          ],
          [
            5.790632,
            19.4822417
          ]
        ]
      },
      "properties": {
        "name": "الطريق العابر للصحراء",
        "highway": "primary",
        "ref": "RN 1"
      }
    },
    {
      "type": "Feature",
      "geometry": {
        "type": "LineString",
        "coordinates": [
          [
            5.7909613,
            19.4816334
          ],
          [
            5.7910502,
            19.4815866
          ],
          [
            5.7911133,
            19.4815343
          ],
          [
            5.7911757,
            19.4814491
          ]
        ]
      },
      "properties": {
        "name": "الطريق العابر للصحراء",
        "highway": "primary",
        "ref": "RN 1"
      }
    },
    {
      "type": "Feature",
      "geometry": {
        "type": "LineString",
        "coordinates": [
          [
            5.7911757,
            19.4814491
          ],
          [
            5.7911811,
            19.4815793
          ],
          [
            5.7911989,
            19.4816397
          ],
          [
            5.7912352,
            19.4817001
          ]
        ]
      },
      "properties": {
        "name": "الطريق العابر للصحراء",
        "highway": "primary",
        "ref": "RN 1"
      }
    },
    {
      "type": "Feature",
      "geometry": {
        "type": "LineString",
        "coordinates": [
          [
            5.7688001,
            19.5706563
          ],
          [
            5.7688208,
            19.5706507
          ],
          [
            5.768925,
            19.5706224
          ],
          [
            5.7692688,
            19.570529
          ],
          [
            5.7696836,
            19.5704162
          ],
          [
            5.7698419,
            19.570368
          ],
          [
            5.7700901,
            19.5702923
          ],
          [
            5.7708161,
            19.5700755
          ],
          [
            5.7714146,
            19.5699252
          ],
          [
            5.771829,
            19.5698178
          ],
          [
            5.7721186,
            19.5697451
          ],
          [
            5.7725084,
            19.5696677
          ],
          [
            5.7726049,
            19.5696462
          ]
        ]
      },
      "properties": {
        "highway": "tertiary"
      }
    },
    {
      "type": "Feature",
      "geometry": {
        "type": "LineString",
        "coordinates": [
          [
            5.7716003,
            19.5532617
          ],
          [
            5.771638,
            19.5532651
          ],
          [
            5.7716851,
            19.5532803
          ],
          [
            5.7717253,
            19.5533077
          ],
          [
            5.7717554,
            19.553345
          ],
          [
            5.7717725,
            19.553389
          ],
          [
            5.7717768,
            19.553436
          ]
        ]
      },
      "properties": {
        "highway": "primary",
        "maxspeed": "80"
      }
    },
    {
      "type": "Feature",
      "geometry": {
        "type": "LineString",
        "coordinates": [
          [
            5.7716237,
            19.5535807
          ],
          [
            5.7715669,
            19.5535755
          ],
          [
            5.7715143,
            19.5535537
          ],
          [
            5.7714726,
            19.5535165
          ],
          [
            5.7714477,
            19.5534679
          ]
        ]
      },
      "properties": {
        "highway": "primary",
        "maxspeed": "80"
      }
    },
    {
      "type": "Feature",
      "geometry": {
        "type": "LineString",
        "coordinates": [
          [
            5.7717768,
            19.553436
          ],
          [
            5.771772,
            19.553452
          ],
          [
            5.7717603,
            19.5534884
          ],
          [
            5.7717272,
            19.5535332
          ],
          [
            5.77168,
            19.5535647
          ],
          [
            5.7716237,
            19.5535807
          ]
        ]
      },
      "properties": {
        "highway": "primary",
        "maxspeed": "80"
      }
    },
    {
      "type": "Feature",
      "geometry": {
        "type": "LineString",
        "coordinates": [
          [
            6.1429346,
            19.4767075
          ],
          [
            6.140365,
            19.4775672
          ],
          [
            6.1380315,
            19.4782399
          ],
          [
            6.1360842,
            19.4787355
          ],
          [
            6.1341852,
            19.4791654
          ],
          [
            6.1324257,
            19.4795244
          ],
          [
            6.1264336,
            19.4806674
          ],
          [
            6.1249584,
            19.480986
          ],
          [
            6.1235046,
            19.4813602
          ],
          [
            6.1223191,
            19.4817497
          ],
          [
            6.121316,
            19.4821087
          ],
          [
            6.1202592,
            19.4825588
          ],
          [
            6.108672,
            19.4880357
          ],
          [
            6.1076313,
            19.4885313
          ],
          [
            6.1064136,
            19.4892646
          ],
          [
            6.1054748,
            19.4898917
          ],
          [
            6.1045468,
            19.4905794
          ],
          [
            6.1037046,
            19.4913178
          ],
          [
            6.1030984,
            19.4919044
          ],
          [
            6.1023152,
            19.4927084
          ],
          [
            6.0984635,
            19.4973962
          ],
          [
            6.0979593,
            19.4979524
          ],
          [
            6.0973102,
            19.4984379
          ],
          [
            6.0965323,
            19.4988222
          ],
          [
            6.0956694,
            19.4990229
          ],
          [
            6.0950196,
            19.4990801
          ],
          [
            6.0941666,
            19.4990042
          ],
          [
            6.0932869,
            19.4987716
          ],
          [
            6.0846877,
            19.4953987
          ],
          [
            6.0831535,
            19.4947818
          ],
          [
            6.0819304,
            19.4942887
          ],
          [
            6.0804874,
            19.4937299
          ],
          [
            6.0788646,
            19.4931509
          ],
          [
            6.0777596,
            19.4928273
          ],
          [
            6.0763326,
            19.4924556
          ],
          [
            6.0753268,
            19.4922558
          ],
          [
            6.0743397,
            19.4920788
          ],
          [
            6.0717729,
            19.491783
          ],
          [
            6.0704237,
            19.4916313
          ],
          [
            6.0689566,
            19.4913785
          ],
          [
            6.0678139,
            19.4911395
          ],
          [
            6.0667129,
            19.4908576
          ],
          [
            6.0656896,
            19.4905466
          ],
          [
            6.0646127,
            19.4901825
          ],
          [
            6.0638286,
            19.4898915
          ],
          [
            6.0628974,
            19.4894998
          ],
          [
            6.0620713,
            19.4891306
          ],
          [
            6.0612506,
            19.4887185
          ],
          [
            6.0557118,
            19.4857651
          ],
          [
            6.0544619,
            19.4851026
          ],
          [
            6.0535499,
            19.4846045
          ],
          [
            6.0526487,
            19.4840254
          ],
          [
            6.0520694,
            19.4835854
          ],
          [
            6.0511681,
            19.482837
          ],
          [
            6.050562,
            19.4822655
          ],
          [
            6.0497653,
            19.4813855
          ],
          [
            6.0493281,
            19.4808166
          ],
          [
            6.0487837,
            19.4800542
          ],
          [
            6.0483035,
            19.4792311
          ],
          [
            6.0476732,
            19.4779541
          ],
          [
            6.0471877,
            19.4769704
          ],
          [
            6.0466245,
            19.4760196
          ],
          [
            6.0459754,
            19.4750992
          ],
          [
            6.0453102,
            19.4742748
          ],
          [
            6.0448167,
            19.4737261
          ],
          [
            6.044181,
            19.4731141
          ],
          [
            6.0430974,
            19.472181
          ],
          [
            6.0422015,
            19.4715361
          ],
          [
            6.0414027,
            19.471066
          ],
          [
            6.0391679,
            19.4699303
          ],
          [
            6.0383767,
            19.4695282
          ],
          [
            6.0374272,
            19.4690022
          ],
          [
            6.0366601,
            19.4685243
          ],
          [
            6.0360673,
            19.4681197
          ],
          [
            6.0333127,
            19.4660409
          ],
          [
            6.0313868,
            19.4645135
          ],
          [
            6.0299116,
            19.4633198
          ],
          [
            6.0288106,
            19.4623626
          ],
          [
            6.0280555,
            19.4617038
          ],
          [
            6.0273595,
            19.4610438
          ],
          [
            6.0265787,
            19.4602737
          ],
          [
            6.0235816,
            19.4570985
          ],
          [
            6.0213232,
            19.4546808
          ],
          [
            6.0197568,
            19.4530672
          ],
          [
            6.0186356,
            19.452182
          ],
          [
            6.0176969,
            19.4515497
          ],
          [
            6.0164899,
            19.4509326
          ],
          [
            6.0149932,
            19.4504572
          ],
          [
            6.0054123,
            19.4486564
          ],
          [
            6.0032236,
            19.4482517
          ],
          [
            6.0003269,
            19.447665
          ],
          [
            5.9979236,
            19.4469872
          ],
          [
            5.9952521,
            19.4459755
          ],
          [
            5.9877419,
            19.4423081
          ],
          [
            5.9859073,
            19.441438
          ],
          [
            5.9838098,
            19.4404111
          ],
          [
            5.9821978,
            19.439584
          ],
          [
            5.981074,
            19.4389644
          ],
          [
            5.9800601,
            19.4384029
          ],
          [
            5.978601,
            19.4375682
          ],
          [
            5.9724587,
            19.4339562
          ],
          [
            5.9708172,
            19.4330001
          ],
          [
            5.9696478,
            19.4322312
          ],
          [
            5.9687197,
            19.4316039
          ],
          [
            5.9675878,
            19.4308349
          ],
          [
            5.9664345,
            19.42998
          ],
          [
            5.9658501,
            19.4295358
          ],
          [
            5.9649968,
            19.4288873
          ],
          [
            5.9588492,
            19.4240407
          ],
          [
            5.9573042,
            19.4229581
          ],
          [
            5.9561026,
            19.4222296
          ],
          [
            5.9548259,
            19.4215112
          ],
          [
            5.9531522,
            19.4206916
          ],
          [
            5.9460819,
            19.4174739
          ],
          [
            5.943228,
            19.4161888
          ],
          [
            5.9413612,
            19.4152984
          ],
          [
            5.9391618,
            19.4141954
          ],
          [
            5.9360611,
            19.4126068
          ],
          [
            5.9224033,
            19.405746
          ],
          [
            5.9217417,
            19.4054278
          ],
          [
            5.9207833,
            19.4049668
          ],
          [
            5.9193081,
            19.4042585
          ],
          [
            5.9179026,
            19.4036311
          ],
          [
            5.9156924,
            19.4027557
          ],
          [
            5.9114243,
            19.401078
          ],
          [
            5.899229,
            19.3962842
          ],
          [
            5.8967507,
            19.3953278
          ],
          [
            5.8942348,
            19.3943007
          ],
          [
            5.8910054,
            19.3930154
          ],
          [
            5.8823933,
            19.3895593
          ],
          [
            5.8810034,
            19.3890015
          ],
          [
            5.8772993,
            19.3875201
          ],
          [
            5.8727891,
            19.3856887
          ],
          [
            5.8718975,
            19.3853266
          ],
          [
            5.8706072,
            19.3848027
          ],
          [
            5.8652401,
            19.3825559
          ],
          [
            5.8598623,
            19.3803015
          ],
          [
            5.8572511,
            19.3791958
          ],
          [
            5.854581,
            19.3779863
          ],
          [
            5.8526345,
            19.3770226
          ]
        ]
      },
      "properties": {
        "name": "N11",
        "highway": "primary",
        "ref": "الطريق العابر للصحراء"
      }
    },
    {
      "type": "Feature",
      "geometry": {
        "type": "LineString",
        "coordinates": [
          [
            5.7705661,
            19.3367015
          ],
          [
            5.7707512,
            19.3367442
          ],
          [
            5.7708934,
            19.3367758
          ],
          [
            5.7707539,
            19.3368112
          ],
          [
            5.7706777,
            19.3368839
          ]
        ]
      },
      "properties": {
        "name": "N11",
        "highway": "primary",
        "ref": "الطريق العابر للصحراء"
      }
    },
    {
      "type": "Feature",
      "geometry": {
        "type": "LineString",
        "coordinates": [
          [
            5.7706509,
            19.3369721
          ],
          [
            5.7705782,
            19.3372137
          ],
          [
            5.7705648,
            19.3373592
          ],
          [
            5.7705315,
            19.3372926
          ],
          [
            5.770483,
            19.3372212
          ],
          [
            5.7703368,
            19.3370208
          ]
        ]
      },
      "properties": {
        "name": "N11",
        "highway": "primary",
        "ref": "الطريق العابر للصحراء"
      }
    },
    {
      "type": "Feature",
      "geometry": {
        "type": "LineString",
        "coordinates": [
          [
            5.7704245,
            19.3366919
          ],
          [
            5.7705661,
            19.3367015
          ],
          [
            5.770668,
            19.3367947
          ],
          [
            5.7706777,
            19.3368839
          ],
          [
            5.7706825,
            19.336928
          ],
          [
            5.7706509,
            19.3369721
          ],
          [
            5.7706029,
            19.3370389
          ],
          [
            5.7704664,
            19.3370755
          ],
          [
            5.7703368,
            19.3370208
          ],
          [
            5.7702748,
            19.3369003
          ],
          [
            5.7703094,
            19.3367704
          ],
          [
            5.7704245,
            19.3366919
          ]
        ]
      },
      "properties": {
        "name": "N11",
        "highway": "primary",
        "ref": "الطريق العابر للصحراء"
      }
    },
    {
      "type": "Feature",
      "geometry": {
        "type": "LineString",
        "coordinates": [
          [
            5.7751299,
            19.5926054
          ],
          [
            5.7766607,
            19.5963016
          ],
          [
            5.7773612,
            19.598088
          ],
          [
            5.7778337,
            19.5996665
          ],
          [
            5.7779677,
            19.6002643
          ],
          [
            5.7780778,
            19.600802
          ],
          [
            5.7781944,
            19.6017159
          ],
          [
            5.7783205,
            19.6030975
          ],
          [
            5.7783734,
            19.6036175
          ],
          [
            5.7784914,
            19.6049636
          ],
          [
            5.7785346,
            19.6069541
          ],
          [
            5.7785591,
            19.6083119
          ],
          [
            5.7785933,
            19.6094639
          ],
          [
            5.7786316,
            19.6106162
          ],
          [
            5.7786604,
            19.6120724
          ],
          [
            5.7786799,
            19.6129499
          ],
          [
            5.7787006,
            19.613645
          ],
          [
            5.7787198,
            19.6151569
          ],
          [
            5.7787617,
            19.6167975
          ],
          [
            5.7787912,
            19.617721
          ],
          [
            5.7787779,
            19.6184952
          ],
          [
            5.778767,
            19.6190992
          ],
          [
            5.7787321,
            19.6196828
          ],
          [
            5.7787256,
            19.6197477
          ],
          [
            5.7786604,
            19.620397
          ]
        ]
      },
      "properties": {
        "name": "Trans-Sahara",
        "highway": "primary",
        "maxspeed": "80",
        "ref": "RN 1"
      }
    },
    {
      "type": "Feature",
      "geometry": {
        "type": "LineString",
        "coordinates": [
          [
            5.7786604,
            19.620397
          ],
          [
            5.7782213,
            19.6256425
          ],
          [
            5.778138,
            19.6264195
          ],
          [
            5.7780831,
            19.6268882
          ],
          [
            5.7780117,
            19.627346
          ],
          [
            5.7779369,
            19.6278229
          ],
          [
            5.7778037,
            19.6285613
          ],
          [
            5.7773757,
            19.6302776
          ],
          [
            5.777318,
            19.6304964
          ],
          [
            5.7772395,
            19.6307604
          ],
          [
            5.7770895,
            19.6312316
          ],
          [
            5.7752641,
            19.6366144
          ],
          [
            5.7743454,
            19.6392821
          ],
          [
            5.7738908,
            19.6405982
          ],
          [
            5.7734516,
            19.6419469
          ],
          [
            5.7731894,
            19.6428591
          ],
          [
            5.772925,
            19.6439702
          ],
          [
            5.7726414,
            19.6455407
          ],
          [
            5.7724011,
            19.6473812
          ],
          [
            5.7723458,
            19.6478898
          ],
          [
            5.7722939,
            19.6484174
          ],
          [
            5.7722065,
            19.6496729
          ],
          [
            5.7721889,
            19.6502668
          ],
          [
            5.7721822,
            19.6510625
          ],
          [
            5.7721959,
            19.6517296
          ],
          [
            5.7722425,
            19.6525098
          ],
          [
            5.7723056,
            19.6533055
          ],
          [
            5.7723761,
            19.6539817
          ],
          [
            5.7725577,
            19.6551229
          ],
          [
            5.7727526,
            19.6562039
          ],
          [
            5.7729051,
            19.6568582
          ],
          [
            5.7730705,
            19.6574819
          ],
          [
            5.7732001,
            19.6579659
          ],
          [
            5.7733503,
            19.658471
          ],
          [
            5.7735374,
            19.6590488
          ],
          [
            5.7742379,
            19.660949
          ],
          [
            5.7808256,
            19.6782813
          ],
          [
            5.7810026,
            19.6787576
          ],
          [
            5.7812092,
            19.679298
          ],
          [
            5.7814975,
            19.6800683
          ],
          [
            5.7817537,
            19.6807376
          ],
          [
            5.7822405,
            19.6818867
          ],
          [
            5.7824872,
            19.682448
          ],
          [
            5.7827377,
            19.6829994
          ],
          [
            5.7831913,
            19.6839475
          ],
          [
            5.7835427,
            19.684642
          ],
          [
            5.7839182,
            19.685334
          ],
          [
            5.7844909,
            19.686377
          ],
          [
            5.7848489,
            19.6869881
          ],
          [
            5.7852124,
            19.6875811
          ],
          [
            5.7854953,
            19.6880324
          ],
          [
            5.7857998,
            19.688511
          ],
          [
            5.7862303,
            19.6891474
          ],
          [
            5.7866018,
            19.6896891
          ],
          [
            5.7872267,
            19.6905641
          ],
          [
            5.78768,
            19.6911702
          ],
          [
            5.7881294,
            19.691748
          ],
          [
            5.7884122,
            19.692092
          ],
          [
            5.7886764,
            19.692419
          ],
          [
            5.7889661,
            19.6927738
          ],
          [
            5.7893577,
            19.6932359
          ],
          [
            5.7897493,
            19.6936854
          ],
          [
            5.7905433,
            19.6945567
          ],
          [
            5.7913837,
            19.6954511
          ],
          [
            5.7928473,
            19.6969961
          ],
          [
            5.7944539,
            19.6986855
          ],
          [
            5.7975237,
            19.7019152
          ],
          [
            5.8005694,
            19.7051172
          ],
          [
            5.8020875,
            19.7067332
          ],
          [
            5.8028144,
            19.7075261
          ],
          [
            5.8031979,
            19.7079705
          ],
          [
            5.8035554,
            19.7083996
          ],
          [
            5.8042574,
            19.7092609
          ],
          [
            5.8050352,
            19.7102658
          ],
          [
            5.8058935,
            19.7114299
          ],
          [
            5.8064531,
            19.7122524
          ],
          [
            5.8071837,
            19.7133792
          ],
          [
            5.8077979,
            19.7143892
          ],
          [
            5.8088656,
            19.7162845
          ],
          [
            5.809536,
            19.7176338
          ],
          [
            5.8101019,
            19.7188483
          ],
          [
            5.8107661,
            19.7204173
          ],
          [
            5.8113196,
            19.7218807
          ],
          [
            5.8116522,
            19.7228275
          ],
          [
            5.8122128,
            19.7246252
          ],
          [
            5.8125603,
            19.725934
          ],
          [
            5.8127734,
            19.7268496
          ],
          [
            5.8130604,
            19.7281902
          ],
          [
            5.8133152,
            19.7295814
          ],
          [
            5.8134732,
            19.7306605
          ],
          [
            5.8136183,
            19.7318259
          ],
          [
            5.8137041,
            19.732712
          ],
          [
            5.8138087,
            19.7341738
          ],
          [
            5.8138593,
            19.7354021
          ],
          [
            5.8138704,
            19.7365773
          ],
          [
            5.813857,
            19.7376705
          ],
          [
            5.8138275,
            19.7383546
          ],
          [
            5.8137363,
            19.7397457
          ],
          [
            5.8136773,
            19.7405031
          ],
          [
            5.8136317,
            19.7410509
          ],
          [
            5.8133179,
            19.7435755
          ],
          [
            5.8131838,
            19.7448175
          ],
          [
            5.813073,
            19.7461153
          ],
          [
            5.8129933,
            19.747236
          ],
          [
            5.8128995,
            19.7487002
          ],
          [
            5.8127922,
            19.7512877
          ],
          [
            5.8127171,
            19.7525625
          ],
          [
            5.8125937,
            19.753855
          ],
          [
            5.8125079,
            19.754784
          ],
          [
            5.81228,
            19.7564428
          ],
          [
            5.8120894,
            19.7575355
          ],
          [
            5.8119526,
            19.7583357
          ],
          [
            5.811789,
            19.7591435
          ],
          [
            5.8116013,
            19.7600674
          ],
          [
            5.8114108,
            19.760855
          ],
          [
            5.811201,
            19.7616897
          ],
          [
            5.8109495,
            19.7625664
          ],
          [
            5.8104828,
            19.7642652
          ],
          [
            5.8099183,
            19.7664813
          ],
          [
            5.8095467,
            19.7681423
          ],
          [
            5.8092624,
            19.7695836
          ],
          [
            5.8088574,
            19.7719487
          ],
          [
            5.8086374,
            19.7736423
          ],
          [
            5.8084604,
            19.7751113
          ],
          [
            5.8083799,
            19.7760149
          ],
          [
            5.8083129,
            19.776855
          ],
          [
            5.8076678,
            19.7859068
          ],
          [
            5.8075377,
            19.7877739
          ],
          [
            5.8074436,
            19.7892281
          ],
          [
            5.8073258,
            19.7909438
          ],
          [
            5.8071963,
            19.7925701
          ],
          [
            5.8069959,
            19.7944089
          ],
          [
            5.8067828,
            19.7961928
          ],
          [
            5.8063327,
            19.7990363
          ],
          [
            5.8060156,
            19.8003199
          ],
          [
            5.8056981,
            19.8019017
          ],
          [
            5.8053134,
            19.8033775
          ],
          [
            5.8046638,
            19.805893
          ],
          [
            5.8028823,
            19.8122249
          ],
          [
            5.8000118,
            19.8225021
          ],
          [
            5.7988897,
            19.8261848
          ],
          [
            5.797863,
            19.8292906
          ],
          [
            5.7968232,
            19.8324859
          ],
          [
            5.7963586,
            19.8337545
          ],
          [
            5.7959852,
            19.8347562
          ],
          [
            5.7953034,
            19.83649
          ],
          [
            5.7936051,
            19.8409858
          ],
          [
            5.7933739,
            19.8416554
          ],
          [
            5.7932054,
            19.8421693
          ],
          [
            5.7930971,
            19.8425324
          ],
          [
            5.7928809,
            19.8433622
          ],
          [
            5.789903,
            19.8549048
          ],
          [
            5.7883674,
            19.8603916
          ],
          [
            5.7870579,
            19.8658863
          ],
          [
            5.7849583,
            19.8727651
          ],
          [
            5.7847953,
            19.8731953
          ],
          [
            5.784629,
            19.8735863
          ],
          [
            5.7842758,
            19.8743553
          ],
          [
            5.7826415,
            19.8776146
          ],
          [
            5.781,
            19.8808887
          ],
          [
            5.7793584,
            19.8841627
          ],
          [
            5.7785511,
            19.8857921
          ],
          [
            5.7781702,
            19.8865967
          ],
          [
            5.777815,
            19.8874741
          ],
          [
            5.7772931,
            19.8891139
          ],
          [
            5.7767326,
            19.8908542
          ],
          [
            5.7756355,
            19.8942692
          ]
        ]
      },
      "properties": {
        "name": "Trans-Sahara",
        "highway": "primary",
        "maxspeed": "80",
        "ref": "RN 1"
      }
    },
    {
      "type": "Feature",
      "geometry": {
        "type": "LineString",
        "coordinates": [
          [
            5.9967893,
            19.6389247
          ],
          [
            5.9970922,
            19.639392
          ],
          [
            5.9974194,
            19.6398669
          ],
          [
            5.9977949,
            19.6403645
          ],
          [
            5.9981757,
            19.6408066
          ],
          [
            5.9985742,
            19.6412133
          ],
          [
            6.0000962,
            19.6426835
          ],
          [
            6.0015113,
            19.6439636
          ],
          [
            6.0018591,
            19.6443575
          ],
          [
            6.0022436,
            19.6448412
          ],
          [
            6.0026228,
            19.6453814
          ],
          [
            6.0029609,
            19.645922
          ],
          [
            6.0032937,
            19.6465955
          ],
          [
            6.0035617,
            19.6473315
          ],
          [
            6.0043237,
            19.6497009
          ],
          [
            6.0045567,
            19.6502303
          ],
          [
            6.0048567,
            19.6507838
          ],
          [
            6.0052185,
            19.6513323
          ],
          [
            6.007483,
            19.6545003
          ],
          [
            6.0088456,
            19.6564554
          ],
          [
            6.0098058,
            19.6578598
          ],
          [
            6.0109538,
            19.6595016
          ],
          [
            6.0120052,
            19.6609766
          ],
          [
            6.0133517,
            19.6628862
          ],
          [
            6.0148323,
            19.664821
          ],
          [
            6.0163182,
            19.6666243
          ],
          [
            6.017788,
            19.6683075
          ],
          [
            6.0194403,
            19.6701755
          ],
          [
            6.0214036,
            19.6724949
          ],
          [
            6.0235788,
            19.675005
          ],
          [
            6.024599,
            19.6761578
          ],
          [
            6.0253805,
            19.6769245
          ],
          [
            6.0264199,
            19.6777762
          ],
          [
            6.0271662,
            19.6782423
          ],
          [
            6.0279459,
            19.6786648
          ],
          [
            6.0289729,
            19.6791061
          ],
          [
            6.0301084,
            19.6794795
          ],
          [
            6.0310382,
            19.6796819
          ],
          [
            6.0320426,
            19.679836
          ],
          [
            6.0329538,
            19.6798815
          ],
          [
            6.0338122,
            19.6798681
          ],
          [
            6.0348742,
            19.6797983
          ],
          [
            6.0360914,
            19.6797627
          ],
          [
            6.0373336,
            19.6798603
          ],
          [
            6.0384786,
            19.680081
          ],
          [
            6.0396506,
            19.6803982
          ],
          [
            6.0406406,
            19.6808024
          ],
          [
            6.041676,
            19.6813398
          ],
          [
            6.0426575,
            19.6819549
          ],
          [
            6.0434193,
            19.682563
          ],
          [
            6.0441327,
            19.6832126
          ],
          [
            6.0448124,
            19.6839647
          ],
          [
            6.046576,
            19.6864603
          ],
          [
            6.0486817,
            19.6896171
          ],
          [
            6.0490546,
            19.6902585
          ],
          [
            6.0494327,
            19.6909959
          ],
          [
            6.049776,
            19.6917965
          ],
          [
            6.0501409,
            19.6927334
          ],
          [
            6.0532415,
            19.7020718
          ],
          [
            6.0541051,
            19.7044581
          ],
          [
            6.0550547,
            19.7066853
          ],
          [
            6.0558834,
            19.7083948
          ],
          [
            6.0568974,
            19.7102481
          ],
          [
            6.0597985,
            19.715303
          ],
          [
            6.0603869,
            19.7162526
          ]
        ]
      },
      "properties": {
        "highway": "tertiary"
      }
    },
    {
      "type": "Feature",
      "geometry": {
        "type": "LineString",
        "coordinates": [
          [
            5.769631,
            19.5749165
          ],
          [
            5.7695751,
            19.5748453
          ],
          [
            5.7695314,
            19.5746907
          ],
          [
            5.7694447,
            19.5742356
          ],
          [
            5.7694206,
            19.5740899
          ],
          [
            5.7692911,
            19.5734376
          ],
          [
            5.7692779,
            19.5733768
          ]
        ]
      },
      "properties": {
        "highway": "tertiary"
      }
    },
    {
      "type": "Feature",
      "geometry": {
        "type": "LineString",
        "coordinates": [
          [
            5.7693697,
            19.5733633
          ],
          [
            5.7695445,
            19.5742123
          ],
          [
            5.7696556,
            19.5748289
          ],
          [
            5.769631,
            19.5749165
          ]
        ]
      },
      "properties": {
        "highway": "tertiary"
      }
    },
    {
      "type": "Feature",
      "geometry": {
        "type": "LineString",
        "coordinates": [
          [
            5.7670233,
            19.5738288
          ],
          [
            5.7675335,
            19.5736976
          ],
          [
            5.7682316,
            19.5735204
          ],
          [
            5.7683476,
            19.573491
          ],
          [
            5.7689788,
            19.5733479
          ],
          [
            5.769257,
            19.5732849
          ]
        ]
      },
      "properties": {
        "highway": "tertiary"
      }
    },
    {
      "type": "Feature",
      "geometry": {
        "type": "LineString",
        "coordinates": [
          [
            5.7705554,
            19.5730451
          ],
          [
            5.7700395,
            19.5731707
          ],
          [
            5.7693813,
            19.5733444
          ]
        ]
      },
      "properties": {
        "highway": "tertiary"
      }
    },
    {
      "type": "Feature",
      "geometry": {
        "type": "LineString",
        "coordinates": [
          [
            5.7693295,
            19.5732563
          ],
          [
            5.769352,
            19.5732646
          ],
          [
            5.7693702,
            19.5732796
          ],
          [
            5.7693819,
            19.5732995
          ],
          [
            5.7693858,
            19.573322
          ],
          [
            5.7693813,
            19.5733444
          ],
          [
            5.7693697,
            19.5733633
          ],
          [
            5.7693428,
            19.5733821
          ],
          [
            5.7693097,
            19.573387
          ],
          [
            5.7692779,
            19.5733768
          ],
          [
            5.769262,
            19.5733637
          ],
          [
            5.7692481,
            19.5733389
          ],
          [
            5.7692463,
            19.573311
          ],
          [
            5.769257,
            19.5732849
          ],
          [
            5.7692764,
            19.5732663
          ],
          [
            5.7693019,
            19.5732563
          ],
          [
            5.7693295,
            19.5732563
          ]
        ]
      },
      "properties": {
        "highway": "tertiary"
      }
    },
    {
      "type": "Feature",
      "geometry": {
        "type": "LineString",
        "coordinates": [
          [
            5.7703368,
            19.5776885
          ],
          [
            5.7703815,
            19.5777642
          ],
          [
            5.7704065,
            19.577883
          ],
          [
            5.7704325,
            19.5780378
          ],
          [
            5.7704683,
            19.5782646
          ],
          [
            5.7704904,
            19.5784153
          ],
          [
            5.7705393,
            19.5786866
          ],
          [
            5.7705637,
            19.578838
          ],
          [
            5.7706225,
            19.5792034
          ],
          [
            5.7706824,
            19.5794884
          ],
          [
            5.7707589,
            19.5798398
          ],
          [
            5.7708896,
            19.5804781
          ],
          [
            5.7708974,
            19.5805162
          ],
          [
            5.7710424,
            19.5810912
          ],
          [
            5.7710704,
            19.5812023
          ],
          [
            5.7712032,
            19.5816736
          ],
          [
            5.7712569,
            19.5818573
          ]
        ]
      },
      "properties": {
        "highway": "tertiary"
      }
    },
    {
      "type": "Feature",
      "geometry": {
        "type": "LineString",
        "coordinates": [
          [
            5.7703368,
            19.5776885
          ],
          [
            5.7702701,
            19.577401
          ],
          [
            5.7701741,
            19.5770336
          ],
          [
            5.7699811,
            19.5763531
          ],
          [
            5.7697785,
            19.5755297
          ],
          [
            5.7696647,
            19.5750679
          ],
          [
            5.769631,
            19.5749165
          ]
        ]
      },
      "properties": {
        "highway": "tertiary"
      }
    },
    {
      "type": "Feature",
      "geometry": {
        "type": "LineString",
        "coordinates": [
          [
            5.7711605,
            19.5818972
          ],
          [
            5.7711093,
            19.5816951
          ],
          [
            5.770988,
            19.5812212
          ],
          [
            5.7708144,
            19.5805344
          ],
          [
            5.7706694,
            19.5798592
          ],
          [
            5.7705943,
            19.5795091
          ],
          [
            5.770527,
            19.5790988
          ],
          [
            5.770481,
            19.5788183
          ],
          [
            5.7704193,
            19.578444
          ],
          [
            5.7703599,
            19.5780468
          ],
          [
            5.7703171,
            19.5777804
          ],
          [
            5.7703368,
            19.5776885
          ]
        ]
      },
      "properties": {
        "highway": "tertiary"
      }
    },
    {
      "type": "Feature",
      "geometry": {
        "type": "LineString",
        "coordinates": [
          [
            5.7694793,
            19.583075
          ],
          [
            5.7696154,
            19.5835566
          ],
          [
            5.7697417,
            19.5840033
          ],
          [
            5.7699868,
            19.5848704
          ],
          [
            5.7704186,
            19.5864497
          ]
        ]
      },
      "properties": {
        "highway": "tertiary"
      }
    },
    {
      "type": "Feature",
      "geometry": {
        "type": "LineString",
        "coordinates": [
          [
            5.7704186,
            19.5864497
          ],
          [
            5.7704186,
            19.5865357
          ],
          [
            5.7704025,
            19.5866191
          ],
          [
            5.7703677,
            19.5866645
          ],
          [
            5.7702631,
            19.5867328
          ],
          [
            5.7699466,
            19.5868541
          ],
          [
            5.7680207,
            19.5875313
          ],
          [
            5.7662371,
            19.5881631
          ],
          [
            5.7645097,
            19.5887973
          ],
          [
            5.7635334,
            19.5891233
          ],
          [
            5.7634959,
            19.5891612
          ],
          [
            5.7634851,
            19.5892219
          ],
          [
            5.7634985,
            19.589894
          ],
          [
            5.7634824,
            19.590834
          ],
          [
            5.763469,
            19.5911625
          ],
          [
            5.7634449,
            19.5913091
          ],
          [
            5.7633966,
            19.5914708
          ],
          [
            5.7633108,
            19.5916882
          ],
          [
            5.7630882,
            19.5921152
          ],
          [
            5.7626751,
            19.592848
          ],
          [
            5.7624176,
            19.5932801
          ],
          [
            5.7622701,
            19.5934747
          ],
          [
            5.7621333,
            19.5935934
          ],
          [
            5.7619831,
            19.5936768
          ],
          [
            5.7618061,
            19.5937552
          ],
          [
            5.7615218,
            19.5938461
          ],
          [
            5.7612535,
            19.5939144
          ],
          [
            5.7610095,
            19.5939598
          ],
          [
            5.7606742,
            19.5939876
          ],
          [
            5.7601646,
            19.5940129
          ],
          [
            5.7596898,
            19.5940306
          ],
          [
            5.7591855,
            19.5940685
          ],
          [
            5.7590005,
            19.5940862
          ],
          [
            5.7589732,
            19.5940949
          ],
          [
            5.7588422,
            19.5941367
          ],
          [
            5.7587242,
            19.5942075
          ],
          [
            5.7582173,
            19.5945916
          ],
          [
            5.7573751,
            19.5952157
          ],
          [
            5.7566777,
            19.5957413
          ],
          [
            5.7560876,
            19.5961683
          ],
          [
            5.7555914,
            19.5964842
          ],
          [
            5.7551676,
            19.5967419
          ],
          [
            5.7549477,
            19.5968556
          ],
          [
            5.7547706,
            19.5969264
          ],
          [
            5.7542986,
            19.5970628
          ],
          [
            5.7539391,
            19.5971487
          ],
          [
            5.7534054,
            19.5972852
          ],
          [
            5.7530862,
            19.5973837
          ],
          [
            5.7529736,
            19.597404
          ],
          [
            5.7528743,
            19.5974115
          ],
          [
            5.7527938,
            19.5974014
          ],
          [
            5.7526812,
            19.5973736
          ],
          [
            5.7524934,
            19.5972928
          ],
          [
            5.7521662,
            19.597169
          ],
          [
            5.7519892,
            19.5971209
          ],
          [
            5.7518417,
            19.5970957
          ],
          [
            5.7516807,
            19.5970755
          ],
          [
            5.7514259,
            19.5970679
          ]
        ]
      },
      "properties": {
        "highway": "tertiary"
      }
    },
    {
      "type": "Feature",
      "geometry": {
        "type": "LineString",
        "coordinates": [
          [
            5.7746831,
            19.5911872
          ],
          [
            5.7751299,
            19.5926054
          ]
        ]
      },
      "properties": {
        "name": "Trans-Sahara",
        "highway": "primary",
        "maxspeed": "80",
        "ref": "RN 1"
      }
    },
    {
      "type": "Feature",
      "geometry": {
        "type": "LineString",
        "coordinates": [
          [
            5.7751299,
            19.5926054
          ],
          [
            5.7749188,
            19.5922003
          ],
          [
            5.7747477,
            19.5918035
          ],
          [
            5.7745835,
            19.5914548
          ],
          [
            5.7744903,
            19.5912166
          ]
        ]
      },
      "properties": {
        "name": "Trans-Sahara",
        "highway": "primary",
        "maxspeed": "80",
        "ref": "RN 1"
      }
    },
    {
      "type": "Feature",
      "geometry": {
        "type": "LineString",
        "coordinates": [
          [
            5.7739952,
            19.5779526
          ],
          [
            5.7740846,
            19.5784397
          ],
          [
            5.774212,
            19.5791219
          ],
          [
            5.7743474,
            19.5798464
          ],
          [
            5.7743963,
            19.5801084
          ],
          [
            5.7745013,
            19.5807528
          ],
          [
            5.7746894,
            19.5819071
          ]
        ]
      },
      "properties": {
        "name": "Trans-Sahara",
        "highway": "primary",
        "maxspeed": "50",
        "ref": "RN 1"
      }
    },
    {
      "type": "Feature",
      "geometry": {
        "type": "LineString",
        "coordinates": [
          [
            5.7746894,
            19.5819071
          ],
          [
            5.7747998,
            19.5827591
          ],
          [
            5.7748862,
            19.5838274
          ],
          [
            5.7749306,
            19.5853718
          ],
          [
            5.7749283,
            19.5859101
          ],
          [
            5.7749019,
            19.5865315
          ],
          [
            5.7748296,
            19.5875629
          ],
          [
            5.7747787,
            19.5880322
          ],
          [
            5.7747198,
            19.5884939
          ],
          [
            5.7746531,
            19.5890164
          ],
          [
            5.7745949,
            19.5894728
          ],
          [
            5.7745671,
            19.5898929
          ],
          [
            5.7745663,
            19.5900617
          ],
          [
            5.7745648,
            19.5903992
          ],
          [
            5.7746231,
            19.5908531
          ],
          [
            5.7746657,
            19.5911339
          ]
        ]
      },
      "properties": {
        "name": "Trans-Sahara",
        "highway": "primary",
        "maxspeed": "80",
        "ref": "RN 1"
      }
    },
    {
      "type": "Feature",
      "geometry": {
        "type": "LineString",
        "coordinates": [
          [
            5.7746424,
            19.5912622
          ],
          [
            5.774615,
            19.5912754
          ],
          [
            5.7745846,
            19.59128
          ],
          [
            5.7745541,
            19.5912756
          ],
          [
            5.7745266,
            19.5912626
          ],
          [
            5.7745046,
            19.5912423
          ],
          [
            5.7744903,
            19.5912166
          ],
          [
            5.7744852,
            19.5911906
          ],
          [
            5.7744879,
            19.5911648
          ],
          [
            5.774498,
            19.5911408
          ],
          [
            5.7745148,
            19.5911203
          ],
          [
            5.7745368,
            19.5911049
          ],
          [
            5.7745595,
            19.5910965
          ],
          [
            5.7745894,
            19.5910937
          ],
          [
            5.7746188,
            19.5910994
          ],
          [
            5.7746451,
            19.5911133
          ],
          [
            5.7746657,
            19.5911339
          ],
          [
            5.7746778,
            19.5911565
          ],
          [
            5.7746831,
            19.5911872
          ],
          [
            5.7746782,
            19.5912158
          ],
          [
            5.7746642,
            19.5912417
          ],
          [
            5.7746424,
            19.5912622
          ]
        ]
      },
      "properties": {
        "highway": "primary",
        "maxspeed": "80"
      }
    },
    {
      "type": "Feature",
      "geometry": {
        "type": "LineString",
        "coordinates": [
          [
            5.7745595,
            19.5910965
          ],
          [
            5.7745311,
            19.5908495
          ],
          [
            5.7744755,
            19.590388
          ],
          [
            5.774477,
            19.5900588
          ],
          [
            5.7744778,
            19.5898817
          ],
          [
            5.7745056,
            19.5894616
          ],
          [
            5.7745638,
            19.5890052
          ],
          [
            5.7746305,
            19.5884827
          ],
          [
            5.7746894,
            19.588021
          ],
          [
            5.7747403,
            19.5875517
          ],
          [
            5.7748125,
            19.5865203
          ],
          [
            5.7748389,
            19.5858989
          ],
          [
            5.7748413,
            19.5853606
          ],
          [
            5.7748033,
            19.5839087
          ],
          [
            5.7748008,
            19.5838127
          ],
          [
            5.7747942,
            19.583561
          ],
          [
            5.7747125,
            19.5827643
          ],
          [
            5.7746072,
            19.5819159
          ]
        ]
      },
      "properties": {
        "name": "Trans-Sahara",
        "highway": "primary",
        "maxspeed": "80",
        "ref": "RN 1"
      }
    },
    {
      "type": "Feature",
      "geometry": {
        "type": "LineString",
        "coordinates": [
          [
            5.757519,
            19.5662747
          ],
          [
            5.7577291,
            19.5670816
          ],
          [
            5.7578337,
            19.5676957
          ],
          [
            5.7579088,
            19.5684388
          ],
          [
            5.7580188,
            19.569523
          ],
          [
            5.7580376,
            19.5698818
          ],
          [
            5.7580349,
            19.5703191
          ],
          [
            5.757933,
            19.5720553
          ],
          [
            5.7579088,
            19.572821
          ],
          [
            5.757926,
            19.5736973
          ],
          [
            5.7579517,
            19.5739532
          ],
          [
            5.758023,
            19.5742543
          ],
          [
            5.7581277,
            19.5744296
          ],
          [
            5.7587264,
            19.5753286
          ],
          [
            5.7600641,
            19.5772504
          ],
          [
            5.760259,
            19.5775305
          ],
          [
            5.7613415,
            19.5790271
          ],
          [
            5.7620175,
            19.5800257
          ],
          [
            5.7628648,
            19.5816594
          ]
        ]
      },
      "properties": {
        "highway": "tertiary"
      }
    },
    {
      "type": "Feature",
      "geometry": {
        "type": "LineString",
        "coordinates": [
          [
            5.7712354,
            19.5538207
          ],
          [
            5.7713029,
            19.5538706
          ]
        ]
      },
      "properties": {
        "highway": "primary_link"
      }
    },
    {
      "type": "Feature",
      "geometry": {
        "type": "LineString",
        "coordinates": [
          [
            5.7705356,
            19.5548585
          ],
          [
            5.7704581,
            19.5550351
          ],
          [
            5.7704123,
            19.5551202
          ],
          [
            5.7703761,
            19.5552318
          ],
          [
            5.7703363,
            19.5553869
          ],
          [
            5.7703167,
            19.5555427
          ],
          [
            5.770297,
            19.555705
          ],
          [
            5.7702919,
            19.555856
          ],
          [
            5.7703061,
            19.5560537
          ],
          [
            5.7703427,
            19.5562775
          ],
          [
            5.7704014,
            19.5565093
          ],
          [
            5.7704983,
            19.556928
          ],
          [
            5.7705334,
            19.5570607
          ],
          [
            5.7707863,
            19.558079
          ],
          [
            5.7708778,
            19.5584499
          ],
          [
            5.7709893,
            19.5588293
          ],
          [
            5.7710081,
            19.5589265
          ]
        ]
      },
      "properties": {
        "name": "Trans-Sahara",
        "highway": "primary",
        "maxspeed": "50",
        "ref": "RN 1"
      }
    },
    {
      "type": "Feature",
      "geometry": {
        "type": "LineString",
        "coordinates": [
          [
            5.7713029,
            19.5538706
          ],
          [
            5.7710274,
            19.5542169
          ],
          [
            5.7707653,
            19.5545531
          ],
          [
            5.7705356,
            19.5548585
          ]
        ]
      },
      "properties": {
        "name": "Trans-Sahara",
        "highway": "primary",
        "maxspeed": "80",
        "ref": "RN 1"
      }
    },
    {
      "type": "Feature",
      "geometry": {
        "type": "LineString",
        "coordinates": [
          [
            5.7728085,
            19.5710494
          ],
          [
            5.7727054,
            19.5710593
          ],
          [
            5.772573,
            19.5710588
          ],
          [
            5.7724519,
            19.5710446
          ]
        ]
      },
      "properties": {
        "highway": "tertiary"
      }
    },
    {
      "type": "Feature",
      "geometry": {
        "type": "LineString",
        "coordinates": [
          [
            5.7724519,
            19.5710446
          ],
          [
            5.7725832,
            19.5709837
          ],
          [
            5.7726502,
            19.5709635
          ],
          [
            5.7726895,
            19.5709543
          ],
          [
            5.7727928,
            19.5709439
          ]
        ]
      },
      "properties": {
        "highway": "tertiary"
      }
    },
    {
      "type": "Feature",
      "geometry": {
        "type": "LineString",
        "coordinates": [
          [
            5.7767448,
            19.5628666
          ],
          [
            5.7767433,
            19.5627611
          ],
          [
            5.7767469,
            19.5626597
          ],
          [
            5.7767564,
            19.5625338
          ],
          [
            5.7767905,
            19.5624115
          ],
          [
            5.7768355,
            19.5622924
          ],
          [
            5.7768913,
            19.5621774
          ],
          [
            5.7779196,
            19.5607176
          ],
          [
            5.7779821,
            19.5606241
          ],
          [
            5.778039,
            19.5605274
          ],
          [
            5.7780902,
            19.560428
          ],
          [
            5.7781354,
            19.560326
          ],
          [
            5.7788891,
            19.5584885
          ],
          [
            5.7789722,
            19.558261
          ],
          [
            5.7790443,
            19.5580113
          ],
          [
            5.779544,
            19.5554635
          ],
          [
            5.7795542,
            19.5553216
          ],
          [
            5.7795489,
            19.5551927
          ],
          [
            5.7794604,
            19.5550082
          ],
          [
            5.7793316,
            19.5548894
          ],
          [
            5.7790875,
            19.5547074
          ],
          [
            5.7785296,
            19.5542373
          ],
          [
            5.7781932,
            19.5539201
          ],
          [
            5.7781266,
            19.5538622
          ],
          [
            5.7780536,
            19.5538116
          ],
          [
            5.7779752,
            19.5537688
          ],
          [
            5.7778923,
            19.5537343
          ],
          [
            5.7778059,
            19.5537086
          ],
          [
            5.7777171,
            19.5536919
          ],
          [
            5.7776268,
            19.5536845
          ],
          [
            5.7775362,
            19.5536864
          ],
          [
            5.7774464,
            19.5536976
          ],
          [
            5.7738358,
            19.5541653
          ],
          [
            5.7736829,
            19.5541766
          ],
          [
            5.7735433,
            19.5541742
          ],
          [
            5.7733852,
            19.554169
          ],
          [
            5.7731993,
            19.5541491
          ],
          [
            5.772892,
            19.5540882
          ],
          [
            5.7725859,
            19.5540275
          ],
          [
            5.7724157,
            19.5539736
          ],
          [
            5.7722555,
            19.5538934
          ],
          [
            5.7720747,
            19.5537896
          ]
        ]
      },
      "properties": {
        "highway": "tertiary"
      }
    },
    {
      "type": "Feature",
      "geometry": {
        "type": "LineString",
        "coordinates": [
          [
            5.8526345,
            19.3770226
          ],
          [
            5.8524245,
            19.3769186
          ],
          [
            5.8520239,
            19.3767043
          ],
          [
            5.8504665,
            19.375871
          ],
          [
            5.8447067,
            19.3726516
          ],
          [
            5.8428167,
            19.3716577
          ],
          [
            5.8386594,
            19.369368
          ],
          [
            5.8365834,
            19.3682648
          ],
          [
            5.8344912,
            19.3672121
          ],
          [
            5.8321953,
            19.366124
          ],
          [
            5.8196157,
            19.3604355
          ],
          [
            5.8176792,
            19.3595144
          ],
          [
            5.8165708,
            19.3589483
          ],
          [
            5.8157963,
            19.3585528
          ],
          [
            5.8132481,
            19.3571357
          ],
          [
            5.7980186,
            19.3485162
          ],
          [
            5.7955027,
            19.3471294
          ],
          [
            5.7932872,
            19.345945
          ],
          [
            5.7827085,
            19.340605
          ],
          [
            5.7814774,
            19.3400001
          ],
          [
            5.780654,
            19.3396306
          ],
          [
            5.7796615,
            19.339208
          ],
          [
            5.7778457,
            19.3385677
          ],
          [
            5.7765421,
            19.3381906
          ],
          [
            5.7731227,
            19.3373143
          ],
          [
            5.7726261,
            19.337187
          ],
          [
            5.7721513,
            19.3370618
          ],
          [
            5.7714003,
            19.336877
          ],
          [
            5.7708934,
            19.3367758
          ]
        ]
      },
      "properties": {
        "name": "N11",
        "highway": "primary",
        "ref": "الطريق العابر للصحراء"
      }
    },
    {
      "type": "Feature",
      "geometry": {
        "type": "LineString",
        "coordinates": [
          [
            5.7712569,
            19.5818573
          ],
          [
            5.7714347,
            19.5823498
          ],
          [
            5.7715034,
            19.5825402
          ],
          [
            5.7716694,
            19.583079
          ],
          [
            5.7719784,
            19.5840815
          ],
          [
            5.7719919,
            19.5841254
          ],
          [
            5.7720211,
            19.5842203
          ],
          [
            5.7720528,
            19.5843231
          ],
          [
            5.7722375,
            19.5849223
          ],
          [
            5.7724057,
            19.5854681
          ],
          [
            5.7725689,
            19.5860116
          ],
          [
            5.7726852,
            19.5863832
          ],
          [
            5.7728008,
            19.5867552
          ],
          [
            5.7729515,
            19.5871797
          ],
          [
            5.7730711,
            19.587514
          ],
          [
            5.7731804,
            19.5877863
          ],
          [
            5.7732383,
            19.5879383
          ],
          [
            5.7733623,
            19.588194
          ],
          [
            5.7735559,
            19.5886711
          ],
          [
            5.773727,
            19.5890975
          ],
          [
            5.773877,
            19.5894612
          ],
          [
            5.7740868,
            19.5899858
          ],
          [
            5.774224,
            19.5903521
          ],
          [
            5.7743668,
            19.5906993
          ],
          [
            5.7744755,
            19.5909617
          ],
          [
            5.774513,
            19.5910476
          ],
          [
            5.7745368,
            19.5911049
          ]
        ]
      },
      "properties": {
        "highway": "tertiary"
      }
    },
    {
      "type": "Feature",
      "geometry": {
        "type": "LineString",
        "coordinates": [
          [
            5.774477,
            19.5900588
          ],
          [
            5.7745663,
            19.5900617
          ],
          [
            5.7755791,
            19.5900647
          ],
          [
            5.7768779,
            19.5900402
          ],
          [
            5.7771188,
            19.5900355
          ],
          [
            5.7774232,
            19.5900085
          ],
          [
            5.7776083,
            19.5899521
          ],
          [
            5.7777811,
            19.5898795
          ],
          [
            5.7779832,
            19.5897555
          ],
          [
            5.7780762,
            19.5896855
          ],
          [
            5.7781619,
            19.5896077
          ],
          [
            5.7782395,
            19.5895228
          ],
          [
            5.7783085,
            19.5894314
          ],
          [
            5.7783681,
            19.5893344
          ],
          [
            5.7784179,
            19.5892326
          ],
          [
            5.7784452,
            19.5891258
          ],
          [
            5.7784561,
            19.5890207
          ],
          [
            5.7784572,
            19.5888618
          ],
          [
            5.7784384,
            19.5885813
          ],
          [
            5.7783593,
            19.5880759
          ],
          [
            5.778178,
            19.5870033
          ],
          [
            5.7780576,
            19.5863461
          ],
          [
            5.777902,
            19.5856335
          ],
          [
            5.7776016,
            19.5845115
          ],
          [
            5.7769364,
            19.5821947
          ],
          [
            5.7766628,
            19.5809762
          ],
          [
            5.7764522,
            19.5797429
          ],
          [
            5.7764748,
            19.5793806
          ],
          [
            5.7764992,
            19.5791288
          ],
          [
            5.7765529,
            19.5788534
          ],
          [
            5.7766753,
            19.5783563
          ],
          [
            5.7768425,
            19.5777617
          ],
          [
            5.7768764,
            19.5776034
          ],
          [
            5.7769019,
            19.5774437
          ],
          [
            5.7769191,
            19.577283
          ],
          [
            5.7769279,
            19.5771217
          ],
          [
            5.7769111,
            19.573475
          ],
          [
            5.7768697,
            19.5723806
          ],
          [
            5.7768687,
            19.5707091
          ],
          [
            5.7768801,
            19.5704884
          ],
          [
            5.7769203,
            19.5702887
          ],
          [
            5.7769874,
            19.5701143
          ],
          [
            5.7770715,
            19.5698929
          ],
          [
            5.77754,
            19.5691354
          ],
          [
            5.7779838,
            19.5680412
          ],
          [
            5.7780108,
            19.567974
          ],
          [
            5.7780287,
            19.5679041
          ],
          [
            5.7780371,
            19.5678327
          ],
          [
            5.778036,
            19.5677608
          ],
          [
            5.7780253,
            19.5676896
          ],
          [
            5.7780053,
            19.5676203
          ],
          [
            5.7779762,
            19.5675538
          ],
          [
            5.7779385,
            19.5674914
          ],
          [
            5.7770446,
            19.5662173
          ],
          [
            5.7769793,
            19.5661245
          ],
          [
            5.7769225,
            19.5660268
          ],
          [
            5.7768746,
            19.5659251
          ],
          [
            5.7768359,
            19.5658199
          ],
          [
            5.7768067,
            19.565712
          ],
          [
            5.7767873,
            19.5656021
          ],
          [
            5.7767776,
            19.5654912
          ],
          [
            5.7767968,
            19.5650701
          ],
          [
            5.7768609,
            19.5642751
          ],
          [
            5.7768804,
            19.5635978
          ],
          [
            5.7768667,
            19.5634018
          ],
          [
            5.7768291,
            19.5631933
          ],
          [
            5.7767448,
            19.5628666
          ]
        ]
      },
      "properties": {
        "highway": "tertiary"
      }
    },
    {
      "type": "Feature",
      "geometry": {
        "type": "LineString",
        "coordinates": [
          [
            5.7741216,
            19.5791403
          ],
          [
            5.774212,
            19.5791219
          ]
        ]
      },
      "properties": {
        "highway": "primary_link"
      }
    },
    {
      "type": "Feature",
      "geometry": {
        "type": "LineString",
        "coordinates": [
          [
            5.771326,
            19.5823882
          ],
          [
            5.7714347,
            19.5823498
          ]
        ]
      },
      "properties": {
        "highway": "tertiary_link"
      }
    },
    {
      "type": "Feature",
      "geometry": {
        "type": "LineString",
        "coordinates": [
          [
            5.7715538,
            19.5831061
          ],
          [
            5.7716694,
            19.583079
          ]
        ]
      },
      "properties": {
        "highway": "tertiary_link"
      }
    },
    {
      "type": "Feature",
      "geometry": {
        "type": "LineString",
        "coordinates": [
          [
            5.7718672,
            19.5841139
          ],
          [
            5.7719784,
            19.5840815
          ]
        ]
      },
      "properties": {
        "highway": "tertiary_link"
      }
    },
    {
      "type": "Feature",
      "geometry": {
        "type": "LineString",
        "coordinates": [
          [
            5.7719407,
            19.5843505
          ],
          [
            5.7720528,
            19.5843231
          ]
        ]
      },
      "properties": {
        "highway": "tertiary_link"
      }
    },
    {
      "type": "Feature",
      "geometry": {
        "type": "LineString",
        "coordinates": [
          [
            5.7721289,
            19.5849556
          ],
          [
            5.7722375,
            19.5849223
          ]
        ]
      },
      "properties": {
        "highway": "tertiary_link"
      }
    },
    {
      "type": "Feature",
      "geometry": {
        "type": "LineString",
        "coordinates": [
          [
            6.2895261,
            20.0162652
          ],
          [
            6.2904185,
            20.0171505
          ],
          [
            6.2911373,
            20.0179015
          ],
          [
            6.292575,
            20.0195346
          ],
          [
            6.2934923,
            20.0206283
          ],
          [
            6.2946618,
            20.0221706
          ],
          [
            6.2956166,
            20.0235466
          ],
          [
            6.2963515,
            20.0247008
          ],
          [
            6.297183,
            20.0260566
          ],
          [
            6.297462,
            20.0265959
          ],
          [
            6.3025019,
            20.0360532
          ],
          [
            6.3042319,
            20.0392761
          ],
          [
            6.305927,
            20.0424863
          ],
          [
            6.3075952,
            20.0455858
          ],
          [
            6.3141551,
            20.0578414
          ],
          [
            6.3152182,
            20.0598504
          ],
          [
            6.3164252,
            20.0620889
          ],
          [
            6.3175517,
            20.0641826
          ],
          [
            6.3186246,
            20.0660243
          ],
          [
            6.3194595,
            20.0673048
          ],
          [
            6.3203251,
            20.0686041
          ],
          [
            6.3215107,
            20.0701308
          ],
          [
            6.3233775,
            20.0723327
          ],
          [
            6.3245684,
            20.0736075
          ],
          [
            6.3256198,
            20.0746958
          ],
          [
            6.3265586,
            20.0755725
          ],
          [
            6.3282698,
            20.0770588
          ],
          [
            6.3292837,
            20.0778851
          ],
          [
            6.331628,
            20.0796083
          ],
          [
            6.3358337,
            20.0825758
          ],
          [
            6.3390094,
            20.0847876
          ],
          [
            6.3427001,
            20.0873923
          ],
          [
            6.3464445,
            20.0900071
          ],
          [
            6.3493842,
            20.0920827
          ],
          [
            6.3524687,
            20.0942238
          ],
          [
            6.3561112,
            20.0967881
          ],
          [
            6.3576615,
            20.0978561
          ],
          [
            6.359657,
            20.0992667
          ],
          [
            6.3631546,
            20.1016898
          ],
          [
            6.3648874,
            20.1029089
          ],
          [
            6.3691413,
            20.1058609
          ],
          [
            6.3731807,
            20.1086214
          ],
          [
            6.3751495,
            20.1100218
          ],
          [
            6.3778263,
            20.1118605
          ],
          [
            6.379779,
            20.1133565
          ],
          [
            6.3813293,
            20.1146713
          ],
          [
            6.3820106,
            20.1152959
          ],
          [
            6.3824451,
            20.1156384
          ],
          [
            6.3843012,
            20.1168322
          ],
          [
            6.3855565,
            20.1176281
          ],
          [
            6.3860393,
            20.1179706
          ],
          [
            6.3871551,
            20.118978
          ],
          [
            6.3885713,
            20.120202
          ],
          [
            6.3891077,
            20.12061
          ],
          [
            6.3903147,
            20.1213454
          ],
          [
            6.3923746,
            20.1225442
          ],
          [
            6.3927716,
            20.122791
          ],
          [
            6.3932276,
            20.1231235
          ],
          [
            6.3935441,
            20.1234257
          ],
          [
            6.3941234,
            20.1241812
          ],
          [
            6.3948744,
            20.1253548
          ],
          [
            6.3953948,
            20.1263572
          ],
          [
            6.3968646,
            20.1294901
          ],
          [
            6.3972348,
            20.1302506
          ],
          [
            6.3976264,
            20.1309255
          ],
          [
            6.3980395,
            20.1314796
          ],
          [
            6.3987046,
            20.132366
          ],
          [
            6.3995951,
            20.1333885
          ],
          [
            6.4010918,
            20.1348591
          ],
          [
            6.4023954,
            20.1362392
          ],
          [
            6.4028192,
            20.1367227
          ],
          [
            6.4030445,
            20.137045
          ],
          [
            6.4032215,
            20.1374328
          ],
          [
            6.4034039,
            20.1378559
          ],
          [
            6.4037257,
            20.1387574
          ],
          [
            6.4043373,
            20.1405453
          ],
          [
            6.4048308,
            20.1419706
          ],
          [
            6.4052331,
            20.1429275
          ],
          [
            6.4054692,
            20.1434664
          ],
          [
            6.4056677,
            20.1437837
          ],
          [
            6.4059144,
            20.1441312
          ],
          [
            6.407513,
            20.1457881
          ],
          [
            6.4081836,
            20.1465083
          ],
          [
            6.4087146,
            20.1471781
          ],
          [
            6.4090151,
            20.1476213
          ],
          [
            6.4095998,
            20.1486487
          ],
          [
            6.4113432,
            20.1517912
          ],
          [
            6.4135909,
            20.155689
          ],
          [
            6.415109,
            20.1582674
          ],
          [
            6.4159942,
            20.1597076
          ],
          [
            6.4169437,
            20.1611227
          ],
          [
            6.418038,
            20.1625578
          ],
          [
            6.4190465,
            20.1637714
          ],
          [
            6.4201838,
            20.1650001
          ],
          [
            6.4211118,
            20.1659116
          ],
          [
            6.4221311,
            20.1668129
          ],
          [
            6.4233166,
            20.1677948
          ],
          [
            6.4250708,
            20.1691695
          ],
          [
            6.4271522,
            20.1708111
          ],
          [
            6.4292175,
            20.1724174
          ],
          [
            6.431036,
            20.1738222
          ],
          [
            6.4326936,
            20.1750508
          ],
          [
            6.4351827,
            20.1767578
          ],
          [
            6.4370978,
            20.1780166
          ],
          [
            6.4391255,
            20.1793006
          ],
          [
            6.4425909,
            20.1814505
          ],
          [
            6.4457023,
            20.183389
          ],
          [
            6.4491463,
            20.1856195
          ],
          [
            6.4544249,
            20.1894209
          ],
          [
            6.457032,
            20.1914197
          ],
          [
            6.4583945,
            20.192477
          ],
          [
            6.4604062,
            20.1940276
          ],
          [
            6.4616024,
            20.1949339
          ],
          [
            6.4627719,
            20.1958351
          ],
          [
            6.464746,
            20.1973555
          ],
          [
            6.4683026,
            20.2000792
          ],
          [
            6.4713979,
            20.2023396
          ],
          [
            6.4756733,
            20.205325
          ],
          [
            6.4791548,
            20.2077415
          ],
          [
            6.4831674,
            20.2105556
          ],
          [
            6.4849055,
            20.211799
          ],
          [
            6.4869279,
            20.2133746
          ],
          [
            6.4883923,
            20.2146382
          ],
          [
            6.4900714,
            20.2162037
          ],
          [
            6.4915198,
            20.2176988
          ],
          [
            6.4930218,
            20.2194154
          ],
          [
            6.4941966,
            20.22085
          ],
          [
            6.4951301,
            20.2221437
          ],
          [
            6.4962727,
            20.2238099
          ],
          [
            6.4969486,
            20.224882
          ],
          [
            6.4977586,
            20.2262965
          ],
          [
            6.4987296,
            20.2281237
          ],
          [
            6.4997756,
            20.2302025
          ],
          [
            6.5009826,
            20.2325934
          ],
          [
            6.503402,
            20.2374355
          ],
          [
            6.505934,
            20.2421365
          ],
          [
            6.5086323,
            20.2468423
          ],
          [
            6.5106922,
            20.2504056
          ],
          [
            6.5130633,
            20.2545375
          ],
          [
            6.5148979,
            20.2576125
          ],
          [
            6.5159494,
            20.2593336
          ],
          [
            6.5170544,
            20.261085
          ],
          [
            6.5185887,
            20.2635358
          ],
          [
            6.5198761,
            20.2655487
          ],
          [
            6.5211743,
            20.267622
          ],
          [
            6.5225074,
            20.2698589
          ],
          [
            6.5236607,
            20.2718315
          ],
          [
            6.5246263,
            20.2736506
          ],
          [
            6.5255544,
            20.2754093
          ],
          [
            6.5266433,
            20.277485
          ],
          [
            6.5276116,
            20.2793367
          ],
          [
            6.528132,
            20.2803884
          ],
          [
            6.5283304,
            20.2809067
          ],
          [
            6.5286416,
            20.2818174
          ],
          [
            6.5288106,
            20.2824565
          ],
          [
            6.5289661,
            20.2832339
          ],
          [
            6.5290654,
            20.2839358
          ],
          [
            6.5291271,
            20.2846025
          ],
          [
            6.5291646,
            20.2852742
          ],
          [
            6.5291485,
            20.2860389
          ],
          [
            6.5291324,
            20.2866051
          ],
          [
            6.5290573,
            20.2871284
          ],
          [
            6.5289822,
            20.2876819
          ],
          [
            6.5289098,
            20.2880517
          ],
          [
            6.5287971,
            20.2886153
          ],
          [
            6.5286255,
            20.2891285
          ],
          [
            6.528368,
            20.2898933
          ],
          [
            6.5281641,
            20.2904719
          ],
          [
            6.5279174,
            20.2909902
          ],
          [
            6.5270162,
            20.2927009
          ],
          [
            6.5255463,
            20.2954279
          ],
          [
            6.5244734,
            20.2973952
          ],
          [
            6.5239853,
            20.2983058
          ],
          [
            6.5231162,
            20.2999058
          ],
          [
            6.5225208,
            20.3011787
          ],
          [
            6.5221345,
            20.3021799
          ],
          [
            6.5217483,
            20.3034175
          ],
          [
            6.5215284,
            20.3042778
          ],
          [
            6.521405,
            20.3049923
          ],
          [
            6.5212762,
            20.3057519
          ],
          [
            6.5212226,
            20.3063003
          ],
          [
            6.5211994,
            20.3067136
          ],
          [
            6.521185,
            20.3069695
          ],
          [
            6.5211528,
            20.3076738
          ],
          [
            6.5211743,
            20.3085945
          ],
          [
            6.5212172,
            20.3094195
          ],
          [
            6.521287,
            20.3100434
          ],
          [
            6.5214103,
            20.3107728
          ],
          [
            6.5215284,
            20.3114168
          ],
          [
            6.5216625,
            20.3119953
          ],
          [
            6.5218449,
            20.3127399
          ],
          [
            6.5219897,
            20.3132078
          ],
          [
            6.5224976,
            20.3147025
          ],
          [
            6.5226495,
            20.3151496
          ],
          [
            6.5228158,
            20.315693
          ],
          [
            6.5234327,
            20.3174939
          ],
          [
            6.5244305,
            20.3205928
          ],
          [
            6.524983,
            20.3224541
          ],
          [
            6.5253746,
            20.3240186
          ],
          [
            6.5257287,
            20.3256686
          ],
          [
            6.5261149,
            20.3275499
          ],
          [
            6.5264422,
            20.3295771
          ],
          [
            6.5265924,
            20.3307944
          ],
          [
            6.526705,
            20.3317904
          ],
          [
            6.526823,
            20.3330731
          ],
          [
            6.5269089,
            20.3348739
          ],
          [
            6.5269518,
            20.3362924
          ],
          [
            6.5269732,
            20.3372632
          ],
          [
            6.5269357,
            20.3377863
          ],
          [
            6.5269035,
            20.3381887
          ],
          [
            6.5268016,
            20.3387822
          ],
          [
            6.5266138,
            20.3395971
          ],
          [
            6.52641,
            20.3402912
          ],
          [
            6.526072,
            20.3412972
          ],
          [
            6.5257233,
            20.3421875
          ],
          [
            6.5252513,
            20.3431733
          ],
          [
            6.5247577,
            20.3441039
          ],
          [
            6.5240121,
            20.3453563
          ],
          [
            6.5232047,
            20.3466238
          ],
          [
            6.5224805,
            20.3477831
          ],
          [
            6.5216571,
            20.3490984
          ],
          [
            6.5213165,
            20.3496491
          ],
          [
            6.5211233,
            20.3500037
          ],
          [
            6.5209758,
            20.3503256
          ],
          [
            6.5208927,
            20.3506098
          ],
          [
            6.5208283,
            20.3509618
          ],
          [
            6.5207934,
            20.3512535
          ],
          [
            6.5207773,
            20.3515729
          ],
          [
            6.5207961,
            20.351935
          ],
          [
            6.5208578,
            20.3523349
          ],
          [
            6.5209678,
            20.3528228
          ],
          [
            6.5211502,
            20.353371
          ],
          [
            6.5214989,
            20.3544322
          ],
          [
            6.5216759,
            20.3549351
          ],
          [
            6.5218207,
            20.3552897
          ],
          [
            6.5219817,
            20.3556166
          ],
          [
            6.5221962,
            20.3559611
          ],
          [
            6.5226978,
            20.3567206
          ],
          [
            6.5232718,
            20.3575529
          ],
          [
            6.5241301,
            20.3587725
          ],
          [
            6.5251011,
            20.3600701
          ],
          [
            6.5261283,
            20.3613651
          ],
          [
            6.5265655,
            20.3618907
          ],
          [
            6.5267909,
            20.3621497
          ],
          [
            6.5270188,
            20.362371
          ],
          [
            6.5273327,
            20.3626174
          ],
          [
            6.5276626,
            20.3628337
          ],
          [
            6.5279844,
            20.3630373
          ],
          [
            6.5282795,
            20.3631958
          ],
          [
            6.5287355,
            20.3634372
          ],
          [
            6.529178,
            20.3636258
          ],
          [
            6.5294731,
            20.3637339
          ],
          [
            6.5298593,
            20.3638521
          ],
          [
            6.5301999,
            20.363925
          ],
          [
            6.530605,
            20.3639828
          ],
          [
            6.5314579,
            20.3640759
          ],
          [
            6.5319139,
            20.3641287
          ],
          [
            6.5333837,
            20.3643047
          ],
          [
            6.5348858,
            20.3644681
          ],
          [
            6.535103,
            20.3644782
          ],
          [
            6.5361196,
            20.3646039
          ],
          [
            6.5379596,
            20.3648227
          ],
          [
            6.5397191,
            20.3650239
          ],
          [
            6.5402716,
            20.3650716
          ],
          [
            6.5410951,
            20.365132
          ],
          [
            6.5423691,
            20.3652627
          ],
          [
            6.5430826,
            20.3653583
          ],
          [
            6.5434688,
            20.3654212
          ],
          [
            6.5437826,
            20.3654966
          ],
          [
            6.544767,
            20.3658034
          ],
          [
            6.5456468,
            20.3660875
          ],
          [
            6.5464112,
            20.3662761
          ],
          [
            6.5469611,
            20.3663918
          ],
          [
            6.5475029,
            20.3664597
          ],
          [
            6.5479133,
            20.3664974
          ],
          [
            6.5484631,
            20.3665049
          ],
          [
            6.5496486,
            20.36651
          ],
          [
            6.5509763,
            20.3664949
          ],
          [
            6.5514725,
            20.3665074
          ],
          [
            6.5519822,
            20.36651
          ],
          [
            6.5530068,
            20.3665653
          ],
          [
            6.5539294,
            20.3666508
          ],
          [
            6.5552384,
            20.3668117
          ],
          [
            6.5557937,
            20.3668852
          ],
          [
            6.5561879,
            20.3669374
          ],
          [
            6.556794,
            20.3669927
          ],
          [
            6.557427,
            20.3670229
          ],
          [
            6.5579474,
            20.367028
          ],
          [
            6.5583341,
            20.367014
          ],
          [
            6.5588164,
            20.3669827
          ],
          [
            6.5596157,
            20.3668871
          ],
          [
            6.5603024,
            20.3667564
          ],
          [
            6.5609246,
            20.3666005
          ],
          [
            6.5616864,
            20.3663641
          ],
          [
            6.5624803,
            20.3660674
          ],
          [
            6.5632904,
            20.3657053
          ],
          [
            6.5639234,
            20.3653482
          ],
          [
            6.5644222,
            20.3650264
          ],
          [
            6.5652591,
            20.364443
          ],
          [
            6.5661013,
            20.3637892
          ],
          [
            6.5667182,
            20.3633366
          ],
          [
            6.5671635,
            20.3630851
          ],
          [
            6.5677696,
            20.3627783
          ],
          [
            6.5682578,
            20.3625822
          ],
          [
            6.5687406,
            20.3624464
          ],
          [
            6.5692127,
            20.3623257
          ]
        ]
      },
      "properties": {
        "highway": "tertiary"
      }
    },
    {
      "type": "Feature",
      "geometry": {
        "type": "LineString",
        "coordinates": [
          [
            5.8036405,
            19.4623032
          ],
          [
            5.8033003,
            19.4629371
          ],
          [
            5.802981,
            19.4634618
          ],
          [
            5.8025387,
            19.4640793
          ],
          [
            5.8014169,
            19.4655105
          ],
          [
            5.7980332,
            19.4701751
          ],
          [
            5.7970409,
            19.4715951
          ],
          [
            5.7946923,
            19.4751746
          ],
          [
            5.7930304,
            19.4779385
          ],
          [
            5.7923185,
            19.4791174
          ],
          [
            5.7918284,
            19.4800492
          ],
          [
            5.7911757,
            19.4814491
          ]
        ]
      },
      "properties": {
        "name": "Trans-Sahara",
        "highway": "primary",
        "ref": "RN 1"
      }
    }
  ]
}